RingNumber,RingColour
F...837242,al wh - wh re
AF...06944,re al - ye re
AF...06943,ye gr - al gr
AF...06943,ye gr - al gr
AE...27792,al wh - or bl
AG...61983,ye ye - al rw
AG...63575,or al - bw wh
AG...61982,gr al - ye or
AG...61982,gr al - ye or
AG...61979,al re - bw rw
AG...62000,re al - gr re
AG...63554,gr al - bl bl
AG...63553,ye al - re wh
AG...63552,al ye - rw wh
AG...63557,ye al - or bl
AG...63558,gr al - rw bl
AG...63558,gr al - rw bl
AG...63566,gr al - rw bw
AG...63573,or al - bl rw
AG...63572,or al - bl re
AG...63571,or al - bl or
AG...63570,or al - bl ye
AG...63569,or al - bl bw
AG...63556,gr al - ye bl
AG...63556,gr al - ye bl
AG...63567,gr al - wh wh
AG...63565,gr al - re wh
AG...63564,gr al - re rw
AG...63563,gr al - bl rw
AG...63562,al gr - re re
AG...63561,gr al - rw ye
AG...63560,gr al - ye bw
AG...63560,gr al - ye bw
AG...63559,al gr - bw bw
AG...63568,or al - bl bl
AH...93283,al - wb
AH...93290,tr - wh al
AH...93263,re re - al or
AH...93265,re re - al or
AG...57556,wh bl - rw al
AG...63576,or al - ye bl
AG...63574,or al - bw rw
AG...63574,or al - bw rw
AG...63676,rw bl - al or
AG...63676,bw - al
AG...63676,rw bl - al or
AG...63674,gr yb - wh al
AG...63687,rw bw - al wh
AG...63677,al bw - or rw
AG...63688,al ye - bl ye
AG...63688,al ye - bl ye
AG...63686,rw bw - al rw
AG...63685,al bw - rw re
AG...63683,rw bl - re al
AG...63682,al bw - re re
AG...63681,rw bl - bl al
AG...63689,al ye - bl re
AG...63596,rw al - bl rw
AG...63604,al or - bw bw
AH...71450,wr - al
AG...63610,al or - ye bl
AG...63609,al or - bw rw
AG...63609,al or - bw rw
AG...63608,ye bw - al wh
AG...63608,ye bw - al wh
AG...63607,al or - bw re
AG...63607,al or - bw re
AG...63607,al or - bw re
AG...63607,al or - bw re
AG...63605,ye bw - al bw
AG...63602,al or - bw bl
AG...63601,ye bl - wh al
AG...63606,ye bw - al or
AG...63590,re al - rw re
AG...63588,al gr - rw bl
AG...63585,bl al - bw ye
AG...63583,re al - re wh
AG...63578,or al - ye ye
AG...63577,or al - ye bw
AG...63586,pi al - wh gr
AG...63657,al rw - or re
AG...63611,al or - ye or
AG...63616,ye ye - al bw
AG...63616,ye ye - al bw
AG...63614,al or - rw ye
AG...63612,al or - re rw
AH...93980,bl ye - al or
AH...93993,al bw - ye or
AH...93992,bl ye - al rw
AH...93963,rw re - wh al
AH...93970,bl bw - al wh
AH...93969,ye re - al bl
AH...93960,bl bw - al rw
AJ...78149,al rw - tr re
AJ...78158,al rw - tr re
AJ...78157,al rw - tr re
AJ...78156,al rw - tr re
AJ...78155,ye ye - gr al
AJ...78155,ye ye - gr al
AJ...78154,al rw - tr re
AJ...78153,al rw - tr re
AJ...78152,al rw - tr re
AJ...78160,pb al - tr
AJ...78150,al rw - tr re
AJ...78161,pb al - tr
AJ...78148,wh gr - bl al
AJ...78148,wh gr - bl al
AJ...78148,wh gr - bl al
AJ...78147,al rw - tr re
AJ...78146,al rw - tr re
AJ...78145,al rw - tr re
AJ...78144,al rw - tr re
AJ...78143,al rw - tr re
AJ...78142,al rw - tr re
AJ...78141,al rw - tr re
AJ...78140,wh re - wh al
AJ...78140,wh re - wh al
AJ...78151,wh re - al wh
AJ...78171,ye re - bw al
AJ...78171,ye re - bw al
AJ...78181,al rw - tr re
AJ...78180,ye al - wh or
AJ...78180,ye al - wh or
AJ...78179,re gr - gr al
AJ...78179,re gr - gr al
AJ...78179,re gr - gr al
AJ...78178,al rw - tr re
AJ...78177,al rw - tr re
AJ...78176,al rw - tr re
AJ...78175,al rw - tr re
AJ...78174,re wh - al rw
AJ...78159,al rw - tr re
AJ...78172,wh re - bl al
AJ...78137,al pg - yb yb
AJ...78170,al rw - tr re
AJ...78168,al rw - tr re
AJ...78167,al bl - wb wb
AJ...78167,al bl - wb wb
AJ...78167,al bl - wb wb
AJ...78166,yb - al
AJ...78165,al rw - tr re
AJ...78164,pb al - tr
AJ...78163,pb al - tr
AJ...78162,pb al - tr
AJ...78173,bl or - al or
AJ...78111,bl re - ye al
AJ...78139,al rw - tr re
AJ...78103,al rw - tr re
AJ...78102,al rw - tr re
AJ...78100,al gp - tr
AJ...78100,al gp - tr
AJ...78126,ye al - re re
AJ...78184,bw - al
AJ...78136,al rw - tr re
AJ...78134,pi - al
AJ...78133,ye re - gr al
AJ...78133,ye re - gr al
AJ...78133,ye re - gr al
AJ...78132,al rw - tr re
AJ...78131,al rw - tr re
AJ...78130,tr ye - al
AJ...78129,gr al - bw wh
AJ...78115,wh al - re bl
AJ...78115,wh al - re bl
AJ...78115,wh al - re bl
AJ...78115,wh al - re bl
AJ...78127,yb pg - al yb
AJ...78116,al rw - tr re
AJ...78125,al rw - tr re
AJ...78124,wh or - ye al
AJ...78124,wh or - ye al
AJ...78123,wh wh - al re
AJ...78122,al rw - tr re
AJ...78121,al rw - tr re
AJ...78120,al rw - tr re
AJ...78119,al wh - wh wh
AJ...78138,al rw - tr re
AJ...78128,pb al - tr
AJ...78238,al rw - tr re
AJ...78248,al rw - tr re
AJ...78247,al rw - tr re
AJ...78246,al rw - tr re
AJ...78245,al rw - tr re
AJ...78244,wh al - or ye
AJ...78244,wh al - or ye
AJ...78243,al rw - tr re
AJ...78242,al rw - tr re
AJ...78241,wh re - wh al
AJ...78228,al rw - tr re
AJ...78239,al rw - tr re
AJ...78251,al rw - tr re
AJ...78237,ye al - bl bl
AJ...78237,ye al - bl bl
AJ...78236,al rw - tr re
AJ...78235,al rw - tr re
AJ...78234,wh al - bl or
AJ...78234,wh al - bl or
AJ...78233,al rw - tr re
AJ...78232,al rw - tr re
AJ...78231,al rw - tr re
AJ...78230,gr al - bl gr
AJ...78230,wh al - bw bl
AJ...78182,al rw - tr re
AJ...78240,al rw - tr re
AJ...78260,wh bw - re al
AJ...78260,wh bw - re al
AJ...78271,al yb - yb yb
AJ...78270,wh al - re wh
AJ...78266,pi - al
AJ...78266,pi - al
AJ...78266,pi - al
AJ...78265,pi - al
AJ...78264,al pb - pb pb
AJ...78263,al rw - tr re
AJ...78249,wh bw - or al
AJ...78249,wh bw - or al
AJ...78261,al rw - tr re
AJ...78250,wh al - re bl
AJ...78259,wb bw - al ye
AJ...78259,wb bw - al ye
AJ...78258,pi - al
AJ...78258,al - yb
AJ...78257,pi - al
AJ...78257,pi - al
AJ...78256,pi - al
AJ...78256,pi - al
AJ...78255,pi - al
AJ...78255,pi - al
AJ...78254,wh bw - or al
AJ...78253,al rw - tr re
AJ...78227,re or - wh al
AJ...78227,re or - wh al
AJ...78262,bl bl - al or
AJ...78193,al rw - tr re
AJ...78203,pb - al
AJ...78203,ye wh - ye al
AJ...78203,pb - al
AJ...78202,al rw - tr re
AJ...78201,pb al - tr
AJ...78200,pb al - tr
AJ...78199,re re - wh al
AJ...78199,re re - wh al
AJ...78198,re re - bw al
AJ...78198,re re - bw al
AJ...78197,bl or - bl al
AJ...78197,bl or - bl al
AJ...78196,al rw - tr re
AJ...78229,al rw - tr re
AJ...78194,pb al - tr
AJ...78206,bw wb - al pb
AJ...78206,bw wb - al pb
AJ...78192,al rw - tr re
AJ...78191,wh al - bw or
AJ...78191,wh al - bw or
AJ...78190,al rw - tr re
AJ...78189,al rw - tr re
AJ...78188,wh al - bw wh
AJ...78188,wh al - bw wh
AJ...78187,ye al - ye bl
AJ...78186,al rw - tr re
AJ...78185,wh re - or al
AJ...78195,pb al - tr
AJ...78215,wr - al
AJ...78226,al bl - wb re
AJ...78225,al rw - tr re
AJ...78224,wh bw - gr al
AJ...78224,wh bw - gr al
AJ...78223,pi - al
AJ...78222,re al - wh bl
AJ...78221,tr or - al
AJ...78220,pb pb - al pb
AJ...78219,al rw - tr re
AJ...78218,al rw - tr re
AJ...78204,ye al - re gr
AJ...78204,ye al - re gr
AJ...78216,al rw - tr re
AJ...78205,gr al - bl bl
AJ...78205,gr al - bl bl
AJ...78205,gr al - bl bl
AJ...78214,al rw - tr re
AJ...78213,wh al - bl ye
AJ...78213,wh al - bl ye
AJ...78212,ye al - bl ye
AJ...78212,ye al - bl ye
AJ...78212,ye al - bl ye
AJ...78211,bl re - ye al
AJ...78210,al rw - tr re
AJ...78209,ye bl - wh al
AJ...78209,ye bl - wh al
AJ...78208,al rw - tr re
AJ...78207,al rw - tr re
AJ...78183,bw - al
AJ...78183,pi - al
AJ...78183,bw - al
AJ...78217,al rw - tr re
AJ...78274,ye or - or al
AJ...78453,wh bl - al or
AJ...78453,wh bl - al or
AJ...78463,al wr - tr
AJ...78463,al wr - tr
AJ...78466,bw bl - al pg
AJ...78466,al - tr or
AJ...78464,al wr - tr
AJ...78464,al wr - tr
AJ...78462,al wr - tr
AJ...78462,al wr - tr
AJ...78461,pb - al
AJ...78461,pb - al
AJ...78460,al rw - tr re
AJ...78459,wh or - ye al
AJ...78459,wh or - ye al
AJ...78458,al rw - tr re
AJ...78457,al rw - tr re
AJ...78456,al rw - tr re
AJ...78455,ye or - bl al
AJ...78455,ye or - bl al
AJ...78272,wr - al
AJ...78465,al wr - tr
AJ...78465,al wr - tr
AJ...78465,re al - tr bl
AK...70850,al bl - or or
AJ...78625,al - tr ye
AJ...78623,al - pb
AJ...78623,al - pb
AJ...78571,wb ye - al bw
AJ...78571,wb ye - al bw
AJ...78569,al - pb
AJ...78569,al - pb
AJ...78452,wh bw - re al
AJ...78452,wh bw - re al
AJ...78328,wh wh - ye al
AJ...78328,wh wh - ye al
AJ...78336,wb bw - al bw
AJ...78332,bl ye - re al
AJ...78332,bl ye - re al
AJ...78331,bl ye - gr al
AJ...78331,bl ye - gr al
AJ...78318,bl bl - al ye
AJ...78318,bl bl - al ye
AJ...78329,ye al - re wh
AJ...78329,ye al - re wh
AJ...78341,wb o  - pg al
AJ...78327,wh re - al ye
AJ...78327,wh re - al ye
AJ...78326,wh bl - bl al
AJ...78326,wh bl - bl al
AJ...78325,re ye - al re
AJ...78325,re ye - al re
AJ...78324,al wh - or bl
AJ...78324,al wh - or bl
AJ...78323,wr - al
AJ...78323,wr - al
AJ...78322,wr - al
AJ...78322,wr - al
AJ...78321,wh wh - al or
AJ...78321,wh wh - al or
AJ...78320,bl bl - gr al
AJ...78320,bl bl - gr al
AJ...78362,al pg - bl wb
AJ...78362,al pg - bl wb
AJ...78330,re ye - bl al
AJ...78330,re ye - bl al
AJ...78350,al re - ye re
AJ...78350,al re - ye re
AJ...78454,re or - gr al
AJ...78454,re or - gr al
AJ...78360,ye ye - wh al
AJ...78360,ye ye - wh al
AJ...78359,ye gr - re al
AJ...78359,ye gr - re al
AJ...78358,wh wh - bw al
AJ...78358,wh wh - bw al
AJ...78357,gr al - ye bw
AJ...78357,gr al - ye bw
AJ...78356,re ye - wr al
AJ...78356,pi - al
AJ...78356,re ye - wr al
AJ...78354,tr pi - al rw
AJ...78353,pi - al
AJ...78349,bl or - wh al
AJ...78349,bl or - wh al
AJ...78346,ye al - re ye
AJ...78343,ye al - bl gr
AJ...78343,ye al - bl gr
AJ...78317,bl bl - al pg
AJ...78317,bl bl - al pg
AJ...78352,pi - al
AJ...78293,wh al - wh or
AJ...78293,wh al - wh or
AJ...78292,wh al - ye wh
AJ...78292,wh al - ye wh
AJ...78291,bl ye - bl al
AJ...78291,bl ye - bl al
AJ...78290,wh bl - wh al
AJ...78290,wh bl - wh al
AJ...78289,wh al - re or
AJ...78289,wh al - re or
AJ...78288,bl ye - al re
AJ...78288,bl ye - al re
AJ...78287,wh gr - ye al
AJ...78319,bl bl - al re
AJ...78319,bl bl - al re
AJ...78296,bl gr - al pg
AJ...78296,bl gr - al pg
AJ...78280,ye al - or ye
AJ...78279,bl bl - or al
AJ...78278,wh re - bw al
AJ...78275,ye al - gr bw
AJ...78285,ye bw - re al
AJ...78305,ye ye - bw al
AJ...78305,ye ye - bw al
AJ...78316,tr pi - al rw
AJ...78316,tr pi - al rw
AJ...78315,al - yb
AJ...78315,al - yb
AJ...78314,tr pi - al rw
AJ...78314,tr pi - al rw
AJ...78313,wh al - wh bl
AJ...78313,wh al - wh bl
AJ...78312,al - yb
AJ...78312,al - yb
AJ...78311,wh al - bl bl
AJ...78311,wh al - bl bl
AJ...78310,ye bw - or al
AJ...78310,ye bw - or al
AJ...78309,ye ye - ye al
AJ...78309,ye ye - ye al
AJ...78309,ye ye - ye al
AJ...78308,gr al - bw re
AJ...78308,gr al - bw re
AJ...78294,bl al - wh or
AJ...78294,bl al - wh or
AJ...78306,gr al - bl bw
AJ...78306,gr al - bl bw
AJ...78295,rw wh - al pg
AJ...78295,rw wh - al pg
AJ...78303,ye al - wh or
AJ...78303,ye al - wh or
AJ...78303,ye al - wh or
AJ...78302,wh bl - ye al
AJ...78302,wh bl - ye al
AJ...78302,wh bl - ye al
AJ...78300,ye al - bw pg
AJ...78300,ye al - bw pg
AJ...78299,bl gr - bl al
AJ...78299,bl gr - bl al
AJ...78298,bl bl - al gr
AJ...78298,bl bl - al gr
AJ...78297,ye gr - ye al
AJ...78297,ye gr - ye al
AJ...78363,wh or - wh al
AJ...78363,wh or - wh al
AJ...78307,gr al - bw ye
AJ...78307,gr al - bw ye
AJ...78307,gr al - bw ye
AJ...78307,gr al - bw ye
AJ...78361,yb al - re wb
AJ...78361,yb al - re wb
AJ...78451,ye gr - gr al
AJ...78451,ye gr - gr al
AJ...78407,ye al - gr bl
AJ...78406,pb - al
AJ...78406,pb - al
AJ...78405,al wr - tr
AJ...78405,al wr - tr
AJ...78404,al wr - tr
AJ...78404,al wr - tr
AJ...78403,al bw - wb yb
AJ...78403,al bw - wb yb
AJ...78402,pi - al
AJ...78402,pi - al
AJ...78401,pi - al
AJ...78401,pi - al
AJ...77433,yb yb - al yb
AJ...77433,al yb - yb yb
AJ...77462,tr - wb al
AJ...77395,al rw - tr re
AJ...77394,ye re - bw al
AJ...77394,ye re - bw al
AJ...77391,al rw - tr re
AJ...77390,al rw - tr re
AJ...77389,al rw - tr re
AJ...77420,al rw - tr re
AJ...77407,re wh - al gw
AJ...77417,al rw - tr re
AJ...77416,ye bl - bl al
AJ...77416,ye bl - bl al
AJ...77411,al rw - tr re
AJ...77410,wh al - or re
AJ...77410,wh al - or re
AJ...77404,al rw - tr re
AJ...77419,or re - pg al
AJ...77419,wb bl - al rw
AJ...77419,or re - pg al
AJ...77527,wb o  - pg al
AJ...77470,al rw - tr re
AJ...77504,pi - al
AJ...77502,wh bw - ye al
AJ...77494,al rw - tr re
AJ...77250,wh bl - al re
AJ...77259,al re - or or
AJ...77259,al re - or or
AJ...77258,pi - al
AJ...77258,pg wb - al yb
AJ...77255,gr al - ye bw
AJ...77254,al rw - tr re
AJ...77240,al rw - tr re
AJ...77251,bl al - ye bl
AJ...77251,bl al - ye bl
AJ...77280,al bw - re yb
AJ...77280,ye al - bl ye
AJ...77280,al - gr re
AJ...77279,wh ye - ye al
AJ...77279,wh ye - ye al
AJ...77262,wr - al
AJ...77271,wh ye - gr al
AJ...77265,wh ye - or al
AJ...77265,wh ye - or al
AJ...77213,ye bw - gr al
AJ...77213,ye bw - gr al
AJ...77210,wh al - bw wh
AJ...77210,wh al - bw wh
AJ...77209,al rw - tr re
AJ...77208,al rw - tr re
AJ...77206,al rw - tr re
AJ...77204,al pb - tr
AJ...77204,wb wb - al bl
AJ...77202,yb yb - al yb
AJ...77201,wh al - re bw
AJ...77201,wh al - re bw
AJ...77201,wh al - re bw
AJ...77226,bl ye - or al
AJ...77225,re ye - al ye
AJ...77223,al rw - tr re
AJ...77222,al rw - tr re
AJ...77221,al rw - tr re
AJ...77350,bl or - al re
AJ...77350,bl or - al re
AJ...77349,bl or - al or
AJ...77346,ye al - gr bl
AJ...77346,ye al - gr bl
AJ...77345,al rw - tr re
AJ...77330,ye ye - bl al
AJ...77330,ye ye - bl al
AJ...77333,ye wh - bw al
AJ...77333,ye wh - bw al
AJ...77283,bw ye - al pg
AJ...77283,bw ye - al pg
AJ...77283,bw ye - al pg
AJ...77371,al rw - tr re
AJ...77369,al rw - tr re
AJ...77366,bw wh - al pg
AJ...77366,pi - al
AJ...77351,al rw - tr re
AJ...77359,wr - al
AJ...77358,ye wh - gr al
AJ...77358,ye wh - gr al
AJ...77358,ye wh - gr al
AJ...77356,al rw - tr re
AJ...77301,al rw - tr re
AJ...77308,al rw - tr re
AJ...77291,wh al - bw re
AJ...77291,wh al - bw re
AJ...77290,wh al - bw bw
AJ...77290,wh al - bw bw
AJ...77290,wh al - bw bw
AJ...77288,al rw - tr re
AJ...77321,al rw - tr re
AJ...77320,al rw - tr re
AJ...77315,al rw - tr re
AJ...77313,wh bl - al bl
AJ...77313,wh bl - al bl
AJ...77312,al pg - pg pg
AJ...77311,ye or - ye al
AJ...77311,ye or - ye al
AJ...77311,ye or - ye al
AJ...77310,al rw - tr re
AJ...77309,wh al - bw ye
AJ...77309,wh al - bw ye
AJ...77374,al rw - tr re
AJ...77779,ye al - ye re
AJ...77779,ye al - ye re
AJ...77784,wh bw - ye al
AJ...77784,wh bw - ye al
AJ...77782,re ye - al wh
AJ...77754,al rw - tr re
AJ...77753,al rw - tr re
AJ...77752,al rw - tr re
AJ...77751,al rw - tr re
AJ...77750,al rw - tr re
AJ...77749,al rw - tr re
AJ...77780,wr - al
AJ...77775,al rw - tr re
AJ...77771,al rw - tr re
AJ...77755,al rw - tr re
AJ...77767,al pb - tr
AJ...77767,al pb - tr
AJ...77830,al rw - tr re
AJ...77616,gr gr - bw al
AJ...77616,gr gr - bw al
AJ...77616,gr gr - bw al
AJ...77608,al rw - tr re
AJ...77605,al rw - tr re
AJ...77631,al rw - tr re
AJ...77640,re al - tr bl
AJ...77640,re al - tr bl
AJ...77632,wh bl - al wh
AJ...77632,wh al - bw ye
AJ...77571,wh wh - al ye
AJ...77570,al rw - tr re
AJ...77563,al rw - tr re
AJ...77705,al rw - tr re
AJ...77704,al rw - tr re
AJ...77712,al rw - tr re
AJ...77695,al rw - tr re
AJ...77731,al rw - tr re
AJ...77710,ye bw - ye al
AJ...77710,ye bw - ye al
AJ...77722,al rw - tr re
AJ...77711,al rw - tr re
AJ...77715,al rw - tr re
AJ...77714,wh ye - gr al
AJ...77713,al rw - tr re
AJ...77688,al rw - tr re
AJ...77652,wb bl - al rw
AJ...77652,pi - al
AJ...77648,wh or - bl al
AJ...77648,wh or - bl al
AJ...77647,al rw - tr re
AJ...77671,al rw - tr re
AJ...79594,wb o  - pg al
AJ...79592,wb bw - al bw
AJ...79591,or re - pg al
AJ...79598,pi - al
AJ...79588,wh ye - al pg
AJ...79584,bl re - re al
AJ...79584,bl re - re al
AJ...79582,wb o  - pg al
AJ...79581,wb o  - pg al
AJ...79580,wb o  - pg al
AJ...79589,wb o  - pg al
AJ...79589,pg al - pg bw
AJ...79597,wb o  - pg al
AJ...79604,wb o  - pg al
AJ...79600,wb o  - pg al
AJ...79547,wh bw - wh al
AJ...79547,wh bw - wh al
AJ...79541,bl al - ye bl
AJ...79541,bl al - ye bl
AJ...79537,al or - wh or
AJ...79574,wb o  - pg al
AJ...79573,wb o  - pg al
AJ...79559,wb o  - pg al
AJ...79558,wb o  - pg al
AJ...79556,pi - al
AJ...79576,wb o  - pg al
AJ...79673,wb o  - pg al
AJ...79678,pi - al
AJ...79704,wb o  - pg al
AJ...79641,wb o  - pg al
AJ...79667,al ye - bw bl
AJ...79667,al ye - bw bl
AJ...79644,wb o  - pg al
AJ...79656,wb o  - pg al
AJ...79642,pi - al
AJ...79646,al bl - bw ye
AJ...79645,yb pg - bl al
AJ...79645,yb pg - bl al
AJ...79412,pi - al
AJ...79410,bl bl - al bl
AJ...79406,wb o  - pg al
AJ...79405,wb o  - pg al
AJ...79402,wb o  - pg al
AJ...79400,wb bw - al bw
AJ...79409,wb o  - pg al
AJ...79439,wb o  - pg al
AJ...79438,pi - al
AJ...79438,wh ye - al bw
AJ...79437,wb o  - pg al
AJ...79435,wb o  - pg al
AJ...79434,wb o  - pg al
AJ...79430,wb o  - pg al
AJ...79424,wb o  - pg al
AJ...79369,wb o  - pg al
AJ...79363,pi - al
AJ...79375,wb o  - pg al
AJ...79375,al bw - re yb
AJ...79375,al bw - re yb
AJ...79394,wb o  - pg al
AJ...79392,pi - al
AJ...79376,wb o  - pg al
AJ...79497,wb o  - pg al
AJ...79496,wb o  - pg al
AJ...79493,wb o  - pg al
AJ...79492,wb o  - pg al
AJ...79491,wb o  - pg al
AJ...79509,wb o  - pg al
AJ...79514,wb o  - pg al
AJ...79452,wb o  - pg al
AJ...79451,wb o  - pg al
AJ...79485,wb o  - pg al
AJ...79481,wb o  - pg al
AJ...79480,wb o  - pg al
AJ...79479,wb o  - pg al
AJ...79478,wb o  - pg al
AJ...79477,wb o  - pg al
AJ...79467,wb o  - pg al
AJ...79466,wb o  - pg al
AJ...79946,wb o  - pg al
AJ...79956,pb al - tr
AJ...79955,wb o  - pg al
AJ...79954,wb o  - pg al
AJ...79953,wb o  - pg al
AJ...79952,wb o  - pg al
AJ...79951,wb o  - pg al
AJ...79950,wb o  - pg al
AJ...79949,wb o  - pg al
AJ...79936,wb bw - al bw
AJ...79947,wb o  - pg al
AJ...79959,wb o  - pg al
AJ...79945,wb o  - pg al
AJ...79944,wb o  - pg al
AJ...79943,wb o  - pg al
AJ...79942,wb o  - pg al
AJ...79941,wb o  - pg al
AJ...79940,wb o  - pg al
AJ...79939,wb o  - pg al
AJ...79938,wb o  - pg al
AJ...79980,wb o  - pg al
AJ...79948,wb o  - pg al
AJ...79968,wb o  - pg al
AJ...79891,pb al - tr
AJ...79978,wb o  - pg al
AJ...79977,wb o  - pg al
AJ...79976,wb o  - pg al
AJ...79975,wb o  - pg al
AJ...79974,wb o  - pg al
AJ...79973,wb o  - pg al
AJ...79972,wb o  - pg al
AJ...79971,wb o  - pg al
AJ...79957,pb al - tr
AJ...79969,wb o  - pg al
AJ...79958,pb al - tr
AJ...79967,wb o  - pg al
AJ...79966,al - pb
AJ...79965,wb bw - al bw
AJ...79964,wb o  - pg al
AJ...79963,wb o  - pg al
AJ...79962,wb o  - pg al
AJ...79961,wb o  - pg al
AJ...79960,wb o  - pg al
AJ...79935,wb bw - al bw
AJ...79970,wb o  - pg al
AJ...79901,wb o  - pg al
AJ...79911,wb o  - pg al
AJ...79910,wb o  - pg al
AJ...79909,re yb - al yb
AJ...79908,wb o  - pg al
AJ...79907,wb o  - pg al
AJ...79906,wb o  - pg al
AJ...79905,wb o  - pg al
AJ...79904,wb o  - pg al
AJ...79937,al - pb
AJ...79902,bl wh - al re
AJ...79902,bl wh - al re
AJ...79914,pb al - tr
AJ...79900,wb o  - pg al
AJ...79899,pb al - tr
AJ...79898,pb al - tr
AJ...79897,pb al - tr
AJ...79896,pb al - tr
AJ...79895,pb al - tr
AJ...79894,pb al - tr
AJ...79893,pb al - tr
AJ...79903,wb o  - pg al
AJ...79923,wb o  - pg al
AJ...79934,wb o  - pg al
AJ...79933,wb o  - pg al
AJ...79932,wb o  - pg al
AJ...79931,wb o  - pg al
AJ...79930,wb o  - pg al
AJ...79929,wb o  - pg al
AJ...79928,wb o  - pg al
AJ...79927,al re - or ye
AJ...79927,al re - or ye
AJ...79927,al re - or ye
AJ...79926,bl or - al ye
AJ...79926,bl or - al ye
AJ...79912,wb o  - pg al
AJ...79924,wb o  - pg al
AJ...79913,wb o  - pg al
AJ...79922,wb o  - pg al
AJ...79921,wb o  - pg al
AJ...79920,al - pb
AJ...79919,wh re - ye al
AJ...79919,wh re - ye al
AJ...79918,wh re - al re
AJ...79918,wh re - al re
AJ...79917,wh yb - al bw
AJ...79917,wh yb - al bw
AJ...79917,wh yb - al bw
AJ...79916,wb o  - pg al
AJ...79915,wb o  - pg al
AJ...79981,bl al - gr pg
AJ...79925,wb o  - pg al
AK...03539,bl re - al yb
AJ...79979,wb o  - pg al
AK...70849,re ye - al wh
AK...70800,al bl - ye rw
AK...70750,ye or - bw al
AK...70749,gr al - re bw
AK...03989,rw al - bw bw
AK...03987,yb al - re gr
AK...03985,yb al - re ye
AK...03984,yb al - gr bw
AK...03980,or al - ye rw
AK...03550,rw bw - al wh
AK...03525,rw wh - yb al
AK...70748,al bl - wh bl
AJ...79991,bw yb - al pg
AJ...79991,bw yb - al pg
AJ...80000,pb al - tr
AJ...79999,pb al - tr
AJ...79998,pb al - tr
AJ...79997,pb al - tr
AJ...79996,wb o  - pg al
AJ...79995,wb o  - pg al
AJ...79994,wb o  - pg al
AJ...79992,wb o  - pg al
AJ...79990,wb o  - pg al
AJ...79989,wb o  - pg al
AJ...79988,bl ye - gr al
AJ...79988,bl ye - gr al
AJ...79987,wb o  - pg al
AJ...79986,wh re - gr al
AJ...79986,wh re - gr al
AJ...79985,wb o  - pg al
AJ...79984,pb al - tr
AJ...79983,pb al - tr
AJ...79982,wb o  - pg al
AJ...79993,wb o  - pg al
AK...03502,al yb - bl ye
AK...03502,al yb - bl ye
AJ...79890,pb al - tr
AJ...79779,pb al - tr
AJ...79892,pb al - tr
AJ...79777,pb al - tr
AJ...79778,pb al - tr
AJ...79785,pb al - tr
AJ...79784,pb al - tr
AJ...79783,pb al - tr
AJ...79782,pb al - tr
AJ...79781,pb al - tr
AJ...79780,pb al - tr
AJ...79755,wb o  - pg al
AJ...79856,pb al - tr
AJ...79866,wb o  - pg al
AJ...79865,pb al - tr
AJ...79864,pb al - tr
AJ...79863,pb al - tr
AJ...79862,wb o  - pg al
AJ...79861,wb o  - pg al
AJ...79860,wb o  - pg al
AJ...79859,wb o  - pg al
AJ...79857,pb al - tr
AJ...79869,pb al - tr
AJ...79855,pb al - tr
AJ...79854,pb al - tr
AJ...79853,pb al - tr
AJ...79852,wb o  - pg al
AJ...79850,wb o  - pg al
AJ...79858,wb o  - pg al
AJ...79889,pb al - tr
AJ...79888,pb al - tr
AJ...79887,pb al - tr
AJ...79886,pb al - tr
AJ...79884,wb o  - pg al
AJ...79883,wb o  - pg al
AJ...79882,wb o  - pg al
AJ...79867,wb o  - pg al
AJ...79868,pb al - tr
AJ...79876,pb al - tr
AJ...79875,pb al - tr
AJ...79874,pb al - tr
AJ...79873,pb al - tr
AJ...79872,pb al - tr
AJ...79871,al bl - wh pg
AJ...79871,pb al - tr
AJ...79871,al bl - wh pg
AJ...79870,pb al - tr
AJ...79880,wb o  - pg al
AJ...79838,wb o  - pg al
AJ...78856,wb bw - al bw
AJ...78858,wb o  - pg al
AJ...78855,al - pb
AJ...78835,wb o  - pg al
AJ...78840,wb o  - pg al
AJ...78839,wb o  - pg al
AJ...78678,wb o  - pg al
AJ...78685,wb o  - pg al
AJ...78718,bw or - al gr
AJ...78718,bw or - al gr
AJ...78704,wb o  - pg al
AJ...78677,wb o  - pg al
AJ...78675,wb o  - pg al
AJ...78673,pb - al
AJ...78723,wb o  - pg al
AJ...78807,wb o  - pg al
AJ...78805,wb o  - pg al
AJ...78802,wb o  - pg al
AJ...78742,wb o  - pg al
AJ...78769,wh re - al ye
AJ...78769,wh re - al ye
AJ...78769,wh re - al ye
AJ...78746,wb o  - pg al
AJ...78755,wb o  - pg al
AJ...78752,re re - al yb
AJ...78757,pb al - tr
AJ...79227,wb o  - pg al
AJ...79236,wb o  - pg al
AJ...79234,wb o  - pg al
AJ...79233,wb o  - pg al
AJ...79232,wh bw - bw al
AJ...79232,wh bw - bw al
AJ...79232,wb o  - pg al
AJ...79223,wb o  - pg al
AJ...79229,wb o  - pg al
AJ...79248,wb o  - pg al
AJ...79247,wb o  - pg al
AJ...79192,wb o  - pg al
AJ...79189,wb o  - pg al
AJ...79188,wb bw - al bw
AJ...79186,wb o  - pg al
AJ...79180,wb o  - pg al
AJ...79214,wb o  - pg al
AJ...79326,pi - al
AJ...79323,wb o  - pg al
AJ...79322,wb o  - pg al
AJ...79320,wb o  - pg al
AJ...79312,wb o  - pg al
AJ...79349,yb - al
AJ...79347,ye gr - al wh
AJ...79347,yb gr - al wh
AJ...79346,wb o  - pg al
AJ...79276,wb o  - pg al
AJ...79271,wb o  - pg al
AJ...79270,wb o  - pg al
AJ...79289,wb o  - pg al
AJ...79287,wb o  - pg al
AJ...79286,pi - al
AJ...79286,al - pb
AJ...79286,al - pb
AJ...79047,al yb - bw gr
AJ...79060,wb o  - pg al
AJ...79045,wb o  - pg al
AJ...79041,bl wh - al or
AJ...79041,bl wh - al or
AJ...79079,wb bw - al bw
AJ...79076,wb o  - pg al
AJ...79074,wb o  - pg al
AJ...79073,al bw - bl pg
AJ...79073,al bw - bl pg
AJ...79072,wb o  - pg al
AJ...79067,wb o  - pg al
AJ...79066,wh pg - gr al
AJ...79066,wh pg - gr al
AJ...79002,wb o  - pg al
AJ...79002,wb o  - pg al
AJ...79012,wb o  - pg al
AJ...79007,pi - al
AJ...79006,wb o  - pg al
AJ...79005,wb o  - pg al
AJ...79038,wb o  - pg al
AJ...79003,al - pb
AJ...79003,al - pb
AJ...79003,wb o  - pg al
AJ...79001,wb o  - pg al
AJ...79004,wb o  - pg al
AJ...79035,pi - al
AJ...79033,al gr - bw bw
AJ...79033,al gr - bw bw
AJ...79031,wb o  - pg al
AJ...79030,wb o  - pg al
AJ...79029,wb o  - pg al
AJ...79028,wb o  - pg al
AJ...79025,wb o  - pg al
AJ...79020,pg wh - al bl
AJ...79019,wb o  - pg al
AJ...79017,wb o  - pg al
AJ...79026,wb o  - pg al
AJ...79137,wb o  - pg al
AJ...79138,wb o  - pg al
AJ...79135,wb o  - pg al
AJ...79129,wb o  - pg al
AJ...79139,wb o  - pg al
AJ...79162,wb o  - pg al
AJ...79154,wb o  - pg al
AJ...79153,wb o  - pg al
AJ...79152,wb o  - pg al
AJ...79151,wb o  - pg al
AJ...79126,wb o  - pg al
AJ...79092,wb o  - pg al
AJ...79101,wb o  - pg al
AJ...79098,pi - al
AJ...79097,wb o  - pg al
AJ...79095,wb o  - pg al
AJ...79091,ye pg - al pg
AJ...79089,pb - al
AJ...79084,wb o  - pg al
AJ...79083,wb o  - pg al
AJ...79094,wb o  - pg al
AJ...79104,wb o  - pg al
AJ...79113,pi - al
AJ...79108,wb o  - pg al
AJ...79106,wb o  - pg al
AJ...75272,ye bl - gr al
AJ...75304,ye bl - or al
AJ...75295,ye bw - bl al
AJ...75232,ye bw - ye al
AJ...75232,ye bw - ye al
AJ...75232,ye bw - ye al
AJ...75223,re ye - re al
AJ...75223,re ye - re al
AJ...75220,ye al - or bl
AJ...75374,ye al - bw bw
AJ...75354,re bw - re al
AJ...75394,bw al - bl ye
AJ...75394,bw al - bl ye
AJ...75388,ye al - ye or
AJ...75388,ye al - ye or
AJ...75384,re gr - ye al
AJ...75352,gr gr - re al
AJ...75349,ye al - bw wh
AJ...75348,bw bw - re al
AJ...75331,ye al - wh bl
AJ...75331,ye al - wh bl
AJ...75095,ye al - gr gr
AJ...75082,bw al - re re
AJ...75103,re or - or al
AJ...75115,ye al - bw bl
AJ...75115,ye al - bw bl
AJ...75115,ye al - bw bl
AJ...75055,bw bw - re al
AJ...75053,wh re - re al
AJ...75051,wh al - bl bw
AJ...75050,re re - ye al
AJ...75083,bw al - bw bw
AJ...75039,ye re - ye al
AJ...75039,ye re - ye al
AJ...75049,pg pb - al pb
AJ...75049,tr - al pb
AJ...75078,ye bl - gr al
AJ...75078,ye bl - gr al
AJ...75076,re re - bw al
AJ...75076,re re - bw al
AJ...75076,re re - bw al
AJ...75075,ye al - gr bl
AJ...75075,ye al - gr bl
AJ...75062,ye bw - bl al
AJ...75062,ye bw - bl al
AJ...75061,pi - al
AJ...75061,pi - al
AJ...75071,pb - al
AJ...75175,gr al - bl ye
AJ...75203,ye al - gr bl
AJ...75200,ye al - ye ye
AJ...75199,re bw - bl al
AJ...75199,re bw - bl al
AJ...75199,re bw - bl al
AJ...75198,bw wh - wh al
AJ...75197,re al - wh wh
AJ...75196,bw wh - re al
AJ...75147,pg al - pg pg
AJ...75147,pg al - pg pg
AJ...75145,ye al - ye re
AJ...75145,ye al - ye re
AJ...75144,ye al - or ye
AJ...75144,ye al - or ye
AJ...75141,wh bl - bl al
AJ...75135,re or - or al
AJ...75135,re or - or al
AJ...75135,re or - or al
AJ...75155,re gr - gr al
AJ...75155,re gr - gr al
AJ...75154,pi - al
AJ...75635,re bl - gr al
AJ...75635,re bl - gr al
AJ...75635,re bl - gr al
AJ...75621,ye al - or or
AJ...75644,wh ye - wh al
AJ...75644,wh ye - wh al
AJ...75626,ye al - bw bw
AJ...75623,ye al - or re
AJ...75661,re or - ye al
AJ...75645,ye al - ye ye
AJ...75579,bw - al
AJ...75579,bw - al
AJ...75579,re al - wh ye
AJ...75664,pb al - wb rw
AJ...75664,pb al - wb rw
AJ...75682,re al - wh wh
AJ...75680,ye al - ye wh
AJ...75680,ye al - ye wh
AJ...75675,re ye - wr al
AJ...75675,re ye - wr al
AJ...75698,tr pi - al gy
AJ...75698,bw re - gr al
AJ...75461,ye al - bw gr
AJ...75447,al ye - re re
AJ...75462,re al - gr gr
AJ...75463,re bw - re al
AJ...75406,ye al - ye gr
AJ...75414,or or - or al
AJ...75414,or or - or al
AJ...75413,bw gr - gr al
AJ...75413,bw gr - gr al
AJ...75407,bw or - or al
AJ...75036,re or - bw al
AJ...75036,re or - bw al
AJ...75428,ye al - bw or
AJ...75438,wh al - bw bw
AJ...75436,rw al - ye bl
AJ...75418,al gp - tr
AJ...75418,al gp - tr
AJ...75426,pi - al
AJ...75426,re or - bl al
AJ...75425,wh al - bl wh
AJ...75425,wh al - bl bw
AJ...75420,wh al - bw re
AJ...75420,wh al - bw re
AJ...75551,pg pb - al pb
AJ...75549,wh al - bw bw
AJ...75549,wh al - bw bw
AJ...75549,wh al - bw bw
AJ...75548,wh al - bw bw
AJ...75548,pi - al
AJ...75548,wh al - bw bw
AJ...75547,wh bl - ye al
AJ...75547,wh bl - ye al
AJ...75547,wh bl - ye al
AJ...75531,al bw - bl pg
AJ...75559,ye al - ye bw
AJ...75557,wh bl - gr al
AJ...75557,wh bl - gr al
AJ...75496,wh or - pg al
AJ...75496,wh or - pg al
AJ...75496,wh or - pg al
AJ...75501,re gr - bl al
AJ...75499,ye al - bw re
AJ...75499,ye al - bw re
AJ...75499,ye al - bw re
AJ...75509,gr al - bw wh
AJ...75509,gr al - bw wh
AJ...75490,or al - bw bw
AJ...75489,wr - al
AJ...75487,ye al - bl bl
AJ...75529,re gr - re al
AJ...75529,re gr - re al
AJ...75523,pi - al
AJ...75522,pb - al
AJ...75521,re rw - wh al
AJ...75508,wh bw - gr al
AJ...75517,re ye - gr al
AJ...75516,gr al - bw re
AJ...75516,gr al - bw re
AJ...75513,pi - al
AJ...75031,al ye - bw ye
AJ...75029,gr al - bw bl
AJ...76702,bw - al
AJ...76702,re al - re bw
AJ...76701,re gr - re al
AJ...76692,al pb - wb bl
AJ...76759,ye re - re al
AJ...76759,ye re - re al
AJ...76753,pb al - wb rw
AJ...76753,pb al - wb rw
AJ...76752,pa - al
AJ...76752,wr - al
AJ...76751,ye ye - bw al
AJ...76654,ye bl - bw al
AJ...76766,tr pi - al rw
AJ...76766,tr pi - al rw
AJ...76776,tr pi - al rw
AJ...76776,tr pi - al rw
AJ...76776,tr pi - al rw
AJ...76773,al - ye
AJ...76773,al - ye
AJ...76773,bw - al
AJ...76530,wh al - bw bl
AJ...76530,wh al - bw bl
AJ...76526,ye al - bl bl
AJ...76525,wh al - bw or
AJ...76524,ye al - wb pg
AJ...76524,ye al - wb pg
AJ...76533,gr gr - re al
AJ...76533,gr gr - re al
AJ...76533,gr gr - re al
AJ...76656,pi - al
AJ...76656,al - wh bl
AJ...76562,pi - al
AJ...76542,gr wh - al pg
AJ...76554,ye al - wh bw
AJ...76554,ye al - wh bw
AJ...76543,ye al - or bl
AJ...76543,ye al - or bl
AJ...76552,wh al - bw ye
AJ...76548,re ye - bl al
AJ...76494,wh al - ye or
AJ...76494,wh al - ye or
AJ...76481,ye al - bl re
AJ...76479,wh al - or bl
AJ...76479,wh al - or bl
AJ...76508,wh wh - bl al
AJ...76508,wh wh - bl al
AJ...76519,ye al - re ye
AJ...76519,ye al - re ye
AJ...76519,ye al - re ye
AJ...76516,al - gr re
AJ...76516,pi - al
AJ...76516,ye al - or bw
AJ...76515,ye or - bw al
AJ...76515,ye or - bw al
AJ...76513,wh al - or bw
AJ...76513,wh al - or bw
AJ...76511,wh al - ye bw
AJ...76506,bl bl - ye al
AJ...76505,wh al - or wh
AJ...76505,wh al - or wh
AJ...76504,wh re - bw al
AJ...76503,gr al - bl wh
AJ...76503,gr al - bl wh
AJ...76510,pb al - wb bl
AJ...76631,ye ye - or al
AJ...76630,re ye - bw al
AJ...76630,re ye - bw al
AJ...76629,ye bw - wh al
AJ...76628,wh al - re bw
AJ...76627,ye bw - or al
AJ...76627,ye bw - or al
AJ...76626,bl al - wb wb
AJ...76626,ye bw - gr al
AJ...76626,ye bw - gr al
AJ...76625,re bw - or al
AJ...76624,ye al - bw ye
AJ...76622,re bw - ye al
AJ...76634,ye al - gr ye
AJ...76620,re bw - bl al
AJ...76619,re bl - re al
AJ...76618,re gr - ye al
AJ...76617,wh al - or re
AJ...76617,wh al - or re
AJ...76617,wh al - or re
AJ...76616,ye al - wh or
AJ...76616,ye al - wh or
AJ...76615,wh al - bw bl
AJ...76615,wh al - bw bl
AJ...76615,wh al - bw bl
AJ...76614,ye al - wh gr
AJ...76613,ye al - gr wh
AJ...76623,re bw - gr al
AJ...76643,wh gr - re al
AJ...76653,bw or - re al
AJ...76652,re ye - or al
AJ...76651,re al - or re
AJ...76647,ye or - gr al
AJ...76646,ye or - ye al
AJ...76632,wh al - wh re
AJ...76644,re ye - or al
AJ...76633,ye gr - bw al
AJ...76642,wh gr - gr al
AJ...76641,wh bw - bl al
AJ...76639,wh bl - re al
AJ...76637,wh al - wh bw
AJ...76635,pi - al
AJ...76635,pi - al
AJ...76645,gr al - bw gr
AJ...76585,re ye - re al
AJ...76585,re ye - re al
AJ...76584,ye bl - re al
AJ...76581,bw or - gr al
AJ...76580,wh al - or bw
AJ...76579,bw wh - gr al
AJ...76579,bw bw - gr al
AJ...76579,bw wh - gr al
AJ...76612,ye al - gr bw
AJ...76573,wh al - ye bl
AJ...76572,ye bw - bl al
AJ...76572,ye bw - bl al
AJ...76572,ye bw - bl al
AJ...76568,re al - re gr
AJ...76598,bw wh - ye al
AJ...76609,re al - re or
AJ...76608,re al - wh bl
AJ...76608,bw - al
AJ...76607,wh al - ye ye
AJ...76605,wh al - wh bw
AJ...76605,wh al - wh bw
AJ...76605,wh al - wh bw
AJ...76604,ye al - ye gr
AJ...76603,re ye - gr al
AJ...76602,ye al - ye wh
AJ...76602,ye al - ye wh
AJ...76601,ye al - gr bw
AJ...76587,re al - or bw
AJ...76599,re al - wh re
AJ...76588,ye al - ye bw
AJ...76597,bw wh - bw al
AJ...76596,re or - ye al
AJ...76595,re wh - or al
AJ...76594,re or - bl al
AJ...76593,re or - bw al
AJ...76591,al gp - tr
AJ...76591,al gp - tr
AJ...76655,wh al - re or
AJ...76600,wh al - bl wh
AJ...77080,wh or - gr al
AJ...77080,wh or - gr al
AJ...77076,al rw - tr re
AJ...77074,wr - al
AJ...77064,ye al - gr gr
AJ...77064,ye al - gr gr
AJ...77063,al rw - tr re
AJ...77101,al rw - tr re
AJ...77100,al rw - tr re
AJ...77099,bw al - wh re
AJ...77099,bl al - wh re
AJ...77098,al rw - tr re
AJ...77096,pb - al
AJ...77095,wh or - wh al
AJ...77091,al rw - tr re
AJ...77094,al wh - bl or
AJ...77094,al wh - bl or
AJ...77058,ye ye - ye al
AJ...77058,ye ye - ye al
AJ...77055,al rw - tr re
AJ...77044,ye wb - al yb
AJ...77044,ye wb - al yb
AJ...77105,re re - bw al
AJ...77105,re re - bw al
AJ...77105,re re - bw al
AJ...77170,al rw - tr re
AJ...77169,gr al - bw or
AJ...77169,gr al - bw or
AJ...77173,al rw - tr re
AJ...77159,gr al - gw bw
AJ...77153,wh ye - re al
AJ...77153,wh ye - re al
AJ...77152,al rw - tr re
AJ...77162,ye al - wh bw
AJ...77162,ye al - wh bw
AJ...77172,gr al - bw re
AJ...77172,gr al - bw re
AJ...77124,rw al - tr
AJ...77121,ye ye - gr al
AJ...77116,al rw - tr re
AJ...77137,wh al - or or
AJ...77137,wh al - or or
AJ...77148,ye al - bw bw
AJ...77148,ye al - bw bw
AJ...77144,ye bw - wh al
AJ...77144,ye bw - wh al
AJ...77142,al rw - tr re
AJ...77141,wh or - bw al
AJ...77140,bl re - or al
AJ...77135,al rw - tr re
AJ...77132,bl re - gr al
AJ...77132,bl re - gr al
AJ...77129,ye re - or al
AJ...77129,ye re - or al
AJ...77129,ye re - or al
AJ...76883,al rw - tr re
AJ...77011,wh al - or wh
AJ...77011,wh al - or wh
AJ...77011,wh al - or wh
AJ...77010,re wh - bw al
AJ...77010,re wh - bw al
AJ...77010,re wh - bw al
AJ...77010,re wh - bw al
AJ...77009,al rw - tr re
AJ...77005,al rw - tr re
AJ...75998,re gr - gr al
AJ...75953,ye al - re ye
AJ...75953,ye al - re ye
AJ...75957,bl wh - bw al
AJ...75958,ye al - bw re
AJ...75958,ye al - bw re
AJ...75967,wh al - or or
AJ...75967,wh al - or or
AJ...75962,wh al - re ye
AJ...75962,wh al - re ye
AJ...75961,wh or - bw al
AJ...75970,pi - al
AJ...76087,al pa - tr or
AJ...76083,wh al - bw bl
AJ...76083,re re - bl al
AJ...76083,wh al - bw bl
AJ...76099,al wr - tr
AJ...76099,al pg - wb ye
AJ...76028,re al - re ye
AJ...76047,re wh - bw al
AJ...76047,re wh - bw al
AJ...75772,wh al - re wh
AJ...75770,ye al - or bw
AJ...75770,ye al - or bw
AJ...75799,al - tr ye
AJ...75906,re gr - gr al
AJ...75902,ye re - bl al
AJ...75903,re bl - wh al
AJ...75923,ye al - re bw
AJ...75923,ye al - re bw
AJ...75924,ye bw - re al
AJ...76319,wr - al
AJ...76300,re al - wh or
AJ...76327,al - pb
AJ...76327,ye al - re gr
AJ...76444,al bw - wb yb
AJ...76444,al bw - wb yb
AJ...76438,pi - al
AJ...76473,bw re - wh al
AJ...76472,pi - al
AJ...76471,wh bl - or al
AJ...76470,ye gr - bl al
AJ...76470,ye gr - bl al
AJ...76467,gr al - bw ye
AJ...76467,gr al - bw ye
AJ...76467,gr al - bw ye
AJ...76430,ye al - gr gr
AJ...76465,re al - or or
AJ...76465,re al - or or
AJ...76181,ye al - bl re
AJ...76118,ye or - re al
AJ...76260,ye ye - bl al
AJ...76257,bw wh - or al
AJ...76277,ye or - al wh
AJ...76252,ye al - wh ye
AK...75904,al gr - re gr
AK...72994,or al - or or
AK...75801,al pi - ye wh
AK...72954,bw re - al re
AK...72953,ye al - rw bw
AK...72952,ye al - or wh
AK...72951,ye al - bw re
AK...72956,bw rw - bl al
AK...72956,bw rw - bl al
AK...72957,bw rw - ye al
AK...72931,re ye - al or
AK...72981,re ye - al or
AK...72955,bw re - al wh
AK...72961,bl al - or wh
AK...72960,bl al - or or
AK...72959,or ye - gr al
AK...72958,ye al - rw re
AK...74920,al bl - tr pi
AK...71848,al bl - re bl
AK...71849,re ye - re al
AK...71850,al bl - rw bl
AK...71886,rw al - ye or
AK...71887,rw al - re bl
AK...71888,rw al - re bw
AK...71889,rw al - rw bl
AK...71890,rw al - wh bl
AK...71891,al rw - bw bw
AK...71892,al rw - bw ye
AK...71893,al rw - bw or
AK...71897,al rw - bw wh
AK...71898,al rw - ye ye
AK...71899,al rw - ye wh
AK...71900,or ye - al rw
AK...71900,al rw - or re
AK...72500,al bl - ye wh
AK...71000,re ye - gr al
AK...70999,re ye - bw al
AK...70998,re ye - bl al
AK...74578,bw or - ye al
AK...75869,al wh - wh bw
AK...74958,gr al - re ye
AK...74979,rw al - re bl
AK...74979,rw al - re bl
AK...74968,wh pg - al yb
AK...74963,yb al - wh rw
AK...74988,wh al - yb re
AK...75000,bw - al
AK...75779,rw re - gr al
AK...74957,wh ye - al or
AK...74949,wh al - rw ye
AK...74951,wh ye - al bl
AK...74950,al bl - bl pb
AK...74936,al yb - rw ye
AN...13795,al - tr wh
AL...65585,wh al - re wh
AL...62455,ye al - re ye
AL...62455,ye al - ye re
AL...62455,ye al - ye re
AL...62523,gr al - bw re
AL...62443,al - gr re
AL...62443,al - gr re
AL...62384,pg bw - bl al
AL...62384,al pg - wb ye
AL...62384,yb - al
AL...62369,wb o  - pg al
AL...62371,ye al - or ye
AL...62371,ye al - or ye
AL...62432,al gr - rw ye
AL...62420,ye al - re re
AL...62420,ye al - re re
AL...62418,al - pb
AL...62418,al - pb
AL...62418,gr al - bw bw
AL...62643,yb yb - al pg
AL...62645,wb bw - al bw
AL...62650,tr pi - al rw
AL...62614,al rw - tr re
AL...62677,wb o  - pg al
AL...62558,pi - al
AL...62558,pi - al
AL...62560,pi - al
AL...62560,pi - al
AL...62609,al rw - tr re
AL...62583,wh ye - ye al
AL...62584,wb bw - al bw
AL...62166,wb o  - pg al
AL...62118,al ye - or ye
AL...62097,or rw - bw al
AL...62102,wb bw - al bw
AL...62099,wb o  - pg al
AL...62813,ye bw - bw al
AL...62788,re rw - bw al
AL...64772,bl re - al ye
AL...64797,al gr - bl ye
AL...64797,al gr - bl ye
AL...64627,al bl - wh ye
AL...64628,wh bl - al wh
AL...64817,al bw - bl ye
AL...63040,AL - TR BK
AL...63039,tr bk - al
AL...63038,al - tr wh
AL...64868,al ye - or ye
AL...63753,yb al - rw ye
AL...63749,al yb - wb gr
AL...63749,al yb - wb gr
AL...63764,yb al - bl ye
AL...63746,tr ye - al
AL...63746,bw bw - al bw
AL...63776,bl yb - wh al
AL...63680,wr - al
AL...63784,bl pb - al ye
AL...63783,al - pi
AL...63782,pb - al
AL...63775,wh al - wh bw
AL...63775,wh al - wh bw
AL...63773,al yb - ye wh
AL...63765,bl ye - yb al
AL...63777,al wh - wh rw
AL...63701,re re - al pg
AL...63700,al bl - yb pb
AL...63697,al wh - ye yb
AL...63694,bl pb - al yb
AL...63692,yb al - wb wb
AL...63691,al wh - re bw
AL...63690,pb pg - wh al
AL...63682,yb - al
AL...63724,al - tr re
AL...63735,al wh - re yb
AL...63735,al wh - re yb
AL...63717,re yb - wh al
AL...63709,wh al - re pg
AL...63868,wh al - yb yb
AL...63862,ye pb - al wh
AL...63787,bw pg - al pb
AL...63858,bw yb - al wh
AL...63856,ye bl - al wh
AL...63846,ye pb - wh al
AL...63885,al bl - bl bl
AL...63889,bl al - re rw
AL...63888,tr - al or
AL...63882,pg rw - wh al
AL...63881,al wh - pb ye
AL...63880,bl pb - al wh
AL...63878,pi i  - gr al
AL...63874,re wb - al pb
AL...63800,bw - al
AL...63799,bw re - al wb
AL...63798,pi - al
AL...63798,pi - al
AL...63798,bw bw - al pg
AL...63794,bl pb - al ye
AL...63794,bl pb - al ye
AL...63792,pg rw - wh al
AL...63679,bl pb - al re
AL...63947,al or - tr gy
AK...76997,rw ye - rw al
AK...76998,al bl - bl ye
AK...76999,al ye - re re
AK...77000,bw wb - pb al
AL...63945,wh pg - al wh
AK...76977,wh al - pg ye
AK...76977,wh al - pg ye
AK...76991,rw re - al wh
AK...76980,rw bl - al wh
AK...76982,re yb - al wh
AL...64000,al pg - ye bl
AL...63989,al bw - ye pb
AL...63997,tr - gg al
AL...63999,al pg - ye ye
AL...63998,al ye - bl wh
AL...63963,al wh - bl bl
AL...63964,bl pg - al pb
AL...63968,al wh - pg yb
AL...63976,al wh - pg wh
AL...63984,ye pg - al wh
AL...63639,yb wh - wh al
AL...63649,bl pb - al pg
AL...63643,pi - al
AL...63638,bw bl - wh al
AL...63904,wh al - wh wh
AL...63905,wh wh - al wh
AL...63908,al - pi
AL...63910,wh al - wh pb
AL...63678,bl al - re bw
AL...63900,wh al - pg rw
AL...63674,al - pb
AL...63671,al - pb
AL...63665,wr - al
AL...63662,tr pi - al
AL...63660,rw bw - wh al
AL...63658,bl pb - pb al
AL...64591,al bl - or ye
AL...64592,al bl - or or
AL...64582,wh al - re ye
AL...63940,wh ye - al re
AK...76958,wh bw - al wh
AK...76959,bl al - wh or
AK...76961,wh bw - al yb
AL...63915,pg yb - wh al
AL...63920,bw bw - wh al
AL...63930,al bl - ye pb
AL...64947,al or - re ye
AL...64984,al ye - re or
AL...63015,AL - TR BK
AC....6432,wh ye - ye al
AB....6595,rw re - al wh
...0961868,gr re - gr al
48V..20810,bw al - bw bw
48V..20810,bw al - bw bw
V....07101,al bl - or rw
V....80138,bl or - al pi
V....47184,al pi - bl re
V...298454,re al - ye bw
V...120089,rw bw - wh al
V...175090,pi pi - al pi
V...209153,pg al - ye bl
V...259231,wh bw - rw al
V....69854,ye al - bw rw
Z....74131,al ye - re rw
Z....74131,wh ye - al wh
Z....74131,bw wh - al pi
Z....74131,ye bl - bw al
Z....74131,gr al - wh ye
Z....74131,al rw - or re
Z....74131,re al - re yb
Z....74131,bw al - rw rw
Z....74131,al wh - rw bl
Z....74131,al yb - pg bw
Z....74131,pb bl - al rw
F...590011,re al - re ye
F...588952,ye al - re wh
F...590468,re bl - gr al
F...590937,al bw - bl re
F...498885,bw bw - al bl
F...683997,al bl - re re
F...686618,bl rw - re al
F...686685,re bl - rw al
F...689812,wh al - pb pb
F...741491,al rw - re bw
F...741421,al re - re bl
F...771512,or re - bw al
F...711699,al gw - gw ye
F...715130,ye bl - re al
F...715224,re al - ye rw
F...691418,wh bl - al wh
F...691500,al gr - or re
F...691493,re re - al ye
F...691488,al re - bl bl
F...691487,al re - re re
F...691486,al gr - gr gr
F...691482,re ye - al ye
F...691484,re bw - ye al
F...691192,bl al - ye wh
F...691144,re wh - al ye
F...691140,re re - re al
F...691310,bl al - re ye
F...691244,re al - wh ye
F...691848,al wh - re re
F...691754,re al - bw re
F...691591,wh re - al re
F...691550,bl al - ye bl
F...691075,re re - wh al
F...696299,gr al - or bl
F...696294,al rw - or or
F...696224,wh re - al pi
F...696222,bl rw - al bw
F...696245,pg al - re gr
F...691987,al bl - ye wh
F...803494,al bw - ye rw
F...803398,re re - pg al
F...803428,al bw - bw gr
F...803421,gr bl - al pg
F...803168,rw bw - bw al
F...803170,al ye - gr bw
F...803373,ye wh - al pg
F...803854,rw bw - al bw
F...804020,pb al - rw pb
F...803691,wh or - wh al
F...803757,gr al - ye ye
F...802516,al ye - or ye
F...802650,or ye - rw al
F...802695,bw re - al rw
F...802647,or ye - al rw
F...802684,wh wh - al wh
F...802683,rw al - or bl
F...802613,rw al - rw bw
F...802612,or pb - al rw
F...802607,pb bl - gr al
F...802293,or rw - al ye
F...802700,gr al - re bw
F...804419,al pg - re bl
F...804423,wh wh - wh al
F...804121,al pg - ye bl
F...804118,bl gr - al pg
F...804049,bw al - rw bw
F...804079,rw pb - al pb
F...804216,pg al - ye or
F...804189,al pg - ye ye
F...804191,al pg - ye gr
F...804162,pg al - gr bl
F...804168,pg al - ye re
F...804855,re ye - al bl
F...804775,al ye - bw rw
F...804771,pg al - gr bw
F...804800,ye yb - al pg
F...804882,wh or - bl al
F...804932,al bl - rw or
F...804603,pg al - or ye
F...804596,bw pg - al pg
F...804715,wh or - rw al
F...804709,pg al - ye ye
F...800972,wh wh - al or
F...801066,al bl - rw ye
F...800842,or or - al bl
F...800841,gr gr - al re
F...800839,gr gr - al wh
F...838544,bl al - wh ye
F...838691,wh wh - al pb
F...838721,al - bw
F...837544,bl ye - al wh
F...837888,bl re - al re
F...837568,re rw - ye al
F...837514,bl ye - al ye
F...837515,bl ye - al re
F...858735,al gw - ye gw
F...859427,gr al - re rw
F...859381,re rw - bl al
F...859399,pg al - re rw
F...859530,al re - ye pg
F...859514,re re - re al
F...859548,ye al - bl pg
F...859507,al ye - ye ye
F...859304,pg al - bl rw
F...859322,rw ye - ye al
F...859315,bl al - re bl
F...859327,al gr - re ye
F...829259,re ye - bl al
F...829398,al rw - rw rw
F...827490,wh bl - ye al
F...836800,bw gr - al pg
F...837150,al bl - bl ye
F...836150,bl rw - al pg
F...973984,re al - wh re
F...973714,ye bw - al pg
F...973802,re gr - al pg
F...974151,al re - re wh
F...974154,al bl - or or
F...974169,bl al - bl re
F...972877,ye al - ye wh
F...973142,al bw - bw re
F...984659,re re - re al
F...984785,al bw - bw re
F...984702,re re - rw al
F...984742,al bl - wh re
F...984738,al bl - re wh
F...984577,ye re - gr al
F...999161,pg al - ye bw
F...999099,wh ye - wh al
F...999173,pg al - re pg
F...999265,wh or - bw al
F...999276,al gr - bw or
F...999226,al pg - re pg
F...999263,re gr - pg al
F...999260,re ye - pg al
F...999200,al bl - bl or
F...999176,re pg - pg al
F...999053,rw wh - al pg
F...974712,ye wh - al bl
F...974634,al re - re re
F...974604,gr al - rw re
F...984250,al - wh
F...984349,gr al - wh wh
F...984348,gr al - bl bl
F...984347,re al - bl bl
F...984346,wh al - bl bl
F...984345,wh al - gr gr
F...984343,gr gr - bl al
F...984342,ye ye - ye al
F...984341,bl bl - ye al
F...984350,or al - bl wh
F...974998,bl re - wh al
F...859700,ye al - pg pg
F...972059,gr re - al wh
F...972062,rw wh - pg al
F...972564,or or - bl al
F...972361,ye re - al re
F...972358,bw ye - al bw
F...999585,bl ye - wh al
F...999593,al re - ye wh
F...999598,ye bw - al wh
F...999572,gr bw - pg al
F...999603,re al - bl gr
F...999582,bl ye - al or
F...999618,bw bw - al or
F...999632,al bl - bl bw
F...999604,gr ye - pg al
F...999612,al pi - rw re
F...999614,al pg - gr gr
F...999609,bw bw - wh al
F...999568,al bw - wh re
F...999500,al gr - or bw
F...999489,al wh - ye or
F...999492,gr or - pg al
F...999494,or or - ye al
F...999495,bl rw - bw al
F...999525,al ye - rw wh
F...999526,bl bw - wh al
F...999528,bl ye - or al
F...999522,or or - bl al
F...999756,pg al - wh wh
F...999656,rw ye - al pi
F...999659,gr gr - pg al
F...999333,wh ye - al pg
F...999413,re gr - yb al
F...999478,bw bw - pg al
F...999448,al bl - bl ye
F...999361,wh rw - wh al
F...999370,al bw - bl rw
F...999395,rw rw - al bw
F...999397,rw rw - al pg
F...999377,al bw - pg bw
F...999393,al bw - rw wh
F...999903,al rw - rw or
F...999912,al rw - or re
F...999904,pg al - wh ye
F...999906,bl bl - rw al
F...999927,al pi - wh bl
F...999827,bl bw - or al
F...999883,al gr - ye bw
F...999867,gr pg - pg al
AE...85547,re yb - bl al
AE...85535,bw ye - al or
AE...85572,al or - wh re
AE...85567,or ye - rw al
AE...85499,or re - rw al
AE...85497,or re - or al
AE...85493,bl rw - gr al
AE...85489,yb al - ye wh
AE...85487,al or - bw or
AE...85480,bl bl - al gr
AE...85514,gw bl - al pi
AE...85526,bw al - ye or
AE...85524,gw yb - al or
AE...85523,or ye - or al
AE...85522,gw pg - al pi
AE...85520,al or - gw re
AE...85519,gw or - al pi
AE...85518,gw ye - al pi
AE...85517,gw gr - al pi
AE...85515,gw bw - al pi
AE...85513,al pi - gw bl
AE...85512,al pi - gw ye
AE...85509,al or - wh rw
AE...85505,re bw - al gr
AE...85516,al pi - gw bw
AE...85644,al wh - rw ye
AE...85640,al or - rw re
AE...85648,al ye - re bw
AE...85670,al bl - bl re
AE...85664,al rw - bw or
AE...85663,gr ye - yb al
AE...85661,gr ye - bl al
AE...85647,bl rw - rw al
AE...85656,al re - ye rw
AE...85649,or ye - al or
AE...85590,al wh - rw bw
AE...85589,or or - al rw
AE...85586,al wh - re or
AG...56166,al pg - re pg
AG...56162,bw bl - re al
AE...85598,yb al - gr ye
AE...85340,or al - bl bl
AE...85347,wh re - al gr
AE...85356,ye al - bl bl
AE...85365,bl bl - yb al
AE...85300,wh re - al ye
AE...85296,re al - wh re
AE...85290,gw yb - al ye
AE...85289,gw wh - al ye
AE...85288,gw rw - al ye
AE...85287,gw re - al ye
AE...85286,gw pi - al ye
AE...85285,al ye - gw yb
AE...85284,gw pg - al ye
AE...85283,gw or - al ye
AE...85308,al or - or bl
AE...85313,or rw - ye al
AE...85442,gw pg - al or
AE...85443,al or - gw pg
AE...85441,gw wh - al or
AE...85440,al or - gw or
AE...85439,gw re - al or
AE...85438,gw pi - al or
AE...85437,gw or - al or
AE...85436,al gr - gw or
AE...85435,gw gr - al gr
AE...85434,al gr - gw gr
AE...85433,gw ye - al gr
AE...85432,al gr - gw ye
AE...85444,gw rw - al or
AE...85429,gw bl - al gr
AE...85404,re al - re re
AE...85403,bl bl - bl al
AE...85401,bl bl - al re
AE...85431,gw bw - al gr
AE...85395,al or - bl re
AE...85428,al gr - gw bl
AE...85425,bw or - al re
AE...85424,bl al - bw or
AE...85423,bw al - ye bw
AE...85422,bl al - bl rw
AE...85430,al gr - gw bw
AE...85419,bl al - bw rw
AE...85927,bl bl - ye al
AE...85959,gw gw - al re
AE...85958,gw or - al re
AE...85957,gw ye - al re
AE...85956,gw pg - al re
AE...85955,al re - gw pg
AE...85953,al re - gw re
AE...85937,re al - wh bl
AE...85951,al re - gw rw
AE...85952,gw pi - al re
AE...85915,ye gr - ye al
AE...85875,or wh - re al
AE...85874,al re - rw or
AE...85906,al bl - or wh
AE...85896,bw al - ye rw
AE...97026,pi - al
AE...97019,al - or wh
AE...97014,al pb - wb bl
AE...97055,or or - bl al
AE...97054,al gr - wh ye
AE...97053,or re - wh al
AE...97052,ye re - al ye
AE...97051,wh re - al rw
AE...97043,bw - al
AE...85974,gw or - al rw
AE...85984,al rw - gw rw
AE...85983,al rw - gw re
AE...85982,gw re - al rw
AE...85981,al rw - gw pg
AE...85980,gw rw - al rw
AE...85979,al rw - gw pi
AE...85978,gw pi - al rw
AE...85977,al rw - gw ye
AE...85975,al rw - gw gw
AE...85988,gw bl - al wh
AE...85973,al rw - gw or
AE...85972,gw bw - al rw
AE...85971,al rw - gw bw
AE...85970,gw bl - al rw
AE...85969,al rw - gw bl
AE...85968,gw gr - al rw
AE...85966,gw ye - al rw
AE...85964,or wh - rw al
AE...85976,gw pg - al rw
AE...85998,gw wh - al rw
AE...97006,rw bl - bw al
AE...97005,re rw - bl al
AE...97004,al bw - re rw
AE...97003,wh ye - al or
AE...97002,or re - bw al
AE...97001,al bl - bw bl
AE...85986,al wh - gw ye
AE...85999,gw gr - al wh
AE...85996,gw rw - al re
AE...85995,al rw - gw wh
AE...85994,gw yb - al rw
AE...85993,al rw - gw yb
AE...85992,al wh - gw bw
AE...85991,al wh - gw bl
AE...85990,gw bw - al wh
AE...85989,gw ye - al wh
AE...86000,gw or - al wh
AE...85742,al re - gw ye
AE...85741,al re - gw bw
AE...85740,al re - gw bl
AE...85744,gw bl - al re
AE...85745,al re - gw or
AE...85725,gw yb - al gr
AE...85724,al or - gw rw
AE...85723,gw wh - al gr
AE...85722,al pi - gw yb
AE...85761,or re - al ye
AE...85760,al re - bw or
AE...85743,al re - gw gr
AE...85719,al pi - gw wh
AE...85755,or rw - al re
AE...85750,al re - gw pi
AE...85748,gw re - al re
AE...85747,al re - gw wh
AE...85746,gw bw - al re
AE...85693,or wh - bl al
AE...85692,al bl - yb gr
AE...85691,or rw - bl al
AE...85721,gw yb - al pi
AE...85676,al wh - or re
AE...85675,bl ye - al bl
AE...85685,or re - al or
AE...85707,gw rw - al pi
AE...85769,bl bl - gr al
AE...85718,al or - gw wh
AE...85713,wh re - al yb
AE...85710,al pi - gw pg
AE...85706,al pi - gw rw
AE...85705,gw re - al pi
AE...85704,al pi - gw re
AE...85703,al pi - gw or
AE...85702,al pi - gw pi
AE...85698,al or - wh ye
AE...85720,gw wh - al pi
AE...85709,gw pi - al pi
AE...85833,bw re - al or
AE...85830,al re - wh bw
AE...85862,bl al - bl or
AE...85855,rw bw - re al
AE...85778,al gr - bl re
AE...85771,bl rw - or al
AE...85770,al re - bl rw
AE...85808,al pi - gw gr
AE...85793,wh re - ye al
AE...85795,or re - al wh
AE...27754,wh ye - pb al
AE...27775,al rw - bw pb
AE...27774,bl pb - al rw
AE...27773,gr al - bl bl
AE...27772,bl pb - al wh
AE...27771,bw bl - al rw
AE...27770,bw al - wh rw
AE...27769,al ye - pb bl
AE...27768,bw al - rw bl
AE...27777,bw al - pb pb
AE...27778,or bw - rw al
AE...27764,or al - re pb
AE...27763,bw pb - gr al
AE...27762,pb rw - al re
AE...27761,pb or - bw al
AE...27760,pb rw - al ye
AE...27759,pb re - al rw
AE...27758,al wh - rw pb
AE...27757,al wh - bw pb
AE...27756,al gr - pb bl
AE...27767,bw al - wh re
AE...27799,pb al - bw re
AE...27798,re wh - ye al
AE...27797,pb al - bw or
AE...27796,al bw - bw rw
AE...27795,bw al - or bw
AE...27794,bw al - ye bw
AE...27793,al bw - bw bl
AE...27776,wh al - rw or
AE...27790,pb al - pb or
AE...27753,rw wh - or al
AE...27787,bl pb - al ye
AE...27786,pb al - bw rw
AE...27785,gr al - ye wh
AE...27784,al or - or rw
AE...27783,bw al - re ye
AE...27782,rw re - al or
AE...27781,al bw - rw rw
AE...27780,pb or - wh al
AE...27779,al pb - or re
AE...27791,ye bl - al rw
AE...27755,gr al - or bw
AE...27723,al bl - rw or
AE...27722,ye bl - al re
AE...27721,or al - wh rw
AE...27896,bl rw - wh al
AE...27884,al re - rw bw
AE...27835,ye ye - pb al
AE...27571,bl al - bl rw
AE...27568,al re - bw bw
AE...27529,pb ye - bl al
AE...27525,al bl - re rw
AE...27524,wh al - ye ye
AE...27519,bw wh - bw al
AE...27517,wh pb - bw al
AE...27516,re or - gr al
AE...27559,ye re - al bw
AE...27549,rw ye - pb al
AE...27543,al pb - ye or
AE...27540,al bw - ye rw
AE...27561,ye or - or al
AE...27550,rw ye - al ye
AE...27662,al or - or rw
AE...27700,pb re - ye al
AE...27688,rw pb - ye al
AE...27641,ye re - gr al
AE...85184,al bw - gw yb
AE...85149,yb al - gr wh
AE...85142,wh re - re al
AE...85182,gw ye - al or
AE...85181,al or - gw gr
AE...85180,gw bl - al or
AE...85179,al or - gw bl
AE...85178,gw bw - al or
AE...85177,gw gr - al or
AE...85176,al or - gw ye
AE...13850,al ye - ye bl
AE...13857,al ye - ye bl
AE...85085,bl al - rw rw
AE...85085,bl al - rw rw
AE...85084,bl al - rw wh
AE...85122,wh re - gr al
AE...85185,gw re - al gr
AE...85132,wh re - bw al
AE...85131,ye al - gr wh
AE...85120,bl bl - bw al
AE...85124,yb al - re wh
AE...85183,al or - gw bw
AE...85257,al or - ye wh
AE...97056,al pb - wh or
AE...85278,bl bl - re al
AE...97059,al bw - or pb
AE...85276,re al - gr wh
AE...85255,al pg - rw ye
AE...85260,or re - al bw
AE...85258,al bl - or pg
AE...85203,bw rw - al ye
AE...85201,bl gr - re al
AE....8521,gr al - gr gr
AE...85192,al gr - gw rw
AE...85191,al gr - gw wh
AE...85190,al bw - gw wh
AE...85189,gw rw - al gr
AE...85188,al gr - gw yb
AE...85187,gw pi - al gr
AE...85186,al bl - gw gr
AE...85230,al or - re bl
AE...85229,bl bw - al wh
AE...85066,gr al - bw re
AE...48034,bw rw - al bw
AE...85006,bl al - rw re
AE...85022,re bl - al yb
AF...06250,al - wh
AF...06373,wb bw - pg al
AF...06363,re al - tr
AF...06312,bw wb - al rw
AG...56100,or wh - rw al
AG...56073,bw bl - al or
AE...13598,wr - al
AG...56030,re al - bl bw
AF...06452,al pb - wb bl
AF...06408,yb e  - bw al
AF...06428,al - or wh
AF...06506,pg wb - wh al
AE...97311,or pb - al re
AE...97323,re bw - al pg
AE...97312,pb bl - al bw
AE...97309,re or - re al
AE...97307,re bw - pb al
AE...97301,re rw - al ye
AE...97313,rw rw - rw al
AE...97345,al bl - pb or
AE...97344,wh pb - wh al
AE...97342,pb al - bw pb
AE...97339,rw al - or pb
AE...97333,bl rw - rw al
AE...97331,al gr - or or
AE...97325,or or - pb al
AE...97257,rw ye - or al
AE...97253,re ye - al rw
AE...97293,ye pb - al re
AE...97274,pb pb - al wh
AE...97280,al bl - ye pg
AE...97400,al re - wh bl
AE...97412,al or - rw or
AE...97442,al bw - rw or
AE...97397,ye al - ye re
AE...97432,pb pb - or al
AE...97361,rw al - bl re
AE...97368,or al - bw re
AE...97367,or al - or re
AE...97366,wh al - rw wh
AE...97365,or al - bl wh
AE...97364,or al - bw bw
AE...97362,al gr - or ye
AE...97360,re or - al or
AE...97359,re or - al bw
AE...97358,re ye - wh al
AE...97357,al ye - or ye
AE...97356,al ye - or bl
AE...97355,al wh - or or
AE...97352,or bw - bw al
AE...97351,ye re - rw al
AE...97363,al gr - ye wh
AE...97385,pb wh - pb al
AE...97396,wh al - ye bw
AE...97395,rw al - or rw
AE...97394,al bw - or bl
AE...97393,re al - or ye
AE...97392,rw or - or al
AE...97391,rw rw - al wh
AE...97390,al ye - pb wh
AE...97389,ye or - al or
AE...97388,ye bl - al or
AE...97386,ye al - or ye
AE...97384,al or - or bw
AE...97383,ye al - wh rw
AE...97382,or wh - al wh
AE...97381,al or - bl or
AE...97380,bl bl - al rw
AE...97379,al ye - or re
AE...97378,re al - bl bl
AE...97377,or rw - al re
AE...97376,gr al - re ye
AE...97398,al bw - pb re
AE...97387,al re - re wh
AE...97123,bw al - or pb
AE...97129,or or - al ye
AE...97118,re bl - al wh
AE...97116,al ye - re ye
AE...97112,or bw - wh al
AE...97119,al pb - wh bl
AE...97151,or al - or rw
AE...97148,ye al - pb wh
AE...97136,rw al - bw or
AE...97132,al gr - pb bw
AE...97068,ye re - al wh
AE...97079,al bl - pb ye
AE...97078,al bl - pb bl
AE...97075,al wh - or rw
AE...97074,al wh - ye rw
AE...97073,al wh - bw or
AE...97072,al wh - bl bw
AE...97071,al rw - ye re
AE...97069,bw bw - al ye
AE...97082,al bl - re pb
AE...97067,bl re - al or
AE...97067,bl re - al or
AE...97064,wh or - al wh
AE...97063,al pb - wh rw
AE...97062,al pb - wh wh
AE...97061,ye al - bl pb
AE...97060,al ye - re bw
AE...97154,al ye - or or
AE...97080,bw pb - al bw
AE...97081,bw pb - al ye
AG...56149,al bl - ye bl
AE...97214,pb al - wh pb
AE...97152,or al - or ye
AE...97224,ye pb - or al
AE...97223,ye pb - bw al
AE...97222,ye pb - bl al
AE...97221,ye pb - al rw
AE...97220,ye pb - al pb
AE...97219,al pb - bw wh
AE...97218,al pb - bw rw
AE...97217,ye pb - al ye
AE...97226,al ye - pb pb
AE...97215,rw bw - al ye
AE...97227,al ye - pb re
AE...97213,pb bw - bl al
AE...97212,pb al - wh bw
AE...97210,pb bw - al wh
AE...97209,al ye - pb wh
AE...97207,re bw - al bw
AE...97205,al bw - bl re
AE...97204,gr al - bw bw
AE...97247,ye al - rw or
AE...97225,ye pb - pb al
AE...97201,al bw - bl bw
AE...97231,or bw - bl al
AE...97231,or bw - bl al
AE...97165,wh wh - al ye
AE...97168,al re - wh wh
AE...97203,al wh - pb ye
AE...97166,al ye - wh wh
AE...97157,al ye - or rw
AE...97156,or bl - ye al
AE...97155,pb rw - al bw
AE...97202,or re - gr al
AE...97815,al re - or ye
AE...97763,rw or - wh al
AE...97445,al re - ye bl
AE...97788,bw wh - al wh
AE...97771,bw bl - al ye
AE...13655,al pb - ye pb
AE...97861,re or - al rw
AE...97860,or bw - al rw
AE...97950,rw wh - wh al
AE...97948,bl al - pb rw
AE...97947,bw bl - gr al
AE...97497,re al - ye ye
AE...97599,or al - bl ye
AE...13745,wh re - al wh
AE...13748,ye ye - re al
AE...97494,bw wh - al or
AG...56116,rw bl - gr al
AG...56117,al re - ye re
AE...97467,al bw - ye pb
AE...97465,ye ye - wh al
AE...97462,re bl - bw al
AE...97459,al re - pb rw
AE...97453,al bw - bw ye
AE...97493,ye al - pb or
AE...97492,or wh - ye al
AE...97491,gr al - ye re
AE...97478,ye al - bl rw
AE...97478,ye al - bl rw
AE...97473,ye al - or pb
AE...97629,al re - bl bl
AE...13744,gr bl - ye al
AE...97648,al gr - re pi
AE...97647,al gr - re bl
AE...17434,al bl - bw rw
AE...17478,wh re - al or
AE...17500,wh re - bl al
AE...17255,al ye - bw ye
AE...17924,al bw - wh re
AE...17934,wh al - bl ye
AE...17869,al bw - bw bw
AE...17896,al bl - bl or
AE...17890,al bw - ye ye
AE...17632,wh or - bw al
AE...17629,wh ye - al ye
AE...17590,wh or - al ye
AE...17738,gr gr - al ye
AE...17666,al bw - bw or
AE...16694,al wh - re ye
AE...13915,tr - al pb
AE...13913,pg al - wb re
AE...17131,al bl - or wh
AE...17128,al bl - bw or
AE...18932,al bw - bl bl
AE...27117,al bl - ye bw
AE...18938,bw bw - al ye
AE...18948,al pg - bl pg
AE...27088,pb bl - al re
AE...27084,or or - al rw
AE...27114,wh pb - bl al
AE...27108,re wh - pb al
AE...27107,ye al - pb bl
AE...27043,gr al - bw re
AE...27041,or or - re al
AE...27039,rw rw - al or
AE...27046,al or - or bl
AE...27027,al gr - pb ye
AE...27023,pb or - al bw
AE...27067,bw al - bl wh
AE...27063,gr al - re bl
AE...27060,ye al - re ye
AE...27050,pb wh - al gr
AE...27049,ye pb - gr al
AE...18797,al bl - pg wh
AE...18788,al bl - bw bw
AE...18781,re al - or bl
AE...18780,al bw - pg or
AE...18824,re wh - al ye
AE...18823,wh or - al wh
AE...18777,re al - ye pg
AE...18769,al rw - pb wh
AE...18753,al bl - bw bw
AE...18764,al bl - pg wh
AE...18759,al bl - bw wh
AE...18756,al bw - wh bw
AE...18778,al bl - bw bw
AE...18901,ye pg - al pg
AG...56239,bw ye - ye al
AE...18911,wh or - al wh
AE...18904,al bw - bl bl
AE...18902,al gr - bl bw
AE...27408,al or - re re
AE...27382,bw wb - al rw
AE...27380,tr - pm al
AE...27377,bl al - bl bl
AE...27376,wh al - bl ye
AE...27375,al gr - or wh
AE...27373,bw wh - pb al
AE...27371,gr al - bw bl
AE...27370,bl rw - al rw
AE...27369,re rw - bw al
AE...27368,rw bl - al rw
AE...27367,al pb - bw ye
AE...27366,rw bl - al ye
AE...27365,re al - or ye
AE...27364,wh re - gr al
AE...27363,rw bl - ye al
AE...27362,rw bl - al re
AE...27374,re wh - al pb
AE...27406,re ye - al pb
AE...27405,al ye - rw bl
AE...27404,gr al - or ye
AE...27403,ye bl - bl al
AE...27402,gr al - or or
AE...27401,or pb - al bw
AE...27383,re al - tr
AE...27361,pb wh - ye al
AE...27409,al gr - or rw
AE...27358,bw pb - re al
AE...27356,bl bw - or al
AE...27355,re rw - ye al
AE...27354,re wh - bw al
AE...27353,rw bl - al bw
AE...27352,or re - re al
AE...27340,al bl - gr
AE...27407,al gr - bl re
AE...27465,ye al - re ye
AE...27503,rw al - bl ye
AE...27498,al re - rw bl
AE...27488,al re - or bw
AE...27420,bw ye - rw al
AE...27421,al bw - bw wh
AE...27419,bl al - bw ye
AE...27418,or bw - pb al
AE...27416,ye ye - al pb
AE...27415,al ye - ye pb
AE...27414,re bw - re al
AE...27413,bl al - pb or
AE...27412,ye bl - ye al
AE...27411,ye or - re al
AE...27410,al gr - or bw
AE...27422,bw wh - rw al
AE...27451,pb wh - al bw
AE...27449,rw al - pb bw
AE...27448,wh al - or bw
AE...27437,al bw - rw re
AE...27436,al bw - rw pb
AE...27435,al ye - ye or
AE...27184,wh pb - gr al
AE...27181,wh pb - gr al
AE...27175,bw al - re bl
AE...27171,bw al - re or
AE...27202,al bw - or or
AE...27201,al bw - ye bw
AE...27198,bl ye - pb al
AE...27196,pb or - or al
AE...27139,al bw - bl rw
AE...27130,rw ye - al bw
AE...27122,wh wh - ye al
AE...27121,al pb - wh re
AE...27120,ye ye - gr al
AE...27161,wh ye - al wh
AE...27158,pb bw - al bw
AE...27150,ye rw - al rw
AE...27301,pi - al
AE...27223,bl rw - al re
AE...27260,al wh - re pb
AE...27259,rw al - bw bl
AE...27258,al re - rw pb
AE...27257,re al - ye rw
AE...27255,gr al - or rw
AE...27253,wh al - bl bw
AE...27251,al wh - ye re
AE...27252,bl bl - al re
AE...27252,bl bl - al re
AE...18208,bl gr - al wh
AE...18218,gr al - bl wh
AE...18217,ye wh - al re
AE...18216,bl al - ye wh
AE...18215,ye wh - or al
AE...18214,ye wh - gr al
AE...18213,al wh - wh bl
AE...18212,al wh - or bl
AE...18211,al wh - gr wh
AE...18220,wh al - bl or
AE...18209,ye wh - ye al
AE...18221,gr al - gr gr
AE...18207,al gr - ye wh
AE...18206,al gr - ye or
AE...18205,ye wh - bl al
AE...18204,bl al - gr bl
AE...18203,al bl - bl gr
AE...18202,bl al - gr gr
AE...18201,re re - al bl
AE...18210,al wh - gr re
AE...18239,bl ye - al bl
AE...18238,bw bw - wh al
AE...18237,or bl - al ye
AE...18219,wh al - bl ye
AE...18195,gr al - wh or
AE...18225,pg yb - al pg
AE...18224,wh bl - al ye
AE...18223,ye re - wh al
AE...18222,gr al - gr re
AE...18170,ye ye - al ye
AE...18167,al or - wh re
AE...18154,or wh - or al
AE...18152,or wh - al re
AE...18161,al or - wh bl
AE...18245,bw ye - al wh
AE...18188,gr al - or or
AE...18186,ye ye - al re
AE...18177,re ye - al or
AE...18305,re wh - bl al
AE...18243,or or - or al
AE...18312,al ye - wh re
AE...18310,gr al - gr ye
AE...18309,al wh - gr ye
AE...18308,re wh - gr al
AE...18306,re wh - ye al
AE...18304,re wh - al re
AE...18303,re wh - al or
AE...18302,al wh - ye wh
AE...18301,al re - ye or
AE...18300,al wh - ye re
AE...18299,re wh - al gr
AE...18298,re wh - al gr
AE...18297,or al - bl wh
AE...18296,wh wh - re al
AE...18295,re re - wh al
AE...18307,al wh - gr bl
AE...18336,al bl - wh wh
AE...18316,al ye - pg ye
AE...18292,wh gr - re al
AE...18328,pg wh - al pg
AE...18325,re al - gr pg
AE...18256,gr ye - re al
AE...18267,bl al - or ye
AE...18265,or al - ye or
AE...18264,gr gr - al bl
AE...18263,gr ye - re al
AE...18262,gr gr - al re
AE...18261,gr ye - gr al
AE...18259,ye gr - gr al
AE...18294,wh wh - or al
AE...18254,ye gr - al gr
AE...18252,gr ye - ye al
AE...18248,bw bl - wh al
AE...18280,wh gr - al ye
AE...18147,re bl - ye al
AE...18291,wh wh - gr al
AE...18290,wh wh - al wh
AE...18289,wh gr - gr al
AE...18288,wh re - al gr
AE...18287,wh re - al bl
AE...18286,wh gr - bl al
AE...18285,wh or - al ye
AE...18284,gr wh - al gr
AE...18283,gr al - wh or
AE...18281,gr al - wh bl
AE...18279,or ye - wh al
AE...18278,wh gr - al bl
AE...18277,wh ye - wh al
AE...18276,wh ye - re al
AE...18275,or bl - gr al
AE...18274,gr gr - al wh
AE...18273,wh ye - or al
AE...18272,gr gr - al re
AE...18293,wh or - al ye
AE...18282,gr al - wh gr
AE...18014,al ye - wh bl
AE...18050,al wh - wh bl
AE...18026,or wh - al or
AE...18013,bl wh - gr al
AE...18006,re al - wh ye
AE...18048,ye ye - or al
AE...18046,al wh - ye gr
AE...18044,al gr - re wh
AE...18043,bl gr - al wh
AE...18025,al re - wh gr
AE...18039,al gr - re bl
AE...18001,re al - re gr
AE...18033,wh re - or al
AE...18032,ye ye - al bl
AE...18031,bl gr - al pg
AE...18030,re al - ye bl
AE...18003,or al - wh bl
AE...17977,al - gr wh
AE...17980,al wh - re bw
AE...18049,al gr - wh ye
AE...18116,gr wh - wh al
AE...18114,gr wh - gr al
AE...18112,gr wh - ye al
AE...18107,ye re - al gr
AE...18105,gr wh - al wh
AE...18104,gr wh - al gr
AE...18102,ye ye - al wh
AE...18135,re al - bl wh
AE...18146,re bl - bl al
AE...18143,re bl - al or
AE...18140,or re - or al
AE...18138,re or - re al
AE...18131,or re - ye al
AE...18128,re al - ye or
AE...18126,or re - al wh
AE...18062,al re - wh ye
AE...18068,ye al - re or
AE...18067,bl bw - gr al
AE...18063,ye al - re bl
AE...18061,ye al - or wh
AE...18060,ye al - or re
AE...18059,al re - gr ye
AE...18058,al or - ye bl
AE...18054,al re - ye wh
AE...18053,al gr - wh or
AE...18052,al gr - wh gr
AE...18342,ye yb - al pg
AE...18081,re al - gr bl
AE...18079,ye al - gr wh
AE...18401,bl or - al re
AE...18353,al wh - or or
AE...18364,gr al - bl gr
AE...18363,al wh - wh gr
AE...18362,al wh - wh ye
AE...18361,ye wh - al gr
AE...18360,al wh - re or
AE...18359,al wh - re gr
AE...18358,ye wh - al ye
AE...18357,al wh - re bl
AE...18356,al wh - or wh
AE...18354,al wh - or re
AE...18367,gr al - bl or
AE...18352,wh bl - or al
AE...18351,al wh - or ye
AE...18349,al re - gr gr
AE...18345,or bl - wh al
AE...18344,wh bl - al bw
AE...18355,bl al - bl gr
AE...18377,wh al - ye or
AE...18384,al wh - bl bl
AE...18383,gr al - gr bl
AE...18382,gr al - ye wh
AE...18381,wh al - or ye
AE...18380,wh al - or bl
AE...18378,wh al - ye re
AE...18366,al wh - wh or
AE...18376,gr al - ye or
AE...18375,wh al - ye ye
AE...18374,ye wh - re al
AE...18373,wh al - ye bl
AE...18372,ye wh - al re
AE...18371,wh al - bl wh
AE...18370,ye wh - al gr
AE...18369,gr al - bl re
AE...18368,al wh - wh re
AE...18379,gr al - ye re
AE...18457,al bl - bl ye
AE...18451,al bl - wh or
AE...18480,al wh - pb wh
AE...18475,al bl - bl bw
AE...18473,al bl - pg pg
AG...24001,re al - or or
AG...24010,re al - re or
AG...24009,re al - or wh
AG...24008,or ye - al ye
AG...24007,or or - re al
AG...24006,al or - ye or
AG...24005,bw or - wh al
AG...24004,re al - or rw
AG...24002,bw or - re al
AF...97742,al bw - gr ye
AF...76994,al bl - bl re
AF...76978,al bl - gr pg
AG...24003,re al - or re
AG...24034,re re - bw al
AG...24032,bl bl - al ye
AG...24030,al rw - gr bl
AF...76561,wh al - bl or
AG...24021,al or - rw rw
AG...24020,re al - rw bw
AG...24019,or re - bl al
AG...24018,al or - or bw
AG...24017,or re - al rw
AG...24016,bl gr - al ye
AF...76871,al bw - pg re
AF...76556,al bl - yb ye
AF...76436,al bw - re ye
AF...76388,al bl - bw re
AF...76356,al bl - or bl
AF...76163,wh bl - al bl
AF...75702,al pg - ye re
AF...75554,bl bl - al wh
AF...76723,al bw - re pg
AG...24371,rw bl - rw al
AG...24318,re re - yb al
AG...24248,bw re - al bw
AG...24338,re re - ye al
AG...24354,rw bl - al bl
AG...24343,al bw - gr wh
AG...24258,ye bl - al ye
AG...24255,pg al - ye bl
AG...24292,bw al - rw or
AG...24291,rw bl - re al
AG...24290,bw al - rw ye
AG...24289,rw bl - or al
AG...24288,bw al - rw bl
AG...24278,al or - or ye
AG...24287,re al - rw or
AE...13486,ye wh - al bl
AG...24477,re bl - al bw
AG...24470,rw bw - al ye
AG...24453,bw al - bl ye
AG...24464,yb al - bl re
AG...24459,bw or - pg al
AG...24390,al bl - gr gr
AG...24384,re bl - al ye
AG...24381,al bl - gr ye
AG...24380,ye bl - ye al
AG...24247,al re - gr wh
AG...24420,bw al - yb gr
AG...24419,gr al - re yb
AG...24415,rw bl - wh al
AG...24414,re re - al or
AG...24406,bw bw - re al
AG...24401,al or - or re
AG...24114,bw gr - pb al
AG...24113,pb al - bw bl
AG...24112,bw bl - pb al
AG...24111,pb al - bw ye
AG...24108,bl bl - al bw
AG...24116,bw ye - pb al
AG...24117,pb al - bl bw
AG...24128,al pb - bl wh
AG...24139,bw rw - pg al
AG...24136,gr al - bl wh
AG...24132,al pb - bl yb
AG...24131,bw bl - al pb
AG...24115,pb al - bw gr
AG...24129,bl wh - al pb
AG...24089,pi re - al pb
AG...24127,bl yb - al pb
AG...24126,al pb - bw bl
AG...24125,bl gr - pb al
AG...24124,pb al - bl gr
AG...24123,pb al - bl pi
AG...24122,pb al - bl ye
AG...24121,bl bw - pb al
AG...24120,pb al - bl re
AG...24119,bl ye - pb al
AG...24051,al pb - re ye
AG...24063,bl pi - al pb
AG...24062,al re - or wh
AG...24061,bl ye - al pb
AG...24059,bl bw - al pb
AG...24057,al pb - bl gr
AG...24056,al pb - bl ye
AG...24055,al pb - bl bw
AG...24054,re ye - al pb
AG...24091,pi gr - al pb
AG...24052,al pb - re bw
AG...24066,al pb - bl re
AG...24053,re bw - al pb
AG...24142,gr re - pb al
AG...24088,al pb - pi pi
AG...24087,pi ye - al pb
AG...24086,al pb - pi gr
AG...24085,pi pi - al pb
AG...24081,gr ye - al gr
AG...24064,al pb - bl rw
AG...24078,bw rw - re al
AG...24065,bl gr - al pb
AG...24076,pi bl - al pb
AG...24074,al pb - pi bw
AG...24073,pi bw - al pb
AG...24072,al pb - pi bl
AG...24070,al pb - pi ye
AG...24069,bl re - al pb
AG...24068,al pb - bl pi
AG...24067,bl rw - al pb
AG...24140,re bl - al ye
AE...13518,pg re - al re
AE...13519,pi - al
AG...24218,al or - rw wh
AG...24200,re bl - or al
AG...24241,bw bl - bl al
AG...24239,bw bw - ye al
AG...24235,al bw - bl ye
AG...24232,al bw - bl re
AG...24231,ye al - re re
AG...24225,al bl - bl pg
AG...24236,re al - rw ye
AG...24153,bw gr - al pb
AG...24159,bl ye - ye al
AG...24157,bw rw - al pb
AG...24156,al pb - bw gr
AG...24154,al pb - bw pi
AG...24152,al pb - bw re
AG...24151,bw pi - al pb
AG...24150,al wh - bl bl
AG...24149,pb al - gr rw
AG...24148,gr rw - pb al
AG...24147,pb al - gr wh
AG...24146,gr pi - pb al
AG...24145,pb al - gr re
AG...24144,gr gr - pb al
AG...24143,pb al - gr yb
AG...24155,bw re - al pb
AG...24179,al pb - pi wh
AG...24185,pi rw - al pb
AG...24184,al pb - pi yb
AG...24183,pi yb - al pb
AG...24182,al pb - pi rw
AG...24180,pi wh - al pb
AG...24178,re bl - al pb
AG...24176,bl pi - pb al
AG...24175,al pb - re bl
AG...24174,pb al - bl wh
AG...24173,bl re - pb al
AG...24172,pb al - bl rw
AG...24170,pb al - bl yb
AG...24181,al pb - pi re
AF...09813,al pb - or or
AF...09825,al rw - re re
AF...09824,al rw - rw rw
AF...09822,bw bw - al bw
AF...09821,bw al - wh wh
AF...09820,wh al - pb pb
AF...09819,bw rw - al pg
AF...09817,al pg - ye ye
AF...09816,pb al - pb or
AF...09814,re re - al rw
AF...09812,re re - al rw
AF...09811,or pb - pb al
AF...09810,yb pg - bl al
AF...09809,wh pb - wh al
AF...09808,al or - pb wh
AF...09807,wh rw - al pg
AF...09806,al ye - bl ye
AF...09815,pb al - or wh
AF...09839,al pg - re bw
AF...09850,al pg - pg bw
AF...09849,rw rw - al pg
AF...09848,bl al - wh wh
AF...09847,al wh - pb pb
AF...09846,wh bw - pg al
AF...09845,wh rw - pg al
AF...09844,al gw - ye gw
AF...09843,al pg - ye ye
AF...09840,bl al - wh wh
AF...09827,al pg - re pg
AF...09838,al bl - rw pg
AF...09837,re wh - al ye
AF...09836,al rw - re wh
AF...09835,al pg - pg ye
AF...09833,wh pb - al wh
AF...09832,al pg - re rw
AF...09831,yb pg - bl al
AF...09829,al wh - pb pb
AF...09969,pg gr - al pg
AG...24481,al or - wh bl
AG...25570,re re - bl al
AG...25555,re ye - al ye
AG...25499,bw rw - rw al
AG...25593,pg pg - al bl
AG...25591,bl re - pg al
AG...25590,gr yb - al bw
AG...25589,re bw - al bw
AG...25583,wh rw - ye al
AG...25579,re wh - al gr
AG...25510,gr wh - al bw
AG...25522,gr al - bw gr
AG...25518,re bw - al bl
AG...25517,al rw - re or
AG...25516,gr wh - al pg
AG...25515,al rw - or rw
AG...25514,re bl - al rw
AG...25513,rw or - al or
AG...25511,rw ye - al re
AG...25509,gr rw - al pg
AG...25508,gr re - yb al
AG...25507,wh al - rw wh
AG...25506,gr re - ye al
AG...25505,gr re - bw al
AG...25504,wh al - bl ye
AG...25503,bw ye - rw al
AG...25502,al bl - gr ye
AG...25501,re bl - al bl
AG...25512,rw ye - ye al
AG...25545,bl re - al rw
AG...25529,pi pi - al pi
AG...25528,al re - re re
AG...25662,al pg - pg re
AG...25672,re wh - ye al
AG...25661,rw rw - al wh
AG...25660,al pg - pg ye
AG...25657,al bl - pg re
AG...25654,al pg - pg gr
AG...25652,al bl - pg or
AG...25692,al re - wh bl
AG...25691,wh ye - al bw
AG...25682,al bl - pg rw
AG...25623,pi - al
AG...25623,pi - al
AG...25622,al bl - re yb
AG...25614,al bl - pg ye
AG...25626,or al - bw re
AG...25637,wh re - yb al
AG...25498,al bw - re rw
AG...25647,ye bw - gr al
AG...25645,al bl - wh gr
AG...25643,bl re - re al
AG...25641,re re - al gr
AG...25633,wh re - al bw
AG...25629,al bl - gr gr
AG...25365,bw bw - al gr
AG...25500,rw bl - bl al
AG...25315,pg bw - al yb
AG...25471,bw bw - yb al
AG...25470,gr al - re gr
AG...25469,bw al - yb re
AG...25468,bw al - wh ye
AG...25467,al pg - yb ye
AG...25466,al pg - wh yb
AG...25465,al pg - rw gr
AG...25464,gr ye - ye al
AG...25463,al bl - or or
AG...25473,bw ye - al rw
AG...25474,gr al - wh ye
AG...25451,al re - bl bw
AG...25462,gr ye - al pg
AG...25485,bw ye - al yb
AG...25497,al bw - re gr
AG...25496,al bw - re bw
AG...25495,bw rw - ye al
AG...25494,bw ye - re al
AG...25493,al re - wh gr
AG...25492,bw ye - gr al
AG...25491,al re - wh ye
AG...25490,bw ye - ye al
AG...25489,al re - wh bl
AG...25488,al re - rw re
AG...25472,bw ye - al ye
AG...25486,gr al - yb re
AG...25484,al bw - pg wh
AG...25483,bw rw - al pg
AG...25482,al bw - pg rw
AG...25481,bw re - yb al
AG...25480,bw re - pg al
AG...25479,bw re - al pg
AG...25478,al bw - pg ye
AG...25477,bw pg - bl al
AG...25476,al bw - or wh
AG...25475,bw gr - yb al
AG...25487,bw ye - bl al
AG...25417,gr al - gr ye
AG...25405,pi yb - pb al
AG...25404,yb ye - pb al
AG...25403,pi rw - pb al
AG...25402,pb al - re bw
AG...25401,pi wh - pb al
AG...25400,bl al - or bw
AG...25435,al wh - bl gr
AG...25701,bl re - al ye
AG...25445,re gr - al re
AG...25428,yb ye - al wh
AG...25973,wh ye - rw al
AG...25971,wh ye - re al
AG...25962,ye al - re bl
AG...25959,ye bw - or al
AG...25958,al bl - wh or
AG...25957,or rw - pg al
AG...25999,gr gr - ye al
AG...25995,wh ye - al wh
AG...25993,wh gr - al bw
AG...25977,yb re - al yb
AG...25988,bw al - gr gr
AG...25920,gr al - ye rw
AG...25915,bl pg - al pg
AG...25915,bl pg - al pg
AG...25909,al pg - gr rw
AG...25906,al pg - bw wh
AG...26945,al or - bl re
AG...25951,wh ye - yb al
AG...25949,gr bl - al ye
AG...25934,pg al - bl or
AG...28348,bl or - bl al
AE...13306,re wh - or al
AE...13296,re gr - al gr
AG...25801,gr re - al bl
AG...25771,yb re - al wh
AG...25769,yb gr - al ye
AG...25766,ye al - gr yb
AG...25776,al pg - ye pg
AG...25761,re bl - re al
AG...25757,bl re - al re
AG...25765,ye bw - al re
AG...25904,pg al - bl rw
AG...25786,re ye - al gr
AG...25778,re wh - gr al
AG...25752,al bl - pg wh
AG...25727,yb re - ye al
AG...25702,yb ye - al bw
AG...25744,ye al - gr re
AG...25730,yb al - bl gr
AG...25729,yb gr - ye al
AG...25875,re re - al re
AG...25873,bw re - al ye
AG...25869,wh gr - re al
AG...25868,al gr - bw re
AG...25878,re wh - yb al
AG...25862,pg al - bl bw
AG...25861,pg bl - al pg
AG...25892,re yb - al bw
AG...25890,al bl - rw re
AG...25888,gr al - ye bl
AG...25887,bl re - al wh
AG...25885,wh rw - bw al
AG...25879,al bl - re gr
AG...25891,ye bw - wh al
AG...25818,re al - bl wh
AG...25828,or al - bw re
AG...25811,pg ye - al bw
AG...25809,yb re - gr al
AG...25804,gr al - gr bw
AG...25826,yb gr - gr al
AG...25836,gr al - ye bw
AG...25834,al wh - bl rw
AG...25832,al bl - rw ye
AG...25829,bw bl - al rw
AG...24755,al pb - gr rw
AG...24754,gr re - al pb
AG...24753,al pb - gr re
AG...24752,bw yb - al pb
AG...24751,al pb - bw yb
AG...24750,al pb - bw wh
AG...24749,al pb - bw rw
AG...24748,bw wh - al pb
AG...24757,al pb - gr wh
AG...24758,gr wh - al pb
AG...24742,ye bl - al pg
AG...24776,bl al - or or
AG...24775,al re - rw bw
AG...24756,gr rw - al pb
AG...24767,al bl - yb bw
AG...24766,pb al - pi yb
AG...24765,pb al - pi rw
AG...24764,re bl - pb al
AG...24763,pi pi - pb al
AG...24762,pb al - re bl
AG...24761,yb bl - pb al
AG...24760,pb al - pi wh
AG...24759,al re - rw bl
AG...24705,pb al - bw re
AG...24704,bl bl - pb al
AG...24703,pb al - bw pi
AG...24702,bw pi - pb al
AG...24701,yb gr - al pb
AG...24708,bw re - pb al
AG...24719,gr wh - pb al
AG...24723,pi bw - pb al
AG...24722,pb al - pi bl
AG...24706,pb al - bw rw
AG...24720,pb al - pi ye
AG...24707,pb al - bw wh
AG...24718,gr yb - pb al
AG...24717,pb al - pi bw
AG...24716,pb al - pi gr
AG...24715,bl rw - pb al
AG...24714,pi gr - pb al
AG...24713,pb al - pi pi
AG...24712,pb al - pi re
AG...24711,pi ye - pb al
AG...24710,pb al - bw yb
AG...24709,bw rw - pb al
AG...24721,pi bl - pb al
AG...24846,bl re - al bl
AG...24878,wh re - al wh
AG...24868,al gr - re re
AG...24806,ye al - gr gr
AG...24802,al pg - ye bw
AG...24802,al pg - ye bw
AG...24791,bl al - ye or
AG...24808,gr pg - pg al
AG...24817,al ye - wh bw
AG...24552,bw bw - bw al
AG...24548,al bl - or ye
AG...24563,gr ye - al wh
AE...13443,ye al - rw rw
AE...13472,or or - rw al
AE...13470,or or - rw al
AG...24483,al bl - ye gr
AF...09826,al pg - re bw
AG...24519,re ye - bw al
AG...24650,al bl - bl wh
AG...24648,al bl - re re
AG...24676,al ye - re wh
AE...13395,ye al - wh re
AG...24618,ye bl - al bl
AE...13418,ye ye - al wh
AE...13419,rw al - pb pb
AG...24621,al or - wh or
AG...25147,wh bl - al pg
AG...25186,yb al - bl re
AG...25169,bl al - ye rw
AG...25183,gr gr - al pg
AG...25178,al pg - yb bl
AG...25097,rw bw - or al
AG...25096,bl al - ye bw
AG...25140,al bl - re ye
AG...25249,gr al - bl gr
AG...25290,bl al - or bl
AG...25284,al pg - gr pg
AG...25207,al bl - pg bw
AG...25233,bl wh - pb al
AG...25240,re al - bl rw
AG...25236,gr ye - gr al
AG...25232,gr yb - al pb
AG...25231,al pb - gr yb
AG...25230,bw ye - al pb
AG...25229,al pb - bw ye
AG...24946,al pg - ye wh
AG...24947,re bl - al re
AG...24944,al pg - ye gr
AG...24979,al bw - bl bw
AG...24977,gr gr - bl al
AG...24972,al bl - wh gr
AG...24969,gr gr - bw al
AG...24965,bw ye - al re
AG...24900,al wh - bl re
AE...13355,al pg - gr bw
AG...24889,al bl - wh ye
AG...24888,al bl - re wh
AG...24929,bl re - al bw
AG...24925,al pg - bw gr
AG...24920,pg al - ye bw
AG...24911,wh ye - al gr
AG...25066,rw bw - bl al
AG...24984,gr al - re wh
AG...25088,rw bw - ye al
AG...25075,al bw - bw ye
AG...25004,al bl - gr wh
AG...25001,rw bw - al or
AG...25000,bw al - rw rw
AE...13334,or re - re al
AG...25094,al pg - gr wh
AE...13330,al re - gr bl
AG...25037,bl bw - bl al
AG...25010,bl bw - al yb
AG...25021,rw bw - al wh
AG...25020,rw bw - al re
AF...07851,al or - rw bl
AF...07850,bl wh - wh al
AF...07865,re or - ye al
AF...07869,re or - bl al
AF...07980,al or - re ye
AF...07979,bl al - re re
AF...07976,wh al - ye ye
AF...07906,re bl - or al
AF...07915,re ye - al or
AF...07669,bl ye - al pi
AF...07695,rw rw - or al
AF...07623,wh re - al or
AF...07628,re bl - bl al
AF...07616,al or - re bl
AF...07794,al bw - tr bl
AF...07793,re bl - al ye
AF...07784,ye ye - bl al
AF...07783,al bl - ye pb
AF...07780,wh or - re al
AF...07719,al ye - or or
AF...07748,al or - re re
AF...07747,re or - al re
AF...07745,re or - al ye
AF...08241,al ye - or wh
AF...08211,re wh - rw al
AF...08203,rw re - al re
AF...08284,or pb - wh al
AF...08046,al pg - re re
AF...08051,al wh - bl or
AF...08030,ye bl - ye al
AF...08040,bw al - bl bl
AF...08072,ye pg - al bw
AF...08049,pg wh - al pg
AF...08063,al rw - ye bl
AF...08000,re wh - al re
AF...07999,bl al - ye re
AF...07998,ye ye - al wh
AF...07997,bl al - wh bl
AF...07996,bl bl - bl al
AF...07995,al re - re re
AF...07993,wh al - ye bl
AF...07984,wh or - ye al
AF...07611,re gr - re al
AF...08007,or al - or bw
AF...08139,al bl - bl wh
AF...08138,al bw - wh re
AF...08125,bl al - ye or
AF...08124,ye or - re al
AF...08146,al bw - bl pg
AF...08088,al bl - gr re
AF...08083,rw wh - al ye
AF...08080,al pb - pb bl
AF...07100,wh or - or al
AF...07235,re re - al wh
AF...07234,al or - re or
AF...07166,re wh - wh al
AF...07174,al gr - ye wh
AF...07187,re or - or al
AF...07172,ye al - ye ye
AF...07173,re bl - al re
AF...07182,re bl - al wh
AF...07181,re bl - ye al
AF...07179,re pi - gr al
AF...07178,ye re - re al
AF...07175,al re - or bl
AF...07186,rw rw - al gr
AF...06909,al pb - tr
AF...06903,pb - al
AF...07484,rw rw - al gr
AF...07485,re re - al bw
AF...07451,al re - or re
AF...07472,wh or - gr al
AF...07456,al wh - ye wh
AF...07455,al wh - ye ye
AF...07454,wh or - wh al
AF...07453,al wh - ye bl
AF...07452,wh wh - al ye
AF...07603,or rw - al ye
AF...07599,re ye - or al
AF...07597,al or - re pb
AF...07596,al bl - bw or
AF...07520,ye ye - ye al
AF...07550,wh or - al or
AF...07549,wh or - al ye
AF...07548,wh al - bl re
AF...07546,wh ye - or al
AF...07304,gr gr - al bw
AF...07300,wh or - ye al
AF...07298,wh or - al or
AF...07296,wh or - al re
AF...07330,bl bl - gr al
AF...07316,al re - or pb
AF...07313,al or - re bw
AF...07284,al bl - ye bl
AF...07275,re re - bl al
AF...07273,bl al - ye ye
AF...07370,al bl - ye bw
AF...07368,bl bl - ye al
AF...07365,ye al - ye re
AF...07364,bw al - tr
AF...09253,gr pg - al pg
AF...09234,al pg - bl gr
AF...09276,al bw - gr gr
AF...09273,bw bl - wh al
AF...09272,al bw - gr ye
AF...09271,bw bw - al ye
AF...09269,bw bw - al gr
AF...09266,bw bw - wh al
AF...09257,re re - al wh
AF...09190,al gr - gr gr
AF...09189,gw ye - al wh
AF...09221,al re - re re
AF...09214,pg al - bl ye
AF...09209,al gw - ye wh
AF...09202,al bw - re bw
AF...09344,wh or - al re
AF...09278,al gr - bl gr
AF...09354,al bl - bl gr
AF...09353,al bl - bl re
AF...09350,wh pb - al pb
AF...09348,or or - al wh
AF...09357,al rw - rw rw
AF...09358,wh rw - pg al
AF...09343,al bw - pg bl
AF...09333,al bl - bw wh
AF...09380,pg pg - bl al
AF...09379,al bl - wh wh
AF...09376,al bw - bw pg
AF...09375,bw bl - al bw
AF...09374,wh al - bl re
AF...09330,bl gr - re al
AF...09368,ye pg - al bw
AF...09367,al bw - bl pg
AF...09362,al ye - re wh
AF...09360,al or - pb or
AF...09359,pg gr - al pg
AF...09291,or or - or al
AF...09300,al re - gr re
AF...09299,al gr - gr ye
AF...09292,al bw - pg wh
AF...09306,al bl - bl bl
AF...09289,bw bw - gr al
AF...09288,al gr - gr bl
AF...09282,al bl - bw bl
AF...09279,or or - al or
AF...09329,ye or - al ye
AF...09328,al pg - rw bl
AF...09327,bw pg - bl al
AF...09325,al bw - gr wh
AF...09321,or ye - or al
AF...09304,al bw - re gr
AF...09318,al bl - bl bw
AF...09305,al ye - wh wh
AF...09315,bw re - al pg
AF...09309,bl re - al ye
AF...09307,al bl - bl wh
AF...09331,re al - ye pg
AF...09319,al bl - wh bl
AF...09028,al or - pb or
AF...09004,wh pb - al pb
AF...09071,al bw - pg ye
AF...09069,bw al - ye gr
AF...09140,pg al - bl ye
AF...09132,bw pg - bl al
AF...09131,al bw - pg wh
AF...09124,ye pg - al pg
AF...09158,or or - al wh
AF...09150,ye bl - al bl
AF...09163,al gw - gw gw
AF...09092,gw al - ye gw
AF...09091,al pg - re re
AF...09089,gr gr - al pg
AF...09088,pb al - pb pb
AF...09080,al gw - wh ye
AF...09084,bw bw - gr al
AF...09114,gw al - ye ye
AF...09095,wh bw - bw al
AF...09096,bw bw - al gr
AF...09101,al or - wh wh
AF...09657,re or - wh al
AF...09671,pg yb - al pg
AF...09649,pb - al
AF...09649,pb - al
AF...09680,or or - pb al
AF...09677,wh bw - al wh
AF...09616,bl ye - gr al
AF...09382,wh al - bl re
AF...09632,bl re - re al
AF...09450,al bw - bl bw
AF...09396,al pg - bl gr
AF...09407,bl ye - wh al
AF...09399,or or - pb al
AF...09393,or wh - al wh
AF...09391,wh or - al or
AF...09389,al bw - bl bw
AF...09385,al bw - bw wh
AF...09422,al bl - bl bl
AF...09426,al - gr re
AF...09426,al - gr re
AF...09423,al bw - pg or
AF...09421,bw re - al pg
AF...09420,bw bw - bl al
AF...09418,al bl - pg rw
AF...09414,gw al - ye ye
AF...09550,re bw - al pg
AF...09549,al bl - bw bl
AF...09548,al bw - bw pg
AF...09512,or ye - al re
AF...09511,pb al - pb or
AF...09509,ye bl - al bl
AF...09506,al ye - wh wh
AF...09505,gr pg - al pg
AF...09503,or wh - al wh
AF...09501,or bl - bw al
AF...09502,gr yb - al pg
AF...09531,al bw - pg bl
AF...09530,pg wh - al re
AF...09529,bw bw - bw al
AF...09540,yb wh - al pg
AF...08554,ye re - al re
AF...08719,al - pa
AF...08719,re wh - ye al
AF...08441,re bl - al re
AF...08519,pb ye - bw al
AF...08866,bl al - re bw
AF...08859,bw al - or bw
AF...08859,al - pb
AF...08859,al - pb
AF...08888,or al - bw wh
AF...08887,pi - al
AF...08887,pi - al
AF...08847,gr al - ye gr
AF...08759,or al - wh or
AG...64561,wh bl - al or
AG...64560,wh bl - gr al
AG...64563,wh bl - al ye
AG...64503,wh bw - rw al
AG...64503,wh bw - rw al
AG...64511,bw - al
AG...64502,al bl - bw ye
AG...64568,wh bl - ye al
AG...64504,wh ye - al bw
AG...64552,wh rw - gr al
AG...64519,wh ye - al or
AG...64550,wh rw - al bw
AG...64516,al bw - bl or
AG...64517,al bw - bl rw
AG...64518,al ye - ye wh
AG...64451,wh ye - al rw
AG...64450,bw wb - bl al
AG...64829,wh ye - gr al
AG...64838,wh ye - wh al
AG...64841,wh or - ye al
AG...64839,wh al - bl bw
AG...64828,wh ye - bl al
AG...64837,wh re - al bw
AG...64836,al bl - ye or
AG...64835,al bw - ye bw
AG...64834,al bw - ye bl
AG...64833,wh ye - bw al
AG...64832,wh ye - re al
AG...64831,wh or - bl al
AG...64830,al bw - bw rw
AG...64840,wh al - bw bw
AG...64790,wh ye - al wh
AG...64900,wh al - or or
AG...64899,al ye - or wh
AG...64898,wh al - bw ye
AG...64897,wh al - bw wh
AG...64927,wh al - bw re
AG...64918,wh al - ye bw
AG...64917,wh al - or or
AG...64867,wh re - bw al
AG...64860,wh or - al wh
AG...64872,wh or - gr al
AG...64851,wh al - ye ye
AG...64861,wh al - ye or
AG...64890,al ye - bl bw
AG...64889,wh al - or ye
AG...64888,wh re - ye al
AG...64871,wh al - ye rw
AG...64875,wh re - al wh
AG...64873,wh al - ye wh
AG...64653,al bw - ye rw
AG...64642,wh ye - al re
AG...64603,wh rw - bw al
AG...64620,wh rw - al ye
AG...64739,wh re - gr al
AG...64732,wh rw - bl al
AG...64591,al bw - ye or
AG...64758,al bw - re wh
AG...64698,al ye - bw rw
AG...64679,wh al - re re
AG...63837,rw rw - bw al
AG...63852,al pb - pi pi
AG...63849,al gr - rw rw
AG...63925,bw re - al pi
AG...63924,al wh - bl wh
AG...63913,al pb - pi bl
AG...63826,al pb - bw pi
AG...63943,bw ye - al pi
AG...63938,rw rw - re al
AG...63722,al ye - rw or
AG...63537,pi - al
AG...63547,al pb - tr
AG...63805,bl wh - al pi
AG...63805,bl wh - al pi
AG...63824,bl al - re wh
AG...63824,bl al - re wh
AG...63818,al gr - or re
AG...63761,rw rw - pb al
AG...63766,ye bl - al pi
AG...64205,al bl - or or
AG...64204,pg re - al re
AG...64209,al wh - or wh
AG...64288,re bl - bw al
AG...64284,re re - al bl
AG...64253,al bl - ye bw
AG...64040,al bw - ye wh
AG...64064,wh ye - or al
AG...63998,al gr - or pb
AG...64002,wh or - re al
AH...06070,gr bw - gr al
AH...06062,bl bl - wh al
AH...06061,al or - re bl
AH...06060,al - pb
AH...06060,al - pb
AH...06060,bw al - bw bl
AH...06048,bl bl - or al
AH...06045,gr al - ye wh
AH...06044,bw bl - bw al
AH...06105,or wh - bl al
AH...06101,or bw - gr al
AH...06037,bl al - bw bw
AH...05992,re al - wh bw
AH...05992,re al - wh bw
AH...05996,or ye - bl al
AH...05996,or ye - bl al
AH...05996,or ye - bl al
AH...06036,re ye - al re
AH...06028,al gr - or or
AH...06024,re bl - ye al
AH...06021,al re - wh or
AH...06039,bl al - bw ye
AH...06020,or wh - al ye
AH...06223,bl bl - bw al
AH...06216,al or - re wh
AH...06229,pb al - wh re
AH...06250,bl al - re bw
AH...06249,bl al - re bl
AH...06248,bl al - or wh
AH...06247,bl bl - al ye
AH...06245,gr bl - gr al
AH...06244,or bw - wh al
AH...06244,or bw - wh al
AH...06243,bw wh - wh al
AH...06240,bl al - bw or
AH...06236,gr bl - re al
AH...06236,gr bl - re al
AH...06236,gr bl - re al
AH...06235,bl bw - ye al
AH...06142,bl bl - gr al
AH...06138,bw al - re or
AH...06138,al - pb
AH...06138,al - pb
AH...06138,al - pb
AH...06137,re bl - al pg
AH...06135,gr bl - ye al
AH...06129,al re - ye ye
AH...06170,gr al - wh re
AH...06158,or bw - re al
AH...06152,pg re - al pg
AH...05781,or al - bw or
AG...64982,al ye - bw bl
AH...05818,gr gr - gr al
AH...05816,or al - bw re
AH...05815,bw al - ye bw
AH...05813,bw al - bw re
AH...05800,re ye - wh al
AH...05931,re gr - bl al
AH...05931,re gr - bl al
AH...05930,bw al - re bw
AH...05929,pb - al
AH...05875,or al - bl bw
AH...05905,bw wh - bl al
AH...05905,al pg - wb ye
AH...05899,pi - al
AH...05899,re or - re al
AH...06478,re wh - al ye
AH...06637,re ye - ye al
AH...06648,or al - bl bl
AH...06647,gr al - ye re
AH...06646,gr al - re gr
AH...06645,bl al - re re
AH...06644,gr wh - gr al
AH...06643,re al - wh ye
AH...06642,bw al - re bl
AH...06641,bw or - ye al
AH...06638,al or - re re
AH...06639,or wh - or al
AH...06668,al re - wh bl
AH...06649,bl al - re or
AH...06330,bl al - bw gr
AH...06341,bl al - gr gr
AH...06340,bl al - bw or
AH...06339,bl gr - al wh
AH...06338,bl al - gr bw
AH...06337,bl al - gr bl
AH...06336,bl al - ye wh
AH...06335,bl al - ye re
AH...06334,bl al - ye bw
AH...06333,bl al - bw re
AH...06333,bl al - bw re
AH...06331,bl al - bl bw
AH...06329,bl al - bl bl
AH...06328,bl al - bl wh
AH...06327,bl al - bl gr
AH...06326,re wh - gr al
AH...06325,re wh - ye al
AH...06324,re wh - al wh
AH...06323,al re - bl re
AH...06322,re wh - al re
AH...06321,al re - bl bl
AH...06320,bl al - or or
AH...06332,bl al - bl or
AH...06350,bl al - or ye
AH...06349,bl al - or bw
AH...06348,bl al - or bl
AH...06347,gr re - bw al
AH...06347,gr re - bw al
AH...06347,gr re - bw al
AH...06347,gr re - bw al
AH...06345,bw al - ye or
AH...06317,re re - al re
AH...06319,re al - ye ye
AH...06294,bl al - re wh
AH...06263,bl al - bl bl
AH...06311,bw al - ye bl
AH...06310,bl al - re or
AH...06310,bl al - re or
AH...06292,bl al - re gr
AH...06318,bl al - bl ye
AH...06304,re al - ye wh
AH...06303,al gr - re ye
AH...06303,al gr - re ye
AH...06301,re re - al ye
AH...06300,bl al - ye bw
AH...06299,bw ye - gr al
AH...06298,or al - bw re
AH...06297,bl al - wh gr
AH...06296,bl al - bw wh
AH...06295,bl al - or bl
AH...06450,or or - al re
AH...05209,ye wh - or al
AH...05208,al ye - bl gr
AH...05205,rw ye - bw al
AH...05204,al gr - or or
AH...05202,or al - re bl
AH...05197,or ye - bl al
AH...05195,al bl - or bl
AH...05193,or ye - gr al
AH...05192,al bl - re re
AH...05191,ye re - gr al
AH...05190,or ye - al or
AH...05188,ye re - ye al
AH...05200,al bw - ye pg
AH...05222,al gr - re ye
AH...05773,ye bl - ye al
AH...05231,al ye - ye pg
AH...05230,al gr - or ye
AH...05229,or al - ye re
AH...05228,gr al - re bl
AH...05227,bw - al
AH...05227,bw - al
AH...05227,re al - or bw
AH...05210,al or - ye ye
AH...05223,or al - or bl
AH...05211,al gr - ye ye
AH...05221,gr al - bl ye
AH...05219,ye wh - wh al
AH...05217,ye wh - re al
AH...05216,or ye - ye al
AH...05213,gr al - ye ye
AH...05224,gr al - bl or
AH...05148,wh bw - al or
AH...05187,or ye - al ye
AH...05157,al bl - bl re
AH...05156,ye bl - al pg
AH...05155,al bl - bl ye
AH...05154,al ye - ye re
AH...05153,al ye - re bl
AH...05152,gr wh - al pg
AH...05151,al bl - ye or
AH...05161,al bl - ye gr
AH...05142,al bl - bl or
AH...05138,ye bl - al re
AH...05137,al ye - or bl
AH...05173,or bl - re al
AH...05236,gr al - re ye
AH...05184,al ye - wh or
AH...05183,al bl - pg ye
AH...05182,al ye - re ye
AH...05181,gr al - wh ye
AH...05180,gr al - re re
AH...05179,gr al - re ye
AH...05178,gr al - or or
AH...05177,gr al - bl bl
AH...05176,al ye - bl ye
AH...05160,ye re - bl al
AH...05174,al bl - gr pg
AH...05186,al ye - wh gr
AH...05170,al ye - re re
AH...05168,al bl - or ye
AH...05165,al bl - ye wh
AH...05164,ye re - wh al
AH...05163,ye or - or al
AH...05175,al ye - bl bl
AH...05297,al pg - ye yb
AH...05300,pg ye - al pg
AH...05234,al ye - ye wh
AH...05298,al gr - bl or
AH...05296,pg al - bl wh
AH...05295,or bl - or al
AH...05293,al pg - bw wh
AH...05292,al gr - bl ye
AH...05291,al pg - bw re
AH...05290,or or - al pb
AH...05289,bl gr - al re
AH...05288,al ye - wh ye
AH...05287,bl bl - bw al
AH...05299,al gr - bl wh
AH...05284,al or - ye wh
AH...05247,or or - al ye
AH...05286,al pg - bl yb
AH...05257,or bl - ye al
AH...05253,gr al - bl re
AH...05253,gr al - bl re
AH...05253,gr al - bl re
AH...05253,gr al - bl re
AH...05250,al ye - ye bl
AH...05260,gr bw - ye al
AH...05248,gr al - wh bl
AH...05246,or ye - re al
AH...05244,al ye - or or
AH...05242,al gr - wh bl
AH...05241,gr al - re wh
AH...05240,al ye - or ye
AH...05249,al or - ye or
AH...05283,al ye - wh bl
AH...05282,al ye - re wh
AH...05281,al or - ye re
AH...05280,al ye - re ye
AH...05279,bl bl - al wh
AH...05278,or or - ye al
AH...05277,bl al - bl bw
AH...05259,bl al - bw bl
AH...05285,or al - bl bl
AH...05271,al ye - re re
AH...05270,gr al - wh wh
AH...05270,gr al - wh wh
AH...05270,gr al - wh wh
AH...05269,al gr - re bl
AH...05265,re bl - al wh
AH...05263,gr bl - bl al
AH...05274,re bl - re al
AH...05009,al pg - re bl
AH...05007,gw wh - al gw
AH...05006,bw rw - al pg
AH...05005,gw al - wh gw
AH...05003,rw rw - pg al
AH...05002,wh pb - wh al
AH...05001,rw rw - pg al
AH...05136,ye wh - al or
AH...05012,al bw - pg rw
AG...80859,pg bl - al yb
AG...65811,gr gr - re al
AG...65350,wh gr - yb al
AH...05022,re bl - al re
AH...05034,rw wh - al re
AH...05033,bl pg - al pg
AH...05032,wh bw - pg al
AH...05031,rw wh - al wh
AH...05030,rw wh - al rw
AH...05029,rw re - al wh
AH...05028,rw wh - re al
AH...05027,ye ye - al ye
AH...05026,wh pb - al wh
AH...05025,rw wh - al wh
AH...05020,wh al - pb pb
AH...05018,wb o  - pg al
AH...05017,wh bl - al bw
AH...05016,bl wh - or al
AH...05015,gw ye - gw al
AH...05013,re yb - al pg
AH...05024,ye bl - al gr
AG...64960,wh al - bl re
AG...64959,wh al - bl or
AG...64958,wh al - bw or
AG...64957,wh re - al ye
AG...64937,wh al - or bl
AH...05037,wh bw - bw al
AG...64974,wh rw - al or
AH...05097,ye gr - al pg
AH...05086,gw al - wh ye
AH...05105,bw al - re or
AH...05104,al bl - wh re
AH...05103,ye bl - al ye
AH...05101,al bl - ye re
AH...05100,al pg - bl re
AH...05110,ye or - wh al
AH...05094,ye re - al wh
AH...05093,re al - re re
AH...05092,al bl - ye bl
AH...05091,al bw - pg rw
AH...05089,al gr - yb pg
AH...05088,al gr - yb pg
AH...05133,al bl - gr ye
AH...05128,ye bl - bl al
AH...05125,ye re - al ye
AH...05109,al bl - ye or
AH...05123,al gr - gr bl
AH...05124,ye bl - al ye
AH...05058,bl al - wh bl
AH...05055,al bl - or bl
AH...05053,ye or - al re
AH...05051,rw wh - al rw
AH...05048,re bl - or al
AH...05046,or al - ye ye
AH...05045,al gr - or wh
AH...05042,yb al - wh pg
AH...05040,yb wh - al pg
AH...05049,re bl - or al
AH...05072,al ye - ye ye
AH...05083,ye yb - al pg
AH...05082,bl al - wh bl
AH...05077,bl pg - al pg
AH...05071,bw bw - al bw
AH...05069,al pg - bw gr
AH...05068,wh bw - wh al
AH...05066,wh bw - wh al
AH...05644,ye al - bw ye
AH...05643,or al - or re
AH...05640,re al - gr bl
AH...05639,bl or - or al
AH...05631,gr gr - gr al
AH...05630,re al - or or
AH...05624,or bw - bl al
AH...05670,or al - wh wh
AH...05666,or ye - or al
AH...05646,bw al - re gr
AH...05653,bw wh - gr al
AH...05653,bw wh - gr al
AH...05653,bw wh - gr al
AH...05546,or al - bw ye
AH...05536,or al - bw bl
AH...05673,or bw - ye al
AH...05617,or al - bl or
AH...05612,re al - bw ye
AH...05739,bw al - bl wh
AH...05726,gr bl - gr al
AH...05723,bl bw - bl al
AH...05723,bl bw - bl al
AH...05685,or bl - ye al
AH...05401,bl ye - ye al
AH...05410,bl bw - ye al
AH...05410,bl bw - ye al
AH...05392,bw al - bl wh
AH...05415,gr bl - bl al
AH...05415,gr bl - bl al
AH...05342,al - pb
AH...05342,ye al - bw wh
AH...05341,re al - gr gr
AH...05340,bl al - re ye
AG...64936,al bl - or bw
AH...05495,al or - wh or
AH...05484,al re - or wh
AH...05500,al re - re ye
AH...05499,al or - wh re
AH...05498,pg bw - al pg
AH...05496,pg pg - al pg
AH...05494,al re - re wh
AH...05493,or wh - gr al
AH...05493,or wh - gr al
AH...05492,al pg - pg rw
AH...05491,re al - or ye
AH...05490,re al - ye ye
AH...05489,al or - bl or
AH...05488,re ye - al wh
AH...05487,or wh - ye al
AH...05486,al re - re bl
AH...05497,or wh - wh al
AH...05483,or ye - al ye
AH...05483,or ye - al ye
AH...05483,or ye - al ye
AH...05485,re ye - al ye
AH...05455,gr al - wh wh
AH...05451,gr al - or bw
AH...05482,al gr - ye wh
AH...05481,re bl - al wh
AH...05480,re al - bl bl
AH...05480,re al - bl bl
AH...05480,re al - bl bl
AH...05479,al gr - ye ye
AH...05478,al pg - bl bw
AH...05477,pg rw - al pg
AH...05476,al pg - rw ye
AH...05475,al gr - ye re
AH...05474,al gr - ye bl
AG...57818,pb - al
AG...57816,tr - pm al
AG...57815,bw wb - bl al
AG...57814,pb - al
AG...57847,rw al - pb rw
AG...57811,bw - al
AG...57810,yb e  - bw al
AG...57812,al pb - tr
AG...57834,wr gw - al
AG...57845,rw al - pb re
AG...57844,rw al - pb or
AG...57843,ye al - re bl
AG...57842,rw re - al pb
AG...57841,rw al - pb ye
AG...57840,rw al - pb pb
AG...57835,wh wb - al bw
AG...57806,wb wb - al al
AG...57588,bw al - pb re
AG...57955,al wh - bw ye
AG...57848,rw al - pb wh
AG...57803,al - tr ye
AG...57802,al bw - bw wb
AG...57800,al pb - rw bl
AG...57799,bw al - ye rw
AG...57798,rw or - al rw
AG...57795,al rw - bl ye
AG...57925,al re - re or
AG...57846,rw re - bl al
AG...57952,bw al - bw rw
AG...57868,pb - al
AG...57854,re al - ye bw
AG...57850,rw al - re or
AG...57849,gr al - bl re
AG...57901,or al - pb pb
AG...56329,ye al - bw or
AG...57877,rw rw - al bl
AG...57385,bl re - bw al
AG...57379,ye wh - al pb
AG...57378,ye rw - pb al
AG...57377,ye rw - al pb
AG...57376,rw al - wh bw
AG...57375,rw al - rw re
AG...57374,rw al - rw or
AG...57373,bl rw - re al
AG...57372,ye bl - or al
AG...57553,wr - al
AG...57956,pb al - ye bw
AG...58234,al ye - bl re
AG...58213,al re - bl wh
AG...57954,al wh - bw bw
AG...58192,al rw - re rw
AG...58356,pb al - pb pb
AG...58355,al ye - gw ye
AG...58345,ye re - re al
AG...58342,bw re - pb al
AG...58286,al gw - ye gw
AG...58285,al pg - bw bl
AG...58284,gw ye - al wh
AG...58288,pb wh - wh al
AG...58289,al or - pb pb
AG...58300,yb al - wh pg
AG...58287,gw ye - al ye
AG...58301,al ob - tr
AG...58299,gw al - wh wh
AG...58298,gw al - wh wh
AG...58297,al pg - ye bw
AG...58296,al ye - gw gw
AG...58295,al ye - gw wh
AG...58294,gw wh - ye al
AG...58293,gw wh - wh al
AG...58292,rw re - al wh
AG...58291,rw wh - rw al
AG...58166,wh al - or pb
AG...58051,or al - wh bl
AG...57960,pb al - or bl
AG...57959,bw re - al pb
AG...57958,pb al - ye pb
AG...57993,bw al - pb wh
AG...57993,bw al - pb wh
AG...58001,or or - al or
AG...57990,re re - pb al
AG...57989,bw al - pb rw
AG...56725,re al - re bl
AG...56736,al re - or bl
AG...56735,al re - bw bl
AG...56734,al or - rw rw
AG...56733,al or - ye bw
AG...56732,re al - or ye
AG...56731,re al - ye rw
AG...56730,al or - bw or
AG...56729,re al - or wh
AG...56728,re al - or rw
AG...56726,re al - or or
AG...56739,al re - ye rw
AG...56724,re al - ye re
AG...56723,re al - ye or
AG...56722,re al - ye bl
AG...56721,re al - bw wh
AG...56720,re al - bw rw
AG...56719,re al - bw or
AG...56718,re al - bl re
AG...56717,re al - bl or
AG...56716,re al - bl ye
AG...56727,re al - or re
AG...56749,al rw - wh or
AG...56665,al rw - ye rw
AG...56757,pb al - bl re
AG...56737,al re - bw bw
AG...56750,bl rw - ye al
AG...56738,al re - bw or
AG...56748,al rw - wh bw
AG...56747,al rw - or bl
AG...56746,al rw - ye or
AG...56745,al rw - ye bw
AG...56743,al rw - bl bw
AG...56742,al rw - ye bl
AG...56741,al re - wh bw
AG...56740,ye bl - re al
AG...56847,or or - al bw
AG...56820,or bl - wh al
AG...56518,al or - ye bw
AG...56370,ye re - or al
AG...56455,bw rw - al rw
AG...61919,ye al - bw ye
AG...61918,ye al - bw bl
AG...61917,ye al - bl wh
AG...61915,pb ye - wh al
AG...61914,ye al - bl or
AG...61913,pb ye - rw al
AG...61912,ye al - bl ye
AG...61910,pb ye - re al
AG...61956,bw al - re pb
AG...61955,re rw - al or
AG...61954,bw al - re bw
AG...61951,pb al - bw bl
AG...61907,rw al - or wh
AG...61909,rw al - pb bl
AG...61959,bw al - re rw
AG...61906,pb ye - pb al
AG...61905,pb ye - gr al
AG...61904,rw al - ye rw
AG...61903,pb ye - al wh
AG...61902,ye al - bl bw
AG...61902,ye al - bl bw
AG...61901,rw al - ye re
AG...61900,al bl - or rw
AG...61899,bw ye - pb al
AG...61898,bl al - pb bw
AG...61896,bl al - ye bw
AG...61908,pb ye - pb al
AG...61897,bl bw - al pb
AG...61957,re rw - al pb
AG...63048,al or - re rw
AG...61963,bw al - rw bw
AG...63026,wh wh - al or
AG...63024,rw rw - bl al
AG...63017,rw rw - rw al
AG...61748,rw bl - rw al
AG...61740,al pg - pg bw
AG...61760,or wh - gr al
AG...63388,al ye - or pb
AG...63387,rw rw - ye al
AG...63400,re or - wh al
AG...63399,wh re - re al
AG...63365,rw rw - gr al
AG...63367,ye ye - al bw
AG...63319,re or - re al
AG...63350,wh re - or al
AG...63348,re re - al or
AG...63486,al re - or wh
AG...63512,ye al - or bw
AG...63509,wb al - tr
AG...63494,al wh - re or
AG...63493,wh wh - al ye
AG...63452,al re - or rw
AG...63443,al bl - ye rw
AG...63442,al re - or or
AG...63150,al re - or ye
AG...63165,al bl - bw re
AG...63164,al bl - bw pb
AG...63085,gr pb - al bw
AG...63270,wh re - al wh
AG...63305,al gr - or or
AG...63267,al gr - or ye
AG...63240,gr gr - al yb
AG...63250,al pi - bl re
AG...63245,al pi - rw gr
AG...63244,bw gr - al pi
AG...58612,al or - pb wh
AG...58656,re wh - rw al
AG...58652,gw al - ye gw
AG...58609,re al - or bl
AG...58611,or bl - al or
AG...58578,al bw - bw wh
AG...58608,re al - gr pg
AG...58607,al pg - bl pg
AG...58606,al pg - bl ye
AG...58605,al pg - bl ye
AG...58602,wh rw - al bw
AG...58601,al bl - pg bw
AG...58600,gw al - ye wh
AG...58598,ye ye - re al
AG...58610,pg pg - bl al
AG...58588,gw ye - al ye
AG...58719,wh rw - al pg
AG...58756,al pb - or or
AG...58668,gw al - wh ye
AG...58695,rw wh - al re
AG...58435,al pg - bw bl
AG...58434,al pg - ye bw
AG...58433,gw ye - al gw
AG...58432,or pb - pb al
AG...58431,al wh - pb wh
AG...58430,al gw - ye wh
AG...58429,al pg - bw gr
AG...58428,ye rw - al pg
AG...58427,gr rw - al pg
AG...58438,al rw - re wh
AG...58426,al rw - rw re
AG...58448,al rw - rw re
AG...58449,al gw - gw gw
AG...58447,al pg - gr bw
AG...58446,wh bw - al wh
AG...58445,wh al - or pb
AG...58444,gw wh - wh al
AG...58443,al pg - pg ye
AG...58442,al pg - re bl
AG...58441,gw wh - ye al
AG...58440,gw wh - gw al
AG...58439,gw wh - gw al
AG...58450,al gw - wh ye
AG...58377,or bl - al ye
AG...58399,rw wh - rw al
AG...58396,al pg - bl re
AG...58489,al ye - bl wh
AG...58971,al gw - gw wh
AG...58960,pi - al
AG...58993,al ye - gw gw
AG...59000,pb wh - wh al
AG...58999,gw ye - al gw
AG...58998,gr rw - al pg
AG...58997,gw wh - al gw
AG...58996,gw al - ye wh
AG...58994,al ye - gw wh
AG...58992,pb al - or wh
AG...58991,al or - pb pb
AG...58990,al rw - re re
AG...58989,al ye - gw ye
AG...58987,al rw - re rw
AG...58986,gw al - wh gw
AG...58995,gw ye - gw al
AG...61610,wh al - or ye
AG...61607,rw re - or al
AG...61604,wh al - wh ye
AG...61606,wb rw - al yb
AG...61602,ye pb - pb al
AG...61601,pb ye - rw al
AG...61605,pb al - or re
AG...58836,bw al - wh wh
AG...58774,ye rw - al pg
AG...58784,al pg - re rw
AG...58786,al ye - bl or
AH...83764,al rw - or bl
AH...83763,bw bl - gr al
AH...83800,bw re - yb al
AH...83799,al bw - bl gr
AH...83798,pg al - bl gr
AH...83795,wh bl - re al
AH...83794,yb al - gr gr
AH...83792,gr al - bl ye
AH...83792,gr al - bl ye
AH...83787,wh gr - al bl
AH...83786,pg al - bw or
AH...83785,pg al - bw gr
AH...83722,al re - bl wh
AH...83712,pg al - bw bl
AH...83710,al re - wh re
AH...83706,re wh - al bl
AH...83741,re bl - al re
AH...83729,yb re - bl al
AH...83740,al bl - rw rw
AH...83734,pg al - gr re
AH...83877,al bw - wh gr
AH...83873,bl re - al gr
AH...83871,bw bw - al ye
AH...83858,yb al - bl bw
AH...83887,pg al - bw wh
AH...83886,pg al - bw re
AH...83885,al pg - ye rw
AH...83823,yb re - bw al
AH...83831,bw bl - yb al
AH...83814,al wh - bl ye
AH...83808,pg al - ye or
AH...83702,pg al - ye gr
AH...83851,bl rw - wh al
AH...83850,al bl - ye bl
AH...83846,al bl - bw ye
AH...83845,re ye - ye al
AH...83829,wh pg - al pg
AH...83841,rw re - re al
AH...83837,wh wh - al bw
AH...83836,al bl - re pg
AH...83562,yb al - gr bl
AH...83567,yb ye - al gr
AH...83566,bw bl - ye al
AH...83564,gr al - bw ye
AH...83588,gr al - ye gr
AH...83596,al rw - gr bw
AH...83550,bw bl - bw al
AH...83590,ye al - gr ye
AH...83515,al bl - wh bl
AH...83514,bw al - gr bw
AH...83552,pg al - bl bl
AH...83509,al wh - bw bl
AH...83502,al wh - bw bl
AH...83538,gr al - bl re
AH...83536,yb al - bl bl
AH...83534,gr al - ye re
AH...83533,re ye - al yb
AH...83532,al pg - gr ye
AH...83531,yb al - bl bl
AH...83673,yb re - al re
AH...83669,al bl - bl wh
AH...83662,bl al - ye re
AH...83600,al pg - gr bl
AH...83699,bl bl - pg al
AH...83652,gr al - bw bw
AH...83613,yb re - yb al
AH...83625,bl wh - gr al
AH...83624,yb al - bl bl
AH...83623,wh bl - al wh
AH...83620,al wh - bl bw
AH...83617,yb gr - re al
AH...83614,pg al - bl gr
AH...83611,al - pb
AH...83607,pg pg - al pg
AH...83607,pg pg - al pg
AH...83649,re gr - al bw
AH...83647,rw bl - al pg
AH...83643,wh gr - al re
AH...83627,wh ye - al rw
AH...83638,gr or - pg al
AH...83630,al bl - bl rw
AH...83984,re al - bl or
AH...84000,bw al - gr gr
AH...83991,pg wh - al pg
AH...83990,pg re - al pg
AH...83986,wh or - re al
AH...83924,al rw - rw wh
AH...83908,ye bl - al bw
AH...83955,ye al - ye bw
AH...83950,al rw - wh ye
AH...83091,yb yb - al yb
AH...71942,re al - bl re
AH...83059,re ye - re al
AH...83059,re ye - re al
AH...83056,al bl - ye ye
AH...83055,ye bw - re al
AH...83051,bl wh - al bl
AH...83043,yb wh - al pg
AH...83078,wh ye - al pg
AH...83501,re gr - al gr
AH...83079,gr bw - al bw
AH...83068,al bl - bl gr
AH...83080,al pg - pg bw
AH...83001,gr ye - al pg
AH...83008,al re - bl rw
AH...83039,re bl - yb al
AH...83034,bw al - pb rw
AH...83026,al rw - ye or
AH...83022,ye al - re bw
AH...71730,wh bw - bl al
AH...71771,ye al - re or
AH...71771,ye al - re or
AH...71781,re al - bl gr
AH...71808,re al - gr wh
AH...71829,pi - al
AH...71829,pi - al
AH...83357,bl re - al pg
AH...83354,al pg - pg rw
AH...83360,gr or - al pg
AH...83381,ye rw - al rw
AH...83375,or rw - al ye
AH...83465,re pg - al ye
AH...83451,wh bl - al ye
AH...83486,pg al - ye ye
AH...83494,al re - bl bw
AH...83481,ye gr - al re
AH...83448,re wh - al pg
AH...83418,al re - yb ye
AH...83417,rw or - or al
AH...83412,re bw - al ye
AH...83443,wh re - al or
AH...83435,wh gr - al pg
AH...83432,re bw - al pg
AH...83431,al rw - bl rw
AH...83158,al bl - ye gr
AH...83155,bw bl - al wh
AH...83156,al bl - ye ye
AH...83296,ye bw - al yb
AH...83177,re rw - ye al
AH...83177,re rw - ye al
AH...83176,al wh - bl wh
AH...83142,gr gr - al wh
AH...83107,pg al - bl ye
AH...83141,ye bl - re al
AH...83133,bl or - wh al
AH...83122,ye bl - al re
AH...83267,yb re - al bw
AH...83264,al pg - pg pg
AH...83251,wh gr - bw al
AH...83269,pg pg - al pg
AH...83275,re gr - al wh
AH...83244,bw al - bl bl
AH...83210,pg al - bl ye
AH...83209,wh ye - ye al
AH...83238,al rw - ye rw
AH...93547,al re - wh wh
AH...93547,al re - wh wh
AH...93414,ye bw - al rw
AH...93437,ye re - wh al
AH...93437,ye re - wh al
AH...93437,ye re - wh al
AH...93344,al wh - re ye
AH...93344,al wh - re ye
AH...93373,bl al - re bl
AH...93494,re bl - re al
AH...93500,bl al - bl ye
AH...93534,ye wh - al re
AH...93493,re al - re re
AH...93493,re al - re re
AH...93536,re wh - bl al
AH...93463,ye re - al wh
AH...93460,al re - wh re
AH...93450,yb ye - al pi
AH...93449,al pi - wh re
AH...93446,al pi - bl bl
AH...93170,ye re - al re
AH...93169,al pb - pb ye
AH...93102,al pb - pb re
AH...93094,al pb - pb or
AH...93093,gr bw - al bw
AH...93125,al bl - bl bl
AH...93300,al ye - or rw
AH...93300,al ye - or bw
AH...93298,al wh - wh bl
AH...93295,wh al - ye re
AH...93295,wh al - ye re
AH...93316,ye re - gr al
AH...93316,ye re - gr al
AH...93199,gr ye - al bw
AH...93200,or re - al bw
AH...93190,al pb - pb gr
AH...93189,re re - al bw
AH...93201,al pb - gr gr
AH...93221,al pb - pb bl
AH...93838,re ye - bl al
AH...93838,re ye - bl al
AH...93926,al bl - bl wh
AH...93923,wh re - ye al
AH...93947,al re - wh wh
AH...93942,re al - re bl
AH...93900,pi pi - al pi
AH...93898,al pi - ye or
AH...93897,pi bl - al pb
AH...93854,al bl - ye ye
AH...93618,bl al - bl re
AH...93617,ye re - al ye
AH...93600,al pi - ye wh
AH...93603,re al - wh wh
AH...93650,pb al - pi pi
AH...93637,re ye - gr al
AH...93648,al pi - bw bw
AH...93648,al pi - bw bw
AH...93647,bw pi - pb al
AH...93645,al wh - wh ye
AH...93644,ye re - bl al
AH...93566,al re - wh bl
AH...93598,al wh - re wh
AH...93589,al wh - ye re
AH...93589,al wh - ye re
AH...93708,al bl - re gr
AH...93043,gr bl - al bw
AH...93071,al pb - pb pb
AH...93018,al re - or bw
AH...93018,al re - or bw
AH...93016,bw or - al pi
AH...89815,wr - al
AH...67894,gr al - or bw
AH...67901,al bl - or ye
AH...67898,re ye - al re
AH...67983,re or - ye al
AH...67981,rw bl - rw al
AH...67979,ye or - gr al
AH...67979,ye or - gr al
AH...67986,al bw - or wh
AH...68002,al pb - ye re
AH...67994,gr al - rw rw
AH...67993,rw ye - al re
AH...67956,ye al - bw bw
AH...67950,al ye - wh re
AH...67949,rw or - re al
AH...67943,bl al - or bl
AH...67940,gr or - al gr
AH...67938,or bw - wh al
AH...67937,al bw - rw wh
AH...06944,bl bl - re al
AH...22220,re re - gr al
AH...06700,rw bl - al pg
AH...06699,pg rw - al bl
AH...06698,al re - wh ye
AH...06843,bl al - ye re
AH...06850,gr al - ye or
AH...06849,gr al - re bw
AH...06848,gr al - or wh
AH...06847,gr bl - bw al
AH...06846,gr al - wh bw
AH...06844,bl al - or bw
AH...06842,gr al - or or
AH...06841,bl al - or or
AH...06840,gr al - or ye
AH...06839,gr al - re re
AH...06838,bl al - ye ye
AH...06837,bl al - bw bw
AH...06837,bl al - bw bw
AH...06836,re wh - al or
AH...06835,re al - bl ye
AH...06845,bl al - bw bw
AH...06800,or re - bl al
AH...38880,or bw - re al
AH...38876,re al - re wh
AH...38838,bw or - or al
AH...38836,bw or - or al
AH...38836,bw or - or al
AH...38867,yb - al
AH...38867,yb - al
AH...38873,al - re
AH...69863,bw ye - re al
AH...71032,gr ye - gr al
AH...71100,or wh - re al
AH...71098,re ye - bl al
AH...71095,bl re - bl al
AH...71125,or re - wh al
AH...71057,bl bw - gr al
AH...71075,or wh - al re
AH...68778,ye re - al re
AH...68775,al bw - rw ye
AH...68774,ye pb - al wh
AH...68773,ye al - or bw
AH...68769,ye al - re wh
AH...68763,pb al - ye or
AH...68762,bw pb - ye al
AH...68809,ye al - re pb
AH...68808,ye ye - al ye
AH...68807,re re - wh al
AH...68806,ye pb - al or
AH...68804,al or - ye pb
AH...68803,al gr - pb or
AH...68802,al gr - pb re
AH...68782,ye pb - rw al
AH...68783,re bw - bw al
AH...68783,re bw - bw al
AH...68793,al pi - bw ye
AH...68792,pb ye - ye al
AH...68788,re wh - or al
AH...68785,bw al - ye re
AH...68798,ye pb - wh al
AH...68726,rw al - or or
AH...68722,bl bw - pb al
AH...68705,or bl - re al
AH...68742,al or - bl pb
AH...68739,ye pb - al or
AH...68812,ye al - rw ye
AH...68815,rw al - rw wh
AH...68813,re gr - al pi
AH...68826,al re - or bl
AH...71510,bw bl - bl al
AH...71510,bw bl - bl al
AH...71555,bw al - bl ye
AH...71251,bl bw - wh al
AH...71187,al bw - wb yb
AH...71187,al bw - wb yb
AH...71150,bl bl - bl al
AH...68358,ye wh - al pb
AH...68360,or bl - al rw
AH...68361,pb al - ye ye
AH...68355,al pb - ye pb
AH...68365,al bl - pb re
AH...68362,re rw - al wh
AH...68343,al pi - bw or
AH...68353,pb al - wh bl
AH...68396,pb bl - al wh
AH...68399,bl al - or bw
AH...68401,al ye - wh pb
AH...68377,ye al - ye bl
AH...68305,al pb - ye ye
AH...68299,pb al - ye bl
AH...68302,pb or - al re
AH...68340,rw bw - al re
AH...68275,pb al - bl or
AH...68278,pb bl - al or
AH...68281,ye al - or bl
AH...68289,pb al - ye bl
AH...68284,bw pb - rw al
AH...68325,pb al - ye rw
AH...68328,pb bw - al re
AH...68321,al bl - pb bw
AH...68307,bw al - pb or
AH...68311,al pi - bw bw
AH...68318,ye or - al pb
AH...68490,al pb - ye bl
AH...68486,pb al - wh or
AH...68484,rw rw - al bw
AH...68430,ye wh - pb al
AH...68426,gr al - bl or
AH...68429,al ye - pb ye
AH...68472,ye al - rw bl
AH...68408,re bw - al pi
AH...68421,pb al - bw wh
AH...68416,bw bw - al pb
AH...68412,bw or - al pb
AH...68453,pb or - al ye
AH...68464,bl al - bw ye
AH...68465,bl al - or re
AH...68444,pb bl - bl al
AH...68455,ye re - al pb
AH...68451,re wh - gr al
AH...68405,ye al - ye pb
AH...68095,re wh - or al
AH...68091,al or - bl bw
AH...68105,pb al - bl pb
AH...68106,rw bw - al or
AH...68084,bw pb - pb al
AH...68078,bw or - pb al
AH...68079,al ye - pb bw
AH...68080,al bl - pb wh
AH...68081,pb al - ye wh
AH...68093,ye al - ye or
AH...68087,ye al - bw pb
AH...68090,ye re - al or
AH...68123,rw al - re pb
AH...68136,al gr - bl pb
AH...68138,pb al - bw bl
AH...68074,pb al - bl bl
AH...68112,rw al - wh ye
AH...68124,ye ye - re al
AH...68118,ye bw - pb al
AH...68120,pi al - ye gr
AH...68115,bw pb - al or
AH...68034,pb bl - al rw
AH...68038,rw al - wh or
AH...68076,rw al - ye wh
AH...68019,pb al - bl bw
AH...68013,al gr - wh pb
AH...68018,rw re - al wh
AH...68022,bw bw - al pb
AH...68043,al pb - ye bw
AH...68017,rw al - rw rw
AH...68072,al bl - pb rw
AH...68236,al ye - or bw
AH...68213,ye pb - re al
AH...68215,al ye - or pb
AH...68223,re bl - al pi
AH...68217,ye al - ye rw
AH...68261,bw pb - or al
AH...68264,pb bw - al or
AH...68243,bl al - bw bl
AH...68246,bl al - pb bl
AH...68252,al bl - or pb
AH...68247,pb al - ye re
AH...68171,bl al - pb ye
AH...68164,ye al - bw rw
AH...68146,wh bw - al re
AH...68147,gr al - bl pb
AH...68149,al bl - bl rw
AH...68155,ye re - pb al
AH...68196,al pi - bw bl
AH...68189,re wh - bl al
AH...68197,rw al - rw pb
AH...68175,bl al - pb pb
AH...68176,re wh - al wh
AH...68177,al ye - re pb
AH...68190,bw al - re wh
AK...74779,re ye - rw al
AK...74774,ye rw - al ye
AK...74773,al rw - rw bw
AK...74802,bw bw - pb al
AK...74765,al wh - pb wb
AK...74795,al wh - wh wh
AK...74785,tr ye - al
AK...74735,ye al - or ye
AK...74725,bw pb - al yb
AK...74723,bl yb - pb al
AK...74804,bw pb - pb al
AK...74751,wh bw - al pg
AK...75310,rw bl - wh al
AK...75312,re ye - or al
AK...74824,yb - al
AK...74820,bw al - bl wb
AK...74819,re b  - al bw
AK...74810,ye rw - wh al
AK...74810,ye rw - wh al
AK...74836,al - wr
AK...74825,re or - al or
AK...74826,pb pg - al wh
AK...74830,wr - al
AK...74829,rw al - bw re
AK...74600,al pg - bw re
AK...74600,pg al - bw re
AK...74596,rw al - re ye
AK...74590,al bw - bw pb
AK...74674,pb yb - wh al
AK...74628,re al - wh or
AK...74627,gr al - re bw
AK...74608,rw re - wh al
AK...74560,rw al - rw rw
AK...74553,pg wh - al re
AK...74584,bw pb - al re
AK...74582,ye rw - gr al
AK...74582,ye rw - gr al
AK...74581,wh gr - al wh
AK...74581,wh gr - al wh
AK...74580,re al - bw gr
AK...74579,ye gr - bw al
AK...74564,pg al - rw bl
AK...74569,yb al - ye ye
AK...74697,pg re - al wh
AK...74680,bw re - al wh
AK...74713,bl pb - rw al
AK...74713,bl pb - rw al
AK...74712,bl al - rw bw
AK...74642,wh ye - bl al
AK...74638,bl pg - pb al
AK...74635,ye al - rw bw
AK...74634,wh bw - bw al
AK...74633,wh bw - ye al
AK...74673,ye rw - bl al
AK...74669,wh al - re ye
AK...74662,wb pg - al bw
AK...74659,al - tr ye
AK...74658,re yb - al pg
AK...75113,al rw - bw re
AK...75116,ye al - bw ye
AK...75116,gr al - bw ye
AK...75089,al re - gr bw
AK...75091,or wh - or al
AK...75105,al ye - wh rw
AK...75159,rw rw - bw al
AK...75163,ye rw - al ye
AK...75134,al gr - wh wh
AK...75034,ye al - bl re
AK...75027,bl al - or rw
AK...75029,al or - rw re
AK...75031,gr al - ye rw
AK...75033,rw bw - bl al
AK...75033,rw bw - bl al
AK...75037,rw bw - bw al
AK...75037,rw bw - bw al
AK...75041,or ye - al bw
AK...75023,bw wh - al ye
AK...75016,ye bw - bw al
AK...75016,ye bw - bw al
AK...75081,ye rw - al or
AK...75081,ye rw - al or
AK...75083,rw bl - al wh
AK...75086,gr al - or wh
AK...75058,al or - rw wh
AK...75060,gr al - re or
AK...75061,ye bw - rw al
AK...74898,al pi - bl wh
AK...74880,al pi - bl rw
AK...74909,wh bw - al bw
AK...74908,pg al - rw or
AK...74897,bl re - bl al
AK...74900,pg re - al pi
AK...74899,pb - al
AK...74875,bw pb - bw al
AK...74907,rw ye - bl al
AK...74871,wr - al
AK...74858,ye bl - al pg
AK...75206,rw al - rw ye
AK...75207,re ye - ye al
AK...75209,re ye - ye al
AK...75251,al ye - bl bw
AK...75251,al ye - bl bw
AK...75253,al or - bw wh
AK...75258,al or - bl re
AK...75258,al or - bl re
AK...75227,al bl - ye or
AK...73837,bl bw - re al
AK...73838,or al - or ye
AK...73840,bw ye - bl al
AK...73842,bw ye - bw al
AK...73843,bw al - gr ye
AK...73845,gr wh - bl al
AK...73839,re al - re bw
AK...73839,re al - re bw
AK...73881,or re - bw al
AK...73819,or al - wh wh
AK...73820,or ye - gr al
AK...73828,bw al - gr bl
AK...73830,bl al - or wh
AK...73849,or bw - or al
AK...73874,gr al - re bw
AK...73869,or al - wh re
AK...73870,ye or - gr al
AK...73870,al bl - wb re
AK...73870,ye or - gr al
AK...73873,bl re - wh al
AK...73864,or al - or bw
AK...73875,gr al - re gr
AK...73877,bl bw - or al
AK...74439,al gr - wh bl
AK...73872,pb re - al bl
AK...73854,bw al - bw bw
AK...73866,or al - bl re
AK...73865,or al - bl re
AK...73859,gr al - or wh
AK...73860,bw al - bl re
AK...73863,bw al - bl or
AK...73815,bw al - bl bw
AK...73856,gr al - or re
AK...73775,bl gr - gr al
AK...73771,bw al - bw or
AK...73782,bw or - re al
AK...73774,bl ye - bw al
AK...73765,bw al - gr bw
AK...73776,bl ye - or al
AK...73777,re al - bw wh
AK...73777,re al - rw wh
AK...73778,re al - re bl
AK...73779,gr al - wh bw
AK...73780,re al - bw bl
AK...73817,bw bw - ye al
AK...73773,bl ye - ye al
AK...73773,bl ye - ye al
AK...73759,or re - gr al
AK...73751,re al - ye bw
AK...73751,ye bw - re al
AK...73752,gr gr - ye al
AK...73753,or al - bl or
AK...73754,bl bw - or al
AK...73755,gr bw - bw al
AK...73766,bw bl - re al
AK...73761,bl bw - re al
AK...73762,bl gr - ye al
AK...73763,bl bw - wh al
AK...73757,re al - bl ye
AK...73801,or al - bl ye
AK...73803,gr re - ye al
AK...73804,wb wh - ye al
AK...73804,wb wh - ye al
AK...73805,re bw - ye al
AK...73805,re bw - ye al
AK...73811,gr wh - ye al
AK...73814,bw gr - re al
AK...73814,bw gr - re al
AK...73785,bw al - bw gr
AK...73786,gr al - wh gr
AK...73787,re al - gr re
AK...73788,re al - tr bl
AK...73788,re al - tr bl
AK...73788,or bl - bw al
AK...73789,or al - bl wh
AK...73789,or al - bl wh
AK...73800,bw al - or or
AK...73799,re al - bl bw
AK...73793,re al - or re
AK...73794,gr ye - bw al
AK...73795,bl or - ye al
AK...73796,gr al - or bw
AK...73797,gr ye - ye al
AK...73882,bw al - bl bl
AK...73790,gr al - or ye
AK...73973,re al - ye gr
AK...73966,bw bl - gr al
AK...73967,bw ye - ye al
AK...73968,bw ye - or al
AK...73968,bw ye - or al
AK...73968,bw ye - or al
AK...73969,bw al - wh gr
AK...73970,bw al - wh re
AK...73980,re al - tr bl
AK...73980,bw or - bw al
AK...73980,re al - tr bl
AK...73972,re al - ye bl
AK...73963,re al - bw or
AK...73974,bw ye - wh al
AK...73975,re al - ye wh
AK...73976,bw or - bl al
AK...73977,bw ye - wh al
AK...73978,re al - gr ye
AK...73948,bw bl - ye al
AK...73957,bw bl - gr al
AK...73880,bl wh - re al
AK...73950,or re - ye al
AK...73951,or wh - bw al
AK...73952,re al - bl bw
AK...73953,bw al - re wh
AK...73954,or re - gr al
AK...73965,bw bw - ye al
AK...73956,re al - bl or
AK...73964,re al - bw re
AK...73958,bw ye - bl al
AK...73959,re al - bl re
AK...73960,bw al - wh bl
AK...73961,re al - bw ye
AK...73962,re al - bl bl
AK...73981,bw or - ye al
AK...73955,re al - bl gr
AK...73999,or or - wh al
AK...74000,re al - bw bw
AK...73979,re al - ye or
AK...74008,ye ye - al pg
AK...74011,yb al - ye gr
AK...74004,al pi - ye ye
AK...73990,re al - or or
AK...73982,re al - gr wh
AK...73982,re al - gr wh
AK...73982,re al - gr wh
AK...73983,bw or - gr al
AK...73984,bw or - wh al
AK...73985,or al - re re
AK...73986,bw re - bl al
AK...73986,bw re - bl al
AK...73987,re bl - gr al
AK...73998,re al - re ye
AK...73997,bw re - gr al
AK...73991,or al - wh re
AK...73992,re al - bw or
AK...73992,pa - al
AK...73992,re al - bw or
AK...73992,re al - bw or
AK...73993,re al - ye re
AK...73994,or al - or or
AK...73947,bw al - re ye
AK...73907,bl re - bl al
AK...73900,bw al - bw ye
AK...73901,bl gr - bl al
AK...73902,bl gr - bw al
AK...73903,bl or - bw al
AK...73903,bl or - bw al
AK...73904,bl re - or al
AK...73914,bw al - bw re
AK...73906,or al - bw wh
AK...73897,or al - or re
AK...73908,or al - re ye
AK...73909,or al - ye bw
AK...73910,or al - ye or
AK...73911,or al - re or
AK...73912,or al - wh bw
AK...73949,or re - or al
AK...73905,or al - bw bl
AK...73891,or al - bw or
AK...73883,bl al - re re
AK...73884,bw al - ye wh
AK...73885,bw bl - bl al
AK...73886,or al - ye bl
AK...73887,bl wh - wh al
AK...73888,or al - wh ye
AK...73899,or al - re bw
AK...73890,bw al - or wh
AK...73898,gr ye - bl al
AK...73892,bw al - bw bl
AK...73893,or al - ye bw
AK...73894,or al - ye wh
AK...73895,gr wh - bl al
AK...73896,gr wh - bw al
AK...73915,bw al - bw wh
AK...73940,or wh - bw al
AK...73933,bw al - ye wh
AK...73933,bw al - ye wh
AK...73933,bw al - ye wh
AK...73934,bw al - gr re
AK...73935,bw al - gr wh
AK...73936,bw al - or bl
AK...73937,bw al - or bw
AK...73937,al - pb
AK...73937,al - pb
AK...73913,or al - ye re
AK...73939,bw al - wh bl
AK...73941,or wh - ye al
AK...73942,or re - bl al
AK...73943,bw al - wh re
AK...73944,or wh - re al
AK...73945,or wh - wh al
AK...73946,or re - bw al
AK...73938,or re - wh al
AK...73924,bw al - or bl
AK...73916,or al - ye wh
AK...73917,or al - or bl
AK...73918,or al - or ye
AK...73920,al - tr bl
AK...73920,al - tr bl
AK...73920,or al - re bl
AK...73921,or al - re ye
AK...73932,bw al - re bw
AK...73923,or al - re re
AK...73931,bw al - ye bw
AK...73931,bw al - ye bw
AK...73925,or al - wh bw
AK...73926,or al - wh or
AK...73922,bw al - ye re
AK...73750,wr - al
AK...73595,bw bw - or al
AK...73595,bw bw - or al
AK...73490,bw al - or or
AK...73497,bw al - bl bw
AK...73533,ye ye - bw al
AK...73535,wh wh - ye al
AK...73702,or bw - or al
AK...73704,gr al - gr bl
AK...73716,bl bw - bl al
AK...73699,gr wh - re al
AK...73711,bw re - bw al
AK...73707,gr al - gr gr
AK...73697,gr al - re or
AK...73742,bw or - bw al
AK...73735,re bw - or al
AK...73736,bw ye - re al
AK...73737,bw re - ye al
AK...73737,bw re - ye al
AK...73739,bl bw - bw al
AK...73715,gr al - gr bw
AK...73741,bw al - ye ye
AK...73732,bl wh - bw al
AK...73743,ye al - bw bl
AK...73744,bw al - re re
AK...73745,or ye - re al
AK...73747,bl al - re bl
AK...73740,re al - bw bl
AK...73722,or ye - ye al
AK...73727,bw al - bw wh
AK...73728,bw al - ye bl
AK...73729,bw al - or re
AK...73730,bw al - or wh
AK...73731,bw al - ye bw
AK...73749,gr ye - bl al
AK...73749,gr ye - bl al
AK...73749,gr ye - bl al
AK...73681,re bw - bw al
AK...74378,al pg - bw re
AK...74372,re bl - al wh
AK...74359,re rw - or al
AK...74404,pg yb - al pg
AK...74401,re bl - al pg
AK...74407,yb gr - al yb
AK...74402,al gr - rw wh
AK...74383,re al - ye or
AK...74393,al pi - bl re
AK...74299,gw al - gw re
AK...74300,gr yb - bl al
AK...74301,rw al - bl rw
AK...74296,ye gr - pg al
AK...74293,wh bw - or al
AK...74500,re bl - wh al
AK...74500,re bl - wh al
AK...74482,or rw - al bw
AK...74489,or bw - al rw
AK...74534,wh al - re rw
AK...74513,rw al - bw rw
AK...74520,re or - al re
AK...74440,wh bw - pg al
AK...74421,re al - bw bw
AK...74415,or al - bw rw
AK...74418,rw bl - al ye
AK...74422,ye gr - al yb
AK...74423,al rw - bl bl
AK...74446,bw re - al re
AK...74419,or bw - bl al
AK...74465,or al - or rw
AK...74466,bl al - or re
AK...74470,pg al - wh gr
AK...74472,wh bl - wh al
AK...74099,gr yb - al ye
AK...74100,or al - ye wh
AK...74102,wh re - al bl
AK...74111,ye bl - or al
AK...74091,rw re - al wh
AK...74094,pg al - gr pg
AK...74095,ye ye - al bl
AK...74112,ye ye - al bw
AK...74141,ye al - wh gr
AK...74117,wh al - re or
AK...74131,re bw - al pi
AK...74121,ye al - rw ye
AK...74039,yb gr - al re
AK...74041,re al - bw wh
AK...74043,or al - re ye
AK...74018,yb ye - al yb
AK...74069,bw al - tr
AK...74069,bw al - tr
AK...74075,or al - re or
AK...74077,wh wh - al pg
AK...74146,re al - bl bw
AK...74163,pg al - bw ye
AK...74200,pw pw - al
AK...74147,pg re - al re
AK...74189,re ye - al pg
AK...74188,al rw - bl pg
AK...74190,yb al - ye bw
AK...74193,gr wh - al ye
AH...95063,wh al - rw bw
AH...95030,wh al - bl wh
AH...95151,wh bw - re al
AK...76151,rw al - rw or
AK...76152,rw al - bl ye
AK...76157,yb al - re wh
AK...76136,bw al - pg pb
AK...76141,bw al - wh pb
AK...76143,al bl - pb bl
AK...76181,rw al - bl wh
AK...76190,rw al - bw bl
AK...76172,wh al - yb rw
AK...76168,or al - re re
AK...76173,yb - al
AK...76175,bl al - pb wh
AK...76170,bl pb - pg al
AK...76123,re ye - yb al
AK...76117,bw al - tr gy
AK...76099,re rw - bw al
AK...76100,pg al - bl pg
AK...76105,al ye - re wh
AH...95324,wh al - wh wh
AH...95403,wh al - rw rw
AH...95378,wh al - rw ye
AH...95379,wh al - rw or
AH...95380,wh al - rw re
AH...95247,wh al - bl wh
AH...95251,al bl - or or
AH...95250,wh al - bw bl
AH...95248,wh re - wh al
AK...76541,al wh - bw yb
AK...76552,re bl - al pg
AK...76544,bl re - pg al
AK...76533,al bl - pb ye
AK...76528,al bl - pb re
AK...76553,al rw - ye re
AK...76578,gr yb - al pg
AK...76581,al rw - tr
AK...76585,rw ye - al wh
AK...76557,bl al - wh rw
AK...76557,bl al - wh rw
AK...76559,al wh - wh re
AK...76571,pg al - bl re
AK...76476,bl pb - wh al
AK...76478,al wh - wb re
AK...76487,rw ye - al wh
AK...76465,re rw - al pg
AK...76459,al ye - re wb
AK...76462,pi - al
AK...76464,al wh - wh yb
AK...76470,al bl - pb bw
AK...76513,wh al - yb bw
AK...76518,or bw - al ye
AK...76492,al bw - yb yb
AK...76505,ye al - re or
AK...76499,wb re - bl al
AK...76499,wb re - bl al
AK...76502,al - tr or
AK...76502,bw bw - al pb
AK...76503,ye al - re gr
AK...76489,pb re - al wh
AK...76677,al pi - bl ye
AK...76676,bl wh - al yb
AK...76678,or bw - al re
AK...76681,rw al - bl or
AK...76654,ye re - wh al
AK...76657,bl al - wh yb
AK...76659,bl al - pb yb
AK...76707,al rw - ye bl
AK...76684,bl wh - bl al
AK...76651,wg - al
AK...76685,bl wh - ye al
AK...76605,pb wh - al wh
AK...76607,al bl - pb yb
AK...76609,bl al - bl pb
AK...76613,gr yb - al re
AK...76616,al rw - rw wh
AK...76598,rw al - bw ye
AK...76601,yb pg - al wh
AK...76638,wh al - re wh
AK...76640,pg wh - wh al
AK...76641,al yb - wh pg
AK...76635,bw al - pb bw
AK...76646,bw al - pb pg
AK...76649,al pi - bl bw
AK...76637,bl pb - re al
AK...76637,bl pb - re al
AK...76288,tr or - al yg
AK...76288,bw bw - al bw
AK...76458,rw al - bl bw
AK...76270,wr - al
AK...76324,al rw - bw ye
AK...76324,al rw - bw ye
AK...76316,bw pb - ye al
AK...76295,re re - al bw
AK...76301,al rw - bw bl
AK...76214,bw pb - bl al
AK...76217,al rw - rw bl
AK...76219,bl al - rw bw
AK...76211,re pg - al pg
AK...76221,ye bl - al wh
AK...76224,al bl - pb pg
AK...76203,bl al - bl wb
AK...76229,ye al - rw wh
AK...76208,pb bl - al wh
AK...76249,al pi - bl gr
AK...76250,ye al - or rw
AK...76237,al yb - bw re
AK...76242,gr bl - bw al
AK...76228,bl pg - bw al
AK...76407,al - tr or
AK...76405,ye al - rw bl
AK...76406,re al - tr
AK...76444,tr - rg al
AK...76446,gr yb - ye al
AK...76452,ye ye - wh al
AK...76455,wh al - wh rw
AK...76433,ye al - or or
AK...76430,bw pb - al rw
AK...76436,al yb - re wh
AK...76344,al wh - wh bl
AK...76344,al wh - wh bl
AK...76330,bl pb - yb al
AK...76359,al rw - ye pg
AK...76389,bw - al
AK...76367,al bl - wh re
AK...76372,ye bl - bw al
AK...75694,rw re - gr al
AK...75694,rw re - gr al
AK...75698,ye al - wh bw
AK...75657,rw rw - ye al
AK...75661,or ye - bw al
AK...76040,al yb - tr
AK...76021,or bl - wh al
AK...76025,ye al - or bw
AK...76026,rw al - bl bl
AK...76026,rw al - bl bl
AK...76045,rw bl - al rw
AK...76072,bl re - al
AK...76073,ye al - re rw
AK...76075,or al - ye ye
AJ...75002,bw re - or al
AK...76050,bw al - pb re
AK...76062,al - pb
AK...76057,rw re - al ye
AK...76058,ye gr - al rw
AJ...53070,bl wh - al gr
AJ...75008,bw re - wh al
AJ...75008,bw re - wh al
AJ...75008,bw re - wh al
AJ...75015,bw wh - ye al
AJ...75014,bw wh - bw al
AJ...75013,bw gr - bl al
AJ...75013,bw gr - bl al
AJ...75013,bw gr - bl al
AJ...75012,bw wh - bl al
AJ...75011,bw ye - or al
AJ...75009,re al - wh bl
AJ...75018,bw gr - ye al
AJ...75007,ye al - bl or
AJ...75006,re bl - wh al
AJ...75005,re al - re wh
AJ...75004,re al - re or
AJ...75003,bw re - re al
AJ...75010,bw ye - gr al
AK...76004,bw wh - wh al
AK...76007,bl al - wh rw
AJ...75016,re al - wh bw
AJ...75017,re al - wh gr
AK...76016,rw al - rw re
AJ...75001,re al - bw re
AK...75427,rw bl - or al
AK...75443,al wh - or or
AK...75410,bw or - ye al
AK...76080,wh ye - al rw
AH...95665,wh al - wh ye
AH...95666,al bl - ye wh
AH...95633,wh al - wh bw
AH...95551,wh al - wh bl
AH...95516,al bw - wh re
AH...95513,wh al - rw wh
AH...95500,al bl - wh wh
AH...95909,al ye - bw or
AH...95910,al ye - bw re
AH...95908,al ye - bw bw
AH...95907,wh wh - al bw
AH...95906,wh rw - wh al
AH...95905,wh rw - or al
AH...95904,al bw - wh wh
AH...95903,al ye - ye wh
AH...95911,wh wh - al ye
AH...95902,al ye - bl or
AH...95901,al bw - wh rw
AH...95997,al bw - rw rw
AH...95996,al bw - rw re
AH...96000,al bw - wh or
AH...95986,yb - al
AH...95998,al bw - rw wh
AH...95999,al bw - wh ye
AK...76090,pi - al
AH...95964,al bw - or rw
AH...95963,al bw - or re
AH...95962,al bw - or or
AH...95961,al bw - or ye
AH...95960,al bw - or bw
AH...95967,al bw - rw bl
AH...95959,al bw - or bl
AH...95965,al bw - or wh
AH...95966,al bw - re or
AH...95779,wh al - wh or
AH...95781,wh al - wh re
AK...03437,re al - bw or
AK...03441,wh wh - ye al
AK...03387,bl al - bw wh
AK...03396,pi - al
AK...03397,wh al - bw rw
AK...03398,wh al - bw re
AK...03400,ye bw - al or
AK...03500,yb al - ye bl
AK...03489,or al - rw bl
AK...03489,or al - rw bl
AK...03493,re al - ye bl
AK...03474,bl al - gr gr
AK...03457,bl al - gr bw
AK...03471,gr yb - bw al
AK...03458,al pg - ye ye
AK...03467,al gr - wh rw
AK...03311,bl al - ye ye
AK...03310,bl al - bw bw
AK...03289,bl al - bw bl
AK...03275,ye bl - gr al
AK....0328,or bl - pg al
AK...03362,wh rw - or al
AK...03370,wh rw - pg al
AK...03325,wh rw - re al
AK...03329,bl al - gr bl
AK...03330,wh rw - gr al
AK...03331,bl gr - al wh
AK...03333,al gr - wh wh
AK...03334,wh bw - re al
AK...03334,wh bw - re al
AK...03346,bl al - bw gr
AK...03338,bl al - bw ye
AK...03667,pg al - or bw
AK...03667,pg al - or bw
AK...03668,ye gr - bl al
AK...03675,al bl - bl bl
AK...03633,al gr - yb re
AK...03636,rw ye - bw al
AK...03636,ye rw - bw al
AK...03642,gr al - or re
AK...03659,al re - bl re
AK...03654,gr wh - pg al
AK...03651,wh ye - or al
AK...03650,wh ye - gr al
AK...03731,yb al - bl wh
AK...03737,pg al - gr re
AK...03739,gr al - re or
AK...03749,re or - al rw
AK...03741,or al - bw ye
AK...03725,or bw - al re
AK...03701,wh pg - gr al
AK...03702,pg al - bl bw
AK...03703,pg al - or gr
AK...03706,rw bl - ye al
AK...03721,wh re - al pg
AK...70996,al re - bw ye
AK...03554,ye ye - al yb
AK...03559,re or - rw al
AK...70997,al re - bw re
AK...71023,or bw - wh al
AK...70995,al re - bl or
AK...71003,re al - bw wh
AK...71009,al wh - bw rw
AK...71009,al wh - bw rw
AK...71009,al wh - bw rw
AK...71011,al wh - bl or
AK...03571,re al - bw bl
AK...03609,wh pg - al re
AK...03627,pg al - or wh
AK...03621,al gr - yb ye
AK...03583,bw re - al yb
AK...03593,al gr - rw re
AK...03600,pg rw - al pg
AK...03599,al gr - rw rw
AK...03598,gr al - bl re
AK...03597,ye re - al wh
AK...03596,wh gr - al gr
AK...03594,bw re - al bl
AK...03592,al gr - wh ye
AK...71029,or al - wh or
AK...03595,pg re - wh al
AK...03001,re ye - wh al
AK...71065,bw re - al ye
AK...71065,bw re - al ye
AK...71149,bw bl - or al
AK...71260,al bl - ye bl
AK...71204,re bl - re al
AK...71204,re bl - re al
AK...03169,gr al - ye wh
AK...03136,bl al - bl ye
AK...03195,ye re - or al
AK...03181,re or - bl al
AK...03158,ye ye - or al
AK...03164,re wh - al or
AK...03163,wh al - bl rw
AK...03231,bl al - bl re
AK...03232,wh rw - al pg
AK...03234,al gr - yb pg
AK...03234,al gr - yb pg
AK...03757,ye al - re gr
AK...03250,bl al - bl wh
AK...03248,bl re - yb al
AK...03247,wh rw - bl al
AK...03253,ye ye - bl al
AK...03208,bl al - bl pg
AK...03224,wh rw - al ye
AK...03215,wh rw - al bw
AK...03135,wh re - wh al
AK...03059,al bl - wh bl
AK...03073,bw al - rw wh
AK...03056,gr al - gr bl
AK...03065,al ye - bl re
AK...03071,pb bl - al ye
AK...03070,bw al - rw or
AK...03069,gr al - ye wh
AK...03068,re bl - al bl
AK...03057,al rw - wh bw
AK...03066,al pg - gr re
AK...03058,al bl - rw wh
AK...03064,al bl - re rw
AK...03063,al ye - bl bl
AK...03062,al - tr gy
AK...03061,bl bw - pg al
AK...03060,re al - bl re
AK...03067,gr al - bw wh
AK...03041,bl pg - pg al
AK...03030,wh ye - bw al
AK...03030,wh ye - bw al
AK...03074,bw al - wh ye
AK...03072,bw al - rw wh
AK...03115,gr wh - bw al
AK...03105,al bl - ye or
AK...03134,bl al - bl bw
AK...03134,bl al - bl bw
AK...03120,pg al - or rw
AK...03104,gr wh - al pg
AK...03075,bw al - wh or
AK...03076,pb bl - bw al
AK...03077,pb al - bw ye
AK...03078,rw al - bl wh
AK...03079,pb bl - ye al
AK...03080,pb bl - or al
AK...03081,pb bl - pb al
AK...03083,pb al - bl rw
AK...03084,pb al - bl wh
AK...03085,rw al - bw ye
AK...03106,wh re - or al
AK...70408,yb - al
AK...70408,al gr - wh wh
AK...03755,wh al - ye bl
AK...70418,gr gr - al pg
AK...70424,al pi - bw bl
AK...70425,ye ye - re al
AK...70427,gr gr - al re
AK...70414,re al - bw rw
AK...70386,al wh - wh bw
AK...70372,ye al - re ye
AK...70376,wh al - bw ye
AK...70378,re al - bw ye
AK...70379,ye pg - al bw
AK...70381,ye or - pg al
AK...70383,or or - pg al
AK...70397,bw rw - al re
AK...70385,or or - gr al
AK...70388,gw gw - al
AK...70387,re al - bw ye
AK...70394,re al - or bl
AK...70468,pg al - re bl
AK...70475,re or - or al
AK...70484,wh bl - al bl
AK...70490,rw yb - wh al
AK...70488,ye pb - al wh
AK...70487,pi - al
AK...70476,re bw - al re
AK...70480,wh bl - rw al
AK...70434,re al - ye pb
AK...70437,bw re - bw al
AK...70458,gr bl - pg al
AK...70445,gr bl - pg al
AK...70449,gr yb - al yb
AK...70279,re bw - al or
AK...70283,pg al - ye pg
AK...70305,wh or - al wh
AK...70304,pg al - ye rw
AK...70303,wh or - al rw
AK...70292,bw gr - pg al
AK...70298,al pi - bl bl
AK...70276,wh or - al re
AK...70262,wh gr - ye al
AK...70257,pg wh - al pi
AK...70278,or al - or bl
AK...70278,or al - or bl
AK...70260,wh or - al ye
AK...70261,pg al - ye gr
AK...70306,pg al - gr gr
AK...70344,or al - bw wh
AK...70353,bw re - re al
AK...70362,ye al - re wh
AK...70354,ye al - wh re
AK...70356,ye al - wh bl
AK...70338,gr al - gr re
AK...70363,ye al - re yb
AK...70330,al rw - gr ye
AK...70336,wh or - pg al
AK...70335,pg al - gr or
AK...70334,wh or - ye al
AK...70326,al pg - ye bl
AK...70326,al pg - ye bl
AK...70325,re ye - al pi
AK...70690,re bw - wh al
AK...70757,wh bw - al rw
AK...70756,al or - rw bw
AK...70754,wh bw - al bl
AK...70684,wh bw - wh al
AK...70684,wh bw - wh al
AK...70681,al bw - wh rw
AK...70951,bl bw - al bw
AK...70901,al gr - bw rw
AK...70903,al yb - yb ye
AK...70904,al gr - bw wh
AK...70905,al gr - ye bw
AK...70907,al gr - ye pb
AK...70908,al gr - ye ye
AK...70909,al gr - ye re
AK...70954,al re - bl bw
AK...70641,wh bw - gr al
AK...03925,re pg - al pg
AK...03939,or al - or ye
AK...03938,ye bl - al or
AK...03937,al or - bl ye
AK...03911,bl pb - ye al
AK...03897,ye gr - re al
AK...13963,al rw - ye wh
AK...03888,or re - al re
AK...03913,ye bl - al rw
AK...03908,gr wh - gr al
AK...03896,wh al - rw bl
AK...03976,wh al - bw or
AK...03977,re rw - wh al
AK...03978,wh al - ye bw
AK...03979,re wh - al ye
AK...03981,wh al - ye ye
AK...03982,yb al - ye re
AK...03983,yb gr - al wh
AK...03986,re wh - or al
AK...03996,or bl - or al
AK...04000,or bl - re al
AK...03999,pi al - tr
AK...03988,yb gr - bl al
AK...03995,or bl - gr al
AK...03948,ye ye - al pg
AK...03975,re al - ye wh
AK...03804,tr - pg al
AK...03791,ye ye - pg al
AK...03794,or al - or or
AK...03797,wh al - rw rw
AK...03788,re or - al wh
AK...03811,wh bl - al yb
AK...03761,or al - bw or
AK...03761,or al - bw or
AK...03762,re or - al or
AK...03768,re bw - or al
AK...03779,or al - ye bl
AK...03785,bl al - or rw
AK...03780,yb al - bw bl
AK...03780,yb al - bw bl
AK...03776,wh bw - pg al
AK...03775,ye gr - al gr
AK...03775,ye gr - al gr
AK...03781,pg bw - al pg
AK...03866,re rw - bl al
AK...03858,pg gr - al pg
AK...03872,gr gr - al yb
AK...03873,bl wh - al re
AK...03825,yb al - bw ye
AK...03826,yb al - bw re
AK...03827,pg ye - al pg
AK...03836,pg al - or wh
AK...70157,wb pg - pg al
AK...70165,wh bw - al bl
AK...70166,wh al - ye or
AK...70153,or re - pg al
AK...70180,gr gr - al gr
AK...70179,al re - gr gr
AK...70179,al re - gr gr
AK...70176,pg al - or or
AK...70171,ye bw - rw al
AK...70152,or al - re bl
AK...13885,bw re - al gr
AK...70128,re al - ye rw
AK...70130,bl al - or wh
AK...70132,or al - or re
AK...70144,al or - re bw
AK...70149,re re - or al
AK...70141,ye gr - yb al
AK...70223,pg al - bw pg
AK...70224,wh gr - pg al
AK...70232,pg al - bw wh
AK...70239,wh or - al bw
AK...70188,al rw - bl bw
AK...70191,wh wh - gr al
AK...70192,pg al - bl or
AK...70193,bl al - bl gr
AK...70203,or bl - wh al
AK...70033,ye gr - al bw
AK...70034,pg al - or pg
AK...70034,pg al - or pg
AK...70034,pg al - or pg
AK...70038,gr bw - al pg
AK...70042,or al - re rw
AK...70029,ye bw - ye al
AK...26867,gr wh - re al
AK....6234,wh bl - yb al
AK...70001,ye al - ye ye
AK...70002,ye bw - bw al
AK...70003,ye gr - gr al
AK...70004,wh al - bl re
AK...70007,pi - al
AK...70009,ye ye - al rw
AK...70025,re ye - al re
AK...70012,re al - bl ye
AK...70019,ye al - ye gr
AK...70060,ye al - ye rw
AK...70107,yb gr - al gr
AK...70099,ye bw - pg al
AK...70100,or al - or bw
AK...70106,ye gr - re al
AK...70111,wh bl - bl al
AK...70108,re al - ye ye
AK...70076,yb al - re yb
AK...70064,re al - ye bw
AK...70065,ye gr - al bl
AK...70070,or al - re wh
AK...70072,re al - ye re
AK...70073,re ye - al pg
AK...70087,ye al - gr bw
AK...70086,ye al - gr bl
AK...70074,tr gy - re al
AK...70083,rw bl - al bw
AK...70075,ye al - ye re
AK...70080,ye al - ye wh
AK...72550,or or - al or
AK...72830,wr - al
AK...72684,ye rw - al bw
AK...72688,bw re - al bw
AK...72470,al bw - rw bw
AK...72450,or bl - al ye
AK...72449,re rw - or al
AK...72499,or bl - or al
AK...72475,wh bw - or al
AK...72475,wh bw - or al
AK...72408,or al - ye or
AK...72408,or al - ye or
AK...73323,or bw - bw al
AK...73300,al - rw pb
AK...73343,re al - bw bw
AK...73345,re al - bl wh
AK...73292,bw al - or ye
AK...73329,bw bl - ye al
AK...73261,bw al - gr gr
AK...73261,bw al - gr gr
AK...73255,bw al - or bl
AK...73255,bw al - or bl
AK...73281,bw ye - ye al
AK...73283,or or - re al
AK...73287,bw wh - or al
AK...73270,or bw - ye al
AK...73269,bw al - bw ye
AK...73293,bw ye - bw al
AK...73274,or al - bw bw
AK...73274,or al - bw bw
AK...73274,or al - bw bw
AK...73276,bw al - or re
AK...73432,ye al - bw or
AK...73454,gr re - gr al
AK...73469,bw al - or ye
AK...73468,or ye - bw al
AK...73478,re al - wh or
AK...73457,or al - or or
AK...73457,or al - or or
AK...73465,gr al - re or
AK...73378,bw al - bl or
AK...73383,or ye - wh al
AK...73365,or or - wh al
AK...73368,bw al - re wh
AK...73370,bw al - bw or
AK...73405,bl or - or al
AK...73397,or al - re or
AK...73059,bw bl - bw al
AK...73058,or bw - bl al
AK...73056,bl bl - re al
AK...73048,or or - gr al
AK...73051,bw al - re bl
AK...73084,or ye - bw al
AK...73084,or ye - bw al
AK...73084,or ye - bw al
AK...73091,bl gr - ye al
AK...73072,or al - or wh
AK...73073,bl or - gr al
AK...73078,or or - gr al
AK...73080,or bw - bw al
AK...73083,bw al - ye or
AK...73005,or or - bw al
AK...73021,or bl - wh al
AK...73021,or bl - wh al
AK...73021,or bl - wh al
AK...73014,or or - bl al
AK...73016,bl wh - bl al
AK...73198,bl bl - wh al
AK...73199,gr gr - ye al
AK...73200,gr gr - bl al
AK...71627,bl bw - al ye
AK...71623,bl bl - re al
AK...71620,bw al - or rw
AK...71620,bw al - or rw
AK...71589,wh bw - rw al
AK...71591,wh bl - gr al
AK...71572,al bw - wh bw
AK...71612,al rw - or or
AK...71757,wh bw - re al
AK...71757,wh bw - re al
AK...71787,bl bl - al ye
AK...71787,bl bl - al ye
AK...71686,re al - bl rw
AK...71561,ye re - ye al
AK...71715,bw bl - or al
AK...71348,bw al - or re
AK...71299,gr al - bl bw
AK...71313,rw re - bw al
AK...71313,rw re - bw al
AK...71313,rw re - bw al
AK...71539,gr wh - re al
AK...71503,or bw - al rw
AK...71503,or bw - al rw
AK...71419,ye al - or or
AK...71995,ye al - or ye
AK...72112,bl or - re al
AK...71958,al rw - wh bl
AK...71974,ye al - bl bw
AK...71969,or bl - re al
AK...71926,or al - rw rw
AK...71926,or al - rw rw
AL...64083,wh bw - al rw
AL...64055,al ye - rw or
AL...64023,wh wh - wh al
AL...63344,wb pw - al
AL...63347,wh al - bl bl
AL...63348,ye rw - re al
AL...63318,re or - re al
AL...63350,yb rw - wh al
AL...63356,re al - bl bl
AL...63357,ye gr - al ye
AL...63349,wh al - wh pg
AL...63325,al ye - wh re
AL...63327,bw al - pb ye
AL...63327,bw al - pb ye
AL...63405,rw wb - al pg
AL...63401,pg al - wh bl
AL...63404,al ye - tr
AL...63407,wh al - wh ye
AL...63411,rw re - al bl
AL...63417,wr - al
AL...63369,bw - al
AL...63242,wh al - wh re
AL...63242,wh al - wh re
AL...63239,wh bw - al or
AL...63249,al bl - bw pb
AL...63250,bw pb - re al
AL...63250,bw pb - re al
AL...63214,wr - al
AL...63204,al wh - bw re
AL...63208,al wh - bw bw
AL...63213,rw al - bl bl
AL...63215,al rw - ye yb
AL...63216,wh yb - wh al
AL...63289,tr - pi al
AL...63291,pb bl - wh al
AL...63262,wh al - rw re
AL...63312,wr - al
AL...63273,rw al - bl re
AL...63276,al yb - pg wb
AL...63575,or pg - pg al
AL...63576,wh pb - wh al
AL...63546,wh al - pg yb
AL...63539,wh al - wh bl
AL...63542,wh rw - al wh
AL...63547,bw pb - al wh
AL...63550,al rw - rw ye
AL...63586,rw re - bw al
AL...63619,bw al - rw pb
AL...63619,bw al - rw pb
AL...63627,pg al - re bw
AL...63593,al pi - ye or
AL...63607,rw bl - al wh
AL...63608,yb re - wh al
AL...63464,ye rw - ye al
AL...63466,bw re - ye al
AL...63467,re al - ye bw
AL...63471,ye re - al pg
AL...63431,pg al - bw rw
AL...63514,wb bw - pb al
AL...63502,al - pb
AL...63519,pb pb - al wh
AL...63523,al or - tr bl
AL...63485,bw pb - pg al
AL...63488,al pi - ye gr
AL...63494,al wh - ye bl
AL...63496,al bw - wh bl
AL...63498,al - pb
AL...63487,bw re - gr al
AN...13608,al bl - re ye
AN...13610,re ye - wh al
AN...13649,re al - re wh
AN...13649,re al - re wh
AN...13637,re re - al ye
AN...13365,re ye - re al
AN...13769,al wh - wh re
AN...13687,re al - bl wh
AN...13665,gr al - wh bl
AN...13665,gr al - wh bl
AN...13666,gr al - ye wh
AN...13678,re al - wh bl
AN...13741,re wh - ye al
AN...13741,re wh - ye al
AN...13120,re ye - al wh
AN...13124,wh ye - wh al
AN...13127,wh re - gr al
AN...13088,ye re - ye al
AN...13102,al re - ye gr
AN...13168,wh re - bl al
AN...13009,al gr - re ye
AN...13070,bl gr - al re
AN...13173,wh al - re bl
AN...13045,al gr - re wh
AN...13281,re re - al re
AN...13275,bl al - bl bl
AN...13279,rw rw - al re
AN...13334,re wh - al wh
AN...13310,re ye - ye al
AN...13194,re bl - al wh
AN...13194,re bl - al wh
AN...13205,ye wh - al wh
AN...13195,ye wh - al ye
AN...13186,al wh - bl ye
AN...13186,al wh - bl ye
AN...13187,al wh - bl re
AN...13193,al bl - re re
AN...13247,al wh - wh wh
AL...64244,wh bw - al wh
AL...64271,al ye - ye or
AL...64186,al ye - or rw
AL...64213,al ye - or bw
AL...64217,al ye - ye or
AL...64480,al bl - rw bw
AL...61140,re bw - al re
AL...61131,re bl - wh al
AL...61131,re bl - wh al
AL...61135,re bw - al or
AL...61135,re bw - al or
AL...61142,re bw - al rw
AL...61143,re bw - bl al
AL...61143,re bw - bl al
AL...61144,re bw - ye al
AL...61144,re bw - ye al
AL...61144,re bw - ye al
AL...61129,al wh - bw wh
AL...61129,al wh - bw wh
AL...61161,bw or - al wh
AL...61153,re bw - or al
AL...61154,bw bl - al wh
AL...61156,bw bl - ye al
AL...61157,bw ye - bw al
AL...61158,bw ye - re al
AL...61158,bw ye - re al
AL...61162,bw or - bw al
AL...61164,or al - ye re
AL...61017,bl bw - al or
AL...61017,bl bw - al or
AL...61013,or ye - gr al
AL...61013,or ye - gr al
AL...61014,wh bl - al ye
AL...61014,wh bl - al ye
AL...61015,wh bl - al or
AL...61015,wh bl - al or
AL...61015,wh bl - al or
AL...61018,bl bw - al re
AL...61049,bw or - al rw
AL...61040,re al - bl wh
AL...61040,re al - bl wh
AL...61041,re al - bw bl
AL...61041,re al - bw bl
AL...61042,re al - bw ye
AL...61042,re al - bw ye
AL...61043,re al - bw re
AL...61043,re al - bw re
AL...61044,re al - ye wh
AL...61044,re al - ye wh
AL...61045,re al - re ye
AL...61045,re al - re ye
AL...61046,re al - re or
AL...61046,re al - re or
AL...61016,wh bl - al re
AL...61016,wh bl - al re
AL...61048,re al - rw ye
AL...61048,re al - rw ye
AL...61037,or al - wh bw
AL...61047,re al - rw bl
AL...61047,re al - rw bl
AL...61047,re rw - al bw
AL...61029,bw al - or ye
AL...61019,re bl - gr al
AL...61020,re bl - al rw
AL...61021,re bl - or al
AL...61021,re bl - or al
AL...61023,wh bl - re al
AL...61024,wh bl - rw al
AL...61025,wh bl - wh al
AL...61026,wh bw - al wh
AL...61039,or al - wh re
AL...61039,or al - wh re
AL...61028,wh bw - ye al
AL...61028,wh bw - ye al
AL...61038,or al - wh ye
AL...61030,bw al - or or
AL...61031,bw al - rw ye
AL...61032,or al - rw ye
AL...61032,or al - rw ye
AL...61033,or al - rw or
AL...61033,or al - rw or
AL...61034,or al - rw re
AL...61035,or al - rw wh
AL...61035,or al - rw re
AL...61036,or al - wh bl
AL...61027,wh bw - bw al
AL...61027,wh bw - bw al
AK...76747,bl al - re bl
AK...76742,wh ye - al yb
AK...76750,al wh - rw bw
AK...76727,bl wh - pg al
AK...76721,re bl - al wh
AK...76794,rw al - wh bw
AK...76785,al yb - re re
AK...76777,re al - bw bl
AK...76756,al bw - re re
AK...76807,bl al - pb re
AK...76801,al rw - bl yb
AK...76809,al pi - bl or
AK...76920,rw al - ye wh
AK...76915,ye re - al rw
AK...76900,bw - al
AL...61010,or ye - al or
AL...61002,al rw - rw or
AL...61003,al rw - rw rw
AL...61005,al bw - bl ye
AL...61006,al wh - bl re
AL...61007,al wh - bl wh
AL...61008,or ye - al bl
AL...61008,or ye - al bl
AL...61011,or ye - al re
AL...61011,or ye - al re
AL...61012,or ye - bw al
AL...61009,or ye - al ye
AL...61009,or ye - al ye
AL...61001,al rw - re or
AK...76951,wh bw - al yb
AK...76837,or al - ye bw
AK...76832,rw re - ye al
AK...76846,wh al - rw bl
AK...76859,al wh - pb bl
AK...76860,re wh - al wh
AC...85436,re or - al wh
AC...85457,al gr - rw or
AC...85450,bl al - or re
AC...85454,re re - al ye
AC...85386,bw bw - gr al
AC...85398,or ye - al bw
AC...85392,bw al - bw ye
AC...85393,ye or - bw al
AC...85395,ye bl - al wh
AC...85377,gr al - bl or
AC...85378,or bw - al ye
AC...85379,al ye - or or
AC...85532,gr al - bw bl
AC...85540,bl rw - or al
AC...85541,bl al - ye wh
AC...85473,or rw - wh al
AC...85494,al re - or ye
AC...85191,al ye - or bl
AC...85330,re ye - al bw
AC...85324,bl rw - bl al
AC...85326,bw al - tr
AC...85334,ye bl - or al
AC...85335,gr al - wh bw
AC...85336,al bl - ye ye
AC...85322,al gr - rw bw
AC...85321,al gr - re wh
AC...85318,re bl - al wh
AC...85337,or re - ye al
AC...85358,re or - al ye
AC...85362,al wh - or ye
AC...85368,al wh - re or
AC...85361,bw re - ye al
AC...85355,bw ye - gr al
AC...85351,rw al - bl bw
AC...85970,pi - al
AC...85922,or bl - or al
AC...85806,al bw - wh ye
AC...85801,or ye - bl al
AC...85668,ye bw - ye al
AC...85657,ye rw - bl al
AC...85691,or ye - ye al
AC...85698,ye re - re al
AC...85593,bl or - al rw
AC...85587,ye wh - or al
AC...85630,al gr - rw wh
AC...85637,al or - re wh
AC...85715,or al - bw bl
AC...97527,gr al - bl ye
AC...97539,or bl - ye al
AC...97538,gr al - bl bl
AC...97537,or bl - al wh
AC...97531,gr al - bl re
AC...97530,or bl - bl al
AC...97528,ye wh - wh al
AC...97523,ye wh - ye al
AC...97517,ye wh - bl al
AC...97529,gr al - bl or
AC...97553,al bl - or or
AC...97558,re al - bl bl
AC...97557,wh al - wh wh
AC...97554,re al - bl ye
AC...97551,al bl - gr re
AC...97544,gr al - bl wh
AC...97479,wh al - or wh
AC...97478,wh al - or re
AC...97477,re re - or al
AC...97473,or ye - al re
AC...97504,al bl - or re
AC...97503,bl bl - wh al
AC...97501,bl al - bl or
AC...97566,wh bl - or al
AC...97592,al pb - pi gr
AC...97592,al pb - pi gr
AC...97263,bl gr - re al
AC...97253,al bl - bl gr
AC...97251,or al - wh wh
AC...97298,al rw - rw rw
AC...97291,re or - al or
AC...97201,al ye - ye ye
AC...97244,al ye - bl or
AC...97241,bl re - al or
AC...97418,ye ye - wh al
AC...97430,bl re - al gr
AC...97411,or re - re al
AC...97417,al bw - bw re
AC...97454,al bl - gr gr
AC...97453,al bl - gr bl
AC...97452,al bl - ye or
AC...97451,al bl - bl or
AC...97317,bl al - or bl
AC...97976,wh bl - gr al
AC...97987,re bl - al or
AD...01120,bw ye - al ye
AD...01095,bw ye - al re
AD...01004,ye wh - al ye
AD...01038,bw ye - al or
AD...01045,gr bl - al ye
AC...97689,wh al - bl ye
AC...97848,re wh - or al
AC...97847,wh ye - al or
AC...97806,wh or - bl al
AC...86700,re bl - al ye
AC...86637,ye wh - al wh
AC...86317,pb - al
AC...97032,bl or - wh al
AC...97080,bl bl - al or
AC...97075,bl ye - or al
AC...97068,bl or - re al
AC...86996,or pb - re al
AC...87000,wh re - al pb
AC...86999,re al - re pb
AC...86997,pb bw - re al
AC...86995,bl pb - ye al
AC...86994,al pb - or pb
AC...86993,pb bw - al ye
AC...86992,ye al - bl or
AC...86991,re bl - rw al
AC...86990,re bw - rw al
AC...86989,al wh - ye bw
AC...86988,wh al - or rw
AC...86987,rw al - or re
AC...86986,bw rw - al or
AC...86985,bw rw - al bw
AC...86998,pb al - rw rw
AC...97023,al bl - gr ye
AC...97162,al bl - bl re
AC...97167,wh wh - al wh
AC...97169,al bl - gr wh
AC...86982,or pb - bl al
AC...86984,bw re - rw al
AC...86727,gr al - wh bl
AC...86740,or al - bl or
AC...86739,rw or - ye al
AC...86738,rw or - bw al
AC...86737,or al - bl ye
AC...86736,rw or - bl al
AC...86735,or al - bl bw
AC...86734,rw or - al wh
AC...86733,or al - bl bl
AC...86732,gr al - wh re
AC...86731,gr al - wh or
AC...86730,gr al - wh ye
AC...86728,gr al - wh bw
AC...86743,or al - bl rw
AC...86726,rw ye - wh al
AC...86725,gr al - rw wh
AC...86724,rw ye - rw al
AC...86723,gr al - rw or
AC...86722,rw ye - or al
AC...86721,gr al - rw or
AC...86720,rw ye - gr al
AC...86729,rw or - al bw
AC...86741,or al - bl re
AC...86742,or al - bl re
AC...86750,rw re - al ye
AC...86749,re al - re or
AC...86748,or al - bw or
AC...86747,or al - bw ye
AC...86746,rw re - al bw
AC...86745,or al - bw bl
AC...86744,re al - re ye
AC...86929,re bw - al or
AC...86933,al bw - rw or
AC...86932,or pb - al pb
AC...86931,pb al - pb bw
AC...86981,gr al - wh ye
AC...86980,al bw - re re
AC...86979,al bw - re or
AC...86978,bw re - or al
AC...86977,or wh - wh al
AC...86976,bw re - ye al
AC...86973,al gr - bw bl
AC...86972,re al - wh or
AC...86928,or rw - al or
AC...86971,re al - wh ye
AC...86847,al wh - bl bl
AC...86840,or bw - al wh
AC...86930,al bw - wh or
AC...86926,al or - or re
AC...86903,bw re - wh al
AC...86824,rw wh - wh al
AC...61303,or wh - gr al
AC...61324,ye wh - al bl
AC...61323,ye re - al bl
AC...61317,bw gr - al gr
AC...61310,yb al - gr ye
AC...61343,or al - bl wh
AC...61351,ye rw - al bw
AC...61302,al gr - gr bl
AC...61336,bw re - al bw
AC...61334,bw gr - al pg
AC...61279,wh gr - re al
AC...61279,wh gr - re al
AC...61258,or wh - bw al
AC...61301,al gr - gr re
AC...61356,ye al - bw or
AC...61286,wh gr - al wh
AC...61443,bl bw - al gr
AC...61479,ye rw - or al
AC...61467,rw ye - al rw
AC...61466,ye bw - al bw
AC...61464,rw or - al rw
AC...61463,wh gr - al re
AC...61462,wh gr - gr al
AC...61374,bl bw - al bl
AC...61372,or bw - ye al
AC...61371,wh al - or bw
AC...61382,or ye - al wh
AC...61393,bl ye - al bl
AC...61402,or rw - gr al
AC...61401,al re - bw bl
AC...61380,or bw - gr al
AC...61395,al re - ye bl
AC...61396,bl re - al bl
AC...61121,bl bl - al rw
AC...61131,bw bw - al yb
AC...61134,bw gr - al bl
AC...61116,al gr - bw gr
AC...61114,bl gr - al pg
AC...61123,al pi - rw bl
AC...61155,gr al - or wh
AC...61154,gr al - or rw
AC...61153,gr al - or or
AC...61152,or bw - al pi
AC...61151,gr wh - al pi
AC...61150,al pi - gr re
AC...61149,al pi - or wh
AC...61138,al bw - yb ye
AC...61082,al pi - wh bw
AC...61078,al pi - wh gr
AC...61065,al rw - rw pg
AC...61102,al re - gr wh
AC...61159,bw rw - al pi
AC...61211,al pi - gr bl
AC...61248,al re - ye ye
AC...61233,al pi - or re
AC...61173,al gr - ye gr
AC...61163,al re - bw ye
AC...61162,al gr - bw bw
AC...61161,re or - al pi
AC...61160,al pi - bw re
AC...61193,wh gr - ye al
AC...61158,bw or - al pi
AC...61199,al ye - bl re
AC...61191,al or - bw re
AC...61185,wh bl - al rw
AC...61830,or ye - al rw
AC...61745,or re - gr al
AC...61730,bw al - bl wh
AC...61761,wh al - or ye
AC...61749,gr wh - al wh
AC...61929,bl al - or ye
AC...61926,bw or - al wh
AC...61858,al bw - wh gr
AC...61853,al ye - bl rw
AC...61852,or or - al wh
AC...61898,al yb - re ye
AC...61908,yb al - gr gr
AC...61541,re bl - al or
AC...61550,bw al - re rw
AC...61549,ye or - al wh
AC...61546,or bw - or al
AC...61545,gr gr - al wh
AC...61544,rw bw - al rw
AC...61587,al rw - rw rw
AC...61496,bw bw - al bl
AC...61487,bw ye - al gr
AC...61484,al gr - bw rw
AC...61533,al or - bw rw
AC...61675,bl gr - al gr
AC...61700,al yb - re bl
AC...61623,gr al - re re
AC...60502,al re - gr gr
AC...60411,re bl - al pi
AC...60600,al pi - rw gr
AC...60625,gr al - rw bw
AC...60621,al pi - or bw
AC...60550,al pi - or ye
AC...60400,al pi - ye wh
AC...60564,ye bl - al yb
AC...60254,rw bl - al pi
AC...60253,al pg - gr ye
AC...60251,al re - bw re
AC...60250,bw al - or bl
AC...60257,re re - al pi
AC...60258,ye wh - al rw
AC...60201,gr bw - al re
AC...60200,al pi - bl gr
AC...60199,rw re - al pi
AC...60194,bl re - al or
AC...60192,re bl - al pi
AC...60229,bw gr - al pi
AC...60224,re rw - al ye
AC...60220,al pi - yb ye
AC...60209,al yb - gr wh
AC...60362,bw bl - al bl
AC...60361,yb ye - al pi
AC...60359,re bw - al pi
AC...60298,gr al - wh rw
AC...60291,yb al - wh ye
AC...60284,gr al - wh bw
AC...60295,re re - wh al
AC...60322,al pi - bw wh
AC...60323,re gr - al pi
AC...60326,al pi - wh or
AC...60958,bl al - wh bl
AC...60924,al rw - rw yb
AC...60943,wh bw - al re
AC...60939,al pi - re wh
AC...60884,al pi - or rw
AC...60883,yb re - al pi
AC...60880,bw ye - al pi
AC...60876,al gr - gr gr
AC...60874,gr yb - al pi
AC...60867,al re - ye re
AC...60909,re rw - al bw
AC...60901,al pi - re gr
AC...61032,gr ye - al bl
AC...61031,ye bl - al pi
AC...61030,bw wh - al pi
AC...61026,gr bl - al bl
AC...61012,gr al - wh wh
AC...61057,al pi - re or
AC...61056,al pi - gr gr
AC...61055,gr bl - al wh
AC...61050,al re - gr ye
AC...61047,wh pg - al pi
AC...61045,gr re - al pi
AC...61043,or rw - al pi
AC...61042,al yb - re re
AC...61041,al pi - or or
AC...61051,al pi - re bw
AC...60979,al ye - pg bw
AC...60978,bw re - al pi
AC...60983,al pi - bw or
AC...60965,gr al - rw re
AC...60964,al re - ye bw
AC...60972,re rw - al or
AC...60991,al re - bw wh
AC...60990,al re - re ye
AC...60989,al ye - or ye
AC...60987,bw bl - al pi
AC...60986,bw ye - al bl
AC...60985,re rw - al wh
AC...60698,wh bl - al pi
AC...60693,ye wh - rw al
AC...60686,gr al - rw wh
AC...60650,al rw - yb ye
AC...60653,al pi - wh ye
AC...60651,pi pi - rw al
AC...60646,al pi - re bl
AC...60632,or wh - al pi
AC...60683,bl bl - al bl
AC...60681,al pi - wh re
AC...60678,al pi - gr wh
AC...60661,ye wh - re al
AC...84608,al gr - bw bl
AC...84606,gr al - or or
AC...84627,gr al - wh rw
AC...84561,al gr - wh wh
AC...84572,pb - al
AC...84440,al ye - re bl
AC...84521,gr al - ye ye
AC...84527,bl al - or or
AC...84450,al ye - or bw
AC...84493,ye gr - al wh
AC...84481,ye al - bl gr
AC...84479,al bw - bw ye
AC...84477,al bl - gr gr
AC...84476,bw bl - al or
AC...84950,bl gr - al gr
AC...85111,bl or - bw al
AC...84753,al or - re wh
AC...83270,rw al - bw ye
AC...61970,gr bl - al bw
AC...61977,ye or - or al
AC...61975,wh al - ye rw
AC...61961,bw al - gr wh
AC...84196,re re - bl al
AC...84193,wh wh - al or
AC...84194,ye ye - or al
AC...84130,rw or - al ye
AC...84128,rw wh - bw al
AC...84131,wh or - al rw
AC...84258,wh wh - al re
AC...84002,ye ye - wh al
AC...84026,wh or - al re
AC...84047,or al - re re
AC...84028,re al - wh ye
AC...84032,bl al - ye ye
AC...84031,al gr - bl bl
AD...99953,gr ye - al wh
AD...99875,rw re - al re
AE...02110,ye al - ye bw
AE...02102,bw or - wh al
AE...02030,or bw - re al
AE...02046,ye al - re or
AD...99649,ye gr - al wh
AD...99638,gr al - ye bl
AD...99663,al wh - ye bl
AD...99801,al ye - ye or
AD...99791,gr al - gr wh
AD...99749,al - pb
AE...02352,bw al - or wh
AE...02356,bw rw - al ye
AE...02360,bw re - bw al
AE...02455,wh gr - al re
AE...02454,bw ye - gr al
AE...02191,bl al - or re
AE...02179,gr al - rw or
AE...02205,al bw - re or
AE...02132,gr al - wh or
AE...02133,bw rw - al re
AE...02282,or re - ye al
AE...02319,ye al - re rw
AE...02302,or or - bw al
AE...02309,wh or - al ye
AE...02226,pb ye - al bw
AD...99074,re pb - al rw
AD...99076,wh or - rw al
AD...99196,re al - ye re
AD...99156,al re - bl ye
AD...99127,re al - ye bl
AD...99126,wb ye - bl al
AD...99126,gr gr - al gr
AD...99113,al gr - wh re
AD...80820,al bl - wb re
AD...99155,ye bl - re al
AD...99151,al re - ye or
AD...99141,wh al - ye wh
AD...73837,or wh - al re
AD...73836,al or - bw wh
AD...73830,al bw - wh bl
AD...73829,or rw - al rw
AD...73889,pg rw - al bl
AD...73826,al or - re wh
AD...73828,al re - ye or
AD...73771,bw al - bl rw
AD...73804,ye rw - rw al
AD...73823,or ye - bw al
AD...73820,al or - re rw
AD...73800,bw al - or re
AD...73815,yb al - re re
AD...73965,bl bl - al yb
AD...73972,wh re - al re
AD...73956,gr al - gr wh
AD...73991,gr al - bl bl
AD...73986,bl bl - gr al
AD...73917,al ye - gw gr
AD...73916,al ye - gw ye
AD...73910,bw bl - or al
AD...73909,bw re - al rw
AD...73906,bw al - rw wh
AD...73920,al ye - gw pi
AD...73903,bw re - wh al
AD...73899,yb al - wh bw
AD...73907,rw bw - rw al
AD...73918,al ye - gw or
AD...73919,al ye - gw pg
AD...73930,al gr - gw pi
AD...73929,gw pg - al gr
AD...73926,gw or - al gr
AD...73925,al gr - gw pg
AD...73924,al gr - gw re
AD...73923,al ye - gw wh
AD...73922,al ye - gw rw
AD...73921,al ye - gw re
AD...99597,gr al - gr ye
AD...99627,ye wh - bl al
AD...99302,al re - bl gr
AD...99338,wh gr - al wh
AD...99332,gr al - re wh
AE...03464,al bl - ye bl
AE...03476,re bl - bl al
AE...03475,bl wh - al or
AE...03473,wh or - wh al
AE...03472,re re - or al
AE...03471,al gr - pb rw
AE...03468,al ye - re bl
AE...03467,rw al - or ye
AE...03478,or rw - al rw
AE...03465,ye re - bl al
AE...03479,al bw - wh ye
AE...03466,re rw - al bw
AE...03495,re bl - al re
AE...03499,re bl - al ye
AE...03498,al bw - wh or
AE...03477,re re - al ye
AE...03496,al gr - wh ye
AE...03492,al ye - ye ye
AE...03491,re ye - al re
AE...03490,ye bl - al re
AE...03489,al ye - re re
AE...03487,re wh - al or
AE...03486,re bl - al or
AE...03485,al gr - wh wh
AE...03483,ye or - al or
AE...03482,ye or - al ye
AE...03481,al ye - ye re
AE...03480,wh or - al ye
AE...03497,or bw - al re
AE...03449,gr al - ye rw
AE...03448,gr al - ye or
AE...03447,or bw - gr al
AE...03446,or bl - gr al
AE...03445,ye or - al gr
AE...03444,bw wh - gr al
AE...03443,bw re - gr al
AE...03442,gr al - bl bl
AE...03584,al bl - wh wb
AE...13066,al re - ye gr
AE...13230,bl wh - bl al
AE...13221,or al - ye bl
AE...13164,rw rw - al rw
AE...13172,re or - bl al
AE...13051,ye wh - al or
AE...13023,ye al - wh gr
AE...13036,gr wh - al bl
AE...03954,re al - tr
AE...03964,al gy - tr pi
AE...02830,rw wb - al pb
AE...02815,pb - al
AE...02807,or rw - ye al
AE...02765,or bl - bl al
AE...02760,gr al - wh re
AE...02612,rw pb - al ye
AE...02628,al bw - bl or
AE...02626,wh bw - al bw
AE...02566,re or - al re
AE...02554,al gr - or bl
AE...02545,or bw - ye al
AE...02584,gr al - rw rw
AE...02658,gr al - wh bl
AE...02686,bl gr - al re
AE...03266,or bw - al bw
AE...03278,al gr - ye wh
AE...03227,bw rw - al ye
AE...03392,gr al - bw or
AE...03329,al gr - or ye
AE...03072,al ye - re pb
AE...03019,al bw - re rw
AE...03099,bw re - bw al
AE...03096,al ye - rw bw
AE...03126,ye or - ye al
AD...73896,or or - al re
AD...01405,re al - bl or
AD...01404,gr re - al bw
AD...01414,al bw - bl ye
AD...01556,bl bw - bw al
AD...01599,al gr - or wh
AD...01590,bl wh - al ye
AD...01197,bw al - wh ye
AD...01235,al gr - or ye
AD...01188,bl or - al bw
AD...01913,bl al - bl or
AD...01909,or bl - bl al
AD...01917,al re - ye ye
AD...01898,al wh - ye or
AD...01905,re re - ye al
AD...01936,bw gr - al bl
AD...01935,gr re - al re
AD...01882,al bl - ye bw
AD...16220,al or - wh wh
AD...01999,or al - bw ye
AD...16835,gr al - wh ye
AD...16834,pg wh - al re
AD...16804,bw bw - bl al
AD...16800,rw wh - re al
AD...16608,re or - pb al
AD...01951,bw al - bl re
AD...01990,re al - or wh
AD...01989,wh wh - al bw
AD...01987,bw al - re ye
AD...01986,al re - gr bl
AD...01985,al wh - bl gr
AD...01683,ye al - ye bl
AD...01699,al or - ye wh
AD...01647,re ye - bw al
AD...01799,al or - re re
AD...01794,ye or - bl al
AD...01828,bw bl - al ye
AD...01785,ye bl - al bw
AD...01823,or al - bl ye
AD...01822,re ye - ye al
AD...01821,al or - bw bw
AD...01772,ye al - gr bl
AD...01781,or ye - al bw
AD...01779,al re - wh re
AD...01777,or or - ye al
AD...73111,or al - bl rw
AD...73125,al re - rw ye
AD...73140,al wh - wh gr
AD...73137,al gr - ye or
AD...73068,al gr - gr ye
AD...73066,gr wh - al bl
AD...73065,rw bl - gr al
AD...73064,yb ye - al bl
AD...73060,al ye - bl ye
AD...73058,bw gr - al bw
AD...73054,yb al - yb gr
AD...73051,bl al - rw or
AD...73063,al ye - bl gr
AD...73099,ye or - al bw
AD...73092,ye bl - al gr
AD...73073,bl al - rw ye
AD...73153,al re - re bw
AD...73082,bw al - or rw
AD...73078,al re - re bl
AD...73209,al gr - ye bl
AD...73208,yb gr - al bl
AD...73250,bw al - ye re
AD...73245,or bl - al ye
AD...73236,ye or - rw al
AD...73246,al bw - re or
AD...73165,al bw - pg bl
AD...73175,al bl - re or
AD...73169,yb al - wh re
AD...73166,re rw - gr al
AD...73162,or bw - al bw
AD...73159,yb al - re bl
AD...73198,ye al - bl rw
AD...73196,bw al - wh or
AD...67262,or ye - al bw
AD...73046,ye rw - al wh
AD...73036,yb ye - al rw
AD...73034,wh gr - yb al
AD...73033,yb al - gr wh
AD...73030,al ye - re or
AD...73025,al re - bl re
AD...73587,al or - ye rw
AD...73577,or bw - wh al
AD...73569,wh re - bl al
AD...73566,re al - wh gr
AD...73611,wh gr - al ye
AD...73606,re ye - al wh
AD...73588,or ye - re al
AD...73600,bl bl - yb al
AD...73600,bl bl - yb al
AD...73596,gw bl - al bw
AD...73595,gw bw - al bw
AD...73594,al bw - gw bl
AD...73593,gw ye - al bw
AD...73592,al bw - gw bw
AD...73591,al bw - gw ye
AD...73533,or rw - al or
AD...73528,al or - rw ye
AD...73550,al gr - or ye
AD...73561,al bw - gw rw
AD...73560,al bw - gw pi
AD...73559,al bw - gw pg
AD...73558,al bw - gw re
AD...73557,al bw - gw or
AD...73556,gw gr - al bw
AD...73555,al bw - gw gr
AD...73546,bw al - rw re
AD...73545,or rw - wh al
AD...73543,bl gr - yb al
AD...73540,al rw - bw re
AD...73729,al or - rw bl
AD...73719,pi - al
AD...73677,gr gr - al gr
AD...73764,bw al - bw rw
AD...73730,or ye - al ye
AD...73753,re ye - bl al
AD...73749,bw ye - wh al
AD...73628,gw pg - al bl
AD...73637,gw bl - al bl
AD...73636,al bl - gw bl
AD...73635,gw gr - al bl
AD...73634,gw bw - al bl
AD...73633,al bl - gw bw
AD...73632,gw ye - al bl
AD...73631,gw or - al bl
AD...73629,gw wh - al bl
AD...73627,gw pi - al bl
AD...73626,al bl - gw ye
AD...73625,gw re - al bl
AD...73630,gw rw - al bl
AD...73668,al bl - bl pg
AD...73647,re bl - al yb
AD...73322,gr yb - al wh
AD...73310,bw al - re or
AD...73326,ye - al
AD...73325,bw al - tr
AD...73335,al ye - gw bw
AD...73323,yb al - re bw
AD...73336,gw ye - al ye
AD...73321,al gr - gr bw
AD...73320,al gr - ye wh
AD...73319,gr re - al bw
AD...73318,re wh - al pg
AD...73314,gr re - al bl
AD...73313,al gr - re or
AD...73324,ye ye - rw al
AD...73370,ye bw - al bl
AD...73349,or ye - gr al
AD...73340,gw gr - al ye
AD...73339,gw bw - al ye
AD...73338,gw bl - al ye
AD...73337,al ye - gw bl
AD...73350,bw al - or bw
AD...73280,bw al - or ye
AD...73277,re or - gr al
AD...73271,bw al - wh rw
AD...73308,gr re - al wh
AD...73302,ye al - bw bw
AD...73456,ye bl - al bl
AD...73466,yb al - gr re
AD...73463,wh gr - al yb
AD...73470,al gr - ye ye
AD...73486,bw ye - al pg
AD...73474,or bl - rw al
AD...73472,yb al - wh bl
AD...73394,or al - bw bw
AD...73392,al bl - yb bl
AA...92269,wh bl - ye al
AA...92217,wh al - bl bl
AA...92346,wh al - bl or
AA...92346,wh al - bl or
AA...92372,re bw - bw al
AA...92319,bl gr - bl al
AA...92697,al gr - bw re
AA...92695,gr al - bw re
AA...92773,or al - bw bw
AA...92718,re al - ye bw
AA...92735,re al - bl wh
AA...92456,re bw - al rw
AA...90621,bl al - bw re
AA...90241,bl rw - gr al
AA...90240,re re - gr al
AA...90227,bl re - bw al
AA...90223,bl bl - rw al
AA...90442,ye al - re bw
AA...92027,al gr - bw ye
AA...92010,or ye - ye al
AA...92001,wh wh - al wh
AA...92150,wh wh - al wh
AA...92148,ye ye - gr al
AA...92141,rw or - gr al
AA...92137,bl bl - re al
AA...92135,rw re - bl al
AA...92149,ye ye - re al
AA...92164,re bl - al bw
AA...92134,rw or - al or
AA...92082,ye - al
AA...92131,bl al - bl bl
AA...92126,bl re - al gr
AA...92133,bl al - gr gr
AB...18225,bg al - tr
AA...97829,bw wh - al or
AA...97868,gr al - or ye
AA...97777,gr al - ye or
AA...97776,or re - al pi
AA...97996,gr al - wh or
AA...97904,bl ye - al pi
AA...97979,wh ye - al gw
AB...64022,gr al - rw bl
AB...64121,ye bl - wh al
AB...64106,al pi - gr bw
AB...64065,al or - bw bl
AB...64054,bw wh - al wh
AA...97085,pg al - re re
AA...97037,rw wh - al ye
AA...97025,pg al - gr rw
AA...97058,al wh - ye gr
AA...97052,re bl - al gr
AA...97197,bl bl - al gr
AA...97196,re bw - wh al
AA...97762,al rw - bw rw
AA...97222,re gr - gr al
AA...97176,al rw - or wh
AA...97162,pg al - bl pg
AA...92870,wh wh - al re
AA...92869,yb yb - yb al
AA...89996,al ye - or wh
AA...92990,re bl - bw al
AA...97011,bl rw - bl al
AA...92988,bl or - al or
AA...92997,re bw - gr al
AA...92991,re al - ye rw
AA...97541,bl al - wh gr
AA...97533,rw bw - al pi
AA...97532,al pi - ye gr
AA...97554,gr al - bl or
AA...97489,al pi - gr yb
AA...97529,al pi - rw or
AA...97480,bw rw - al wh
AA...97517,al pi - or bl
AA...97516,bw rw - bw al
AA...97499,al re - gr bl
AA...97514,gr al - or bw
AA...97759,ye bw - bl al
AA...97748,al yb - wh bl
AA...97661,al re - ye gr
AA...97660,bw rw - gr al
AA...97344,bw gr - re al
AA...97264,gr re - pg al
AA...97262,or or - bw al
AA...97261,rw wh - al bw
AA...97256,bw bl - wh al
AA...97250,bw bw - rw al
AA...97293,bl re - wh al
AA...97440,re al - bl bl
AA...97438,al rw - re bl
AA...97434,al yb - bw bl
AA...97417,bl wh - al rw
AA...97430,al rw - or ye
AA...97428,bl ye - al ye
AA...97423,al gr - bw ye
AA...97420,gr rw - pg al
AA...97458,al pi - ye rw
AA...97459,al pi - rw ye
AA...97448,bl ye - bw al
AA...97460,ye bl - rw al
AA...97359,al ye - or bl
AA...97398,bw or - al bw
AA...97394,bw bl - rw al
AA...97392,al rw - re ye
AA...83791,or or - al bw
AA...84357,ye bl - or al
AA...84341,ye al - bl re
AA...84379,al or - or or
AA...84371,al gr - wh gr
AA...89998,al gr - pi re
AA...84469,re wh - bl al
AA...84396,al ye - bl bl
AA...83084,ye al - bl wh
AA...83168,al or - bw re
AA...83006,bl ye - bl al
AA...83570,al wh - bl re
AA...83246,or wh - ye al
AA...89704,al bw - re bw
AA...89997,al ye - rw or
AA...89984,al ye - bw re
AA...89995,or rw - al bw
AA...89994,al ye - or rw
AA...89993,al ye - or bw
AA...89991,al ye - bw or
AA...89990,al bw - re ye
AA...89989,al bw - re bl
AA...89988,bw al - re bl
AA...89987,al bw - bw rw
AA...89986,al bw - bw or
AA...90058,or rw - al ye
AA...90158,ye bl - al wh
AA...90073,bl al - ye ye
AA...89938,wh rw - al wh
AA...89921,al bl - re bw
AA...89935,al bl - ye gr
AA...84763,bl or - bw al
AA...84511,gr al - ye bl
AA...84522,re ye - ye al
AA...84656,re al - bl bl
AA...89290,ye re - al rw
AA...84984,wh al - re or
AA...84980,ye al - ye or
AB...77623,tr - pm al
AB...77495,al or - bl or
AB...77334,bl wh - al wh
AB...77330,wh ye - bw al
AB...77325,al bl - re bw
AB...77317,bl al - wh or
AB...77294,bl ye - al or
AB...77464,al bl - re gr
AB...77457,bw bw - al re
AB...77468,al bl - re re
AB...77375,bl or - al ye
AB...77393,bl gr - al gr
AB...77771,bl gr - al pg
AB...77886,bl bl - al ye
AB...77898,al bl - gr wh
AB...77897,wh or - al bw
AB...77896,al bl - wh or
AB...77895,rw rw - al bw
AB...77894,re bl - al bw
AB...77893,al gr - wh bl
AB...77892,bl re - al or
AB...77891,al ye - bl wh
AB...77889,bl wh - al ye
AB...77887,al bw - bw bw
AB...77888,ye or - al bw
AB...77899,wh wh - al bw
AB...77900,ye ye - al ye
AB...76624,bw re - re al
AB...76388,al bw - bw bw
AB...76383,or al - or bl
AB...76376,al gr - gr gr
AB...77056,pb al - tr tr
AB...94441,bl re - bw al
AB...94147,or wh - bl al
AB...94229,re bl - al bl
AC...60024,bl or - al re
AC...60025,al ye - or re
AC...60023,pi pi - al ye
AC...60016,rw ye - bw al
AC...08298,re ye - al pi
AC...08256,al pi - bl rw
AC...60131,gr gr - al bl
AC...60129,ye bl - al gr
AC...60126,bw ye - pg al
AC...60099,bl re - al pi
AC...60181,bw or - or al
AC...60157,ye re - al bl
AC...60098,al pi - bw bw
AC...60050,wh ye - al re
AC...60049,al pi - bw bl
AC...60048,wh bl - al re
AC...60044,ye bw - al pi
AC...60076,ye wh - al or
AC...60073,pg re - al pi
AC...08110,al or - wh bw
AC...08103,bl ye - re al
AC...08100,al or - ye ye
AC...08095,rw bw - gr al
AC...08091,bw or - rw al
AC...08088,al or - ye re
AC...08128,bl al - ye bl
AC...08070,al or - or rw
AC...08066,al bw - bl re
AC...08192,al or - ye bl
AC...08203,bw ye - bw al
AC...08200,al or - rw bw
AC...08199,bw or - gr al
AC...08198,re al - or ye
AC...08197,re al - or bw
AC...08196,bw or - bw al
AC...08195,bw re - rw al
AC...08194,wh gr - al yb
AC...08239,or re - bw al
AC...08226,al or - ye bw
AC...08191,al wh - rw re
AC...08232,bw al - bw or
AC...08151,al wh - gw gr
AC...08163,al yb - gw bl
AC...08162,gw pi - al wh
AC...08161,al wh - gw yb
AC...08160,gw re - al wh
AC...08159,al yb - gw bw
AC...08158,al wh - gw pg
AC...08157,al wh - gw rw
AC...08156,al wh - gw pi
AC...08154,al wh - gw re
AC...08193,al re - or rw
AC...08152,al wh - gw or
AC...08166,gw rw - al wh
AC...08144,al re - bl or
AC...08143,bl wh - or al
AC...08143,bl wh - or al
AC...08153,gw pg - al wh
AC...08190,al wh - rw or
AC...08189,or rw - rw al
AC...08188,or wh - al ye
AC...08187,or rw - re al
AC...08186,gr gw - gr al
AC...08185,or re - ye al
AC...08184,al or - re re
AC...08183,or bw - bw al
AC...08181,re al - rw bl
AC...08181,re al - rw bl
AC...08164,gw wh - al wh
AC...08165,al wh - gw wh
AC...08174,bw or - bl al
AC...08172,gw wh - al re
AC...08171,al yb - gw or
AC...08170,gw yb - al wh
AC...08169,al yb - gw gr
AC...08168,gw yb - al re
AC...08167,al yb - gw ye
AC...08179,al bl - re bw
AB...89567,al pi - bl bl
AB...89566,al wh - re rw
AB...89559,al wh - or bl
AB...89548,al pi - gr ye
AB...89595,ye re - al pi
AB...89594,al pi - bl bw
AB...89593,ye or - al pi
AB...89583,bl bw - al pi
AB...89579,ye wh - wh al
AB...89599,ye rw - al pi
AB...89538,or ye - al pi
AB...89597,gr gr - al bl
AB...89622,al gr - wh or
AB...89625,al or - bl or
AB...89602,wh bw - al pi
AB...89600,al pi - bw ye
AB...89649,al wh - bl or
AB...89646,al rw - wh bl
AB...89629,al or - bw bw
AB...89598,bl rw - al pi
AB...89347,bl or - or al
AB...89334,bl bl - al or
AB...89378,al or - bl bw
AB...89303,re bw - yb al
AB...89295,al pb - rw ye
AB...89454,gr al - bw ye
AB...89483,al pi - ye or
AB...89391,bw rw - al rw
AB...89429,rw or - al pi
AB...93669,gr gr - al ye
AB...93707,bl or - al wh
AB...93702,bl or - wh al
AB...64417,al pb - bl bl
AB...64424,al gw - ye bl
AB...65372,rw ye - al wh
AB...64498,al bw - or re
AB...64499,re ye - al bw
AB...64480,bw bw - al rw
AB...65956,rw re - al or
AB...65965,re al - ye rw
AB...65964,re al - ye re
AB...65963,re al - ye or
AB...65962,wh or - al ye
AB...65961,re al - ye ye
AB...65960,re al - ye bl
AB...65959,re al - bw wh
AB...65957,re al - rw or
AB...65925,or al - bw ye
AB...65919,rw bw - wh al
AB...66019,ye re - ye al
AB...76392,wh bl - al or
AB...64408,bw rw - wh al
AB...65796,rw al - bl rw
AB...65813,gr al - wh rw
AB...65034,bl bw - gr al
AB...65025,bw rw - al wh
AB...65053,ye al - bl bl
AB...65049,al or - re bl
AB...65271,wh al - ye wh
AB...65302,wh gr - ye al
AB...76039,re al - or wh
AB...66988,bw rw - al bw
AB...66987,pi bw - ye al
AB...66983,re ye - al rw
AB...66993,wb rw - al bw
AB...66980,or bl - ye al
AB...66977,wh or - bl al
AB...67000,rw re - al ye
AB...66999,rw re - al bw
AB...66998,rw pb - wh al
AB...66997,rw al - wh pb
AB...66995,al ye - rw ye
AB...64346,al wh - or bw
AB...64350,al bw - gr wh
AB...76058,bl bl - al gr
AB...76083,or wh - rw al
AB...76078,or bl - al or
AB...66850,or pb - al ye
AB...66845,bl or - al or
AB...66840,al or - wh ye
AB...66837,re bl - ye al
AB...66862,ye bw - gr al
AB...66876,al pb - wb bl
AB...66874,re re - al bl
AB...66873,wh l  - gr yb
AB...66869,yb - al
AB...66868,pi - al
AB...66867,tr - al pb
AB...66859,al wh - pb pb
AB...66857,al or - bw ye
AB...66854,ye bw - al rw
AB...66853,ye al - bw or
AB...66810,bl wh - or al
AB...66830,re wh - al ye
AB...66829,re bw - al ye
AB...66828,al bl - re or
AB...66826,al gr - ye or
AB...66825,ye rw - al re
AB...66823,ye al - bw wh
AB...66818,ye re - wh al
AB...66817,rw al - or bw
AB...66816,al or - rw bl
AB...66814,al gr - or re
AB...66877,pb - al
AB...66972,re al - wh bw
AB...66962,re al - rw bw
AB...66958,wh bw - al ye
AB...66878,tr - rw al
AB...64249,al re - or or
AB...64250,al re - or re
AB...76317,al gr - ye gr
AB...64199,bw al - re re
AB...64341,al pi - ye ye
AB...76132,ye al - or or
AB...64307,gr ye - al pi
AB...64297,al bl - bw bl
AB...66331,bw rw - al rw
AB...66340,bl gr - bl al
AB...66345,pb bl - al pb
AB...66344,ye al - ye wh
AB...66344,ye al - ye wh
AB...66343,ye ye - bl al
AB...66341,rw or - al rw
AB...66329,re or - al pb
AB...66339,al bl - bl pb
AB...66338,rw ye - rw al
AB...66337,al bl - bl or
AB...66336,al or - wh ye
AB...66335,rw bw - al wh
AB...66334,re rw - al wh
AB...66333,al or - re bl
AB...66332,al or - bl re
AB...66342,al bw - rw bw
AB...66262,rw or - al re
AB...66802,wh al - bl or
AB...66157,al gr - ye re
AB...66156,gr al - wh re
AB...66155,al gr - re bl
AB...66110,al bw - re ye
AB...66225,al - tr re
AB...66224,wh pr - or al
AB...66223,re re - al wh
AB...66222,wb rw - al bw
AB...66221,wh wh - al wh
AB...66219,wh wh - al re
AB...66158,re al - bw bl
AB...66216,al ye - bw wh
AB...66212,al bw - or re
AB...66208,bw pb - wh al
AB...66207,bl al - rw bl
AB...66248,wb wb - al pg
AB...66247,yb - al
AB...66246,re re - al re
AB...66244,bw - al
AB...66226,al pb - tr
AB...66240,wh wb - al bw
AB...66227,wh wh - al bl
AB...66237,wr - al
AB...66236,wh wh - al ye
AB...66235,yb e  - bw al
AB...66234,pb - al
AB...66232,al - tr
AB...66231,al - tr ye
AB...66230,wh wh - al gr
AB...66229,al - gr re
AB...66243,wb bw - pg al
AB...66205,or wh - al ye
AB...66162,al gr - re bw
AB...66161,al gr - re re
AB...66159,al gr - re rw
AB...66195,ye al - wh wh
AB...66204,bl al - or ye
AB...66185,gr al - gr re
AB...66668,re al - re bw
AB...66663,al re - bw wh
AB...66655,al wh - bl rw
AB...66653,re bl - al re
AB...66750,al ye - bw ye
AB...66749,al ye - bw bw
AB...66714,al ye - re wh
AB...66713,al bw - or re
AB...66712,ye ye - wh al
AB...66717,bl or - bl al
AB...66725,al or - bl bl
AB...66722,al bw - re bw
AB...66498,al wh - bw bw
B...898425,gr gr - bw al
B...898522,bw bw - al bw
B...954343,wh rw - al wh
B...956107,wh al - wh wh
B...956099,ye al - yb yb
B...956385,ye al - ye ye
B...797935,al bl - re re
B...875504,gr gr - bl al
B...956930,yb al - yb yb
B...956942,yb yb - re al
B...956915,yb yb - wh al
B...956635,bl wh - al pg
B...956642,bl gr - pg al
B...956813,gr al - yb yb
B...956816,re al - re re
F...314745,al ye - pg or
F...413172,ye al - re re
F...484759,re re - gr al
F...497297,bl al - wh ye
F...497077,re re - ye al
F...497200,al gr - ye ye
F...497197,al gr - re re
F...497199,al gr - or or
F...497196,pi - al
F...497195,al bl - ye ye
F...497194,al bl - wh wh
F...497192,wh wh - al gr
F...497191,al bl - re re
F...497190,al bl - bl bl
F...497198,wh wh - al bl
F...432951,re wh - gr al
F...432737,re re - gr al
F...432642,al bw - re re
F...432650,gr al - re re
F...432648,gr al - re ye
F...432647,al bw - re rw
F...432643,rw or - al rw
AH...06033,al or - or bl
AH...06195,pg bw - al yb
AD...73415,ye al - bl or
AA...97683,al or - bl bl
AA...97681,al pi - bl ye
AC...61601,al gr - bw re
AC...61597,al gr - bw wh
AH...06128,or bl - bl al
AH...06127,or al - re bw
AH...06047,or al - bl bw
AD...73807,bw or - al rw
AF...06781,pi - al
AC...60148,ye gr - al pi
AC...60147,al pi - bl rw
AC...60149,pi pi - al bw
AC...60145,al pi - bl wh
AC...60146,pi pi - al wh
AC...60150,al pi - bl or
AH...06051,al gr - bl bl
F...803454,al wh - yb re
AC...60137,pi pi - al or
AH...06261,re bl - bl al
AH...06258,al wh - bl bl
AH...06218,bl al - bl wh
AH...06064,gr bw - bl al
AH...06065,bw or - bl al
AE...97717,al bl - bl gr
AE...97719,al or - wh wh
F...859825,re al - bl bw
AH...06016,bl al - bw wh
AE...97733,or bl - bl al
AE...97736,al gr - wh re
AB...76777,ye al - bl or
AE...97508,bl ye - re al
F...999544,bl rw - al rw
AC...60095,al rw - rw re
AC...60091,al pi - bw rw
AC...60090,bl wh - al pi
AH...06211,or bl - gr al
AH...06103,re re - re al
AH...06102,al pg - bl bl
F...829541,re ye - rw al
AE...85117,al pg - gr yb
AG...24221,re wh - bl al
AG...24312,re yb - re al
AG...24311,rw ye - re al
AE...97567,re al - ye rw
AE...97692,al bw - rw bl
AE...85292,bw or - al or
AE...97587,al re - bl wh
AE...97586,al bw - re wh
F...999538,al wh - gr ye
AG...24435,rw ye - al ye
AG...24431,re wh - re al
AE...97555,wh or - or al
F...804529,wh rw - al or
AB...64223,bl or - al bw
AB...64222,al ye - pg bl
F...999773,al bw - gr gr
F...859143,pg al - pg bl
AE...97526,al wh - bw wh
F...984170,wh or - al bw
F...859065,al pg - bl bl
AH...06008,gr al - gr wh
AH...06262,al pg - re gr
AC...61620,al bw - yb re
AC...61619,bw ye - al bw
AC...61616,al ye - bl bw
AC...61622,al ye - bl wh
F...804638,al bl - bw rw
F...859652,rw or - or al
AC...60177,or bl - al bw
AC...60173,pi pi - al gr
AE...97757,bl ye - bl al
AH...06074,gr al - or bl
AH...06166,bw bw - or al
AA...97734,bl gr - al pi
AL...64115,al bl - wh or
AL...64118,pi - al
F...829308,ye ye - al re
F...859689,al gr - bl re
F...687911,re bw - al ye
AC...61875,al bl - or re
AC...61873,or bw - al wh
AC...61872,bw al - or or
AC...61869,al wh - wh re
AE...85578,al bw - bl bl
AE...85577,or re - wh al
AC...60476,gr bl - al pi
AE...85004,or wh - al bw
AE...85001,re bl - rw al
AD...73697,bl wh - al or
AE...85611,bl or - re al
AE...85612,al bw - ye bw
AE...85610,al or - re ye
AG...24428,al bw - bl ye
AG...24894,al rw - or bw
F...741521,bl ye - al rw
AG...24603,or al - rw or
F...804593,rw rw - al or
F...804587,pg al - gr ye
F...803484,wh or - gr al
AA...97623,al pi - ye re
AC...60310,al pi - yb gr
AE...85376,al re - re or
AE...85375,or or - rw al
AE...85378,al rw - bl or
AE...85379,or wh - al or
F...741542,ye bw - al rw
F...741539,al gr - rw bw
AC...61884,yb ye - al ye
AC...61878,al bw - yb gr
AC...61876,bw bw - al pg
F...741575,al gr - or rw
F...741572,wh wh - pg al
AE...85331,bl rw - al or
AE...85221,al or - gw pi
AE...85218,al pg - re yb
AE...85225,re bl - al bw
AG...24215,gr ye - al yb
F...741460,bl ye - ye al
F...741405,al gr - bl or
AG...24693,bw ye - al wh
AA...97925,al pi - re ye
AA...97922,or or - al pi
AG...24822,al bl - bw or
AG...24825,re ye - gr al
AG...24825,re ye - gr al
F...804887,al ye - re rw
F...804888,al bl - rw pg
F...804890,wh re - pg al
AG...24510,pg al - or bl
AG...24506,al bl - pg bl
AE...85089,gr ye - al re
AE...85086,al gr - bl bl
F...696242,al wh - ye bl
F...696243,bw or - al ye
AC...61423,ye re - rw al
AC...61425,or ye - al re
F...804814,wh bl - pg al
AB...64358,pg wh - al pi
AG...25017,bw bl - al yb
AE...85451,or re - re al
AE...85453,or or - al bw
AC...61794,al bw - wh ye
AC...61784,al re - gr yb
AC...61792,or bw - rw al
AA...97570,ye al - wh rw
AG...24270,al bw - re bl
AG...24277,re ye - al re
AC...61415,ye bl - al pg
AC...61418,yb al - wh gr
AC...61422,al re - bl wh
AC...60335,bw wh - al bl
AC...61419,wh gr - bl al
AG...24851,re yb - al wh
AA...97561,al or - bw ye
AG...24635,bw bw - gr al
F...803214,al bl - pg pg
AE...85208,al wh - rw bl
AE...85214,al re - wh or
AC...61980,pg bw - al bl
F...804256,pg al - re ye
F...804253,al bl - re bl
AC...61890,or bl - al wh
AC...61885,yb al - wh pg
AC...61888,yb al - yb re
F...741595,ye wh - pg al
F...741599,ye al - rw rw
AD...73651,ye ye - al gr
AD...73653,bl re - or al
AC...60459,al re - bw bw
AC...60462,yb gr - al pi
AD...73513,re bl - bl al
AD...73514,al rw - bw bw
AG...24660,gr al - bw bl
AD...73843,bl bw - re al
AD...73845,bl bl - re al
AB...64391,gr bw - al pi
AB...64388,al rw - wh or
AC...61698,wh gr - bw al
AD...73741,or or - al ye
AD...73738,al or - re or
AD...73702,al bw - wh bw
AC...60109,bw bl - al bl
AC...60111,gr gr - al pi
AB...64206,bw rw - bl al
AB...64207,bw wh - al rw
AD...73361,al bw - wh re
AD...73368,yb ye - al re
AB...64483,al pb - re re
AD...73520,or rw - al wh
AD...73524,al pi - gr bl
AD...73525,or wh - al rw
AG...24529,gr al - yb gr
AA...97947,bw wh - ye al
AD...73438,wh gr - al gr
AC...60787,gr al - rw ye
F...741468,ye rw - al re
F...741475,bw bw - bl al
AA...97644,gr al - bl rw
AG...24625,gr ye - re al
AG...24490,al re - wh re
AG...24493,bw bl - re al
AG...24492,gr al - rw gr
AG...24496,al bl - wh pg
AA...97637,wh ye - al pi
AA...97938,ye wh - al pi
AA...97942,wh gr - al pi
AE...85038,al bw - pg or
AE...85032,al bl - gr re
AE...85039,gr ye - bw al
AE...85033,or ye - wh al
AE...85046,al re - bw rw
AE...85054,or bw - re al
AC...60729,pi pi - al bl
AC...60726,al yb - re bw
AC...60638,or bl - al pi
AC...60760,wh or - al pi
AC...61671,bl ye - al gr
AC...60318,gr al - rw rw
AC...60313,bw re - al bl
AC...60315,re ye - al pi
AH...06268,gr al - ye ye
F...803465,rw bw - al pg
AC...61438,ye al - ye or
AC...61434,al gr - or re
F...999726,al pg - wh pg
AB...64012,al pi - rw bw
AG...24684,al bl - wh rw
AG...24685,bw pg - pg al
AG...24681,re wh - al yb
AG...56107,al wh - bw bl
AG...56179,al ye - pb or
AG...56900,or re - al ye
AA...90411,bw bl - al re
AE...97637,or or - al wh
AE...97618,wh ye - al wh
AE...97698,al or - ye bl
AE...97548,al bl - re ye
AE...97723,al re - ye gr
AJ...02761,tr - pg al
AJ...02884,ye al - gr re
AJ...02694,wh rw - al bw
AJ...02857,wh al - ye bw
AJ...02857,wh al - ye bw
AJ...02720,al - bw
AJ...02720,pb al - wb rw
AJ...70197,re al - wh wh
AH...15499,al or - wh re
AF...13395,ye al - wh re
AH...09321,or ye - or al
V...298553,ye bl - bw al
V...298553,ye bl - bw al
AJ...06310,bl al - re or
AR...02043,re ye - al re
AR...02099,al bl - re wh
AR...02160,al bl - ye re
AR...02259,al bl - wh bl
AR...02259,al bl - wh bl
AR...02354,wh re - al ye
AR...02024,re bl - wh al
AR...02546,bl wh - gr al
AR...02195,re wh - re al
AR...02195,re wh - re al
AR...02472,ye ye - al ye
AR...02471,al ye - bl re
AR...02356,al bl - re bl
AR...02544,wh wh - re al
AR...02545,bl wh - re al
AR...02270,ye wh - wh al
AR...02270,ye wh - wh al
AR...02068,bl re - al bw
AR...02058,al ye - rw bl
AR...02058,al ye - rw bl
AR...02058,al ye - rw bl
AR...02029,bl bl - al rw
AR...02370,al wh - or bw
AR...02161,al bl - bw ye
AR...02162,ye or - al bw
AR...02167,bl bw - al ye
AR...02167,bl bw - al ye
AR...02169,al bl - or bl
AR...02169,al bl - or bl
AR...02189,bl bw - al bw
AR...02224,bl bl - al bl
AR...02158,bl bl - al ye
AR...02212,ye yb - pg al
AR...02424,al bl - bw wh
AR...02425,bl ye - al bw
AR...02525,ye bl - al rw
AR...02146,bl bw - al re
AR...02565,ye ye - al or
AR...02566,re bw - yb al
AR...00014,bl al - ye re
AR...00001,re al - rw or
AR...01601,gr al - bl ye
AR...00144,wh ye - re al
AR...01305,ye al - wh bw
AR...00095,wh ye - gr al
AK...79031,ye al - ye rw
AR...00096,bl al - re bw
AR...00096,bl al - re bw
AR...00097,wb rw - al ye
AR...00097,re ye - rw al
AR...00097,re ye - rw al
AR...00097,wb rw - al ye
AR...00126,al bw - re ye
AR...01471,al gr - rw rw
AR...00357,rw or - rw al
AR...01597,ye or - ye al
AR...00013,re al - wh bl
AR...00395,yb - al
AR...00109,bl al - re or
AR...01287,rw re - ye al
AR...00336,bl al - rw wh
AR...01251,bw wh - al re
AR...00130,al bl - re bw
AR...00219,rw ye - re al
AR...00201,bl al - rw ye
AR...00279,wh al - bl re
AR...00278,re or - al ye
AR...00110,bl al - re wh
AR...00317,wh ye - wh al
AR...00003,al wh - wh or
AR...00002,wh ye - gr al
AR...00039,bl al - re bl
AR...00015,re rw - gr al
AR...00338,bl al - wh re
AR...00339,wh or - al bw
AR...01598,ye or - rw al
AR...00070,rw al - ye bw
AR...01472,al or - bl rw
AR...01602,gr al - bl or
AR...01603,gr al - bl rw
AR...00125,pb pb - rw al
AR...01775,bw rw - re al
AR...01341,bw wh - al rw
AR...01600,ye ye - al or
AR...01599,ye or - wh al
AR...01632,bw rw - wh al
AR...01649,rw or - ye al
AR...01646,re ye - al re
AR...01639,al ye - or re
AR...01648,al ye - ye rw
AR...01648,al ye - ye rw
AR...01650,or al - or or
AR...01982,or al - re bw
AR...01421,or bl - al bw
AR...00239,re bw - al gr
AR...00106,al rw - tr re
AR...00107,or wh - re al
AR...00134,al wh - or ye
AR...00069,re ye - al or
AR...00069,yb ye - al bw
AR...00069,re ye - al or
AR...00081,re gr - bl al
AR...00054,wh re - or al
AR...00074,gr al - gr re
AR...00113,gr al - bl bl
AR...00114,re al - wh ye
AR...00115,rw al - pi pi
AR...00285,al rw - tr re
AR...00214,ye or - ye al
AR...00297,pi al - ye ye
AR...00186,re re - al pi
AR...00187,wh bw - bl al
AR...00174,al ye - ye or
AR...00146,pb pb - or al
AR...00352,or bw - al ye
AR...00376,gr al - re bl
AR...00252,pi pi - al gr
AR...00256,pb wh - al wh
AR...00259,ye bl - rw al
AR...00035,re wh - al pi
AR...01278,or wh - al wh
AR...01278,or wh - al wh
AR...01799,re or - gr al
AR...00024,re bl - pi al
AR...00026,gr bw - pi al
AR...00027,bw re - rw al
AR...00030,ye or - re al
AR...01302,ye wh - al gr
AR...01560,al or - ye bl
AR...00005,re re - al ye
AR...00009,pi pi - al ye
AR...00011,re re - al re
AR...00408,bw re - al rw
AR...01310,re al - rw bw
AR...01003,or bw - al bw
AR...01622,or rw - ye al
AR...01322,wb o  - pg al
AR...01821,al wh - bw wh
AR...00421,pb pb - al ye
AR...00429,or bw - re al
AR...00430,wh re - al or
AR...01392,al wh - wh bl
AR...01542,al bw - or re
AR...01573,pi al - re ye
AR...02951,al bl - bl rw
AR...02952,al bl - bw bl
AR...02952,al bl - bw bl
AR...02953,al bl - bw bw
AR...02954,bl bl - al bw
AR...02851,al bl - or bl
AR...02852,al wh - ye rw
AR...02852,al wh - ye rw
AR...02852,al wh - ye rw
AR...02853,al wh - or bl
AR...02853,al wh - or bl
AR...02854,bl or - al wh
AR...02854,bl or - al wh
AR...02856,al wh - or ye
AR...02857,al wh - or or
AR...02901,al bw - or bl
AR...02902,ye bl - al wh
AR...02903,ye bw - al bw
AR...02904,al bw - or ye
AR...02905,al bw - or or
AR...02906,ye bw - al ye
AR...02907,al bw - or re
AR...02908,ye bw - al or
AR...02909,ye bw - al re
AR...02910,al ye - rw bw
AR...02911,al ye - rw ye
AR...09285,al ye - or or
AR...09289,al ye - or re
AR...09290,al ye - or wh
AR...09291,al ye - re bl
AR...09292,al ye - re bw
AR...09293,al ye - re re
AR...00459,bl ye - bl al
AR...00501,re rw - al bw
AR...00501,re rw - al bw
AR...00503,re rw - al ye
AR...00504,gr al - bw or
AR...00451,al bl - bl or
AR...00454,bl bl - al rw
AR...00455,bl bw - gr al
AR...00457,al bl - ye ye
AR...00458,al bl - gr wh
AR...01349,al bw - or or
AR...01350,al bw - re bl
AR...09473,bw re - gr al
AR...09473,gr al - bw re
AR...09474,bw re - or al
AR...09475,al bw - re or
AR...09476,bw re - wh al
AR...01911,al gr - rw or
AR...01912,al gr - rw wh
AR...01913,al gr - wh bl
AR...01914,al gr - wh ye
AR...01915,al or - bl bl
AG...78131,al bl - wb re
AG...77302,yb - al
AR...01918,al or - or bl
AR...01918,al or - or bl
AR...00551,or wh - bl al
AR...00552,or wh - wh al
AR...00553,re bl - al bw
AR...00554,al wh - ye bw
AR...00556,re bl - al or
AR...00558,al wh - re or
AR...00560,bl al - bl rw
AR...08917,wh al - re or
AR...08883,al ye - or bl
AR...09119,wh bw - al re
AR...08026,wh al - rw bl
AR...08003,wh bw - or al
AR...08103,al ye - or or
AR...08032,wh bl - or al
AR...08016,wh bl - al rw
AR...08044,al ye - or re
AR...08042,al bl - rw wh
AR...08109,wh al - re rw
AR...08107,gr al - or re
AR...08102,wh bw - al ye
AR...08021,wh bl - gr al
AR...08048,wh bw - al or
AR...09151,wh bl - wh al
AR...09155,wh bl - or al
AR...08983,al or - rw bw
AR...09057,al or - bw ye
AR...08960,wh bw - ye al
AR...09079,al ye - rw bw
AR...08253,al bl - rw or
AR...08331,al ye - re bw
AR...11044,ye ye - gr al
AR...06390,al yb - bl wh
AR...06288,al yb - bl bl
AR...06289,al bl - pb pb
AR...07193,al wh - re re
AJ...53836,re pg - al wh
AR...07203,al bl - wh pb
AR...06092,rw al - rw bw
AR...06091,rw al - rw bl
AR...06180,rw al - bl ye
AR...06391,bw - al
AR...06420,al bl - pb rw
AR...06899,ye ye - al yb
AR...06708,pi - al
AR...07082,pi - al
AR...07346,bl pb - al pb
AR...07346,bl pb - al pb
AR...06311,re re - al ye
AR...06311,re re - al ye
AR...07326,al bw - bl wh
AR...06199,al rw - ye ye
AR...06200,pi - al
AR...06850,al bl - pb wh
AR...06321,re al - bw re
AR...06322,yb - al
AR...06080,rw al - re bw
AR...06119,rw al - rw ye
AR...07073,yb - al
AR...06158,bl pb - bl al
AR...06172,rw al - bl bw
AR...06898,al bl - pg pb
AR...06500,pi - al
AR...06909,pi - al
AR...07465,bl al - tr re
AR...06060,rw bl - al re
AR...06060,rw bl - al re
AR...06900,re re - re al
AR...06797,wh al - yb pg
AR...06797,wh al - yb pg
AR...06019,re bw - wh al
AR...06014,wr - al
AR...06538,wh pb - al wh
AR...06539,wh al - ye wh
AR...06295,pb pb - wh al
AR...06358,bl yb - al wh
AR...06532,wh al - pb bw
AR...06510,pg yb - al wh
AR...06514,re re - al wh
AR...06516,bl bw - al yb
AR...06520,al wh - rw re
AR...06169,al yb - rw pb
AR...07399,pg ye - wh al
AR...07485,re re - al bw
AR...07485,wh al - wh pb
AR...06396,wh al - pb pb
AR...06212,bw pg - wh al
AR...07477,re pb - wh al
AR...06023,pb rw - al wh
AR...06265,al rw - ye bw
AR...06270,rw bw - al wh
AR...06273,al wh - rw pb
AR...06032,ye wh - wh al
AR...06636,al yb - rw pg
AR...06643,al wh - rw rw
AR...06247,yb pb - al wh
AR...06248,al wh - pb pb
AR...06916,or al - or  g
AR...07433,yb pb - wh al
AR...06048,wh al - pb pg
AR...06050,al - pi gr
AR...06050,bl pb - al bw
AR...06943,ye gr - al gr
AR...06821,bw yb - wh al
AR...06039,pg bl - wh al
AR...06437,wh al - pg re
AR...06801,wh bl - al bw
AR...06803,pg wh - al wh
AR...06817,yb - al
AR...06886,wh al - yb rw
AR...06653,al yb - bl bw
AR...06655,wh al - pb ye
AR...06656,bl rw - al yb
AR...07469,pi - al
AR...07305,wh al - bw pb
AR...07305,wh al - bw pb
AR...07026,al wh - bl ye
AR...07416,wb pb - bl al
AR...06788,al - tr pi
AR...07001,wb pg - bw al
AR...07349,rw pb - al wh
AR...07350,al wh - pg wh
AR...07402,wh rw - wh al
AR...07039,al yb - bw ye
AR...06766,ye bl - al yb
AR...06767,al bl - bw bw
AR...06767,yb - al
AR...06316,pi - al
AR...06076,bl pb - al bl
AR...06077,yb - al
AR...06829,al wh - pb bw
AR...06832,yb yb - wh al
AR...06844,al wh - pb yb
AR...06144,pg re - al wh
AR...06082,wh al - bl pb
AR...06978,wh al - bl bw
AR...06057,rw pg - wh al
AR...07376,re yb - yb al
AR...07380,re bl - al wh
AR...06334,wh al - re bw
AR...06337,wh ye - al wh
AR...06958,wh al - ye pb
AR...06951,rw bl - wh al
AR...06952,bl al - pb pg
AR...06954,pb wh - wh al
AR...06933,al yb - bl bl
AR...06072,rw rw - wh al
AR...06073,wh al - bw bw
AR...06345,wh al - pg wh
AR...06098,wh al - bl pb
AR...06087,bl al - pb pb
AR...06089,wh al - bl yb
AR...06131,al wh - ye wh
AR...06133,ye al - tr
AR...06135,al yb - bw wb
AR...06114,bw al - pb wh
AR...06151,bl bl - wh al
AR...06065,wh al - bw pg
AR...06140,al wh - pb wh
AR...06718,tr - al pm
AR...06608,pb wb - wh al
AR...06608,wb pg - al bl
AR...06609,yb al - re re
AR...06611,pi - al
AR...06612,al yb - bl pb
AR...06585,yb - al
AR...07263,al yb - wh re
AR...07269,pb ye - al wh
AR...07154,wr - al
AR...07076,al wh - re pg
AR...07161,pg ye - al wh
AR...07162,wh al - pb pg
AR...07056,al wh - bw bl
AR...07093,wh al - pb rw
AR...06762,wh al - yb wh
AR...07043,bw al - bw pb
AR...07043,bw - al
AR...07046,pb re - wh al
AR...07047,al - bl bl
AR...06743,pg bw - wh al
AR...06744,al wh - rw yb
AR...07133,al gy - tr
AR...07134,wb ye - al pb
AR...07115,bw ye - yb al
AR...07117,wh al - ye pg
AR...07119,al wh - wh pg
AR...07274,al wh - re wh
AR...06690,al wh - rw ye
AR...06696,al yb - pg pb
AR...06579,bl pg - wh al
AR...07176,pb - al
AR...06596,bl wh - al wh
AR...06597,al bl - re pb
AR...07204,yb al - wh re
AR...07205,rw pb - wh al
AR...07206,wh al - re bl
AR...07208,yb al - wh bl
AR...07209,ye bl - wh al
AR...07212,yb - al
AR...07243,pb bw - al wh
AR...07245,yb pb - yb al
AR...07247,ye yb - wh al
AR...07390,wh pg - wh al
AR...07145,pb yb - al wh
AR...07146,al bw - bl pb
AR...06665,wr - al
AR...06665,wr - al
AR...06668,wh al - pb re
AR...06669,bw ye - wh al
AR...06670,al wh - pb re
AR...06671,yb pg - wh al
AR...06710,wh al - re pb
AR...06714,al wh - wh ye
AR...07252,wh bw - wh al
AR...07228,bl al - re pb
AR...07229,rw bl - yb al
AR...07231,pi - al
AR...07237,wh yb - al wh
AR...07239,bl bl - al yb
AR...07240,yb - al
AR...07065,al wh - pg rw
AR...07067,wh al - re re
AR...06614,wh ye - wh al
AR...06615,wh al - bw bl
AR...06617,al bl - wb wh
AR...07058,bw al - bw bw
AR...07061,al yb - bl rw
AR...07110,al wh - re rw
AR...07085,bw al - wb bw
AR...07088,yb yb - al wh
AR...07281,al wh - bl bw
AR...07290,rw pb - al wh
AR...07014,al wh - re re
AR...07014,al wh - re re
AR...07094,rw wh - al wh
AR...07095,wh al - ye re
AR...06461,pg rw - al wh
AR...06462,bw al - re pb
AR...06700,al wh - pb pg
AR...07498,wh al - ye yb
AR...07499,ye al - re re
AR...07500,wh al - pb bl
AR...07551,yb rw - al wh
AR...07487,pb - al
AR...07435,wh al - yb bl
AR...07434,wh al - wh yb
AR...07488,bl al - pb rw
AR...06661,bl pb - al rw
AR...06661,pb bl - al rw
AR...07495,bl pb - al wh
AR...07495,bl pb - al wh
AR...07492,bl bl - al pb
AR...07490,bw bw - al pb
AR...07491,re wh - bw al
AR...07493,bl al - pg pb
AR...06798,bw al - pb yb
AR...06950,rw ye - al bw
AR...07769,pg wh - al wh
AR...06485,bl al - re wb
AR...07497,re pb - al wh
AR...06799,tr - al
AR...06800,al - pb
AR...06948,rw rw - al
AR...07496,pg pb - al wh
AR...06949,re wh - al wh
AR...07494,yb bl - al wh
AR...07489,wr - al
AR...05104,wh wh - bw al
AR...26488,bl rw - bl al
AR...02698,al bw - ye bl
AR...02858,al bl - or wh
AR...02649,al bl - bl bw
AR...18004,al bl - or rw
AR...02700,bl bw - al or
AR...02912,al bw - ye ye
AR...18005,al bl - or rw
AR...18001,al bl - bw rw
AH...07485,re re - al bw
AR...02697,al bl - re or
AR...02600,al bl - re bw
AR...18099,al bw - ye re
AR...02871,re re - al bl
AR...02989,wh bw - bw al
AR...02993,ye rw - pb al
AR...02634,bw rw - bw al
AR...02994,ye pg - al ye
AR...02996,wh ye - ye al
AR...02962,bl al - yb bl
AR...02615,bl pb - al bl
AR...02620,al rw - bw wh
AR...02941,bw pb - re al
AR...02944,al bl - bw re
AR...02946,al pg - wh yb
AR...02922,pb al - bw pb
AR...02924,bl al - bl bw
AR...02928,al ye - ye bw
AR...02818,bl pg - al bl
AR...02821,al yb - re ye
AR...02825,rw al - ye bw
AR...02825,rw al - ye bw
AR...02776,pb ye - al re
AR...18063,al re - bl re
AR...18066,re bw - al bl
AR...18108,bl ye - wh al
AR...18109,re al - wh pb
AR...18002,al bl - or bw
AR...07600,pb - al
AR...07591,re wh - wh al
AR...20151,wh al - pg pb
AR...20142,pg pb - wh al
AR...07948,wh al - pg bl
AR...20161,al wh - rw bw
AP...03529,al wh - rw pg
AR...20200,pg pg - wh al
AR...20269,al pa - tr re
AR...07932,pb bw - wh al
AR...07930,wr - al
AL...79056,wh al - pg bw
AR...07933,pb ye - wh al
AR...07931,wh al - pb wh
AR...20201,wh al - pg pg
AR...07941,pi - al
AR...19473,bl bw - al wh
AR...19001,al wh - re bl
AR...19047,al wh - re ye
AR...19846,al wh - ye bw
AR...19839,ye ye - al wh
AL...76295,re re - al bw
AR...07450,al gy - tr
AR...07449,wh re - al wh
AR...19448,al wh - re pb
AR...19249,bl re - wh al
AR...07950,al wh - re yb
AR...20099,re wh - al wh
AR...20310,rw ye - al wh
AN...34673,re rw - al wh
AR...07942,wh al - pb yb
AR...20497,re re - wh al
AR...20498,wh al - yb bw
AN...34697,wb pb - bl al
AR...06922,wh al - yb re
AR...07949,al wh - re wh
AR...20847,wh al - yb pb
AR...20848,pi - al
AR...07998,pg pg - al wh
AR...07997,pg bw - al wh
AN...33611,al - pb
AR...19137,re pg - wh al
AR...19138,wh al - yb ye
AN...34559,al wh - bw rw
AR...07897,bw wh - al wh
AR...19248,rw yb - al wh
AR...07650,bw pb - wh al
AR...19521,al wh - bl pb
AR...19250,al wh - yb bl
AR...19046,al wh - wh pb
AR...07896,bw - al
AR...19482,bw - al
AP...09388,ye bw - al wh
AR...06659,wh al - yb pb
AR...19520,wh al - rw pb
AR...07747,pg bl - al wh
AR...07747,pg bl - al wh
AR...07700,pi - al
AR...19436,wh al - yb ye
AR...19048,al wh - bw wh
AR...07646,yb bw - al wh
AR...19104,pi al - tr
AR...19149,al wh - pb rw
AR...07746,pi - al
AR...19117,tr - pi al
AR...19118,bw - al
AR...07985,al wh - pg rw
AR...07436,pg rw - al wh
AR...07579,ye wh - yb al
AR...07580,al yb - re pg
AR...07583,ye bl - al yb
AR...07658,pb - al
AR...07660,bl al - wb ye
AR...07674,wr - al
AR...07598,pb wh - yb al
AR...19097,ye re - yb al
AR...20728,rw ye - yb al
AR...20006,re pb - al yb
AR...20260,bl pg - al yb
AR...20268,al yb - pg pb
AR...20035,bl pg - al yb
AR...19984,bw bw - al yb
AR...20825,al wh - re bw
AR...20494,bw re - al yb
AR...20049,al yb - rw yb
AR...20052,bl ye - al yb
AR...07720,al yb - ye bl
AR...19517,bw pg - al yb
AR...19519,al yb - bl pg
AR...19477,al yb - pg ye
AR...19403,yb al - rw bl
AR...19406,bl wh - yb al
AR...19017,bl bw - al yb
AR...19398,bl wh - al yb
AR...19379,al yb - re bl
AR...07728,pi - al
AR...19533,yb al - yb re
AR...19534,rw wb - bl al
AR...07875,al yb - bw bw
AR...07888,wh re - yb al
AR...07730,wh al - yb wh
AR...07733,gw gw - al
AR...19020,al yb - ye bw
AR...19022,al bl - re re
AR...19382,wr - al
AR...19251,wh pg - yb al
AR...19254,re yb - al yb
AR...19751,al pab - tr bl
AR...19754,al yb - ye wh
AR...07838,wh bl - yb al
AR...07839,al yb - wh yb
AR...19346,wh pb - al yb
AR...19236,al yb - bw bl
AR...07602,al yb - re yb
AR...20064,bl pb - al yb
AR...20071,ye ye - al yb
AR...19586,al yb - pb pg
AR...20707,re wb - wh al
AR...07934,al ye - tr pi
AR...19070,al yb - pb re
AR...19147,al yb - pb pb
AR...19269,ye yb - bw al
AR...07811,yb al - re rw
AR...07813,or al - tr pi
AR...07857,re ye - yb al
AR...19221,wb wb - al bw
AR...19664,bl al - re re
AR...19420,al yb - bl yb
AR...19213,re bw - al wh
AR...19303,bl wh - al yb
AR...07642,yb al - wh ye
AR...07643,rw re - bw al
AR...07644,yb bl - yb al
AR...07847,yb yb - yb al
AR...19355,al - gr gr
AR...07820,al yb - re rw
AR...19338,al - tr bl
AR...19342,al yb - re ye
AR...19286,wh rw - yb al
AR...19289,ye bl - yb al
AR...20549,pb - al
AR...19813,bl al - pg yb
AR...19815,ye ye - yb al
AR...19816,al yb - ye re
AR...07980,yb - al
AR...07984,yb al - wb bl
AR...19501,pb pg - al bl
AR...19859,al yb - re bl
AR...19434,tr - al pg
AR...07718,pg yb - al wh
AR...19898,wh pb - yb al
AR...19201,pi - al
AR...19203,tr bl - al
AR...19204,al bl - bw yb
AR...19724,ye wh - al yb
AR...19308,tr - al wb
AR...07638,yb al - rw pb
AR...19877,yb al - wh pb
AR...07782,re pg - al wh
AR...07783,al yb - wh rw
AR...07784,ob al - tr pi
AR...19891,yb al - pg bl
AR...19743,al bl - bl ye
AR...19455,al yb - pg pg
AR...19457,al yb - wh ye
AR...19459,yb al - wh pg
AR...07870,re re - al yb
AR...07702,wh al - rw pg
AR...07706,wh al - re yb
AR...19032,yb bw - yb al
AR...19034,al yb - re re
AR...19037,yb al - yb yb
AR...19716,tr - al rw
AR...19865,yb bw - bw al
AR...19817,al yb - pg rw
AR...19224,bl al - re wh
AR...19674,yb - al
AR...07446,ye bw - yb al
AR...07447,yb al - rw re
AR...07613,yb al - wh bw
AR...19837,wh pg - al yb
AR...19734,ye re - al bw
AR...19108,yb al - re re
AR...07768,yb al - rw pg
AR...07968,re re - al wh
AR...19088,yb al - ye wh
AR...19089,re ye - al wh
AR...19123,al bl - bw bl
AR...20723,re pg - yb al
AR...20724,yb al - re bw
AR...07764,rw re - yb al
AR...20514,re bw - yb al
AR...20515,bw - al
AR...07953,yb ye - yb al
AR...07987,al yb - bw pb
AR...07996,al yb - ye yb
AR...20504,re bw - al yb
AR...19555,tr ye - al
AR...07794,ye pg - wh al
AR...07737,tr - bw al
AR...09622,al ye - wh rw
AR...09624,al or - ye ye
AR...08993,al bl - wh rw
AR...09594,al ye - wh gr
AR...28024,al ye - wh bl
AR...28050,al ye - wh bw
AR...09869,al ye - re wh
AR...09516,al or - bw or
AR...09620,yb al - gr bl
B...104077,wb bw - al bw
AR...05018,al rw - tr re
AR...05056,al rw - tr re
AR...05124,wb o  - pg al
AR...05102,al rw - tr re
AR...05108,wr - al
AR...05108,wr - al
AR...05111,wh re - al or
AL...78135,al rw - tr re
AL...13313,al rw - tr re
AL...13302,al rw - tr re
AL...13443,al rw - tr re
AL...13262,ye gr - bl al
AL...13267,al rw - tr re
AR...22525,wb bw - al bw
AR...22522,wb bw - al bw
AR...22524,wb bw - al bw
AL...00758,pb - al
AR...22512,wb bw - al bw
AR...22513,yb - al
AR...22514,pb - al
AR...22515,al - tr ye
AR...22517,yb - al
AR...22519,wb bw - al bw
AR...22520,al - tr ye
AR...22521,pb - al
AJ...83769,wb bw - al bw
AR...22523,al - tr ye
V...298853,ye bl - bw al
AL...13176,wh ye - or al
AL...13176,wh ye - or al
AR...09489,al or - bl ye
AR...01922,re al - re pb
AR...01919,gr al - bw rw
AR...01921,re or - re al
AR...09478,bw re - bw al
AR...00511,pb pb - re al
AR...11152,ye or - al bw
AR...00537,ye bw - al or
AR...00538,ye bl - gr al
AR...09298,gr al - gr bw
AR...09299,pi al - ye re
AR...00541,gr al - gr gr
AR...00542,pi al - ye bl
AR...00536,gr wh - wh al
AR...00526,re bw - gr al
AR...11034,bl al - pi pi
AR...00652,bl re - al pi
AR...00545,re rw - pb al
AR...00509,pb pb - pb al
AR...00508,pb pb - bl al
AR...00505,pb pb - al rw
AR...00506,pb pb - al wh
AR...01400,gr al - bw bl
AR...01920,gr al - gr wh
AR...00507,pb pb - bw al
AR...09485,al re - ye gr
AR...09479,ye al - ye re
AR...00510,pb pb - wh al
AR...09499,al or - wh ye
AR...11499,pi al - yb re
AR...09488,al bl - bl ye
AR...22425,ye bl - al bl
AR...09490,al or - re bl
AR...09490,al re - re bl
AR...09482,al ye - or bl
AR...09500,al wh - bl ye
AR...00544,re wh - al pb
AR...00544,re wh - al pb
AR...00529,re bw - pi al
AR...00528,re bw - al ye
AR...00520,re bl - al bl
AR...00520,re bl - al bl
AR...00540,gr al - bw pb
AR...00531,re gr - al gr
AR...00532,re gr - gr al
AR...00532,re gr - al gr
AR...00517,re bl - al re
AR...00651,bl re - al gr
AR...09494,gr al - gr bl
AR...22129,rw al - gr bw
AR...11400,al or - ye wh
AR...11684,yb al - bw gr
AR...09480,ye al - re bw
AR...01924,re al - rw pb
AR...00524,re bl - ye al
AR...00523,re gr - al bw
AR...00543,gr al - gr ye
AR...00530,re bw - wh al
AR...00525,re bw - al bl
AR...09498,re wh - al or
AR...00535,re gr - re al
AR...09486,ye re - wh al
AR...01000,rw al - bw bw
AR...01925,re al - rw rw
AR...00601,gr re - al pi
AR...00995,re wh - re al
AR...09497,al re - gr gr
AR...09481,al re - ye bl
AR...09481,al re - ye bl
AR...22424,al ye - gr bl
AR...00539,ye bw - al bl
AR...01923,re al - re re
AR...01700,pi al - pi pi
AR...22150,gr al - rw re
AR...00462,al or - or ye
AR...00463,al gr - bl bl
AR...00461,bl re - al bl
AR...00460,bw al - bw or
AR...00493,rw al - bl bl
AR...09487,bw rw - gr al
AR...09487,or bw - gr al
AR...22128,or rw - al rw
AR...09300,gr al - bw wh
AR...09492,ye bl - al gr
AR...00653,pi al - gr ye
AR...22149,rw al - bl re
AR...00654,wh ye - al ye
AR...11297,yb al - bl gr
AR...09493,al rw - or ye
AR...00527,re bw - al wh
AR...09471,al pi - or re
AR...09495,al ye - ye bw
AR...00546,pi al - re re
AR...00522,re gr - al bl
AR...22144,rw al - or ye
AR...09496,al ye - ye bw
AR...00521,re bl - pb al
AR...09491,or rw - al bl
AR...00649,ye re - al pi
AR...00518,re al - ye ye
AR...00514,re al - ye gr
AR...00519,re gr - bw al
AR...10551,bw al - bw re
AR...22089,ye al - or re
AR...11153,al pi - pi pi
AR...00548,re rw - rw al
AR...00547,re al - bl gr
AR...00808,bl al - bl ye
AR...00513,pb rw - al ye
AR...00512,pb rw - al wh
AR...00550,re rw - wh al
AR...00550,re rw - wh al
AR...00549,pi al - re bl
AR...00996,rw al - bl yb
AR...22798,re ye - gr al
AR...22032,re wh - pi al
AR...00613,al yb - wh bw
AR...00617,gr al - wh ye
AR...22063,al or - wh re
AR...22063,al or - wh re
AR...22793,pi al - bl ye
AR...22347,yb re - al ye
AR...22347,yb re - al ye
AR...22021,bl ye - al pi
AR...22022,ye al - bl gr
AR...22011,pi al - wh ye
AR...22011,pi al - wh ye
AR...22139,bw re - yb al
AR...22034,bl re - wh al
AR...10576,or al - re bl
AR...00466,bw rw - pi al
AR...00602,al bl - rw or
AR...22507,wh al - gr re
AR...09351,or re - gr al
AR...09392,al wh - re bl
AR...09395,or rw - al bw
AR...11099,al re - or re
AR...11100,bw rw - al ye
AR...11579,or ye - al gr
AR...00912,bw or - or al
AR...00915,re ye - al gr
AR...00922,or or - al bl
AR...09366,al yb - gr bl
AR...09366,al yb - gr bl
AR...10866,re bw - al bl
AR...11060,pb - al
AR...11060,pb - al
AR...11064,al ye - re rw
AR...11064,ye re - gr al
AR...09364,ye re - pi al
AR...09364,ye re - pi al
AR...00663,bw bl - al yb
AR...09374,wh re - bl al
AR...00773,al yb - ye bw
AR...00936,bl wh - al pi
AR...11114,ye gr - pi al
AR...11115,wh ye - bl al
AR...11361,bl al - gr gr
AR...22451,bw al - ye re
AR...00786,al pi - re gr
AR...11050,bl bw - al bl
AR...09360,ye wh - al rw
AR...00695,gr re - al bl
AR...00750,bl al - re rw
AR...00762,re or - wh al
AR...00769,or re - al ye
AR...00759,or bl - rw al
AR...00946,gr al - ye wh
AR...00969,al re - re gr
AR...00969,al re - re gr
AR...11390,gr ye - al ye
AR...11170,bw ye - al gr
AB...16835,gr al - wh ye
AR...29352,wb bw - al bw
AR...29353,wb bw - al bw
AR...29300,or or - al bl
AR...29289,wb o  - pg al
AR...29261,wb o  - pg al
AR...05880,wb o  - pg al
AR...05404,wb o  - pg al
AR...05590,wb o  - pg al
AR...05575,wb o  - pg al
AR...22099,ye bl - yb al
AR...10594,re re - al or
AR...10595,al bl - re ye
AR...10596,pi al - bw bl
AR...11815,wh bl - bl al
AR...11816,al ye - yb re
AR...11816,al ye - yb re
AR...11817,al gr - re ye
AR...11819,al wh - or re
AR...11951,wh wh - bl al
AR...11952,bw wh - al bl
AR...11901,bl or - al re
AR...11902,or re - al rw
AR...05602,wb o  - pg al
AR...05427,al - pb
AR...05542,wb o  - pg al
AR...05671,wb o  - pg al
AR...05483,wb o  - pg al
AR...05731,wb o  - pg al
AR...09484,ye al - re rw
AK...63777,re al - bw wh
AR...22851,wh pb - al rw
AR...22853,wh al - re re
AR...22854,bw re - yb al
AR...22855,al bl - ye bw
AR...22856,ye al - re re
AR...22857,re al - ye wh
AR...09349,bw pb - al re
AR...09349,bw pb - al re
AR...09349,bw pb - al re
AR...09350,al pb - bl bl
AR...09238,bw al - ye re
AR...09239,rw al - bw rw
AR...09239,rw al - bw rw
AR...00810,wh rw - re al
AR...00811,wh al - re ye
AR...00811,wh al - re ye
AR...00812,rw wh - bw al
AR...00812,rw wh - bw al
AR...00814,re al - re ye
AR...00815,wh bl - ye al
AR...00816,ye al - re bw
AR...00817,re wh - al re
AR...00818,bl bw - al yb
AR...00818,bl bw - al yb
AR...00819,al re - ye wh
AR...00820,yb al - wh bw
AR...00821,al wh - bw wh
AR...00822,ye bw - re al
AR...22526,yb al - wh re
AR...22527,al re - ye re
AR...22528,rw bl - re al
AR...22529,bl ye - ye al
AR...22529,bl ye - ye al
AR...22530,ye al - ye bl
AR...05856,wb o  - pg al
AR...05882,wb o  - pg al
AK...79975,re al - ye wh
AR...29299,wb o  - pg al
AR...29301,wb o  - pg al
AR...29302,wb bw - al bw
AK...29401,wb bw - al bw
AK...29402,wb bw - al bw
AR...29269,bl bl - al bl
AR...29270,wb o  - pg al
AR...29271,wb o  - pg al
AR...29263,wb o  - pg al
AR...29272,wb o  - pg al
AR...29273,wb o  - pg al
AR...29232,wb o  - pg al
AR...29233,wb o  - pg al
AR...29234,wb o  - pg al
AR...29235,wb o  - pg al
AR...29236,wb o  - pg al
AR...29237,wb o  - pg al
AR...29238,wb o  - pg al
AR...29239,wb o  - pg al
AR...29240,al ye - ye or
AR...29274,wb o  - pg al
AR...29241,wb o  - pg al
AR...29242,wb o  - pg al
AR...29243,wb o  - pg al
AR...29244,pb al - tr
AR...29245,wb o  - pg al
AR...29246,wb o  - pg al
AR...29247,wb o  - pg al
AR...29248,al bl - ye re
AR...29249,pb al - tr
AR...29275,wb o  - pg al
AR...29276,wb o  - pg al
AR...29250,wb o  - pg al
AR...29251,wb o  - pg al
AR...29252,wb o  - pg al
AR...29254,wb o  - pg al
AR...29255,ye pg - al pg
AR...29256,wb o  - pg al
AR...29257,ye gr - al wh
AR...29258,wb o  - pg al
AR...29259,al wh - re yb
AR...29260,wb o  - pg al
AR...29277,wb o  - pg al
AR...29262,wb o  - pg al
AR...29264,wb o  - pg al
AR...29265,wb o  - pg al
AR...29266,wb o  - pg al
AR...29267,wb o  - pg al
AR...29268,wb o  - pg al
AR...29278,wb o  - pg al
AR...29279,wb o  - pg al
AR...29280,wb o  - pg al
AR...29281,wb o  - pg al
AR...29282,wb o  - pg al
AR...29283,pb al - tr
AR...29283,wh al - ye gr
AR...29284,wb o  - pg al
AR...29285,re re - al yb
AR...29286,wb o  - pg al
AR...29287,wb o  - pg al
AR...29288,wb o  - pg al
AR...29290,wb o  - pg al
AR...29291,wb o  - pg al
AR...29292,wb o  - pg al
AR...29293,wb o  - pg al
AR...29294,wb o  - pg al
AR...29295,wb o  - pg al
AR...29298,wb o  - pg al
AR...29296,wb o  - pg al
AR...29297,ye re - al bl
AR...29309,wb bw - al bw
AR...29303,wb o  - pg al
AR...29304,wb o  - pg al
AR...29305,wb o  - pg al
VZ...58185,wb o  - pg al
AR...29306,wb o  - pg al
AR...29307,wb o  - pg al
AR...29308,wb o  - pg al
AR...29310,wb o  - pg al
AR...29311,wb o  - pg al
AR...29312,wb o  - pg al
AR...29313,wb o  - pg al
AR...29314,wb o  - pg al
AR...29315,wb o  - pg al
AR...29316,al re - ye wh
AR...29316,al re - ye wh
AR...29317,wb o  - pg al
AR...19747,al yb - ye ye
AR...20849,bl bw - yb al
AR...20850,bl ye - al yb
AR...19695,al yb - pg bw
AR...19748,ye re - al yb
AR...19749,al yb - pg bl
AR...19696,pg bl - yb al
AR...29318,wb o  - pg al
AR...29319,yb al - ye ye
AR...29320,wb o  - pg al
AR...29321,bl wh - al re
AR...29321,bl wh - al re
AR...29322,al wh - or or
AR...29322,al wh - or or
AR...29323,wb o  - pg al
AR...29324,wh bl - bl al
AR...29324,wh bl - bl al
AR...29325,bl al - bl ye
AR...29325,bl al - bl ye
AR...29325,bl al - bl ye
AR...29326,bw al - pg ye
AR...29327,re pb - ye al
AR...29327,re pb - ye al
AR...29327,wr - al
AR...29328,wh bw - al pg
AR...29328,wh bw - al pg
AR...29329,al wh - wh ye
AR...29330,bl wh - ye al
AR...29330,bl wh - ye al
AR...29331,wh re - al or
AR...29331,wh re - al or
AR...29332,wb o  - pg al
AR...29333,ye re - al bl
AR...29406,al - pb
AR...29406,al - pb
AR...29354,bl al - pg re
AR...29354,bl al - pg re
AR...29338,al - pb
AR...29338,al - pb
AR...29339,al - pb
AR...29339,al - pb
AR...29340,al - pb
AR...29340,al - pb
AR...22858,al ye - bw bw
AR...22858,al ye - bw bw
AR...22859,wh bw - wh al
AR...22859,wh bw - wh al
AR...22532,al wh - bw bl
AR...22532,al wh - bw bl
AR...22531,wh bl - re al
AR...22531,wh bl - re al
AR...00823,al wh - rw bl
AR...22533,yb al - gr yb
AR...22534,wh al - yb gr
AR...22534,wh al - yb gr
AR...00824,re al - re yb
AR...00824,re al - re yb
AR...09240,bw al - rw rw
AP...63058,bw wh - al pi
AP...63058,bw wh - al pi
AR...22861,bl rw - bl al
AR...22861,bl rw - bl al
AR...11953,al ye - re rw
AR...11953,al ye - re rw
AR...11822,re al - re gr
AR...11822,re al - re gr
AR...11957,rw ye - al or
AR...11957,rw ye - al or
AR...29355,or or - al bl
AR...29355,or or - al bl
AR...29334,al pg - pg wh
AR...29334,al pg - pg wh
AR...29335,al pg - pg wh
AR...29335,al pg - pg wh
AR...29336,re pg - ye al
AR...29336,re pg - ye al
AR...29336,re pg - ye al
AR...29337,bw pg - bw al
AR...29337,bw pg - bw al
AR...29337,bw pg - bw al
AR...29403,al ye - or bw
AR...29403,al ye - or bw
AR...29404,bw pg - bw al
AR...29404,bw pg - bw al
AR...29405,yb al - gr re
AR...29405,yb al - gr re
AR...29501,al wh - bw bl
AR...29501,al wh - bw bl
AR...29451,bl al - pg re
AR...29451,bl al - pg re
AR...29452,wh bw - wh al
AR...29452,wh bw - wh al
AR...09483,re al - or bw
AR...00825,yb al - yb yb
AR...00825,yb al - yb yb
AR...44052,pb al - pb pb
AR...44002,wh al - bw bw
AR...44311,al ye - yb re
AR...44312,yb yb - al re
AR...44300,bw al - wh wh
AR...44192,al rw - rw ye
AR...44128,al bl - rw bw
AR...44053,al re - re pb
AR...44099,al pb - wh ye
AR...44001,al pb - re wh
AR...44100,bl al - bl pg
AR...44100,bl al - bl pg
AR...44193,pg al - bw bw
AR...44137,bl al - rw pb
AR...44137,bl al - rw pb
AR...44405,al rw - wh re
AR...00831,re al - bw bl
AR...44037,ye re - pg al
AR...44044,bl al - or pg
AR...44044,bl al - or pg
AR...44019,wh or - wh al
AR...44095,or bl - al or
AR...44068,bl ye - al yb
AR...44055,or re - pg al
AR...44055,or re - pg al
AR...44057,wh wh - bl al
AR...44141,bw al - yb gr
AR...44133,al or - wh wh
AR...44113,ye al - bw wh
AR...44116,ye pg - al bl
AR...44188,re al - gr gr
AR...44188,re al - gr gr
AR...44124,ye al - ye re
AR...44451,gr gr - re al
AR...44315,al yb - bw gr
AR...44429,ye al - ye ye
AR...44429,ye al - ye ye
AR...44431,pi al - re wh
AR...44434,yb ye - gr al
AR...44434,yb ye - gr al
AR...44326,wh re - al re
AR...44327,gr al - re re
AR...44328,wh re - re al
AR...44330,bl wh - ye al
AR...44332,or bw - bl al
AR...44479,al wh - gr wh
AR...44481,al pg - wh wh
AR...44483,bw al - pg or
AR...44339,re al - ye bl
AR...44342,yb re - al ye
AR...44461,yb al - bl bl
AR...44345,bl al - or wh
AR...44346,or bl - pg al
AR...44349,ye al - bl pg
AR...44376,gr wh - ye al
AR...44383,yb al - re yb
AR...44408,al re - wh ye
AR...44409,or re - al bw
AR...44413,wh ye - al bl
AR...44415,gr wh - al re
AR...44282,re al - ye or
AR...44290,or al - bw bw
AR...44291,ye pg - al pg
AR...44273,ye al - wh wh
AR...44281,al pg - wh wh
AR...44556,ye or - al bl
AR...44557,al ye - bl pg
AR...44558,re bl - al yb
AR...44559,bw al - ye bw
AR...44500,bw pg - al pg
AR...44354,al or - or bw
AR...11954,or re - or al
AR...11956,bw al - bl bl
AR...11955,al bl - bl wh
AR...11955,al bl - bl wh
AR...01929,al re - re bw
AR...01930,wh al - wh re
AR...01931,al ye - rw ye
AR...01932,wh bl - gr al
AR...11820,al gr - ye bl
AR...11821,or bl - al pi
AR...11823,pi pi - bl al
AR...11825,wh re - al bl
AR...11825,wh re - al bl
AR...11826,al pi - re wh
AR...22860,al ye - wh gr
AR...22862,yb re - yb al
AR...29343,yb pg - bl al
AR...29343,yb pg - bl al
AR...28459,al or - bw wh
AR...28428,al or - re rw
AR...28296,or al - wh wh
AR...28253,al or - re bw
AR...28316,al or - rw ye
AR...28183,al gr - bl wh
AR...28180,bw al - re rw
AR...28515,al gr - bw ye
AR...28153,al gr - bw rw
AR...28380,al or - rw or
AR...28204,or ye - al wh
AR...28139,al or - rw re
AR...28138,al or - ye bw
AR...28558,al gr - bl bw
AR...28514,al ye - bl bl
AR...28140,al ye - wh re
AR...28115,al ye - wh or
AR...28181,al ye - wh wh
AR...28666,al or - bw re
AR...28392,yb ye - al pi
AR...28399,bw bw - gr al
AR...28339,al or - or bw
AR...28340,yb al - re bl
AR...28245,al yb - bw gr
AR...28487,bw bw - rw al
AR...28373,al or - bl wh
AR...28527,al - wr
AR...28527,al ye - pg bw
AR...28527,al ye - pg bw
AR...28527,al ye - pg bw
AR...28527,gw al - tr gy
AR...28527,yb - al
AR...28537,pg al - gr yb
AR...28611,bw bl - al ye
AR...28510,al yb - re bw
AR...28519,bw bw - or al
AR...28523,bw bw - re al
AR...28186,yb al - gr re
AR...00580,al gr - bl or
AR...28167,al yb - gr bl
AR...09889,al ye - rw wh
AR...22218,pi al - wh bw
AR...22497,yb bw - bl al
AR...11829,bl rw - or al
AR...11829,bl rw - or al
AR...39081,al wh - re re
AR...11828,pi al - gr yb
AR...11830,wh al - or bw
AR...22672,wh re - wh al
AR...22542,or al - bw or
AR...22537,ye al - re re
AR...22232,re re - al bl
AR...22539,al yb - re re
AR...22541,gr bl - al ye
AR...22535,rw al - gr bl
AR...22536,al rw - rw yb
AR...22389,al pi - re bl
AR...22540,or al - or ye
AR...11827,al ye - bw or
AR...40247,al or - or re
AR...22538,bl rw - al gr
AR...22499,pi al - or re
AR...22289,or wh - al pi
AR...39204,yb gr - bw al
AR...11848,gr wh - al gr
AR...40047,or re - bl al
AR...40048,pi al - gr gr
AR...40015,al ye - bw gr
AR...39599,ye al - yb re
AR...39370,bw al - ye ye
AR...39203,bw al - yb gr
AR...39383,al gr - ye wh
AR...39644,al bw - ye wh
AR...39644,al ye - bw wh
AR...11845,bw al - bw ye
AR...11847,pi al - bl bl
AR...11846,re or - pi al
AR...40029,wh al - wh or
AR...39600,al re - re re
AR...39202,al ye - wh bl
AR...22391,or bl - ye al
AR...22392,pi al - bl wh
AR...39225,gr al - rw wh
AR...39340,or al - wh wh
AR...40014,bl gr - al pg
AR...22714,rw bl - al gr
AR...39218,bw wh - or al
AR...40030,gr wh - bl al
AR...40028,al rw - gr bl
AR...39205,al pi - re wh
AR...39205,al pi - re wh
AR...40027,or rw - pi al
AR...39222,pi al - bl or
AR...40026,bl bl - bw al
AR...40049,bw al - wh bl
AR...40050,or or - wh al
AR...22219,al wh - rw bw
AR...22713,al gr - rw bw
AR...22712,bw al - rw re
AR...22674,bl al - bl bl
AR...39240,al or - re bl
AR...22711,yb al - re bl
AR...11849,bl gr - al re
AR...39082,pi pi - or al
AR...22199,rw rw - al rw
AR...22500,gr re - al gr
AR...22390,wh or - al or
AR...01941,al re - rw re
AR...22198,gr al - or ye
AR...39239,yb al - re gr
AR...39274,yb al - bl bw
AR...11162,re ye - al pi
AR...39208,yb al - bw bl
AR...39207,wh wh - al ye
AR...39206,rw bw - al bl
AR...01935,al gr - ye or
AR...01933,al wh - gr gr
AR...01934,bw bw - ye al
AR...22495,wh al - bl gr
AR...39280,bw gr - ye al
AR...39283,al bl - gr re
AR...39284,bw wh - wh al
AR...39281,ye or - al bl
AR...39282,rw bw - re al
AR...01940,wh al - or or
AR...22670,wh al - rw wh
AR...01938,wh al - wh re
AR...01937,al bw - bw re
AR...40004,bl al - yb gr
AR...40248,al bl - bl wh
AR...40249,wh gr - re al
AR...40044,al wh - bl bl
AR...40045,ye re - yb al
AR...39428,al re - yb gr
AR...39762,bl al - re ye
AR...39746,wh gr - yb al
AR...39536,pi al - bl gr
AR...39756,bl bl - al wh
AR...39778,bw ye - gr al
AR...39778,bw ye - gr al
AR...39779,re al - re yb
AR...39780,al re - yb ye
AR...39781,pi al - rw gr
AR...39903,ye bl - ye al
AR...39659,al bw - bw ye
AR...39185,bw bw - al wh
AR...40106,pg bw - yb al
AR...39725,or bl - al bl
AR...22269,bl or - al bw
AR...22846,or bw - al pi
AR...39735,or al - ye wh
AR...39740,bw wh - ye al
AR...39433,al ye - gr re
AR...39437,al bw - bw gr
AR...22379,or or - bw al
AR...22369,al bl - re or
AR...22376,al re - bl ye
AR...22378,wh al - ye re
AR...22564,wh wh - al bw
AR...22357,ye al - bl or
AR...22556,al ye - ye ye
AR...39928,gr gr - ye al
AR...39151,bl or - ye al
AR...39160,bw bl - al ye
AR...11913,bw al - bw bl
AR...39197,bw wh - al gr
AR...39362,ye al - wh wh
AR...39368,wr - al
AR...39229,re gr - wh al
AR...39686,gr yb - al pi
AR...39689,re al - wh gr
AR...39400,ye wh - al bl
AR...22293,ye wh - al pg
AR...39375,al bw - wh ye
AR...39381,al re - bw wh
AR...39702,re re - re al
AR...39559,tr - al
AR...39559,tr - al gw
AR...39559,tr - al gw
AR...39561,ye al - wh gr
AR...40035,al pg - or ye
AR...39221,al pg - bw ye
AR...18204,wb bl - al yb
AR...39458,bw bw - yb al
AR...39459,bw al - wh gr
AR...39354,wh re - al ye
AR...39500,al wh - wh ye
AR...39654,bw gr - al ye
AR...22745,ye al - wh ye
AR...22734,wh gr - pi al
AR...22736,re al - bl or
AR...22737,al bl - bl gr
AR...39934,yb ye - yb al
AR...22547,ye wh - al wh
AR...39576,gr pg - pg al
AR...22201,al ye - bl bl
AR...39773,al wh - gr ye
AR...11933,yb al - wh bw
AR...39504,gr wh - al re
AR...39490,yb al - re re
AR...22581,al gr - or wh
AR...22161,al bl - bw ye
AR...22172,bl al - yb bw
AR...22662,al pi - re re
AR...22663,al ye - re yb
AR...22668,al wh - gr yb
AR...40401,ye ye - yb al
AR...40405,al wh - re wh
AR...18337,tr - al
AR...22586,bl re - bl al
AR...22588,al yb - wh re
AR...22590,gr ye - re al
AR...39473,bw or - wh al
AR...39480,al bl - wh bw
AR...39481,re bl - al pi
AR...39263,al wh - ye ye
AR...39267,bl re - al yb
AR...22173,al pi - gr ye
AR...22180,al bl - re yb
AR...18356,tr - al
AR...39413,al yb - re bl
AR...39417,yb ye - al wh
AR...39604,al gr - or re
AR...39286,pi - al
AR...39302,al bl - pg or
AR...39615,al bl - re gr
AR...39622,re gr - al ye
AR...39070,ye al - pi pi
AR...40234,re al - re bw
AR...40226,gr al - wh gr
AR...39534,re al - gr yb
AR...39008,bw re - al bl
AR...22727,pi al - or ye
AR...39668,al re - re ye
AR...39313,al bw - bw or
AR...39418,pi al - or wh
AR...39419,bw al - wh bw
AR...39421,wh ye - al pi
AR...39439,pg or - ye al
AR...39441,al or - wh wh
AR...39445,pg pg - pg al
AR...19699,wh wh - wh al
AR...19541,bl bl - al yb
AR...19697,al ye - wb yb
AR...19698,bw rw - wh al
AR...19538,yb al - re bl
AR...19750,yb al - bw bw
AR...19591,re pg - al yb
AR...19592,yb al - re pg
AR...20552,wh bw - yb al
AR...19550,yb al - pg bw
AE...20514,re bw - yb al
AR...19700,pg bw - yb al
AR...19540,yb al - yb ye
AR...19539,yb al - re wh
AR...19542,re bl - al yb
AR...21339,rw ye - al yb
AR...21340,al yb - pg rw
V...379650,re wh - al yb
AR...19796,al yb - yb rw
AR...19797,bw re - al yb
AR...20947,rw bl - al yb
AR...20500,al yb - pb wh
AR...21202,bl re - al yb
AR...21116,al yb - rw re
AR...21061,wb pw - al
AR...21000,yb al - bl rw
AR...19549,al yb - ye pg
AR...20999,yb al - bl pb
AR...19599,gr - al
AR...19600,al yb - pb rw
AR...21261,al yb - rw wh
AR...21260,pg wb - al wh
AR...21778,al yb - yb wh
AR...21069,al yb - pb ye
AR...21068,al yb - pb yb
AR...21201,al yb - pg re
AP...97538,bl rw - al yb
AR...21115,rw bw - al yb
AR...20900,al yb - yb re
AR...21165,al yb - rw rw
AR...21363,tr - bw al
AP...97495,bw bl - al yb
AR...46251,al yb - bw pb
AR...19857,yb al - bw pb
AR...46297,ye rw - al yb
AR...46307,al yb - pg re
AP...11335,al yb - pg yb
AR...46800,al yb - pg wh
AR...46194,ye re - al yb
AR...46184,al yb - pg bw
AR...46290,al yb - pg pg
AR...46074,al yb - bl re
AR...46001,ye pg - al yb
AR...19648,pb - al
AR...46708,rw yb - yb al
AR...46298,al yb - bw rw
AP...97729,wh rw - al yb
AR...46598,rw pg - yb al
AR...46283,al yb - bw pg
AR...46166,al yb - pg bl
AR...46193,al yb - bl rw
AR...07550,al yb - ye rw
AR...19610,wh bw - al yb
AP...98070,bw l  - re bl
AR...46824,wh re - al
AR...46791,wh yb - yb al
AR...46790,wh wh - yb al
AR...46524,yb al - re pb
AP...97973,rw bw - yb al
AR...46561,rw pb - yb al
AR...46636,rw rw - yb al
AR...46635,yb al - rw bw
AR...46580,yb al - re ye
AR...46740,yb al - rw rw
AR...46741,wr - al
AR...46863,wh wb - bl al
AR...46440,al yb - wh bw
AR...46439,al yb - wh bl
AR...46046,yb al - pg yb
AP...98254,wh bl - al yb
AR...19800,al yb - ye re
AR...21388,al ye - tr
AR...21112,rw pb - al bl
AR...21113,al - pb
AR...21114,re ye - al bl
AR...19769,re b  - al bw
AR...19771,al bl - rw wh
AR...19787,al bl - rw re
AR...19791,wb al - yb wh
AR...21063,rw re - al yb
AR...20944,bl al - yb pg
AR...20946,ye bw - al bl
AR...19781,rw wh - al yb
AR...19784,bl al - yb yb
AR...21119,al bl - re bl
AR...21124,al yb - pg wh
AR...20882,rw re - al bw
AR...20886,pg bw - al bl
AR...20889,al yb - yb pb
AR...21239,pb re - al bl
AR...21242,rw yb - bw al
AR...21152,bl al - bl rw
AR...21153,pg bl - al bl
AR...20974,yb bl - bl al
AR...20978,re wh - al bl
AR...20979,wb bl - bw al
AR...21801,bl al - yb bl
AR...21103,al bl - re bw
AR...21107,bw re - al bl
AR...21076,wr - al
AR...21712,bw - al
AR...21713,al yb - re bw
AR...21714,ye re - al bl
AR...21211,bw wh - al bl
AR...21214,bw rw - al bl
AR...21215,al - pb
AR...21717,rw rw - al yb
AR...21049,al bl - re pg
AR...21051,al bl - ye yb
AR...21332,al bl - pg re
AR...21334,bl al - yb rw
AR...21056,bl al - yb pb
AR...21128,al - tr pi
AR...21871,al yb - pg yb
AR...21450,wh bl - bl al
AR...46698,yb bw - bl al
AR...46700,bl wh - bw al
AR...46256,pg wh - yb al
AR...46257,bl al - wh wh
AR...46157,al bl - bw rw
AR...46158,yb ye - bl al
AR...46159,bl al - rw wh
AR...21733,al ye - tr
AR...21734,al wr - tr
AR...21734,bw wb - bl al
AR...21737,al yb - yb bl
AR...46163,bl al - re yb
AR...46427,wr al - tr
AR...46124,al bl - bw wh
AR...46127,bl al - re pg
AR...46813,bw - al
AR...46606,bl al - bw yb
AR...46026,wr - al
AR...46198,al bl - bw bl
AR...46369,pb pg - al yb
AR...21777,al yb - wh wh
AR...46214,al bl - bw pb
AR...46220,al pg - rw bw
AR...46595,yb - al
AR...46272,bl al - pg pg
AR...46103,pg wh - al bl
AR...46065,bw al - rw bl
AR...46077,rw pg - bl al
AR...46080,pb yb - al bl
AR...07509,rw wh - bl al
AR...07515,wr - al
AR...46722,pb pb - al bl
AR...46141,pi - al
AR...46143,bl al - rw bl
AR...46145,al bl - bw pg
AR...46318,re rw - yb al
AR...46319,al pg - wb yb
AR...46323,al bl - pg wb
AR...21193,bw - al
AR...21194,bl al - wh bl
AR...21197,al bl - bl wb
AR...21198,al - tr pi
AR...21199,bl al - yb re
AR...46398,wr - al
AR...46400,al by - tr
AR...46292,tr or - al
AR...46617,yb bl - bw al
AR...46727,rw rw - bl al
AR...46404,re pb - yb al
AR...46405,al bl - ye pg
AR...46011,re re - yb al
AR...46013,pw pb - al pw
AR...46384,re wh - yb al
AR...46768,rw pg - bw al
AR...46770,pb rw - al bl
AR...46149,bl al - rw pb
AR...46150,al bw - pb ye
AR...46818,al bl - bw re
AR...46246,bw al - pg bw
AR...46250,al yb - wh rw
AR...46021,bw yb - bl al
AR...46599,al bl - bl bw
AR...46604,ye bl - bl al
AR...46285,al yb - wh bw
AR...46288,bl rw - bl al
AR...46054,al bl - yb yb
AR...46055,bl re - bl al
AR...46057,bw wh - bl al
AR...46209,al bl - wh yb
AR...46278,wr - al
AR...46281,bl pg - bl al
AR...19601,rw pb - bl al
AR...19602,tr - wr al
AR...19607,bw al - bl wb
AR...21706,al bl - bw ye
AR...07523,al or - tr re
AR...46233,bl wb - wh al
AR...46031,pg bw - bw al
AR...46032,bw yb - al yb
AR...46034,pg bw - bw al
AR...46418,ye wb - wh al
AR...46420,pg rw - al yb
AR...46425,pg ye - yb al
AR...46039,pb ye - al bl
AR...46040,bl al - bw rw
AR...46041,al - pi
AR...46826,al yb - yb bw
AR...46132,pg pg - al yb
AR...46138,yb pg - bw al
AR...46540,bw bw - bl al
AR...46542,al bl - yb re
AR...46543,pb rw - al yb
AR...46546,bw - al
AR...46531,al pg - pb wb
AR...46067,pg pb - al yb
AR...46068,bw al - bw bl
AR...46069,yb al - pb bw
AR...46739,al gy - tr gy
AR...46782,pb bl - bw al
AR...46784,bl al - wh bw
AR...46785,al bw - yb bl
AR...46786,pb re - bw al
AR...46787,al bl - yb bl
AR...46638,yb al - pb bl
AR...46639,wr - al
AR...46671,al bl - wh pg
AR...46672,pb pg - bl al
AR...46675,pb yb - al yb
AR...46676,al bl - bl wh
AR...46677,pg yb - al bl
AR...21392,bw l  - re bl
AR...46695,bw rw - bl al
AR...46509,al re - tr bl
AR...46514,pb pb - al yb
AR...46559,rw pg - al yb
AR...46563,yb - al
AR...46568,bl yb - bl al
AR...46571,bl bw - bl al
AR...46760,al bl - yb bw
AR...46764,pb bw - bl al
AR...46766,pb yb - yb al
AR...46549,al bl - bw ye
AR...46554,al bl - yb wh
AR...46441,wr al - tr
AR...46678,al ye - ye pb
AR...46680,wr - al
AR...46681,al yb - wh pb
AR...46685,bl bl - bl al
AR...46581,pi - al
AR...20935,ye rw - al bl
AR...21453,al bl - rw pg
AR...21454,bl bl - al bl
AR...21864,wr - al
AR...21813,bw yb - bl al
AP...97912,re bl - al wh
AR...21467,re re - al bw
AR...21468,wr - al
AR...21083,al bl - rw pg
AR...21084,al - pb
AR...21087,al bl - rw yb
AR...21430,re re - al bl
AR...21431,al bl - ye wh
AR...21432,al - tr wh
AR...21420,bl bw - al bl
AR...21422,bw pb - al bl
AR...21490,rw ye - al bl
AR...21492,yb pb - bl al
AR...21494,pi - al
AR...46333,bw - al
AR...21855,pg yb - yb al
AR...46171,pb - al
AR...21728,pi - al
AR...21729,bl al - rw pg
AR...21730,tr ye - al
AR...46625,rw ye - al ye
AR...21874,bl yb - al yb
AR...46516,pg wh - al bl
AR...46517,bw rw - al yb
AR...46519,bw wh - al yb
AR...46520,al bl - ye re
AR...46521,pb ye - al yb
AR...46523,bl rw - al bl
AR...07543,wh re - bl al
AR...07549,al pb - pi ye
AR...07535,yb al - ye pb
AR...07537,pg wh - bl al
AR...07541,yb al - rw wh
AR...21830,bl al - wh pg
AR...20921,yb yb - al bl
AR...20922,bl al - rw re
AR...20924,bw - al
AR...21022,bl al - bl bl
AR...21024,al bl - wh bw
AR...21001,pi - al
AR...21485,bl bl - al bw
AR...21374,bl rw - al bw
AR...21375,al - ye re
AR...21482,pa re - al
AR...21484,al bl - ye bw
AR...21408,pb wh - yb al
AR...21412,wh rw - al bl
AR...21159,ye al - pb wh
AR...21161,al yb - wb bl
AR...21162,pb rw - yb al
AR...21164,bw pg - al bl
AR...20899,bw - al
AR...21144,bl al - rw ye
AR...21145,wh al - yb wb
AR...21146,al bl - bl yb
AR...21147,pg re - al yb
AR...21385,al pg - pb wb
AR...21026,al yb - pg pb
AR...21027,rw re - bl al
AR...21028,bw al - bl bl
AR...21030,al bl - yb pg
AR...20959,pi - al
AR...20960,al bl - wh wh
AR...20964,bl al - yb bw
AR...20965,al yb - yb pg
AR...20966,re yb - bl al
AR...19595,bl al - pg rw
AR...21322,wh wh - bl al
AR...21328,ye wh - al bl
AR...20857,bw pb - al pb
AR...21176,al yb - wh bw
AR...21180,re wb - ye al
AR...21321,al yb - yb ye
AR...29341,al yb - gr bw
AR...29341,al yb - gr bw
AR...29342,wh al - wh wh
AR...29342,wh al - wh wh
AR...29349,yb al - bl wh
AR...29349,yb al - bl wh
AR...29350,pg al - bl bl
AR...29350,pg al - bl bl
AR...29356,yb al - bl wh
AR...29356,yb al - bl wh
AR...29357,yb re - al ye
AR...29357,yb re - al ye
AR...29344,ye bw - al bl
AR...29344,ye bw - al bl
AR...29345,al bl - ye pg
AR...29345,al bl - ye pg
AR...29346,pg al - bl bl
AR...29346,pg al - bl bl
AR...29347,ye bw - al bl
AR...29347,ye bw - al bl
AR...29348,wh al - wh wh
AR...29348,wh al - wh wh
AR...29358,pb - al
AR...29359,pb - al
AR...29360,pb - al
AR...29361,pb - al
AR...29362,wb ye - al bw
AR...29363,pb - al
AR...29364,pb - al
AR...29365,pb - al
AR...29366,pb - al
AR...29367,pb - al
AR...29368,pb - al
AR...29369,al yb - bw gr
AR...29369,al yb - bw gr
AR...29370,gr wh - al bl
AR...29370,gr wh - al bl
AR...29371,al wh - bl ye
AR...29371,al wh - bl ye
AR...29372,al re - wh ye
AR...29372,al re - wh ye
AR...29378,pg al - wh bw
AR...29378,pg al - wh bw
AR...29397,bl pg - al bl
AR...29396,gr al - bl or
AR...30012,al wh - bw or
AR...30012,al wh - bw or
AR...30014,gr bw - yb al
AR...30014,gr bw - yb al
AR...30013,pb - al
AR...30013,pb - al
AR...29385,gr bl - yb al
AR...29388,gr wh - al re
AR...29388,gr wh - al re
AR...29910,wb o  - pg al
AR...30218,or al - gr gr
AR...30147,pi - al
AR...30152,pi - al
AR...30142,rw - al
AR...30016,pi - al
AR...30304,pi - al
AR...30306,pi - al
AR...30308,pi - al
AR...30068,al ye - ye or
AR...30068,al ye - ye or
AR...30385,bl bw - al bw
AR...30385,bl bw - al bw
AR...30404,pi - al
AR...30003,re yb - bw al
AR...30007,pi - al
AR...30008,pi - al
AR...30343,pi - al
AR...30346,pi - al
AR...30227,pi - al
AR...30330,pi - al
AR...30336,al yb - wh gr
AR...30245,pi - al
AR...30249,pi - al
AR...30252,re al - or bl
AR...30253,pi - al
AR...30254,pi - al
AR...30255,pi - al
AR...30079,pi - al
AR...30080,pi - al
AR...30085,pi - al
AR...30086,pi - al
AR...30087,pi - al
AR...30038,pi - al
AR...30039,al - wr
AR...30039,pi - al
AR...30039,wr - al
AR...30040,pi - al
AR...30183,pi - al
AR...30290,al bw - wh or
AR...30290,al bw - wh or
AR...30105,pi - al
AR...30106,pi - al
AR...30482,pi - al
AR...30486,pi - al
AR...30488,pi - al
AR...30054,pi - al
AR...30055,pi - al
AR...30056,pi - al
AR...30058,pi - al
AR...30059,pi - al
AR...30237,pi - al
AR...30238,al pg - yb bl
AR...30240,pi - al
AR...30199,pi - al
AR...30203,pi - al
AR...30204,pi - al
AR...30267,pi - al
AR...30272,al ye - wh or
AR...30273,pi - al
AR...30263,pi - al
AR...30348,pi - al
AR...30351,pi - al
AR...30352,pi - al
AR...30447,pi - al
AR...30047,pi - al
AR...30049,bw gr - al re
AR...30049,bw gr - al re
AR...30050,al bl - gr bl
AR...30188,pi - al
AR...30189,pi - al
AR...30190,al gr - bw bw
AR...30190,al ye - bw bw
AR...30190,al gr - bw bw
AR...30192,pi - al
AR...30361,pi - al
AR...30364,pi - al
AR...30366,pi - al
AR...30116,pi - al
AR...30118,pi - al
AR...30367,pi - al
AR...30369,pi - al
AR...30371,gr yb - re al
AR...30375,pi - al
AR...30283,pi - al
AR...30286,yb al - wh ye
AR...30286,pi - al
AR...30286,yb al - wh ye
AR...30430,pi - al
AR...30435,bl rw - al
AR...30435,pi - al
AR...30436,pi - al
AR...30408,pb - al
AR...30410,pi - al
AR...30411,ye yb - al pg
AR...30413,pi - al
AR...30205,pi - al
AR...30208,pi - al
AR...30209,pi - al
AR...30210,pi - al
AR...30211,pi - al
AR...30214,pi - al
AR...30215,pi - al
AR...30320,pi - al
AR...30160,pi - al
AR...30161,bw wb - bw al
AR...30167,re bw - al bl
AR...30168,pi - al
AR...30531,bw - al
AR...30517,bw - al
AR...30456,pi - al
AR...30457,pi - al
AR...30491,al - wr
AR...30491,pi - al
AR...30491,wr - al
AR...30493,pi - al
AR...30494,pi - al
AR...30505,pi - al
AR...30467,pb al - tr
AR...30468,pi - al
AR...30471,pb al - tr
AR...30540,pi - al
AR...30540,al bw - or bl
AR...30542,pi - al
AR...30547,pi - al
AR...30548,pi - al
AR...29373,pg bl - al ye
AR...29373,pg bl - al ye
AR...29374,pg bl - al ye
AR...29374,pg bl - al ye
AR...29374,pg bl - al ye
AR...29375,wh ye - al pg
AR...29375,pg bl - al ye
AR...29376,re al - gr bw
AR...29376,re al - gr bw
AR...29377,bw or - al gr
AR...29377,bw or - al gr
AR...29379,ye gr - al re
AR...29379,ye gr - al re
AR...29380,re al - gr bw
AR...29380,re al - gr bw
AR...29381,al ye - gr bw
AR...29381,al ye - gr bw
AR...29382,re yb - wh al
AR...29382,re yb - wh al
AR...29383,ye gr - al re
AR...29383,ye gr - al re
AR...29384,al re - wh ye
AR...29384,al re - wh ye
AR...41382,lb or - al
AR...41304,pi - al
AR...41306,pb al - tr
AR...41329,pi - al
AR...41009,pi - al
AR...29707,pi - al
AR...29703,pi - al
AR...29718,pi - al
AR...29724,pi - al
AR...29724,pb - al
AR...29739,pb al - tr
AR...29740,wb pb - pb al
AR...29740,wb pb - pb al
AR...29749,pg al - bw bl
AR...29764,pi - al
AR...29772,pi - al
AR...29777,pi - al
AR...29955,pi - al
AR...29798,pb al - tr
AR...29960,wh gr - al bl
AR...29973,pi - al
AR...29830,pb al - tr
AR...29475,pi - al
AR...29655,wh bl - al pi
AR...45345,yb gr - al bl
AR...30520,pi - al
AR...30521,pi - al
AR...30522,pb al - tr
AR...30523,pb al - tr
AR...30524,pb al - tr
AR...30525,pi - al
AR...30526,pb al - tr
AR...30549,pi - al
AR...30550,pb al - tr
AR...30551,pb al - tr
AR...30552,pb al - tr
AR...30553,pb al - tr
AR...30554,pb - al
AR...30554,pb al - tr
AR...30555,pi - al
AR...30556,pi - al
AR...30557,pb al - tr
AR...30558,pi - al
AR...30559,pi - al
AR...30560,pi - al
AR...30561,al - bl gr
AR...30562,pi - al
AR...30563,pi - al
AR...30568,pb al - tr
AR...30569,pi - al
AR...30570,pb al - tr
AR...30571,pb al - tr
AR...30572,pb al - tr
AR...30573,pb al - tr
AR...30574,pi - al
AR...30575,pi - al
AR...30576,pi - al
AR...30577,pi - al
AR...30578,pi - al
AR...30579,pi - al
AR...30580,pi - al
AR...30581,pi - al
AR...30582,pi - al
AR...30583,pi - al
AR...30584,pi - al
AR...30585,pi - al
AR...30586,pi - al
AR...30587,pi - al
AR...30588,pi - al
AR...30589,pi - al
AR...30590,pi - al
AR...30591,pi - al
AR...30592,pi - al
AR...10483,ye ye - al bl
AR...10483,gr bw - al gr
AR...10483,gr bw - al gr
AR...10484,gr gr - al or
AR...01943,al or - or bw
AR...01946,ye re - al bw
AR...09242,al yb - bw bl
AR...09243,or wh - al re
AR...09244,re al - ye bw
AR...18801,gr al - or bl
AR...18804,bl al - ye wh
AR...39199,bl ye - al or
AR...39200,gr wh - gr al
AR...40151,bw bw - bw al
AR...39858,gr pg - re al
AR...39859,al pi - bw gr
AR...39860,al pg - gr pg
AR...39645,al bw - re bw
AR...39646,ye ye - al ye
AR...39649,bw al - re pg
AR...39650,ye bw - al pi
AR...18852,bw al - ye pg
AR...18854,wh al - wh ye
AR...18855,al wh - gr wh
AR...18856,pg al - gr bw
AR...18857,wh gr - al bl
AR...18859,al pg - re ye
AR...30594,pi - al
AR...30595,pi - al
AR...30596,pi - al
AR...30597,pi - al
AR...30598,pi - al
AR...30599,pi - al
AR...30600,pi - al
AR...30601,pi - al
AR...30602,pi - al
AR...30603,pi - al
AR...30604,pi - al
AR...30605,pi - al
AR...30606,pi - al
AR...30607,pi - al
AR...30608,pi - al
AR...30609,pi - al
AR...30610,pi - al
AR...30611,pi - al
AR...30612,pi - al
AR...30613,pi - al
AR...30614,pi - al
AR...30615,pi - al
AR...30616,pi - al
AR...30617,pi - al
AR...30618,pi - al
AR...30619,pb al - tr
AR...30620,pb al - tr
AR...30621,pb al - tr
AR...30622,pb al - tr
AR...30623,pb al - tr
AR...30624,wb al - tr
AR...30624,pb al - tr
AR...30625,pb al - tr
AR...30626,pb al - tr
AR...30627,pb al - tr
AR...30628,pb al - tr
AR...30593,pi - al
AR...18901,wh al - wh wh
AR...18902,pg al - bl bl
AR...18903,ye bl - or al
AR...18904,re al - ye re
AR...18905,yb al - bl wh
AR...18906,ye wh - al bl
AR...18907,al or - wh or
AR...18908,al ye - ye or
AR...18909,ye gr - al re
AR...10485,wh ye - al yb
AR...10486,pg al - ye or
AR...10487,or or - al ye
AR...10488,al ye - ye ye
AR...10489,al yb - wh re
AR...10489,al yb - wh re
AR...10490,ye al - wh bl
AR...10490,ye al - wh bl
AR...00832,or al - ye ye
AR...00833,wh al - wh ye
AR...00833,wh al - wh ye
AR...00834,ye al - or re
AR...00835,ye wh - ye al
AR...30629,pb al - tr
AR...30630,pb al - tr
AR...30631,pb al - tr
AR...30632,pb al - tr
AR...30633,pb al - tr
AR...30634,pb al - tr
AR...30635,pb al - tr
AR...30636,pb al - tr
AR...30637,pb al - tr
AR...30638,re yb - wh al
AR...30638,re yb - wh al
AR...30639,pi - al
AR...30640,pi - al
AR...30641,pi - al
AR...30642,pi - al
AR...30643,pb al - tr
AR...30644,pb al - tr
AR...30645,pg al - wh bw
AR...30645,pg al - wh bw
AR...30646,pi - al
AR...30647,pi - al
AR...30648,pi - al
AR...30649,pi - al
AR...30650,pi - al
AR...30652,al - wr
AR...30652,pg al - or gr
AR...30652,tr re - al
AR...30652,tr re - al
AR...30652,wr - al
AR...30656,al gr - wh re
AR...30659,re wh - al yb
AR...30662,bl al - wh ye
AR...18860,bw bl - bl al
AR...18912,al bw - wh or
AR...10491,ye ye - wh al
AR...22863,bw al - ye pg
AR...40281,ye al - wh or
AR...40282,wh ye - al wh
AR...40283,al re - re wh
AR...40284,gr yb - ye al
AR...40285,al yb - bl gr
AR...40286,al wh - yb gr
AR...18861,ye al - ye bw
AR...18862,or al - re re
AR...18863,bl al - or re
AR...18864,or ye - al pg
AR...18865,re al - yb ye
AR...18865,re al - yb ye
AR...09245,yb ye - yb al
AR...09246,al bl - wh bw
AR...09247,re yb - al yb
AR...09250,bl al - pb or
AR...18913,pg ye - ye al
AR...18914,al yb - re gr
AR...18915,yb pg - al bl
AR...18916,gr re - gr al
AR...18917,al ye - bl or
AR...18951,bw or - al pg
AR...18952,al bw - bl or
AR...18953,bl re - or al
AR...18955,al gr - wh or
AR...18956,yb re - bw al
AR...18957,al gr - bl bw
AR...40162,al bw - yb re
AR...40161,ye re - al yb
AR...40160,re al - wh re
AR...40159,or bw - al wh
AR...40158,re gr - yb al
AR...40157,wh re - al gr
AR...40156,bw bw - al or
AR...40152,al bl - wb wb
AR...40163,ye gr - al pg
AR...40764,bw bl - re al
AR...40165,al bw - yb gr
AR...40166,re or - al gr
AR...40167,pg bl - al yb
AR...39983,wr - al
AR...18805,al - pb
AR...18007,gr yb - al bl
AR...10493,al pi - re bw
AR...18008,wh gr - al re
AR...18009,al pg - pg pg
AR...40287,tr pi - al rw
AR...46877,or al - tr gy
AR...46878,wb bl - bl al
AR...46876,yb al - rw yb
AR...46881,yb al - pb pb
AR...46880,yb al - pb ye
AR...46879,pb re - al yb
AR...21907,yb al - bw pg
AR...21908,bl al - rw yb
AR...47677,pb yb - yb al
AR...21497,tr - al pb
AR...21499,pg pg - yb al
AR...21498,pg pb - yb al
AR...21496,al yb - wh bl
AR...21902,yb - al
AR...21500,pg re - yb al
AR...21901,pg rw - yb al
AR...21903,rw pb - al yb
AR...21904,bw al - yb wb
AR...21905,pb - al
AR...21906,al yb - re pb
AR...30669,yb ye - gr al
AR...30670,al or - ye bl
AR...30672,pg al - or re
AR...30674,bw al - bl gr
AR...30680,pg al - pg pg
AR...30680,pg al - pg pg
AR...30681,pg al - or gr
AR...30687,re bw - yb al
AR...30701,gy al - tr or
AR...30703,tr - gg al
AR...30752,bw - al
AR...44813,or bw - al bl
AR...44682,bl al - gr gr
AR...44713,re gr - al bw
AR...44747,ye gr - al bl
AR...44852,re gr - al pg
AR...44960,gr bl - al re
AR...10499,re al - or re
AR...44213,or re - al bl
AR...44211,gr al - re yb
AR...10498,wh re - bw al
AR...10500,re bl - gr al
AR...00848,al bw - ye gr
AR...44725,pg wh - al bl
AR...00849,re al - pg re
AR...44212,yb gr - bw al
AR...44748,pg ye - al bw
AR...10496,al bw - wh bl
AR...10495,pg bl - al pg
AR...44210,bl gr - al wh
AR...44201,al gr - bl gr
AR...44201,al gr - bl gr
AR...44999,re re - al yb
AR...44751,ye al - bw gr
AR...44226,al yb - bw bl
AR...44227,pg wh - bw al
AR...44225,gr al - wh gr
AR...44224,ye wh - al gr
AR...44223,pg wh - bl al
AR...44229,bw bl - al ye
AR...44228,re al - ye bw
AR...22864,al pi - bl or
AR...44771,ye bw - ye al
AR...08469,al re - bl gr
AR...44948,bw ye - al re
AR...44933,re wh - gr al
AR...18021,re al - bl bw
AR...08492,re al - gr bw
AR...08496,al bl - gr gr
AR...08457,yb re - gr al
AR...00844,gr bw - al gr
AR...18010,bl or - wh al
AR...08823,bl gr - bw al
AR...08823,bl or - bw al
AR...44764,bw re - gr al
AR...08848,al wh - bw or
AR...08751,al bl - gr wh
AR...08753,pi pi - pi al
AR...44862,al or - re re
AR...44984,al re - bl wh
AR...44988,gr wh - bw al
AR...08837,ye bw - gr al
AR...44203,bl al - bw re
AR...44203,bl al - bw or
AR...44205,al pi - pi pi
AR...08561,al wh - re or
AR...44821,al ye - ye bl
AR...30753,tr - pg al
AR...30753,tr - pg al
AR...30754,pb - al
AR...30754,pb - al
AR...30755,pb - al
AR...30755,pb - al
AR...75233,al or - ye re
AR...75063,or bw - al wh
AR...75243,al or - ye rw
AR...75219,al or - ye or
AR...75828,ye al - re yb
AR...75244,al or - ye wh
AR...75411,al or - rw rw
AR...75252,al or - or bl
AR...75592,al or - bw rw
AR...75442,al or - rw wh
AR...75399,or ye - bw al
AR...75144,gr al - bw wh
AR...75356,al or - re wh
AR...75357,al or - rw bl
AR...75296,al or - re re
AR...75045,or al - or bl
AR...75286,al or - re bl
AR...75088,al or - re or
AR...75264,al or - or ye
AR...75492,al or - bw bw
AR...75556,yb re - al bl
AR...75266,al or - or rw
AR...75501,or or - ye al
AR...75155,al or - ye bl
AR...75603,yb gr - yb al
AR...28739,al gr - bw bw
AR...75265,al or - or re
AR...75491,or al - re bl
AR...75450,al or - bw bl
AR...75451,al re - wh or
AR...75122,bw bl - al re
AR...75371,or bw - bw al
AR...75290,bw al - rw or
AR...75325,al pi - yb ye
AR...75191,or bw - rw al
AR...75270,al pi - yb re
AR...75655,gr yb - bl al
AR...75495,or bw - bl al
AR...45851,re wb - al pg
AR...45852,al - pw yb
AR...45854,lb or - al
AR...45855,al - re wh
AR...45856,al - pb
AR...45881,tr or - al pa
AR...45885,al - re wh
AR...45886,lb or - al
AR...45891,tr - al or
AR...30740,al or - ye bl
AR...30745,yb ye - al re
AR...30762,re bw - yb al
AR...30765,gr bw - al re
AR...30783,pg yb - al pg
AR...30789,bw - al
AR...30792,gr al - bl or
AR...30793,or or - al pg
AR...30794,al yb - ye bl
AR...30794,al yb - ye bl
AR...30794,pw pw - al
AR...30818,al wh - re gr
AR...30818,al wh - re gr
AR...30819,rw al - tr
AR...30819,tr wh - al
AR...30824,al re - yb gr
AR...30827,re wb - al pg
AR...30926,al re - gr re
AR...30926,al re - gr re
AR...30940,al - gr bl
AR...30946,al ye - re bw
AR...30946,al ye - re bw
AR...30949,wh ye - al ye
AR...30949,wh ye - al ye
AR...40885,pi - al
AR...40892,lb or - al
AR...40894,al - or pw
AR...40896,lb or - al
AR...40898,yb - al
AR...41260,yb al - yb yb
AR...41269,gw gw - al
AR...41860,al - pw yb
AR...45813,al - re wh
AR...45818,lb or - al
AR...45825,al - re wh
AR...45827,al - re wh
AR...45836,lb or - al
AR...45836,wr - al
AR...45840,lb or - al
AR...65017,al - re wh
AR...65027,al - re wh
AR...65030,lb or - al
AR...65031,al - wh bl
AR...65032,lb or - al
AR...65107,pi - al
AR...65107,al - re wh
AR...65114,lb or - al
AR...65122,wr - al
AR...65123,pi - al
AR...65130,wr - al
AR...65137,pg wb - pg al
AR...65137,al - wh bl
AR...65157,wr - al
AR...65158,gw gw - al
AR...65172,pb - al
AR...65195,lb pa - al
AR...65203,al - re wh
AR...65219,al - wg
AR...65219,al - wh bl
AR...65257,wh wh - yb al
AR...65257,wh wh - yb al
AR...65261,tr or - al or
AR...65261,al - wh bl
AR...65265,gw gw - al
AR...65265,al - re wh
AR...65273,tr or - al or
AR...65306,pi - al
AR...65306,pi - al
AR...65313,tr re - pa al
AR...65352,lb or - al
AR...65387,al rw - tr re
AR...65437,al - re or
AR...65468,lb or - al
AR...65479,wr - al
AR...65479,al wh - tr
AR...65480,wr - al
AR...65530,lb or - al
AR...65602,al bl - wb re
AR...65608,pi - al
AR...65628,lb or - al
AR...65793,al - re wh
AR...65855,al - re wh
AR...65863,re al - tr pi
AR...65880,pi al - tr bl
AR...65953,wr - al
AR...65956,lb or - al
AR...65957,al - re wh
AR...65957,al - pw
AR...65958,lb or - al
AR...65959,al - re wh
AR...65959,al - wh bl
AR...30720,wh al - gr ye
AR...30722,al bw - or bl
AR...30811,wh pg - yb al
AR...30811,wh pg - yb al
AR...30724,al bw - wh or
AR...30727,wh ye - al ye
AR...30730,bl al - wh ye
AR...30733,or or - al pg
AR...30734,al re - or wh
AR...30735,wh pg - yb al
AR...30738,yb al - wh ye
AR...30742,al ye - re bw
AR...30764,al bl - gr bl
AR...30768,al ye - pg bw
AR...30770,al re - pg wh
AR...30771,or or - al gr
AR...30773,bl pg - al bl
AR...30810,yb ye - al re
AR...30859,pi - al
AR...40996,pi - al
AR...30812,pb ye - bw al
AR...30942,pi - al
AR...30934,al re - or ye
AR...30796,pi - al
AR...30785,pg yb - pg al
AR...30785,pg yb - pg al
AR...30931,wh bw - al re
AR...30929,re ye - al bl
AR...30932,al - wb
AR...30932,al or - bl re
AR...30817,al bl - wh wh
AR...30927,re wb - al pg
AR...30782,pg al - bl ye
AR...30800,ye pg - al re
AR...30798,pg al - pg bw
AR...30788,pg al - ye bw
AR...30829,re wh - al yb
AR...65879,al - wh bl
AR...65521,al - re wh
AR...65525,re al - tr pi
AR...65469,al - re wh
AR...65471,al - re wh
AR...65568,lb or - al
AR...65569,tr - pi al
AR...65572,lb or - al
AR...65867,al - re wh
AR...65508,lb or - al
AR...65511,al - re wh
AR...65539,al - re wh
AR...65550,al - pi
AR...65550,rw - al
AR...65550,lb or - al
AR...65550,rw - al
AR...65550,pi - al
AR...65560,lb or - al
AR...65335,al - re wh
AR...65338,lb or - al
AR...65481,al - re wh
AR...65380,al yb - wh ye
AR...65375,al - wh bl
AR...65102,lb or - al
AR...65152,lb or - al
AR...65155,pi bw - al yb
AR...65162,al - re wh
AR...65162,al - rw
AR...65121,wr - al
AR...65121,al - rw
AR...65121,al - wh bl
AR...65029,al - re wh
AR...65242,al - pb
AR...65186,lb or - al
AR...65188,al - bl
AR...65189,al - re wh
AR...65231,tr - pi al
AR...65622,lb or - al
AR...65629,al - re wh
AR...65272,pi - al
AR...65668,lb or - al
AR...65253,al - re wh
AR...65259,al - re wh
AR...65803,al - re wh
AR...65535,re al - tr pi
AR...65536,bw - al
AR...08508,tr - al
AR...65311,wr - al
AR...65312,lb or - al
AR...65325,al - re wh
AR...65333,al - re wh
AR...65118,lb or - al
AR...65294,lb or - al
AR...65295,al - re wh
AR...65449,al - re wh
AR...41684,tr - al gw
AR...41684,tr - gw al
AR...41684,al wr
AR...41684,al wr
AR...41296,lb or - al
AR...41223,al - re wh
AR...41176,lb or - al
AR...41176,lb or - al
AR...65600,lb or - al
AR...65601,al - re wh
AR...45595,al - re wh
AR...45596,lb or - al
AR...65060,lb or - al
AR...65616,lb or - al
AR...65691,al - re wh
AR...65073,al - re wh
AR...65073,al - re wh
AR...65075,al - re wh
AR...65075,al - re wh
AR...65077,tr - al gw
AR...65077,tr - al
AR...65077,wb pg - al wh
AR...65077,tr - gw al
AR...65077,wb pg - al wh
AR...65079,al - re wh
AR...30814,yb al - wb pb
AR...30815,pb - al
AR...30863,pb - al
AR...30882,wb pg - al wh
AR...29890,lb or - al
AR...30887,wr - al
AR...30887,al - wr
AR...65883,gw gw - al
AR...65883,gw gw - al
AR...40059,re wh - gr al
AR...01950,al yb - gr wh
AR...67025,gr ye - yb al
AR...67648,re bl - al ye
AR...40069,re yb - al bw
AR...40070,al pi - ye bw
AR...40098,pi al - gr bw
AR...40099,re bl - bw al
AR...40081,re ye - al bl
AR...40083,bw bl - al pi
AR...69129,or re - al bw
AR...67010,al pi - gr gr
AR...39985,yb re - al re
AR...40067,al pi - yb gr
AR...40068,al gr - or ye
AR...40185,al bl - or bw
AR...67045,al re - yb re
AR...40100,or al - bw bl
AR...40187,or or - al gr
AR...67991,gr re - yb al
AR...69140,re re - al yb
AR...69112,wh re - bw al
AR...69111,pi pi - pi al
AR...68008,bl wh - al ye
AR...69098,gr bl - al re
AR...69097,or bw - al bl
AR...67975,al re - or bw
AR...67976,gr re - al ye
AR...67067,re re - pi al
AR...67874,ye or - al pi
AR...67990,pi pi - ye al
AR...67044,pi re - al gr
AR...67119,or bw - bw al
AR...67118,gr re - al yb
AR...69023,re al - or wh
AR...69024,bl bl - al bl
AR...67069,re al - gr bl
AR...67068,or ye - al pi
AR...67064,yb ye - al bl
AR...67063,or re - al pi
AR...67884,ye gr - al bw
AR...40082,bw al - bl gr
AR...67827,bw al - re yb
AR...67826,al gr - re wh
AR...40199,gr bw - al re
AR...40154,al wh - bl bw
AR...67048,yb gr - al bw
AR...67159,al pi - bl ye
AR...67047,bl wh - pi al
AR...68118,bw al - ye bl
AR...68099,or or - pi al
AR...69182,yb al - bl ye
AR...67106,yb bw - al bl
AR...40183,re yb - bw al
AR...40184,al wh - gr re
AR...68075,bl wh - al bl
AR...68074,wh or - al wh
AR...67046,al wh - or bw
AR...40169,bw al - yb re
AR...69155,bw al - gr ye
AR...40188,bl ye - wh al
AR...40189,gr al - wh or
AR...68043,ye al - gr yb
AR...68042,or bl - al gr
AR...68100,bw al - ye bl
AR...68108,or bl - pi al
AR...67024,tr pi - al oz
AR...40093,al yb - wh gr
AR...40094,bl gr - al pi
AR...69145,ye re - al bl
AR...69146,bl gr - bw al
AR...67043,al bl - or wh
AR...40000,wh wh - wh al
AR...67053,al re - bl gr
AR...67042,gr gr - al bw
AR...22916,al pi - or ye
AR...22917,wh al - re re
AR...67052,gr wh - al pi
AR...01936,pi pi - al bl
AR...40288,yb al - wh re
AR...67647,al wh - pi pi
AR...69087,ye gr - al bl
AR...69255,re bl - al yb
AR...69062,gr al - yb gr
AR...67814,wh al - ye bl
AR...67039,bw al - yb ye
AR...67040,bl gr - al ye
AR...67050,al re - wh re
AR...67041,re or - bl al
AR...40299,gr gr - or al
AR...67076,ye wh - wh al
AR...67075,pi al - yb ye
AR...67054,bw al - gr yb
AR...67055,pi pi - al wh
AR...67014,bw gr - al yb
AR...22944,al wh - re yb
AR...67207,gr ye - pi al
AR...67160,gr wh - al bw
AR...67161,gr bw - al ye
AR...40155,al bl - bw or
AR...40186,ye ye - al pi
AR...67191,al pi - wh or
AR...40147,pi al - gr wh
AR...67062,al gr - bw bl
AR...67065,re or - al pi
AR...10492,bw al - ye or
AR...18950,al bl - re re
AR...18949,or al - or bl
AR...67162,re or - al bl
AR...68894,gr al - ye gr
AR...67328,re wh - al wh
AR...67327,ye or - or al
AR...40148,yb ye - gr al
AR...67242,or ye - ye al
AR...19914,al yb - gr gr
AR...68146,re pi - al gr
AR...67462,or wh - al pi
AR...67494,yb al - yb gr
AR...67495,pi al - bw re
AR...67989,gr bw - re al
AR...67374,re yb - al wh
AR...67489,wh re - al yb
AR...67490,al bw - bl wh
AR...67051,al ye - wh wh
AR...67497,al re - wh gr
AR...67496,al bw - gr gr
AR...67499,gr ye - bw al
AR...67499,gr ye - bw al
AR...67498,bl gr - al bw
AR...67500,re ye - yb al
AR...69415,al pi - gr bl
AR...69972,bl al - bl or
AR...69432,al pi - bw bl
AR...69433,bw wh - al bw
AR...67807,bl al - wh gr
AR...69398,ye bl - al bw
AR...69471,or al - or re
AR...39989,gr ye - al re
AR...69851,pb - al
AR...67109,bw or - al pi
AR...68001,bw bl - al gr
AR...18844,or al - pi pi
AR...69340,pi - al
AR...69114,al gr - bw bw
AR...67132,pi - al
AR...67134,al bl - pi pi
AR...69306,pg pg - al
AR...69630,pi - al
AR...68969,al or - or wh
AR...67869,gr ye - ye al
AR...67080,re bw - al re
AR...67172,re al - bl ye
AR...67443,wh bl - yb al
AR...69589,al - pb
AR...69315,al - or
AR...69609,pi - al
AR...67584,bw - al
AR...69162,re re - gr al
AR...68971,pi al - or bl
AR...68162,al or - re ye
AR...68864,gr al - wh re
AR...68870,al yb - bw re
AR...68090,wh wh - gr al
AR...68103,al pi - yb re
AR...18976,al re - ye ye
AR...18982,ye al - re ye
AR...18920,wh al - bw or
AR...40177,bl or - gr al
AR...67226,re wh - al bl
AR...18972,al pi - ye ye
AR...68863,al or - ye re
AR...67501,al pi - or bw
AR...18989,ye al - re ye
AR...18991,al pi - ye ye
AR...67158,or re - wh al
AR...67618,wb al - tr
AR...68886,al yb - re bw
AR...67952,al gr - bw gr
AR...67250,gr bl - al bl
AR...68901,or or - al gr
AR...68902,re al - gr ye
AR...68903,wh wh - ye al
AR...68904,wh gr - al bl
AR...68905,gr bw - al re
AR...68906,or re - wh al
AR...68907,wh al - yb gr
AR...68908,ye bw - al bl
AR...68909,bw al - bw or
AR...08701,yb al - wh ye
AR...08702,pi pi - al bw
AR...08703,pi al - bw or
AR...08704,or wh - bl al
AR...08705,al ye - re bw
AR...08706,re bl - al ye
AR...08707,al or - bl re
AR...08708,gr wh - al ye
AR...08709,al pi - yb re
AR...08710,bl bl - pi al
AR...08711,al pi - re re
AR...08712,yb ye - re al
AR...08651,wh ye - al ye
AR...08652,al re - bl or
AR...08653,gr yb - re al
AR...08654,pi al - bl or
AR...08655,wh bl - al pi
AR...08656,bw re - al re
AR...08657,gr wh - wh al
AR...08658,al bw - bl gr
AR...08659,or al - ye or
AR...40886,lb or - al
AR...40886,lb or - al
AR...40888,wb al - tr
AR...65971,re yb - al bw
AR...65971,re yb - al bw
AR...65971,re yb - al bw
AR...30947,bl bw - al bw
AR...30947,bl bw - al bw
AR...30948,al or - bl re
AR...30948,al or - bl re
AR...40999,al - re wh
AR...40900,lb or - al
AR...45801,al - re wh
AR...45802,lb or - al
AR...45803,al - re wh
AR...45806,lb or - al
AR...64094,al bl - wh rw
AR...64095,re yb - al bl
AR...64439,re pb - al bl
AR...64265,bw ye - al bl
AR...21943,bl pg - al bl
AR...21942,al bl - pg bl
AR...66149,pi - al
AR...66148,yb - al
AR...66399,re pg - al bl
AR...64247,yb pg - bl al
AR...21997,al bl - pg pg
AR...46920,al bl - pg ye
AR...21900,bl re - al bl
AR...64406,wb bw - pb al
AR...64181,al bl - rw yb
AR...64474,re rw - al bl
V...406056,bl al - yb wh
AR...21895,bl al - wh re
AR...64172,ye pg - al bl
AR...64318,al bl - rw rw
AR...64250,yb yb - bl al
AR...66398,al - re
AR...64464,re bw - al bl
AR...66026,wr - al
AR...21999,bw bl - al bl
AR...64160,ye bl - al bl
AR...64161,al bl - rw pb
AR...64171,ye pb - al bl
AR...22000,al bl - pg yb
AR...21998,bl yb - al bl
AR...64293,al bl - re wh
AR...64304,bw rw - al bl
AR...64064,bl al - yb ye
AR...64073,wh bw - bl al
AR...64225,wh pg - al bl
AR...66150,rw bw - al bl
AR...64330,al bl - rw bw
AR...64320,bw wh - al bl
AR...64319,al bl - rw bl
AR...66907,re yb - al bl
AR...64896,rw yb - bl al
AR...46457,bw al - bl wb
AR...46477,al bl - bl yb
AR...64959,bl al - bw bw
AR...66029,al bl - ye wh
AR...64728,bl al - re bl
AR...66028,yb pg - al bl
AR...66027,pi - al
AR...64607,rw bl - bl al
AR...64707,ye yb - al bl
AR...64960,yb - al
AR...64960,yb - al
AR...64915,bw - al
AR...66032,yb ye - al bl
AR...64571,al bl - bl pg
AR...66113,al - tr or
AR...66114,bl al - ye pb
AR...66648,pg pb - al bl
AR...64783,bl al - re ye
AR...64768,pb bw - al bl
AR...66641,pg ye - al bl
AR...46458,bl al - pg re
AR...64248,yb rw - bl al
AR...64249,yb wh - bl al
AR...64348,wh pb - bl al
AR...66031,yb pb - al bl
AR...66030,al bl - ye re
AR...64712,pb bl - al bl
AR...66493,pb re - bl al
AR...46459,al or - tr gy
AR...66400,al bl - pg rw
AL...67335,al wh - re yb
AR...64631,al bl - wh ye
AR...64646,bl ye - bl al
AR...64590,yb wh - al bl
AR...66517,bw re - bl al
AR...66087,pb pb - bl al
AR...66080,pb ye - bl al
AR...64844,bl wh - bl al
AR...46888,re o  - bl al
AR...64381,wh pg - bl al
AR...66825,pb rw - bl al
AR...66501,bw pg - bl al
AR...66506,al bl - yb rw
AR...46882,yb rw - al bl
AR...64043,yb - al
AR...64360,al bl - wh wh
AR...64224,wh pb - al bl
AR...64419,wh re - al bl
AR...64009,bw yb - al bl
AR...64218,bw bl - bw al
AR...64029,rw pg - al bw
AR...21951,al - tr wh
AR...64039,al bw - wh pb
AR...64041,al - re gr
AR...66002,al ye - rw yb
AR...64093,wh bw - bl al
AR...64128,al yb - rw wb
AR...64129,re pg - ye al
AR...64132,bw al - re pg
AR...64388,pb pb - al bw
AR...64393,yz al - tr gy
AR...64397,wh pg - bw al
AR...66921,al ye - yb bw
AR...66731,al ye - wh wh
AR...66703,al bw - wh pg
AR...46916,bw al - ye pg
AR...66713,yb rw - al bw
AR...66716,wh bi - bw al
AR...64979,bw al - bl pg
AR...64982,bw bl - al bw
AR...64830,al bw - rw wh
AR...64819,bw al - pg rw
AR...64821,yb wb - al bl
AR...66618,bw al - re bw
AR...66619,al ye - pg bl
AR...66622,pg bw - al bw
AR...64940,yb - al
AR...64941,bw al - bw wh
AR...64946,al bw - pb bl
AR...46495,bw al - bw yb
AR...46498,al bw - ye bl
AR...66153,al bw - bl bl
AR...64558,ye pb - al bw
AR...64559,bw al - pb pb
AR...64563,yb - al
AR...64736,al bw - pg yb
AR...64668,ye wh - al bw
AR...64929,bw al - pb bl
AR...64609,pb re - al bw
AR...64693,al bw - yb wh
AR...66538,pi - al
AR...64077,pb wb - al bl
AR...66039,yb ye - al bw
AR...64759,rw al - tr
AR...65000,wb al - tr
AR...64740,al bw - wh wh
AR...64741,wh wh - bw al
AR...64909,pb wb - al bw
AR...64912,bw yb - al ye
AR...64579,bw al - yb ye
AR...64584,al bw - ye pb
AR...64587,wh yb - bw al
AR...64589,al yb - tr
AR...66650,al bw - pg pg
AR...66654,al bw - pg pg
AR...66655,bw wb - al bl
AR...64726,rw bw - al bw
AR...64785,al or - tr or
AR...64786,pb bl - al bw
AR...66931,bl yb - bw al
AR...66935,al bw - rw pg
AR...64916,yb - al
AR...64714,ye bl - al bw
AR...64856,al ye - yb rw
AR...64569,ye al - pg rw
AR...64548,yb wh - bw al
AR...64552,pb pb - bw al
AR...64556,ye bl - al
AR...21928,yb bl - al bw
AR...21929,ye re - al bw
AR...21931,al ye - pg pg
AR...21933,al ye - bl bl
AR...64226,bw re - al bw
AR...21880,bw al - ye bl
AR...66543,re rw - bw al
AR...64805,bw al - wh bl
AR...64807,ye pb - ye al
AR...64808,rw wh - bw al
AR...64809,al bw - pb wh
AR...64810,wh wh - al bl
AR...64906,al bw - ye ye
AR...66151,al ye - bl rw
AR...66122,re yb - al ye
AR...66045,yb rw - bw al
AR...64597,re wh - al bw
AR...64598,al bw - ye wh
AR...64599,al bw - rw re
AR...64600,bw al - pg wh
AR...64602,wr - al
AR...64640,rw pb - al bw
AR...64633,al bw - re yb
AR...64635,al bw - bl yb
AR...64647,wh bw - al ye
AR...64655,bw al - bw pg
AR...64841,pb rw - al bw
AR...66062,bw al - re wh
AR...64955,yb - al
AR...64957,pg wh - al bw
AR...66099,al bw - pg bl
AR...66592,al bw - pb yb
AR...66594,wb wb - al ye
AR...64845,wh pg - al bw
AR...64846,al bw - rw bl
AR...64847,pg rw - ye al
AR...64851,yb bw - al bw
AR...64255,wh pg - al bl
AR...46996,bl re - al bw
AR...46997,bw al - ye wh
AR...47000,bw yb - bw al
AR...64757,re rw - al bw
AR...66515,bw - al
AR...66569,pb pg - bw al
AR...21990,bw al - wh wh
AR...64368,rw rw - bw al
AR...64370,re bw - al bw
AR...21977,al bl - pg pg
AR...64421,bw al - bl wh
AR...64155,bl ye - al bw
AR...64158,wb pg - bl al
AR...64158,bw al - wb yb
AR...21996,pg yb - al bw
AR...46971,al bw - bw yb
AR...46972,al - pb
AR...64153,pg bl - al bw
AR...46989,bl bw - al bw
AR...46992,pi - al
AR...46993,al bw - re pg
AR...46982,pg pg - al bw
AR...46984,re al - tr gy
AR...46987,ye e  - al ye
AR...46962,ye yb - al bw
AR...66175,bw al - wh wb
AR...66176,al bw - ye yb
AR...66177,bl wh - al bw
AR...21970,rw wh - bw al
AR...46901,al bw - yb pg
AR...46905,bw al - ye yb
AR...46908,yb - al
AR...46909,al bl - ye rw
AR...66823,rw wb - wh al
AR...66145,bw al - rw ye
AR...66147,al wh - re wb
AR...66580,bw al - yb bl
AR...66581,wb pb - al ye
AR...66938,bw yb - al bw
AR...64230,bw wh - ye al
AR...64231,al - tr or
AR...66963,re pg - al bw
AR...64720,pi - al
AR...64475,bw al - bl yb
AR...64486,wh ye - al bw
AR...64491,bw al - rw pg
AR...64016,al bw - wb bl
AR...64440,pb - al
AR...64444,ye bl - bw al
AR...21914,al bw - wh yb
AR...66812,al bw - gr al
AR...66813,bw al - pg pg
AR...64343,bw al - yb pg
AR...66091,al bw - ye pg
AR...66093,bl re - al wb
AR...64081,ye yb - ye al
AR...64067,rw ye - pb al
AR...64072,bw al - pg bl
AR...64088,wh pb - bw al
AR...64089,bw al - yb ye
AR...64091,gy al - tr
AR...64092,ye al - bl yb
AR...64134,al bw - bl pg
AR...66158,wh yb - al bw
AR...66165,al - tr wh
AR...66417,tr ye - al
AR...21909,bl pg - al bw
AR...21981,al - pb
AR...66722,bw al - re yb
AR...46940,pb wh - al bw
AR...46943,wb bl - yb al
AR...66184,yb bw - al ye
AR...66847,tr or - al
AR...66845,rw rw - al bl
AR...66844,bl al - pg bl
AR...66848,rw wh - al bl
AR...66846,tr - gg al
AR...66849,al bw - yb bw
AR...66865,bw al - bl pb
AR...66864,al bw - yb pb
AR...66670,pg ye - bw al
AR...66657,bl bl - al bw
AR...66660,pi - al
AR...66659,ye re - bw al
AR...66671,rw rw - bw al
AR...66656,ye pg - bw al
AR...66668,pg bl - bw al
AR...66669,pg bw - bw al
AR...66669,bw pg - al bw
AR...66669,pg bw - bw al
AR...66658,al bw - bw bl
AR...66850,al bl - wh ye
AR...66853,yb yb - al bw
AR...66666,pb wh - bw al
AR...66664,pb pb - bw al
AR...66663,pb ye - bw al
AR...66667,pb yb - bw al
AR...66662,pb bw - bw al
AR...66661,ye wh - bw al
AR...66665,pb rw - bw al
AR...66855,yb pg - al bw
AR...66852,bw al - bl bw
AR...66857,bw al - bl bw
AR...66841,wh re - al bw
AR...66839,wh pb - al bw
AR...66863,pi - al
AR...66858,wr - al
AR...66856,al bw - pb pb
AR...66854,al bw - re wh
AR...66800,al bw - bw wh
AR...66861,al bw - re pb
AR...66851,yb pb - al bw
AR...66860,bw al - wh bw
AR...66838,bw al - pg yb
AR...66799,al bw - bl wh
AR...66842,bw al - wh yb
AR...66859,bw al - rw bw
AV...11092,rw pg - al bl
AT...03594,bl al - pg ye
AV...10926,bl al - pg bw
AK...07769,pg wh - al wh
AR...66866,bw al - ye pb
AR...66672,wh re - bw al
AR...66673,rw yb - al bw
AR...66675,pw pw - al
AR...66674,bl al - yb pb
AR...66676,yb pb - bw al
AR...40164,bw bl - re al
AR...08602,wh al - gr gr
AR...08602,wh al - gr gr
AR...08603,bw al - re gr
AR...08605,bl al - bw gr
AR...08606,gr al - ye re
AR...08617,or al - re ye
AR...08618,ye al - re or
AR...08620,rw al - re wh
AR...08621,al bw - re gr
AR...08622,wh al - or rw
AR...67746,gr al - re pi
AR...67748,al pi - gr yb
AR...67759,ye wh - or al
AR...67760,re wh - al yb
AR...67761,ye bl - al or
AR...64780,pb ye - al bw
AR...64532,pi - al
AR...30950,al ye - ye re
AR...45807,al - re wh
AR...45808,lb or - al
AR...45809,al - re wh
AR...45810,lb or - al
AR...45811,al - re wh
AR...45812,lb or - al
AR...45814,lb or - al
AR...45815,al - re wh
AR...45816,lb or - al
AR...45817,al - re wh
AR...30951,bw al - tr
AR...45819,al - re wh
AR...30952,al or - bw bw
AR...45820,lb or - al
AR...45821,al - re wh
AR...30953,gr wh - wh al
AR...45822,al - re wh
AR...45823,al - re wh
AR...45824,lb or - al
AR...45826,lb or - al
AR...45828,wb al - tr
AR...45829,pb al - tr
AR...45830,wb al - tr
AR...45831,pb al - tr
AR...45832,wb al - tr
AR...45833,pb al - tr
AR...45834,wb al - tr
AR...45835,pb al - tr
AR...45919,yz al - tr re
AR...65991,al - re wh
AR...45837,al - re wh
AR...45838,lb or - al
AR...45839,al - re wh
AR...45841,al - re wh
AR...45842,lb or - al
AR...45843,al - re wh
AR...45844,lb or - al
AR...45845,al - re wh
AR...45846,lb or - al
AR...45847,lb or - al
AR...45848,lb or - al
AR...45849,al - re wh
AR...45850,lb or - al
AR...65945,al - re wh
AR...65946,lb or - al
AR...65947,al - re wh
AR...30954,pg al - or re
AR...65948,lb or - al
AR...65950,lb or - al
AR...65972,al - re wh
AR...65973,al - re wh
AR...65974,lb or - al
AR...30955,gr wh - wh al
AR...65975,al - re wh
AR...65976,lb or - al
AR...30956,al ye - yb re
AR...65977,al - re wh
AR...65978,lb or - al
AR...65979,al - re wh
AR...30957,re ye - al bl
AR...65980,lb or - al
AR...65981,al - re wh
AR...65982,lb or - al
AR...65983,al - re wh
AR...65984,lb or - al
AR...65985,al - re wh
AR...65986,lb or - al
AR...65988,lb or - al
AR...65989,al - re wh
AR...65990,al yb - ye bl
AR...65992,lb or - al
AR...65993,al - re wh
AR...37558,pg wb - al wh
AR...37652,pg al - or gr
AR...45913,al - re wh
AR...45914,al - re wh
AR...45915,al - re wh
AR...45931,al - re wh
AR...65994,lb or - al
AR...65995,al - re wh
AR...45916,lb or - al
AR...65962,lb or - al
AR...65965,al - re wh
AR...65966,lb or - al
AR...65996,wb al - tr
AR...65997,pb al - tr
AR...65998,wb al - tr
AR...65999,pb al - tr
AR...45897,pb al - tr
AR...45981,al - wh bl
AR...45982,al - wh bl
AR...45954,pi - al
AR...45954,wb al
AR...45966,pi - al
AR...45902,pi - al
AR...45903,al - wh bl
AR...45904,pi - al
AR...45905,al - wh bl
AR...45906,pi - al
AR...45951,al - wh bl
AR...45952,pi - al
AR...45953,al - wh bl
AR...45898,pi - al
AR...45898,pi - al
AR...45899,al - wh bl
AT...09377,pi - al
AT...09377,pi - al
AR...45942,pi - al
AR...45943,al - wh bl
AR...45598,pi - al
AR...45599,al - wh bl
AR...45600,pi - al
AR...45945,al - wh bl
AR...45946,pi - al
AR...45947,al - wh bl
AR...45948,pi - al
AR...45949,al - wh bl
AR...45950,pi - al
AR...45956,pi - al
AR...45957,al - wh bl
AR...45958,pi - al
AR...45959,al - wh bl
AR...45960,pi - al
AR...28738,al gr - bl rw
AR...28801,al gr - bw wh
AR...28959,bw al - re wh
AR...11976,al gr - bl ye
AR...28827,bw al - re or
AR...28820,bw al - re ye
AR...28819,al gr - ye bw
AR...28916,bw bl - bw al
AR...28778,al gr - bw or
AR...28966,bw bl - al or
AR...28829,bw al - re re
AR...28805,al gr - ye bl
AR...11972,or al - wh ye
AR...11978,or bw - gr al
AR...28989,or al - re ye
AR...93021,gr al - or re
AR...93344,pi al - ye ye
AR...93344,pi al - ye ye
AR...93261,bw re - bl al
AR...93412,al pi - yb gr
AR...93268,bw re - or al
AR...93371,or or - al bl
AR...93474,re yb - al yb
AR...93364,al yb - gr bw
AR...93353,wh ye - al wh
AR...93411,gr al - bl gr
AR...93671,re or - al wh
AR...93680,al gr - wh re
AR...93680,al gr - wh re
AR...93679,gr bw - ye al
AR...93740,bw bl - al wh
AR...93739,re al - wh ye
AR...93698,bl or - al bw
AR...93689,al wh - bw bw
AR...93525,al ye - gr bw
AR...93737,or al - bw bl
AR...93738,ye bl - al re
AR...93669,re ye - pi al
AR...93670,al pi - ye bw
AR...93004,ye or - al wh
AR...93006,bl al - bl or
AR...93013,al ye - wh gr
AR...93020,yb al - yb rw
AR...93461,re wh - yb al
AR...93465,gr wh - al bl
AR...93303,al or - ye wh
AR...93505,al pi - re wh
AR...93545,ye wh - al pi
AR...93550,ye gr - al wh
AR...93253,al re - bl bw
AR...93255,pi al - bw re
AR...93094,al wh - ye bl
AR...93101,gr al - ye gr
AR...93495,al ye - re bl
AR...93498,bw bl - yb al
AR...93691,or al - wh ye
AR...93598,al ye - gr gr
AR...93600,ye al - gr wh
AR...93284,re al - bl bl
AR...93284,re al - bl bl
AR...93287,bw re - al gr
AR...93288,yb al - bl gr
AR...93541,bl bl - al pi
AR...93590,ye or - or al
AR...93239,wh or - gr al
AR...93240,or al - bw re
AR...93061,bw or - wh al
AR...93063,al wh - gr re
AR...93369,yb re - pi al
AR...93648,wh wh - bw al
AR...93649,al bl - wh or
AR...93650,re bw - al or
AR...93582,al wh - gr gr
AR...93588,al gr - or bw
AR...93042,ye re - ye al
AR...93047,pi al - gr bl
AR...93049,pi al - gr bl
AR...93158,bw al - ye ye
AR...93159,or wh - al pi
AR...93373,yb al - bl ye
AR...93381,al pi - bl ye
AR...93361,bl gr - al gr
AR...93105,pi al - or ye
AR...93112,bl re - al pi
AR...93347,al pi - gr bl
AR...91104,al or - ye bw
AR...92996,gr al - or or
AR...91105,ye wh - bl al
AR...67597,yb al - wh gr
AR...67596,gr gr - al gr
AR...67598,al pi - wh ye
AR...91494,al re - or ye
AR...91246,al ye - yb ye
AR...89205,al gr - bl re
AR...91294,wh al - re bw
AR...91280,al bl - gr ye
AR...68949,re al - bw gr
AR...68948,wh re - al bw
AR...91122,ye al - bl bl
AR...89214,al bw - or bw
AR...67599,wh al - yb ye
AR...68945,wh bw - pi al
AR...91293,or wh - al or
AR...91830,wh ye - al re
AR...92011,pi - al
..11665147,ye gr - al ye
AR...91208,wh bl - ye al
AR...91455,al bw - gr bw
AR...91463,bw al - re or
AR...91463,bw al - re or
AR...91443,al yb - wh ye
AR...68947,ye wh - al or
AR...89183,wh re - al pi
AR...91103,al bl - yb ye
AR...91397,al bl - re wh
AR...91398,al gr - or or
AR...91396,ye wh - pi al
AR...89088,yb al - yb ye
AR...68950,or wh - bw al
AR...68950,or wh - bw al
AR...89033,bl al - bw or
AR...91399,al gr - bw or
AR...91584,al bl - wh wh
AR...91195,ye or - bl al
AL...87787,ye al - re or
AR...68944,yb al - gr ye
AR...67917,bl wh - al gr
AR...67916,al pi - wh gr
AR...91851,bl gr - al yb
AR...91247,ye al - yb ye
AR...91861,bw ye - or al
AR...91862,al or - bl bw
AR...91852,al bl - yb gr
AR...91766,gr bl - wh al
AR...89076,re wh - ye al
AR...89075,al ye - re gr
AR...89075,al ye - re gr
AR...89158,wh gr - wh al
AR...91650,re or - bw al
AR...89132,bw bw - al re
AR...89131,yb re - re al
AR...89130,wh or - pi al
AR...91248,yb al - ye bw
AL...87796,al wh - wh gr
AR...91643,al bw - wh or
AR...91394,bl wh - al yb
AR...89100,yb re - al yb
AR...91395,al or - wh bl
AR...89157,ye bl - al ye
AR...91393,ye gr - re al
AR...91391,al pi - wh bl
AR...91392,bl ye - al ye
AR...91949,al gr - or bw
AR...91641,bw al - bl re
AR...91250,bl wh - bw al
AR...91249,bl ye - al re
AR...89044,bw al - bl wh
AR...89044,bw al - bl wh
AR...08639,bl al - yb re
AR...08641,al gr - or bl
AR...91073,gr ye - al wh
AR...91724,ye ye - al gr
AR...91642,bw al - bl bw
AR...89171,gr al - yb ye
AR...89173,wh al - yb re
AR...89172,bl ye - gr al
AR...91995,pi al - re or
AR...08624,bl gr - wh al
AR...08623,ye al - yb gr
AR...68946,bl al - or bw
AR...91994,al pi - gr wh
AR...91086,wh ye - al gr
AR...91085,ye bw - re al
AR...91050,bl al - ye or
AR...89110,gr bw - al yb
AR...91240,wh gr - al yb
AR...89023,al wh - re bw
AR...89022,gr wh - ye al
AR...91241,bl or - or al
AR...91245,al ye - gr gr
AR...91765,yb gr - re al
AR...91763,ye ye - al re
AR...08640,bl gr - al bl
AR...91871,bw gr - al gr
AR...91197,bw wh - gr al
AR...67927,gr bl - gr al
AR...08649,yb al - re wh
AR...08645,wh wh - al re
AR...91872,al bw - gr ye
AR...91873,or or - al re
AR...91135,pi al - ye bw
AR...89239,bw ye - al wh
AR...91818,gr ye - al pi
AR...91251,al pi - re ye
AR...67600,bl al - bw bl
AR...91761,bl gr - re al
AR...91009,al wh - bw re
AR...67947,gr al - pi pi
AR...08648,or wh - pi al
AR...81935,al gr - ye or
AR...91349,bl al - bl wh
AR...91931,re re - gr al
AR...08643,ye bw - wh al
AR...08644,al pi - ye or
AR...91524,al wh - bl wh
AR...91029,al pi - yb ye
AR...91741,gr gr - yb al
AR...91742,gr bw - bl al
AR...91168,bl al - bw bw
AR...91243,wh gr - al bw
AR...91244,pi al - or or
AR...91242,yb gr - al wh
AR...91726,bl bw - al yb
AR...91725,re wh - al re
AR...92000,gr yb - bw al
AR...91999,al pi - wh bw
AR...91727,yb al - gr gr
AR...91728,gr ye - wh al
AR...92975,bw bw - al bl
AR...92974,bl al - or ye
AR...91756,gr wh - pi al
AR...91755,or ye - bl al
AR...08647,al bw - bw wh
AR...08646,al gr - gr bl
AR...68932,bl wh - gr al
AR...92997,ye ye - al wh
AR...67945,ye ye - ye al
AR...08650,gr al - yb re
AR...91767,gr wh - re al
AR...67946,al wh - wh gr
AR...91992,al yb - yb re
AR...91993,ye wh - al ye
AR...91525,al gr - gr wh
AR...91269,al gr - wh gr
AR...91278,bw ye - bl al
AR...91279,re al - bw gr
AR...92010,ye gr - al wh
AR...91786,or wh - al bl
AR...91787,bl wh - bl al
AR...91400,bw al - re bl
AR...91947,pb al - tr gy
AR...91947,al bl - bw wh
AR...91946,al pi - or wh
AR...89379,wr - al
AR...91799,yb bl - bl al
AR...91764,yb re - wh al
AR...91768,bw wh - re al
AR...91762,bl re - ye al
AR...89414,ye bw - al yb
AR...91730,yb bl - al bl
AR...91729,bl gr - re al
AR...92452,bl bw - al gr
53V..25697,or or - al bw
AR...92221,al or - ye bw
AR...91800,ye bl - bl al
AR...92225,bw wh - bw al
AR...92224,bw or - re al
AR...92222,gr al - bw bw
AR...92223,yb al - rw wh
AR...92223,al yb - gr ye
AR...92223,yb al - rw wh
AR...30961,or ye - or al
AR...92302,al ye - re or
AR...92340,gr bl - pi al
AR...91350,re bw - al pi
AR...91850,al yb - bl ye
AR...68995,or al - re ye
AR...89243,bw gr - gr al
AR...89248,or bw - al or
AR...92462,bw al - wh ye
AR...92580,al or - tr gy
AR...91107,gr wh - bw al
AR...91490,wh re - ye al
AR...91638,al bw - wh gr
AR...91500,bl gr - bl al
AR...91500,bl gr - al ye
AR...89204,or bw - al or
AR...89204,or bw - or al
AR...92590,gr - al
AR...91611,bw al - gr re
AR...91616,gr re - bw al
AR...89210,pi al - tr
AR...89210,al bw - bw bw
AR...91287,bl bl - ye al
AR...91381,al bl - gr bw
AR...91878,ye al - or ye
AR...91881,bw or - al or
AR...89219,re wh - al ye
AR...91620,re bl - re al
AR...91630,yb ye - al yb
AR...92466,al pi - bw or
AR...91456,gr re - al bw
AR...91124,re re - yb al
AR...91842,wh bw - al pi
AR...92552,or al - bl wh
AR...92553,re al - wh or
AR...89233,bl bw - rw al
AR...89234,ye bl - or al
AR...89236,al re - wh ye
AR...92794,bl bl - al bw
AR...91477,wh gr - al gr
AR...91479,or al - rw wh
AR...91481,bw al - gr wh
AR...91465,bw re - bl al
AR...91467,bl ye - al gr
AR...91468,wh or - gr al
AR...91469,bl wh - al rw
AR...91469,bl wh - al rw
AR...91471,yb gr - al gr
AR...89186,wh or - bl al
AR...89187,ye ye - wh al
AR...89188,bw bw - re al
AR...89190,re or - al pi
AR...89190,al pi - re or
AR...89191,bl bw - al bw
AR...89192,tr re - al gy
AR...89192,pi bl - or al
AR...89192,re bw - al bw
AR...89341,ye ye - gr al
AR...89342,yb re - al ye
AR...89348,bw al - re ye
AR...92366,bw re - re al
AR...92371,bl wh - wh al
AR...89093,ye al - gr bl
AR...89096,or wh - ye al
AR...89600,bw or - al ye
AR...92610,al - tr re
AR...89826,al wr - tr
AR...92158,al or - bl or
AR...89080,bl bl - yb al
AR...89081,al ye - ye wh
AR...89152,wh or - bw al
AR...89155,re al - or or
AR...91319,wh al - bl bl
AR...91323,rw al - pi bw
AR...89754,al ye - bw wb
AR...91335,bl re - al or
AR...92519,al or - re re
AR...92520,al or - wh bw
AR...92174,bw bl - yb al
AR...92228,bw al - gr bl
AR...91706,or or - bl al
AR...91709,or al - bl bl
AR...91052,pi al - or bw
AR...91053,re al - or ye
AR...91055,bl al - wh ye
AR...91061,wh bl - al re
AR...89046,or bl - al ye
AR...92167,pi al - re bw
AR...92167,pi al - re bw
AR...91075,rw al - re re
AR...91076,bw al - or or
AR...91079,wh or - re al
AR...92102,bl or - wh al
AR...92105,pi al - wh or
AR...92106,bw or - gr al
AR...92107,wh al - re gr
AR...92108,bw re - al yb
AR...92109,yb al - re ye
AR...89124,re bl - al wh
AR...91649,gr bw - gr al
AR...91305,gr gr - re al
AR...89431,bw - al
AR...89102,bl ye - ye al
AR...89104,bl or - al or
AR...92966,ye bw - al ye
AR...08629,al re - gr bl
AR...89312,bw gr - yb al
AR...91091,ye wh - ye al
AR...91092,bl re - re al
AR...91064,al yb - gr yb
AR...91068,ye re - re al
AR...89113,bw bl - bl al
AR...89115,bl ye - al bl
AR...89117,ye gr - bl al
AR...89118,bw re - al pi
AR...91681,al ye - wh bw
AR...89026,yb ye - re al
AR...89028,bl gr - gr al
AR...67937,ye gr - ye al
AR...91609,wh al - tr
AR...91609,ye al - tr re
AR...91609,wh al - bl ye
AR...91609,wh al - bl ye
AR...91007,bw al - gr gr
AR...92765,bw ye - al pi
AR...92771,re wh - yb al
AR...91157,al pi - wh re
AR...91136,al bl - bl bw
AR...68914,wh al - gr ye
AR...91547,al yb - re yb
AR...91550,yb gr - wh al
AR...91819,yb re - al pi
AR...92306,wh bl - rw al
AR...91516,pi al - ye or
AR...91021,al pi - bl gr
AR...91023,ye al - or rw
AR...91020,re yb - al bl
AR...92922,bl al - re yb
AR...92825,bw - al
AR...91585,al bw - ye re
AR...91580,bw al - pi pi
AR...91033,bw al - bl or
AR...91401,or or - al pi
AR...91401,al pi - or or
AR...91401,al pi - or or
AR...91408,yb al - bw re
AR...91505,gr yb - re al
AR...91430,ye bw - or al
AR...91747,ye re - al gr
AR...89631,wb al - tr
AR...91663,al ye - or bw
AR...91665,al re - bw or
AR...91668,yb gr - al re
AR...91671,re al - wh wh
AR...91267,re or - al bw
AR...91267,re or - al bw
AR...92346,bl gr - al wh
AR...92561,or al - re or
AR...91192,ye bl - or al
AR...89073,re al - or bl
AR...92135,wh bl - re al
AR...91096,al bl - bl bl
AR...91098,pi pi - al pi
AR...91101,re or - rw al
AR...92752,yb ye - pi al
AR...92756,gr bw - al bl
AR...68936,gr al - yb gr
AR...68936,yb ye - ye al
AR...68936,gr al - yb gr
AR...68936,yb gr - gr al
AR...91160,pi pi - al bw
AR...91164,bw bl - al bl
AR...91165,wh al - or wh
AR...91985,tr gy - gw al
AR...91985,gw or - gw al
AR...91985,wh bl - al pi
AR...92775,yb al - re bl
AR...89016,bl wh - al wh
AR...89020,bl or - al pi
AR...92913,wi al - tr gy
AR...91273,bl or - re al
AR...91274,ye bl - al wh
AR...89056,wh wh - ye al
AR...89329,bw wh - bl al
AR...89330,bw - al
AR...89331,al yb - gr re
AR...89332,yb gr - al bl
AR...39892,al ye - pi bw
AR...67919,tr - bl al
AR...67919,bl bw - bl al
AR...67925,bl al - yb bl
AR...91722,pi al - bw gr
AR...92218,bw al - gr bl
AR...91674,bw gr - al wh
AR...91967,al wh - bl re
AR...91970,bw bl - al bw
AR...92406,ye wb - pb al
AR...91339,ye al - bl ye
AR...92934,bl al - wh re
AR...92936,bw bw - al pi
AR...91694,bw al - or re
AR...91204,bw bw - gr al
AR...90677,al rw - tr re
AR...90558,bw - al
AR...90469,pi - al
AR...90469,tr gy - bw al
AR...90469,pi - al
AR...90469,rw - al
AR...90469,PI RW - AL
AR...90469,wr - al
AR...90862,al - rw
AR...76002,gr al - re or
AR...76013,gr al - bw bw
AR...76049,or al - bw wh
AR...76148,al pi - yb gr
AR...76050,or re - al bw
AR...76001,ye wh - or al
AR...76198,or al - re wh
AR...76197,al yb - re ye
AR...76199,gr re - al yb
AR...76249,yb al - bl gr
AR...76088,gr wh - wh al
AR...76170,yb al - wh re
AR...76164,gr al - or ye
AR...76250,gr al - bl bw
AR...76928,gr yb - wh al
AR...76149,gr al - bl or
AR...76094,ye wh - rw al
AR...76093,gr al - ye or
AR...76939,gr al - re wh
AR...76940,al yb - bl bw
AR...76172,or bw - al ye
AR...76171,al re - yb gr
AR...76938,or ye - al ye
AR...76200,or al - bw re
AR...76147,al yb - yb ye
V..5391619,ye wh - wh al
AR...76153,gr al - ye wh
AR...76150,or al - rw bw
AR...76949,or bl - al re
AR...76950,al wh - wb yb
AR...97568,re yb - bl al
AR...76731,bw or - al or
AR...76730,bw or - al or
AR...76730,bw or - al or
AR...76735,bw bl - al wh
AR...76735,bw bl - al wh
AR...76513,yb al - gr gr
AR...76329,al pi - yb ye
AR...97378,re ye - al yb
AR...76536,yb re - al bw
AR...76537,al yb - bw re
AR...97386,bl wh - yb al
AR...76324,re bl - yb al
AR...76323,al yb - bl re
AR...76540,yb gr - al pi
AR...76539,yb al - re wh
AR...76729,bw bw - al wh
AR...76729,bw bw - al wh
AR...76732,bw al - rw bl
AR...97306,bw al - rw wh
AR...76811,bw al - rw re
AR...76809,bw bl - al rw
AR...97301,bw al - wh ye
AR...76733,bw al - rw bw
AR...97303,bw al - rw rw
AR...76808,bw al - wh wh
AR...76737,bw al - rw ye
AR...76738,bw al - wh re
AR...76117,al wh - ye wb
AR...76875,gr al - wh bl
AR...76532,bw bl - or al
AR...97486,bw bl - gr al
AR...76341,al - tr
AR...76703,bw bl - ye al
AR...76688,al re - bl wh
AR...76616,bw bl - re al
AR...76666,al or - wh re
AR...68451,re rw - al bw
AR...68799,rw yb - al bw
AR...68494,re al - tr gy
AR...68800,pg al - wb pg
AR...94966,yb - al
AR...68698,ye ye - bw al
AR...95773,al bw - wh ye
AR...68450,rw rw - al bw
AR...68495,pi - al
AR...68797,al bw - ye rw
AR...68798,bl bw - bw al
AV...11004,bl ye - bw al
AR...68746,bl bw - bw al
AR...94965,wr - al
AR...68687,wh bl - al bw
AR...68493,tr - al wg
AR...68496,pg rw - al bw
AR...68452,al bw - yb wh
AR...94419,re yb - al bw
AR...94308,pi - al
AR...68512,re ye - al bw
AV...10871,al - ye
AR...68461,pg pb - al bw
AR...94309,ye e  - al ye
AR...95029,bw al - wh ye
AR...95029,pi - al
AR...94982,bw re - bw al
AR...94230,re pb - al bw
AR...94636,bl rw - bw al
AR...94089,pg re - al bw
AR...94990,bw rw - bw al
AR...68750,bl pb - bw al
AR...95725,al bw - bl re
AR...94954,wh - al
AR...68796,bw bw - bw al
AR...94955,pi - al
AR...94815,rw pw - al al
AR...94859,rw wh - al bw
AR...68556,bl al - wb ye
AR...68557,bl ye - bw al
AR...68672,al bw - rw yb
AR...68647,bw wh - bw al
AR...94290,ye bw - al bw
AR...94041,rw ye - bw al
AR...95800,al gy - tr
AR...68410,al bw - yb rw
AR...68411,rw bl - bw al
AR...68459,rw pw - al al
AR...68460,al bw - bw ye
AR...68519,al gy - tr
AR...68559,al bw - yb yb
AR...94450,bw al - yb bw
AR...95550,bw al - ye rw
AR...94500,pi - al
AR...68700,re re - bw al
AR...68442,rw bw - bw al
AR...68441,al pg - wh wb
AR...94499,bw al - re ye
AR...94953,bl wh - al bw
AR...68699,bw al - bl rw
AR...95716,al bw - pg ye
AR...95600,rw yb - bw al
AR...95599,al - tr or
AR...94451,ye yb - al bw
AR...94452,al bw - bw ye
AK...07368,or al - re bw
AR...94143,yb yb - bw al
AR...68596,ye rw - al bw
AR...95865,pb bw - al bw
AV...10810,bw al - bl re
AR...68597,bl al - bl bw
AR...94442,wh bl - bw al
AR...94719,bw pg - bw al
AR...68747,bl yb - al bw
AR...68350,bl bl - bw al
AR...94849,ye pb - bw al
AR...95850,ye re - bw al
AR...95000,al bw - re rw
AR...68748,bw pb - al bw
AR...95598,be al - wh bw
AR...68714,al bw - re bw
AR...95647,al bw - rw re
AR...94897,bw rw - al bw
AR...66700,ye ye - bw al
AR...68701,tr wh - al
AR...07800,ye bw - bw al
AR...66699,al bw - re ye
AR...68749,bw pg - al bw
AR...94690,rw pb - ye al
AR...94694,pb bw - al ye
AR...94698,pi - al
AR...94678,wh yb - al ye
AR...94681,ye al - pb pg
AR...94844,pg yb - ye al
AR...95763,al ye - rw bw
AR...95766,al ye - yb pb
AR...95777,bw - al
AR...94665,al ye - ye re
AR...68775,al ye - rw bl
AR...68776,re ye - ye al
AR...68777,pb re - al ye
AR...68782,ye al - yb bw
AR...68785,wb ye - bl al
AR...68787,re bw - al ye
AR...68692,al ye - bw ye
AR...68697,al pi - bl re
AR...94834,bl rw - al ye
AR...95568,pg bw - pg al
AR...95570,bl ye - al ye
AR...95574,bl wb - pb al
AR...95575,re bl - ye al
AR...94880,pb al - ye ye
AR...94882,al ye - ye pg
AR...94889,yb rw - al ye
AR...94870,rw ye - ye al
AR...94871,pb rw - al ye
AR...94872,al ye - rw ye
AR...94875,pb ye - al ye
AR...94876,al pb - tr
AR...94241,pb pb - ye al
AR...94243,tr - al
AR...94318,pb al - re pb
AR...94321,ye wh - ye al
AR...94324,al ye - pb re
AR...94257,al ye - pg rw
AR...95880,pg ye - al ye
AR...95804,pb pg - al ye
AR...94341,al ye - bw bw
AR...94347,bw bw - al ye
AR...68514,pb rw - ye al
AR...94493,bl pg - al ye
AR...68484,bw wb - al pg
AR...68485,pg bl - ye al
AR...68477,al pb - bw rw
AR...68480,bw bw - pb al
AR...94984,pg bw - ye al
AR...94261,yb yb - pg al
AR...94262,ye al - rw re
AR...94264,pb al - bw bl
AR...94266,ye al - bw bl
AR...94084,ye al - bw pb
AR...94087,pg wh - al ye
AR...94016,yb re - al ye
AR...94091,bw ye - al pb
AR...94093,pb pg - ye al
AR...94618,ye al - wb wb
AR...94618,pi - al
AR...68630,al ye - ye pb
AR...68635,bl bl - al ye
AR...68640,al ye - pb bl
AR...68473,rw bw - ye al
AR...94367,pg al - yb rw
AR...94370,wh wb - bw al
AR...94370,re wb - al pb
AR...94370,wh wb - bw al
AR...95891,al ye - wh rw
AR...95892,re pb - ye al
AR...68558,al ye - re yb
AR...95731,al ye - re rw
AR...94654,pg bw - al ye
AR...95747,bw wh - al ye
AR...95743,yb wh - al ye
AR...95744,al ye - rw rw
AR...94961,pi - al
AR...94963,bl bw - al ye
AR...68683,al ye - wh pb
AR...94816,tr - al re
AR...94824,pb wh - al ye
AR...95793,pg wh - ye al
AR...95797,al pb - pg ye
AR...95798,pi - al
AR...95799,al ye - rw re
AR...94865,yb ye - ye al
AR...94868,pg bl - al ye
AR...68397,yb pb - al ye
AR...95694,ye al - wh pb
AR...68671,re yb - ye al
AR...68657,yb pb - al ye
AR...68661,ye al - pg pb
AR...68662,pb al - re ye
AR...68405,pg pg - al ye
AR...68406,wb wh - al bw
AR...68407,pg re - ye al
AR...68399,al ye - rw wh
AR...68401,al ye - wh bl
AR...95020,tr - al
AR...95021,al - tr or
AR...68674,al wr - tr
AR...68676,al ye - rw pb
AR...94855,yb - al
AR...94856,al wh - wb bw
AR...94858,wb pg - al pg
AR...94007,bl bw - ye al
AR...94009,pb bw - ye al
AR...94010,al ye - bw pg
AR...94012,ye al - re pg
AR...94160,al ye - bw re
AR...94161,ye ye - ye al
AR...94155,ye al - wh bw
AR...68565,pb yb - ye al
AR...94202,al - wb
AR...94203,pi - al
AR...94207,bw wh - al pb
AR...94406,tr re - al
AR...94210,bl bw - al al
AR...94212,ye al - re pg
AR...94282,wh pb - ye al
AR...94283,ye al - pg pg
AR...94286,re pg - pb al
AR...94051,tr - al pb
AR...68369,bl re - al ye
AR...94484,bw al - wh wb
AR...94485,al ye - rw bl
AR...68423,wb re - al bl
AR...68425,ye al - rw rw
AR...68426,ye rw - al pb
AR...94186,bl rw - ye al
AR...94186,bl re - ye al
AR...94187,bw wb - al pb
AR...68465,bl ye - ye al
AR...94165,rw pb - al ye
AR...94769,al - tr or
AR...94772,pi - al
AR...68416,al - tr or
AR...68417,bw wb - pg al
AR...68418,al ye - ye bw
AR...68419,ye bl - pb al
AR...94104,bl wh - pb al
AR...94742,bw - al
AR...68436,al ye - pg ye
AR...68437,pg rw - al ye
AR...68439,bw ye - al ye
AR...94399,wh bw - al
AR...94403,tr wh - al
AR...94404,pb al - pb ye
AR...68361,ye al - pg pb
AR...68362,al ye - bw bw
AR...95517,al - bl re
AR...68449,bl bl - pg al
AR...94055,al ye - yb wb
AR...94057,bw ye - ye al
AR...94036,ye bw - al ye
AR...94140,pi - al
AR...94776,wr - al
AR...94780,pi - al
AR...94782,pb - al
AR...94796,al ye - pb bl
AR...94293,wh bl - ye al
AR...95011,al ye - bl rw
AR...94301,rw rw - ye al
AR...94304,bw - al
AR...94305,bw yb - ye al
AR...94306,wr - al
AR...94465,pb al - pg ye
AR...94467,ye al - bw wh
AR...94786,al - bl bl
AR...94076,bl yb - al ye
AR...94077,al ye - bw rw
AR...94279,ye al - pg bl
AR...94175,pg pg - ye al
AR...94177,pb pg - pb al
AR...94728,bl re - ye al
AR...94379,bw bl - pb al
AR...94380,ye al - rw pb
AR...68523,pb wb - al bl
AR...68525,bl yb - ye al
AR...68526,bw bw - al wb
AR...94441,al - pb
AR...94189,wr gr - al
AR...68591,al ye - bl ye
AR...68591,al ye - bl ye
AR...68502,al ye - ye rw
AR...94110,al pb - re pb
AR...94269,pb re - ye al
AR...94946,ye al - ye pb
AR...94949,bl pg - al ye
AR...94121,bl pg - ye al
AR...94724,tr - al pb
AR...68600,ye pg - al ye
AR...68602,al pb - tr
AR...68604,bw wb - pg al
AR...68613,ye ye - pb al
AR...68532,al ye - pb rw
AR...68533,ye bl - ye al
AR...68357,pb bw - al ye
AR...68358,al ye - bl bw
AR...68581,bl wh - al ye
AR...68585,pg re - pb al
AR...95028,yb - al
AR...95641,al ye - ye bw
AR...95642,pb al - re re
AR...95643,wh ye - al ye
AR...95646,ye al - bl pg
AR...94536,wh wh - al ye
AR...94537,wh pb - al ye
AR...94537,ye pb - al ye
AR...94918,ye al - pb yb
AR...94918,YE AL - PB
AR...94924,ye ye - re al
AR...94926,ye pb - al ye
AR...95738,al pb - pg re
AR...95675,ye wh - al ye
AR...94569,al ye - pb bw
AR...94570,ye bw - al ye
AR...94573,yb - al
AR...94563,ye al - bl rw
AR...94566,ye al - pg re
AR...94528,pg ye - ye al
AR...94529,al ye - ye bl
AR...94533,rw yb - al ye
AR...68731,al ye - yb wh
AR...68735,al ye - ye yb
AR...68720,al ye - ye pg
AR...94935,al ye - pg yb
AR...94602,tr - al ye
AR...94603,re al - ye bl
AR...94607,al ye - yb re
AR...94608,rw wh - ye al
AR...94598,wh pg - ye al
AR...68302,wh re - al ye
AR...95845,wb ye - bl al
AR...95847,ye al - wh pg
AR...95848,ye re - al ye
AR...94549,pb wb - al bw
AR...94551,al ye - bw pb
AR...68751,ye al - bl wh
AR...95557,yb rw - al
AR...94523,bl bl - al ye
AR...94589,rw wb - al ye
AR...94928,rw wh - al ye
AR...94929,pg al - pg rw
AR...94931,wh re - ye al
AR...94932,re rw - pb al
AR...68711,pi - al
AR...95655,ye bw - pb al
AR...94997,rw pg - ye al
AR...94998,ye al - wh ye
AR...95812,re wh - al pb
AR...94580,al ye - bw bl
AR...68316,wh pg - al ye
AR...68323,pb wb - al bl
AR...94559,al ye - pb yb
AR...94907,al ye - ye wh
AR...94909,ye al - pg ye
AR...66679,ye al - bw yb
AR...95840,al ye - pb pg
AR...94614,re al - pb rw
AR...94811,al ye - bl yb
AR...95650,re bw - al or
AR...95689,pb bl - al ye
AR...95818,bw rw - al ye
AR...95823,bw re - pb al
AR...95827,pi - al
AR...94022,yb - al
AR...94023,ye rw - pb al
AR...94031,wh wh - al ye
AR...94630,al ye - yb yb
AR...68759,bw pg - ye al
AR...68761,al re - tr pi
AR...68762,yb pg - al ye
AR...68345,al ye - bw ye
AR...68704,rw pg - al ye
AR...94903,al ye - pb ye
AR...94904,al ye - pb wh
AR...95365,wr - al
AR...95366,ye pg - ye al
AR...95367,ye re - ye al
AR...95368,rw yb - ye al
AR...95369,yb - al
AR...95370,pb bl - ye al
AR...95371,ye al - pg wh
AR...95372,yb - al
AR...95373,ye al - pg yb
AR...95375,ye al - re pb
AR...95376,ye al - rw pg
AR...95377,yb - al
AR...95905,bl ye - al wb
AR...95906,pb yb - al ye
AR...95907,al ye - rw pg
AR...95908,wh yb - ye al
AR...95909,pg pb - al ye
AR...95910,al ye - ye bl
AR...72593,tr - al or
AR...72550,wh pb - re al
AR...88805,yb al - ye ye
AR...90422,or al - or wh
AR...67750,re al - bl re
AR...08713,wh al - re bl
AR...08714,al re - ye or
AR...08715,wh re - al re
AR...18142,bl ye - al wh
AR...18143,bl wh - or al
AR...92945,bw bl - wh al
AR...92946,al bw - or bl
AR...92947,pi al - bw or
AR...92255,al re - gr ye
AR...92256,ye wh - al yb
AR...92257,gr al - or re
AR...92258,bl ye - al bw
AR...92260,re bl - al wh
AR...92261,pi al - re wh
AR...92262,or al - or bw
AR...92263,al re - bw ye
AR...92264,re yb - yb al
AR...92265,al yb - gr bw
AR...92266,gr re - al wh
AR...08660,al re - or wh
AR...08661,yb al - bl re
AR...08662,al ye - wh or
AR...08663,pi al - bw bw
AR...08665,pi re - gr al
AR...08665,al pg - wb wh
AR...08666,al bl - gr bl
AR...08667,bw gr - bw al
AR...08668,gr re - al re
AR...08669,bl al - wh or
AR...08670,al ye - bl wh
AR...08671,al bl - wh or
AR...08672,re ye - wh al
AR...08673,al re - bl re
AR...08674,bw al - yb re
AR...08675,gr al - wh bw
AR...08676,bw al - wh wh
AR...67762,bw al - wh re
AR...67763,or bl - gr al
AR...92691,al wh - or wh
AR...92948,gr al - re ye
AR...92949,bl or - al ye
AR...92950,bw or - al re
AR...92710,bl al - gr bl
AR...92710,bl al - gr bl
AR...92710,bl al - gr bl
AR...92711,bw ye - wh al
AR...92267,bl bl - al yb
AR...92268,pi al - wh re
AR...92269,al bl - bw re
AR...92269,al bl - tr gy
AR...92269,al bl - bw bl
AR...92270,wh al - ye wh
AR...92271,wh al - wh bw
AR...92532,al yb - bw bw
AR...92532,al ye - bw bw
AR...92533,al or - ye ye
AR...92534,al gr - bw ye
AR...92535,bw re - bw al
AR...18144,al bw - re yb
AR...08614,al yb - ye gr
AR...08616,al or - pi pi
AR...08616,pi al - bw wh
AR...08716,gr al - bl gr
AR...08717,wh al - wh wh
AR...08718,or re - re al
AR...08719,gr ye - al gr
AR...08721,bw re - pi al
AR...08722,re al - gr bw
AR...08615,al wh - wh wh
AR...93851,re bl - ye al
AR...93853,ye al - gr wh
AR...93854,bw or - al wh
AR...18119,al yb - ye wh
AR...67749,al ye - gr wh
AR...68897,al re - bl ye
AR...68899,re wh - pi al
AR...68900,pi al - pi pi
AR...92012,bw ye - re al
AR...92013,gr al - yb gr
AR...92014,ye or - al ye
AR...92015,re al - bl re
AR...92016,bl gr - bl al
AR...92272,or ye - al gr
AR...92273,ye or - re al
AR...92274,bw al - yb re
AR...92275,yb al - re bl
AR...92276,ye or - al pi
AR...92277,gr yb - wh al
AR...92278,gr al - wh or
AR...92279,bw or - al or
AR...92692,ye ye - al pi
AR...92692,ye ye - al pi
AR...92693,al bw - bl wh
AR...92694,al or - or ye
AR...92695,bw wh - bl al
AR...92695,bw wh - bl al
AR...92696,al re - re or
AR...90863,al - rw
AR...90863,tr - al or
AR...90863,tr - al or
AR...90294,pw pw - al
AR...40917,al - tr al
AR...40917,al - tr al
AR...90711,rw - al
AR...90768,tr gy - al
AR...90829,wr - al
AR...90877,ye al - wb bl
AR...90158,tr ye - al ye
AR...90158,al - bl bl
AR...90158,tr ye - al ye
AR...90158,rw - pi al
AR...90158,wr - al
AR...90884,al - tr al
AR...90889,bw - al
AR...90898,al - wr
AR...90112,rw - al
AR...90133,ye al - wb bl
AR...90064,wb wh - ye al
AR...90666,al - wr
AR...90666,al - rw
AR...90924,al - bl bl
AR...90933,wb al - tr
AR...90269,ye al - wb bl
AR...90077,rw - al
AR...90935,pi - al
AR...90935,al - pi
AR...90391,rw - al
AR...90391,pi - al
AR...90391,wr - al
AR...90947,bl al - wh wh
AR...90951,gw gw - al
AR...90965,al - rw
AR...90965,al - wr
AR...90970,gw gw - al
AR...90257,bw - al
AR...90397,al - tr al
AR...30985,ye al - wb bl
AR...90972,al - tr al
AR...90070,al - rw
AR...90070,PI AL - rw
AR...90152,al yz - tr bl
AR...90180,re wb - al pg
AR...45965,pi - al
AR...79089,al xx - rw xx
AR...45963,tr - al wg
AR...45963,al - wh bl
AR...45963,al gw - tr
AR...45964,pi - al
AS...53626,al - pu
AR...45962,pi - al
AR...30986,al - tr al
AR...30986,al - tr al
AR...90067,gw gw - al
AR...90045,wb pw - al
AR...90326,pb - al
AR...90799,wr - al
AR...90799,tr gy - al bw
AR...90736,al - or
AR...90098,ye wb - bw al
AR...90034,or al - tr
AR...90410,al - tr al
AR...90373,bw wb - bw al
AR...90791,bl al - tr gy
AR...90791,al wr - tr
AR...90314,al - or
AR...86521,re wb - al pg
AR...45928,al - pw yb
AR...41993,al - wb
AR...86152,al - wb
AR...90581,re wb - al pg
AR...18148,bw re - yb al
AR...08723,bw - al
AR...08726,al yb - bw gr
AR...08729,wh al - bl bl
AR...08730,al yb - ye wh
AR...08736,ye al - re wb
AR...88490,re or - al wh
AR...88492,tr pi - al gw
AR...88528,bl bl - pi al
AR...88527,re al - or bl
AR...88491,al - tr or
AR...88489,al - bw
AR...88962,pi - al
AR...88851,pb - al
AR...88853,ye al - bl gr
AR...88852,bl ye - al or
AR...88895,wb wb - al ye
AR...88892,wh wb - yb al
AR...88894,bw - al
AR...88893,al - tr re
AR...88964,wb pb - pg al
AR...88307,wh gr - al yb
AR...88966,wr - al
AR...88561,bw - al
AR...88430,rw wb - pg al
AR...88431,re al - bl gr
AR...88965,wh al - bl or
AR...88464,bl al - bw wb
AR...88463,bw - al
AR...88466,or re - al bl
AR...88951,ye al - tr pi
AR...88967,pb - al
AR...88594,wr - al
AR...88999,pi - al
AR...88990,yb al - wh re
AR...89000,bl or - or al
AR...88989,bw re - yb al
AR...88952,wh wh - gr al
AR...88991,re re - wh al
AR...88955,wb pb - al pb
AR...88876,bl bl - al bl
AR...88538,re wh - al or
AR...88988,al - tr pi
AR...88953,wb ye - al bw
AR...88959,bw al - pb wb
AR...88351,bw - al
AR...88039,al - gr gr
AR...88818,al - wb
AR...88038,wh or - wh al
AR...88819,pi al - or ye
AR...88961,al - re
AR...88341,wh wb - al ye
AR...88978,bw al - tr
AR...88595,re al - re wh
AR...88973,gw gw - al
AR...88300,pb - al
AR...88974,or or - gr al
AR...88537,pi al - wh gr
AR...88439,gr al - or bl
AR...88438,tr pi - gw al
AR...88646,or al - wh wh
AR...88648,pi al - yb gr
AR...88972,bw al - pb wb
AR...88043,tr - al wr
AR...88041,yb - al
AR...88980,yb re - al ye
AR...88040,or re - wh al
AR...88960,al pb - tr
AR...88318,al yb - re ye
AR...88044,wh ye - al
AR...88042,yb al - gr yb
AR...88981,rw al - tr
AR...88181,wr - al
AR...88982,wr - al
AR...88748,pw pw - al
AR...88748,al ye - gr bw
AR...88748,al ye - gw bw
AR...88180,re al - tr
AR...88649,bw bl - al wh
AR...88950,al - re
AR...88950,al - wb
AR...88969,pi - al
AR...88262,pi al - tr
AR...88968,wh ye - al yb
AR...88817,wb re - al bl
AR...88192,wh al - wh or
AR...88193,al re - yb gr
AR...88987,wh wb - al ye
AR...88200,wr - al
AR...88931,bw al - or or
AR...88932,pi pi - al pi
AR...88390,pw pw - al
AR...88388,al bw - wb bl
AR...88956,pb - al
AR...88389,al wh - ye wb
AR...88957,ye al - tr
AR...88943,al ye - yb re
AR...88970,wh bw - al re
AR...88370,bw - al
AR...88971,pb al - tr
AR...88958,pb - al
AR...88642,al bl - wh bl
AR...88838,wh re - al re
AR...88839,al - pb
AR...88837,yb al - re bl
AR...88560,bl al - bw wb
AR...88575,al - gr gr
AR...88985,al - bw
AR...88248,tr - bw al
AR...88850,or or - al gr
AR...88977,al - wh bl
AR...88650,al - tr re
AR...88001,pg wb - yb al
AR...88007,gr al - wh or
AR...88002,yb ye - re al
AR...88979,wr pb - al wr
AR...88645,al - tr gy
AR...88643,al bl - pb wb
AR...88963,pi - al
AR...88279,re wh - al re
AR...88278,pi - al
49V..80995,tr - rw al
AR...88291,al - pb
AR...88975,pi - al
AR...88644,pi - al
AR...88986,wr - al
AR...88244,gy al - tr or
AR...88290,bl re - al or
AR...88276,wb wh - al pg
AR...88976,al wh - wb ye
AR...88277,wr - al
52V..92502,al xx - rw xx
AR...88647,al - pb
AR...88984,pb - al
AR...88749,tr - rw al
AR...88781,wb wb - al ye
AR...88771,yb al - bl wh
AR...88329,wr - al
AR...88249,pi - al
AR...88199,pb - al
AR...88742,al pi - yb gr
AR...88782,gr gr - re al
AR...88785,wr - al
AR...88250,re al - gr gr
AR...88750,wb - al
AR...88750,gr yb - re al
AR...88750,wb - al
AR...88465,or al - or wh
AR...88787,gr al - wh bl
AR...88786,bl wb - al bw
AR...88682,wr - al
AR...88800,re al - tr pi
AR...88148,wh al - tr
AR...97051,wb rw - al bl
AR...88137,bw - al
AR...88136,re wb - al bw
AR...88111,tr pi - al oz
AR...88112,al - re
AR...88798,gr al - bl or
AR...88799,wr - al
AR...88371,wh bw - bw al
AR...88372,bl bw - al yb
AR...88878,yb - al
AR...88889,al - pw
AR...88891,bl al - wb bw
AR...88532,al ye - re wb
AR...88460,pb - al
AR...88462,ye - al
AR...88036,al ye - pb wb
AR...88154,wb bw - ye al
AR...88315,pw pw - al
AR...88316,pi - al
AR...88468,wb bl - al pg
AR...88836,al re - tr or
AR...97090,al yb - wh wb
AR...88806,al pg - re wb
AR...88814,ye - al
AR...76102,pi al - tr
AR...76103,al pb - wb re
AR...76107,al or - tr pi
AR...88997,pb - al
AR...88917,pb b  - al ye
AR...88804,pi - al
AR...88925,bw - al
AR...88927,pb - al
AR...88930,ye - al
AR...88335,pb - al
AR...88797,bw - al
AR...88539,wb wb - al al
AR...88540,wr - al
AR...88543,al - ye
AR...88545,bw al - wb wb
AR...88168,al gb - tr
AR...97098,ye - al
AR...88045,pb - al
AR...88056,tr - al pb
AR...88065,yb - al
AR...88739,tr or - al rw
AR...88124,tr - wr al
AR...88253,pi - al
AR...88254,tr gy - al ye
AR...88257,rw wh - al
AR...88260,al wh - ye wb
AR...97245,pb - al
AR...88354,tr ye - al
AR...88385,al wh - wb bw
AR...88178,pi - al
AR...67780,bw bw - gr al
AR...92031,pi al - bl gr
AR...92053,bw al - wh bl
AR...92054,gr re - al bw
AR...67779,gr bw - yb al
AR...95898,al ye - bw wh
AR...95904,tr re - al pi
AR...95912,yb bl - al ye
AR...95920,al ye - pg re
AR...95913,yb ye - al ye
AR...95900,wb wh - pg al
AR...95918,al ye - pg bw
AR...95903,al ye - ye re
AR...95903,al ye - ye re
AR...95917,rw bw - al ye
AR...95914,yb rw - al ye
AR...95916,bw - al
AR...95915,bw - al
AR...95901,al ye - ye ye
AR...95902,wh pg - al ye
AR...95899,al ye - bw yb
AR...95911,wh yb - al ye
AR...95919,al ye - pg pb
AR...08678,pb - al
AR...08679,gr gr - wh al
AR...08733,rw rw - ye al
AR...92052,yb al - yb re
AR...97035,bl or - al gr
AR...97036,bw re - bw al
AR...92286,bl bl - pi al
AR...92017,al pi - bw re
AR...92018,wh al - or re
AR...08612,bl bw - al re
AR...89339,yb al - tr
AR...89339,yb al - tr gy
AR...08611,bl gr - al wh
AR...08610,bw al - re re
AR...08609,or bl - wh al
AR...68895,yb re - gr al
AR...68896,yb al - gr re
AR...08732,bl al - wh bl
AR...08677,bl or - bl al
AR...04596,ye ye - ye al
AR...04596,ye ye - ye al
AR...04596,ye ye - ye al
AU...15079,gw gw - al
AR...45738,al gw - tr
AR...45738,al - tr
AR...45738,al gw - tr
AR...45738,al gw - tr
AR...45738,tr gy - al gw
AR...45738,al gw - tr
AU...15031,al - tr al
AR...45705,wr al
AU...14009,or ye - ye al
AU...14010,pi al - ye gr
AU...14110,gr gr - ye al
AU...14111,al pi - wh or
AR...93969,ye re - al bl
AU...14384,wh re - al yb
AU...14293,re yb - al wh
AU...14168,gr al - gr wh
AU...14227,al bw - wh ye
AU...14227,al bw - wh ye
AU...14317,al wh - yb re
AU...14396,bw re - al yb
AU...14500,al re - re ye
AU...14565,bw bl - re al
AU...14497,al wh - gr yb
AU...14581,yb al - re re
AU...14014,or wh - or al
AU...14047,al or - re bl
AU...14048,re wh - al bw
AU...14051,al pi - re ye
AU...14053,or al - wh re
AU...14077,wh wh - al wh
AU...14154,al yb - bl ye
AU...14155,ye re - al ye
AU...14158,al ye - or bl
AU...14192,rw al - pi or
AU...14196,re bw - al re
AU...14213,rw re - ye al
AU...14218,ye al - yb gr
AU...14244,ye bl - al bl
AU...14246,re re - bl al
AU...14246,tr - al pb
AU...14229,al pi - or bw
AU...14229,al pi - or bw
AU...14240,ye gr - al pi
AU...14264,ye al - ye or
AU...14290,bw bw - bl al
AU...14279,al yb - yb re
AU...14318,al pi - gr wh
AU...14347,al or - wh re
AU...14353,al wh - ye bw
AU...14370,al gr - re yb
AU...14374,pi al - ye bl
AU...14413,ye al - yb gr
AU...14472,al bl - wb pg
AU...14496,al gr - wh gr
AU...14498,al gr - re bw
AR...08585,bw - al
AR...08586,gw gw - al
AR...08588,al - pi
AR...08589,pb - al
AR...08591,al - pb
AR...08592,pi - al
AR...08593,wb wh - al wh
AR...08594,pi - al
AR...67764,wb - al
AR...67764,al pg - tr
AR...67764,wb - al
AR...67765,al - tr bl
AR...67766,pi - al
AR...67767,wr - al
AR...67768,yb - al
AR...67769,al - yb yb
AR...67770,al wg - tr
AR...67771,yb al - wb rw
AR...67772,al bl - wb yb
AR...67773,yb - al
AR...67774,tr bl - al wh
AR...67775,wb ye - al yb
AR...67776,tr bl - al re
AR...67777,pi - al
AR...76987,wr - al
AR...76988,bl al - tr gy
AR...76989,pi - al
AR...76990,pb b  - al ye
AR...76992,yb - al
AR...76995,tr re - al ye
AR...92019,bl wb - pg al
AR...92022,pi - al
AR...92023,tr or - al
AR...92024,pi - al
AR...92025,bg al - tr
AR...92026,pi - al
AR...92027,tr - al ye
AR...92028,ye wb - pb al
AR...92028,wb - al
AR...92028,wb - al
AR...92029,tr - pi al
AR...92029,wr - al
AR...92029,wb - al
AR...92697,tr pi - or al
AR...92698,al - tr ye
AR...92699,rw wb - ye al
AR...92700,yb - al
AR...93801,pi - al
AR...93802,bw - al
AR...97038,wr - al
AR...97039,bw wb - al bl
AR...97041,bw - al
AR...97042,wb - al
AR...97042,pi - al
AR...97042,al bl - bw gr
AR...97045,yb - al
AR...97046,pb wb - bw al
AR...97047,al - yb pw
AR...97048,al wh - pb wb
AR...97050,wb - al
AR...97101,al pa - tr pi
AR...97102,pg al - wb re
AR...97103,wb wh - al bl
AR...97104,pg al - wb wh
AR...97105,bw wb - al wh
AR...97106,bw - al
AR...97107,tr gy - bl al
AR...97162,al bl - wb bl
AU...15002,al - tr al
AU...15002,al - wr
AU...15002,al - pi
AU...15005,wr - al
AU...15005,al - rw
AU...15005,ye al - wb bl
AU...15005,ye al - wb bl
AR...90978,wb wh - ye al
AR...90980,ye al - wb bl
AR...95051,bw pb - al ye
AR...95052,al ye - bl pb
AR...95053,bw pg - al ye
AR...95054,tr - al pb
AR...95055,tr wh - al
AR...95056,al ye - bl re
AR...95378,yb bl - ye al
AR...95379,bw bl - al ye
AR...95380,ye al - bl bl
AR...95381,al - pb
AR...95382,pb ye - ye al
AR...41772,al - wb
AR...41773,wb pg - al wh
AR...41774,al - wb
AU...15900,wr al - tr
AU...15900,al gw - tr
AU...15900,wr al - tr
AU...15900,lg al - tr
AU...15560,pi - al
AU...15560,pi - al
AU...15561,pi - al
AU...15561,pi - al
AR...45671,al rw - tr re
AR...45671,al rw - tr re
AR...45746,pi - al
AR...45746,pi - al
AL...26207,yb - al
AR...26598,gw gw - al
AR...95246,al yr - tr re
AX...56006,al pb - re bl
BA...67112,bw yb - pb al
BA...67149,ye re - al pb
BA...67278,bw wh - pb al
BA...67509,al pb - pb ye
BA...67530,al pb - yb bw
BA...67595,al pb - bw ye
BA...67926,al pb - ye ye
BA...67942,al pb - bl ye
AR...66867,pb al - yb bw
AR...66867,pb al - yb bw
AR...66892,pg re - al ye
AR...95046,rw pb - al pb
AR...95077,rw rw - al pb
AR...95077,rw rw - al pb
AR...95093,al pb - wh re
AR...95100,ye yb - al ye
AR...95100,pb al - tr
AR...95154,ye bw - pb al
AR...95154,ye bw - pb al
AR...95170,rw pb - pb al
AR...95205,yb al - wb pg
AR...95219,pi - al
AR...95302,bl pg - al pb
AR...95302,bl pg - al pb
AR...95341,pb al - bl bl
AR...95390,re wh - pb al
AR...95391,al pb - bl rw
AR...95396,pi - al
AR...95945,al - bl re
AR...95952,rw wh - al pb
AR...95963,rw bl - pb al
AR...95973,pb al - pb bl
AR...95980,al pb - pb bl
AU...25013,rw wb - al pb
AU...25013,al - gr gr
AU...25013,al - gr gr
AU...25015,al pb - re rw
AU...25040,bl bw - pb al
AU...25041,rw rw - pb al
AU...25041,rw rw - pb al
AU...25088,yb - al
AU...25175,rw ye - al pb
AU...25176,rw bl - al pb
AU...25187,bl pg - pb al
AU...25203,pb al - bl rw
AU...25249,al bw - tr pi
AU...25269,rw pb - al pg
AU...25269,al - pb
AU...25288,rw - al
AU...25291,rw re - pb al
AU...25293,rw bw - al pb
AU...25293,rw bw - al pb
AU...25294,pi - al
AU...25325,yb yb - al ye
AU...25329,al pb - rw bl
AU...25332,ye bw - al pb
AU...25345,rw pg - pb al
AU...25346,bl pb - pb al
AU...25414,al bl - wh pb
AU...25513,al ye - wh bw
AU...25518,al ye - wh ye
AU...25570,al pb - wh bw
AU...25581,al bw - pb bw
AU...25601,al - pw
AU...25607,al pb - wh rw
AU...25708,pb yb - pb al
AU...25715,rw pg - al pb
AU...25792,al ye - yb ye
AU...25913,rw wh - pb al
AU...25923,al pb - re re
AU...25929,al pb - pg bl
AU...26002,pb al - wh bw
AU...26002,pb al - wh bw
AU...26071,rw re - al pb
AU...26076,al pb - rw re
AU...26123,re re - pb al
AU...26365,al pb - re ye
AU...26379,bw - al
AU...26397,ye al - ye bl
AU...26429,re rw - al pb
AU...26449,pb al - ye bl
AU...26497,bw yb - al pb
AU...26498,bl bl - pb al
AU...26499,pb al - bl ye
AU...26500,pb al - bw ye
AU...26511,al - tr or
AU...26530,bw - al
AU...26599,rw yb - pb al
AU...26600,ye bl - pb al
AU...26640,al pb - bw bl
AU...26649,al - tr or
AU...26650,al pb - ye bl
AU...26951,pb al - ye ye
AU...26952,ye bl - al pb
AU...26953,rw wb - al bw
AU...26954,al pb - wh bl
AU...26955,al - or ye
AU...26956,al pb - yb re
AU...26957,re yb - pb al
AU...26958,rw bw - pb al
AU...26960,al pb - pb rw
AU...26961,al pb - pg rw
AU...26962,al pb - rw rw
AU...26963,bl rw - wb al
AU...26964,re re - al pb
AU...26964,re re - al pb
AU...26965,pb al - rw re
AU...26966,pb al - wh re
AU...26967,re yb - al pb
AU...26968,pb al - yb re
AU...26969,pb al - bw rw
AU...26969,pb al - bw rw
AU...26971,pb al - pb rw
AU...27100,al pb - yb rw
AU...27172,al pb - bl bl
AU...27173,ye re - al pb
AU...27174,gw gw - al
AU...27175,pb al - bl bl
AU...27176,bl bl - al pb
AU...27176,bl bl - al pb
AU...27177,bl bw - al pb
AU...27178,rw wb - al pb
AU...27178,bl ye - al pb
AU...27179,pb al - pb bl
AU...27180,bl pb - al pb
AU...27181,pb al - re bl
AU...27182,pb wh - pb al
AU...27183,al pb - yb pb
AU...26959,al pb - ye rw
AU...26970,pb al - ye rw
AU...16870,pi - al
AU...16667,tr re - re al
AU...16667,tr re - re al
AU...16667,tr re - rw al
AU...16667,PI RW - AL
AU...16667,al - wr
AU...16667,tr re - re al
AU...16667,al - rw
AU...15085,pi - al
AU...15207,al - wr
AU...15344,al - wr
AU...15344,al - rw
AU...15344,al rw - tr gy
AU...15984,al - wr gw
AU...15984,bw - al
AU...29459,al re - wh or
AR...89891,al pi - bw bw
AR...08681,wh re - yb al
AR...89860,bl or - al bl
AU...28881,al gr - re bl
AR...92714,ye al - bw wh
AU...29290,re wh - al gr
AU...29291,re wh - wh al
AR...08682,al gy - tr gy
AR...08682,al gr - gr ye
AR...08683,gr bl - bl al
AU...28149,al ye - yb gr
AR...93959,al yb - bl bl
AR...93960,or ye - wh al
AU...28880,ye al - ye gr
AU...28502,bl bw - re al
AR...89859,gr gr - bl al
AR...89858,bw or - al pi
AR...08686,al yb - bw bw
AR...08684,al or - re wh
AR...08685,al or - or or
AR...89892,al or - re bw
AR...89893,al yb - yb yb
AR...93962,pi al - bl re
AU...28886,re al - re bl
AU...28887,wh wh - al gr
AU...28314,al bl - wh ye
AR...92063,or al - ye re
AR...92064,ye bl - pi al
AR...93965,ye ye - wh al
AR...93968,bl al - bl re
AR...93979,ye bl - al pi
AU...28517,bl al - re re
AS...88563,al yb - bl bw
AU...29300,bl ye - yb al
AU...28501,al bl - or re
...1166147,gr ye - al ye
AR...98420,pi - al
AU...29299,wh re - al wh
AR...92716,al pi - bl bw
AU...28318,al yb - bw ye
AU...28319,or al - wh bl
AR...92715,ye wh - al re
AU...29097,ye ye - al yb
AR...08696,al bl - ye gr
AR...08698,gr yb - yb al
AR...89914,or or - al pi
AR...89875,re re - al gr
AR...89873,bl ye - or al
AR...89872,wh al - pi pi
AR...93952,gr bw - al bl
AU...28516,ye ye - al ye
AR...93987,bw - al
AU...28507,bw ye - al or
AR...93970,bw al - wh or
AR...93971,bw bl - pi al
AU...28818,al bl - wh re
AR...93797,al gr - gr gr
AR...93796,yb gr - al yb
AU...28599,bw gr - bw al
AR...93982,or or - al bw
AR...93847,bl ye - pi al
AR...93953,re al - yb gr
AR...89866,ye or - al or
AU...28600,al bl - or re
AU...28303,or bl - al re
AU...28112,re al - bw wh
AU...29751,al bw - gr wh
AR...89906,re or - al or
AU...28598,yb re - bl al
AR...89907,bw bw - al ye
AR...89996,gr re - wh al
AR...89997,wh gr - ye al
AU...28123,al gr - pi re
AU...29075,al wh - ye or
AR...92726,or re - al re
AU...28113,ye wh - al bw
AU...28805,ye re - ye al
AR...98532,bg al - tr
AR...89905,gr yb - al wh
AR...89904,pi pi - al or
AU...28806,al re - gr wh
AU...28943,bw bw - pi al
AU...28301,re al - yb re
AU...28302,bl bw - wh al
AU...28122,or wh - al ye
AR...93783,wh ye - al or
AR...93782,re al - or re
AU...28121,wh al - wh bl
AR...93798,al or - re or
AR...89970,pi - al
AR...89338,ye gr - wh al
AU...28807,pi al - re gr
AU...28719,al bw - bw wb
AR...93967,wh al - bl wh
AR...93966,al pi - ye gr
AR...89337,bw ye - bw al
AR...93787,al bw - ye gr
AR...18948,al re - ye wh
AR...93792,ye al - pi bw
AR...93791,gr bw - al bw
AR...93964,al wh - bl gr
AR...67788,yb re - al bl
AR...67789,gr ye - al bl
AU...28344,gr al - bl re
AR...92720,ye wh - al re
AR...93956,wh al - re wh
AR...93955,al wh - bl or
AU...29263,re gr - al wh
AR...93977,bw gr - pi al
AR...92713,gr al - re yb
AR...92712,re gr - al re
AR...93976,re al - wh bw
AR...93975,bl bl - or al
AR...93974,re re - bw al
AR...98427,ye - al
AR...89874,al bl - bw gr
AR...89874,al bl - tr gy
AR...93794,ye ye - pi al
AU...29222,bw al - ye gr
AR...89876,bw wh - pi al
AR...93788,gr re - pi al
AR...93789,al wh - wh re
AR...93779,al gr - bl gr
AR...93778,or re - ye al
AR...93786,yb yb - yb al
AU...29349,re al - or bw
AU...28827,pi bw - ye al
AU...28828,or al - wh bl
AU...28375,or bl - re al
AU...28580,wh al - ye ye
AU...28581,re bl - al gr
AU...28582,al bw - bl ye
AR...93780,al re - bl wh
AU...28126,or or - ye al
AU...28125,re gr - ye al
AU...28124,al re - bw bw
AR...93986,bl bw - al gr
AU...28316,gr wh - al wh
AU...28317,al gr - ye gr
AR...98448,tr ye - al
AR...93781,al ye - pi pi
AR...89856,bl al - re gr
AR...89857,wh wh - al wh
AU...28916,tr re - pg al
AU...28916,re bl - al pi
AU...28542,al gr - yb ye
AU...28540,al bw - ye or
AR...98502,wh - al
AU...28008,al re - wh bl
AR...89913,pa al - tr re
AU...28529,al wh - yb ye
AU...28530,bl gr - pi al
AR...98265,tr - al pb
AR...92550,pb - al
AR...93984,re al - bl bl
AR...93835,al wh - ye gr
AR...93836,al yb - bl re
AR...98503,ye wb - al pb
AR...98480,wb re - bw al
AR...98501,wr - al
AU...28541,bl bl - wh al
AR...98250,re al - bw or
AU...29748,pi - al
AR...92062,or or - al re
AR...92065,al re - wh bw
AR...93790,al pi - bl wh
AU...28493,yb al - gr bw
AU...28645,bl rw - bl al
AR...98428,al - or
AU...28988,re - al
AR...98363,wb bw - al bw
AU...28289,rw yb - al yb
AU...28115,rw wh - al or
AR...89931,wh or - wh al
AR...98198,bl - al
AU...28637,ye bl - al re
AR...89946,bw ye - al bw
AR...98510,al - tr
AU...28774,or al - bl bw
AR...93846,pi bw - al ye
AR...67785,or rw - al re
AU...29501,or re - al or
AU...28611,pi al - ye rw
AU...28611,pi al - wh rw
AU...28612,bl al - ye ye
AU...29776,bw wh - al or
AU...29058,rw or - al rw
AU...29058,rw or - al rw
AU...28536,al pi - re bw
AR...92540,wh al - or ye
AU...29056,ye al - re yb
AU...28169,re ye - al rw
AU...29090,or re - bl al
AU...29036,bw ye - al rw
AU...28243,wh bw - rw al
AR...98455,al - tr
AU...28277,rw al - rw yb
AU...28268,yb al - bw bw
AU...29296,rw al - ye or
AR...98959,al - tr
AU...28368,re al - ye rw
AU...28368,re al - ye rw
AR...67795,bw rw - rw al
AU...28340,yb al - ye re
AU...28838,tr gy - ye al
AU...28838,wh rw - al ye
AU...29030,tr gy - al gw
AU...29030,yb or - bl al
AU...29247,bw al - or ye
AU...29248,bw al - or ye
AU...29801,pi re - al rw
AR...93816,rw or - bl al
AU...28904,ye bw - ye al
AR...98489,tr - al
AR...98491,tr - al
AU...29606,ye al - bw re
AR...93972,ye bl - al pi
AU...15456,wr al
AU...15456,wr al
AU...15911,al - rw
AU...15911,PI WR - AL
AU...15911,wr - al
AR...90993,al - pw yb
AR...90990,al - pw yb
AR...90984,al yz - tr bl
AR...90991,ye al - tr or
AU...15958,re wb - al pg
AU...15038,al - wr
AU...15038,al - rw
AR...29514,pg wb - wh al
AR...29514,al - rw
AR...29514,pg wb - wh al
AR...45735,re wb - al pg
AR...45700,al - pw yb
AU...15148,al - wr
AU...15148,al rw - tr gy
AU...15148,al - rw
AU...15762,al - bl bl
AU...15615,al - wr
AU...15272,al - wr
AU...15272,al gw - tr
AU...15272,al gw - tr
AU...15272,al - rw
AU...15116,al - bw
AU...15116,al - wb
AU...15997,pi - al
AU...16404,al - tr
AF...09889,bw - al
AF...09889,bw - al
AF...09913,al wr
AF...09913,gw - al
AF...09913,al wr
AF...09913,wb - al
AF...09916,bl wh - ye al
AR...29531,rw - al
AU...15716,al - rw
AU...15716,rw - al
AU...15717,tr - al
AU...15717,al - tr
AU...15717,tr - al wg
AU...15717,tr - al gw
AU...15717,tr gy - al gw
AR...86772,bw wh - al bw
AR...86772,tr gy - al bw
AR...86772,wh bw - al bw
AU...15130,rw - al
AU...15026,pi - al
AU...15924,pi - al
AU...15924,al - wr
AU...15924,al - pi
AU...15083,tr ye - al rw
AU...15083,tr ye - gr al
AU...15083,tr gy - al
AU...15083,tr gr - al rw
AU...15083,tr ye - gr al
AU...15083,rw - al
AU...15090,al - bw
AU...15093,pi - al
AU...15676,tr - gw al
AU...15676,tr - al
AU...15676,tr - gw al
AU...15679,tr ye - al bl
AU...15679,rw - al
AU...15313,pi - al
AU...15313,tr wh - re al
AU...15313,rw - pi al
AU...15313,tr wh - re al
AU...15736,al - pi
AU...15736,al - wr
AU...15606,bl rw - al bl
AU...15710,al - bl bl
AU...15809,wr - al
AU...15809,rw - pi al
AU...15809,al - rw
AU...15809,rw - al
AU...15809,pi - al
AU...15630,or bw - al or
AU...15630,bw - al
AU...15630,or bw - al or
AR...45750,rw al - re ye
AU...15825,wr - al
AU...15825,pi - al
AU...16887,rw - al
AU...16887,al - rw
AU...16887,al - wr
AU...16900,al - rw
AU...16900,rw - al
AR...18141,bl bw - bw al
AR...40149,wh al - bl bw
AR...40150,tr re - bl al
AR...40150,gr gr - al bl
AR...68147,gr re - re al
AR...92650,al pg - gr wh
AR...98651,al re - gr wh
AR...98801,re yb - wh al
AR...98802,al re - wh wh
AR...98802,al re - wh wh
AR...98803,yb al - yb yb
AR...98851,yb al - bl bl
AR...98852,wh re - pi al
AR...98853,gr al - re re
AR...98853,al gy - tr re
AU...29958,pi al - re wh
AU...29959,al bl - gr gr
AR...97840,bw al - wh rw
AR...77609,al or - wh bl
AR...97831,wh al - wh or
AU...30105,al re - bw bw
AR...97999,al or - wh rw
AU...30167,al re - bw or
AR...97917,al re - bl bw
AR...97916,al or - wh ye
AR...97914,al or - wh bw
AU...30060,al gr - ye ye
AU...30061,al re - bw bl
AU...30107,al re - bw ye
AR...97930,al re - bl or
AU...30058,al or - wh wh
AR...97609,wh al - bl ye
AI...43308,al or - bl ye
AR...89847,wh bw - al bw
AR...89848,or bl - al pi
AR...89849,al or - ye bw
AR...89849,al or - ye bw
AR...89850,or al - bw wh
AR...93855,al ye - or or
AR...93856,bl wh - al re
AR...93857,ye or - wh al
AR...93858,al yb - re bw
AR...93859,bw bw - al gr
AR...93860,al or - wh bw
AR...93861,or al - wh ye
AR...93862,bl wh - al bw
AR...93863,re bl - ye al
AU...14624,bl al - bw bw
AU...14625,ye al - bl bl
AU...14626,pi al - ye bw
AU...14627,tr pi - pi al
AU...29639,ye al - wh gr
AU...29640,wh wh - re al
AU...29641,bl al - bw gr
AU...29642,bw bl - al re
AU...29642,bw bl - al re
AU...29643,or re - ye al
AU...29644,wh wh - or al
AU...29645,ye al - wh or
AU...29646,wh or - al re
AU...29647,pi pi - wh al
AU...16930,al - wr
AU...16930,wb al
AU...16930,al - wb
AU...16723,tr - al wg
AU...16723,al gw - tr
AU...16723,wr - al
AU...16729,pi - al
AU...16734,al - yb
AU...16952,pi - al
AU...16952,wr - al
AR...95198,bw al - ye wb
AR...95199,pg al - pg wb
AU...25565,al ye - wh pg
AR...95200,pg yb - al ye
BA...65886,al - yb
AR...95250,yb bl - al ye
AR...95400,yb bw - al ye
AR...95399,al ye - ye ye
AR...95950,re pb - al ye
AR...95349,al ye - bl bw
AR...95332,al pb - tr
AU...25248,rw wb - wh al
AR...95350,al ye - bl ye
AR...95043,ye al - bl pb
AU...25354,al ye - re yb
AU...25362,bl yb - al ye
AR...95033,ye al - bl ye
AR...96000,ye al - bl re
AU...25360,bw bl - al ye
AR...66898,ye al - yb pb
AR...66899,al - tr or
AR...66885,re ye - al
AR...95398,rw rw - al ye
AU...25250,yb ye - al ye
AU...25748,yb re - al ye
AU...25352,al ye - bl pg
AU...25316,al ye - bl pb
AU...25628,al ye - bl yb
AR...66900,wb wb - al ye
AR...66900,yb - al
AU...25324,al - wr
AU...26102,ye al - wh wh
AU...25512,al yb - wb wh
AU...25340,ye al - rw yb
AU...25629,al - pb
AU...25448,wb yb - al ye
AU...25630,bw bw - ye al
AU...25668,bw rw - ye al
AU...25449,pb wh - ye al
AU...25739,al ye - yb bl
AU...25731,al ye - wh yb
AU...26578,al ye - ye wh
AU...27009,ye al - wh yb
AU...27026,wb wb - al ye
AU...25800,al ye - yb pg
AU...25782,ye al - wh rw
AU...27016,ye al - yb bl
AU...27016,ye al - yb bl
AU...25791,al ye - ye rw
AU...26580,yb bw - ye al
AU...27061,ye al - bw re
AU...27069,ye al - bw rw
AU...27134,al ye - bw bl
AV...64461,or al - pi or
AU...26368,ye al - bw ye
AU...26362,ye al - bw bw
AR...63542,pi - al
AU...26403,ye al - bw pg
AU...26596,al ye - pg wh
AU...26415,al ye - re bl
AU...26010,ye al - yb ye
AU...26435,bw re - al ye
AU...26356,pi - al
AU...26027,bl rw - al pb
AU...25585,al pb - rw ye
AU...25555,pb al - tr
AU...26551,ye bl - pg al
AU...25111,pb al - rw bl
AU...25540,ye al - rw yb
AU...25095,al pb - rw pg
AU...25735,ye rw - pb al
AU...25117,pg al - yb pg
AU...25486,al pb - wh ye
AR...95269,pb al - bw bw
AR...95183,pb al - bl rw
AR...95999,bw bw - pb al
AU...25350,al pb - ye bw
AU...27079,pb al - ye pb
AU...25295,rw bw - al pb
AU...25042,pi - al
AU...25044,pb al - pg bw
AR...95345,pb al - ye bw
AU...25416,al pb - tr
AU...25416,ye wb - pb al
AU...25407,ye bw - al pb
AU...25336,pb al - bl pb
AU...25052,yb wh - pg al
AU...25052,yb wh - pg al
AR...95333,bw ye - pb al
AR...95953,al pb - pb pg
AR...95260,al pg - yb yb
AR...95264,pb al - re bw
AU...25355,pb ye - al pg
AU...27049,al pb - yb ye
AU...25022,bw pb - pb al
AU...25024,pb re - al pb
AU...25025,ye pg - al pb
AU...26140,ye pg - pb al
AU...25382,bw rw - pb al
AR...95259,pg pb - pb al
AU...25932,pb ye - pb al
AU...25458,wr - al
AU...25605,pb al - wh ye
AU...25313,ye re - pb al
AR...95066,pg ye - pb al
AR...95152,al ye - re wb
AR...95192,rw yb - al pb
AU...25941,tr or - al
AR...95091,pb pb - al pb
AR...95960,ye pb - al pb
AR...95962,pb al - re rw
AU...25328,al pb - bw bw
AU...25428,pb pb - pb al
AU...25432,bl yb - pb al
AU...25181,tr - pi al
AU...25182,bw re - pb al
AU...25182,bw re - pb al
AR...66869,bl re - pb al
AR...95226,pb al - rw bw
AR...95245,pb bl - al pb
AU...26525,pb bw - al pb
AR...95207,pb al - rw rw
AR...66884,pb al - pg rw
AU...25205,pb al - tr
AU...26005,pb ye - al pb
AR...95393,wb bl - al ye
AU...25209,al pb - bl bw
AU...26152,ye wh - al pb
AU...26073,yb bl - al pg
AU...25159,bw bl - al pb
AU...25162,al pg - re yb
AR...95395,pb al - bl bw
AR...95397,pb al - bw re
AR...95946,al pb - bl pg
AU...26468,bw bw - al pb
AU...25236,pb rw - pb al
AU...25871,al pb - ye pg
AR...95081,al wr - tr
AR...95108,al pg - pb pb
AU...25264,yb rw - pg al
AU...25840,al bl - tr tr
AU...27160,ye wh - pb al
AR...95310,pi - al
AR...95041,pb al - rw ye
AU...26444,bl yb - al pb
AU...25845,pb al - yb bl
AU...26369,pg pg - pb al
AU...25801,ye bl - al pb
AR...95329,pb al - pg pb
AR...95330,yb bw - al pg
AU...26475,wh ye - pg al
AU...17398,pb - al
AU...17200,pb - al
AU...17196,pg al - tr
AR...08749,al - tr pi
AR...08747,wb pg - al ye
AR...97149,tr pi - ye al
AU...17098,yb - al
AU...17500,by al - tr
AU...17198,tr gy - al
AR...97163,al - ye wh
AU...17199,bw - al
AU...17027,tr ye - al
AU...17026,pi - al
AU...17100,yb yb - al
AR...97164,pi - al
AU...17751,gy al - tr pi
AU...17099,rw - al
AU...17324,bw al - rw wb
AU...17619,bw - al
AU...17745,al ye - wr ye
AR...08745,bw al - wb re
AU...17717,al wh - tr
AU...18000,al ye - wr ye
AR...08595,pi al - tr
AU...18456,bw - al
AU...17719,al - ye wh
AR...97150,bw - al
AU...17705,al - gr re
AU...17008,bw yb - al gw
AU...17094,tr gy - al
AU...17457,al wh - tr
AU...17174,pi al - tr
AR...08600,al yz - tr re
AU...17167,pb - al
AU...17261,wb rw - pg al
AR...08744,pi - al
AR...97108,pi - al
AU...17527,al wh - tr
AU...17096,bw - al
AU...17456,bw - al
AR...97200,tr bl - al
AU...17197,al - pi
AR...08748,tr bl - al
AU...17373,wb pb - al bw
AR...08599,al yg - tr gy
AU...17526,tr gy - al
AU...17718,tr gy - al
AU...17610,pb - al
AR...97180,al - wr gw
AR...08750,bl al - wh wb
AU...17707,bw - al
AR...97147,or or - al
AU...17204,wb - al
AU...17204,wb - al
AU...17341,wb - al
AU...18015,wb - al
AR...95420,or al - bw wh
AU...16969,gw - al
AU...16969,pi - al
AU...16969,tr gy - al gw
AV...79828,al - pb
V...479969,wb yb - al pg
V...637309,bw bi - al pg
AV...73563,WH AL - GY TR
AV...73563,wh al - tr
AU...33614,PI TR - BK AL
AU...33614,yb - al
AR...97259,al - pb
AR...97261,wb yb - al pg
AR...97262,yb - al
AU...09710,bw - al
AU...18020,al - pb
AU...18264,bw - al
AU...18265,al ye - wb wb
AU...18266,bw - al
AU...18267,PB AL - WH TR
AU...18268,al ye - wb wb
AU...18270,WH TR - WH AL
AU...18273,al ye - wb wb
AU...18273,al ye - tr gy
AU...18273,GY PU AL - YE TR
AU...18274,al - pb
AU...18276,al wh - tr
AU...18278,yb - al
AU...18652,yb - al
AU...18653,yb - al
AU...18656,bw bi - al pg
AU...18660,pi - al
AU...18663,yb - al
AU...18664,tr re - al
AU...18664,WB AL - RE TR
AU...18665,WG TR - OR AL
AU...18665,gw tr - or al
AU...18667,yb - al
AU...18673,yb - al
AV...73409,yb - al
AV...79599,al wh - tr
AX...09006,yb - al
AX...09015,pi - al
V...475204,pb - al
V...576313,bw bi - al pg
V...576336,bw - al
V...604119,YB AL - YB TR
V...635802,al ye - wb wb
V...635820,bw bi - al pg
V...635852,pb - al
V...637302,al - ye wh
V...637303,yb - al
V...637305,al ye - wb wb
V...637312,wb yb - al pg
V...637373,bw bi - al pg
V...637375,al ye - wb wb
V...637376,al ye - wb wb
V...637378,al ye - wb wb
V...637379,bw bi - al pg
AU...03804,or wh - al rw
V...449499,bl re - al bw
AU...61571,re rw - pg al
AU...16738,al - tr
AU...19268,al - tr
AU...19268,al gw - tr
AU...34124,pi - al
AU...34125,al wr - tr
AU...34125,tr - al gw
AU...34125,tr gy - al gw
AU...34125,al gw - tr
AU...34125,tr - gw al
AU...34128,rw - al
AU...34129,tr - al gw
AU...34129,tr - al
AU...34129,tr - gw al
AU...34129,tr - al gw
AU...34134,al - rw
AU...34138,wr al
AU...34138,al - rw
AU...34141,wb - al
AU...34141,wr - al
AU...34143,tr gy - al rw
AU...34143,wr - al
AU...34143,al - wr
AU...34145,wr - al
AU...34147,al - wr
AU...34147,al - rw
AU...34147,wr - al
AU...34090,al - rw
AU...34215,tr gy - rw al
AU...34215,tr gy - rw al
AU...34215,wr - al
AU...34215,rw - al
AU...34304,pi - al
AU...34304,wr - al
AU...34322,al - pi
AU...34327,tr - al
AU...34327,tr - al
AU...34327,al - tr
AU...34327,lg al - tr
AU...34418,tr gy - rw al
AU...34418,rw - al
AU...34384,al rw - tr gy
AU...34384,rw - al
AU...34384,al pi - tr ye
AU...34387,rw - al
AU...34391,rw - al
AU...15460,al - wr
AU...15460,al - rw
AU...15460,rw al - tr gy
AU...15460,rw - al
AU...16746,rw - al
AU...34082,al - pi
AU...34177,wr - al
AU...34177,rw - al
AU...34231,wr - al
AU...34323,pi - al
AU...34323,al - wr
AU...34323,al - pi
AU...14678,gw al - rw re
AR...92050,wh gr - al pi
AR...92044,al gr - yb re
AR...92045,re gr - al bl
AR...92049,or wh - al bw
AR...92046,pi pi - or al
AR...92047,gr al - bw bw
AR...92048,bl re - al bl
AR...92048,bl re - al bl
AR...92043,re al - re bl
AR...92042,al bw - re bl
AU...14690,gr bw - bw al
AR...92037,gr re - re al
AR...92037,gr re - re al
AU...14680,bw pi - gw al
AU...14741,gr al - ye ye
AU...14968,yb gr - ye al
AU...14654,al ye - yb ye
AU...14659,bw rw - or al
AU...14688,bw al - bw re
AU...14725,al re - gw or
AU...14725,yb al - ye bw
AU...14729,al yb - yb re
AU...14733,ye al - or rw
AU...14739,ye al - wh rw
AU...14739,ye al - wh rw
AU...14773,wh al - re rw
AU...14761,yb al - wh wh
AU...14755,yb al - or pi
AU...14756,ye re - bw al
AU...14785,al bl - yb re
AU...14785,bl al - yb re
AU...14785,bl al - yb or
AU...14786,bl bw - rw al
AU...14786,bl bw - rw al
AU...14789,al or - pi pi
AU...14789,bl al - yb or
AR...93884,or or - pi al
AR...93885,yb al - or bl
AR...93889,or al - or or
AR...93891,pi al - yb or
AR...93892,re re - al ye
AR...92291,bl al - pi bw
AU...14821,rw al - bw ye
AU...14821,rw al - bw yb
AU...14825,al bl - re yb
AU...14832,bw bw - al ye
AU...14832,bw bw - al ye
AU...14834,pi bl - al ye
AU...14878,gr bw - al gw
AU...14898,wh gr - bw al
AU...14908,bl or - al rw
AU...14915,ye al - pi or
AU...14929,al yb - wh ye
AU...14932,yb wh - al rw
AU...14933,rw al - yb yb
AU...14935,al re - or re
AU...74022,bl bl - re al
AU...14959,wh al - rw bw
AU...14985,al or - ye or
AU...14987,pi al - rw yb
AU...14994,bw ye - al yb
AU...34396,al - wr
AU...34396,rw - al
AU...34396,rw al - tr gy
AU...34396,AL - RW PI
AU...34503,al bw - tr gy
AU...34508,al - wr
AU...34508,al - wb
AU...34508,al - yb
AU...34513,wr - al
AU...34513,wb al
AU...34514,al bl - tr gy
AU...34514,al wr - tr
AU...34517,al - rw
AU...34519,tr - al gw
AU...34519,rw - al
AU...34519,tr - al gw
AU...34519,wr - al
AU...34522,pi - al
AU...34525,tr gy - al
AU...34053,al - wr
AU...34078,al rw - tr
AU...34078,tr gy - rw al
AU...34078,lg al - tr
AU...34078,wr al - tr
AU...34078,rw - al
AU...34123,tr gy - al gw
AU...34308,rw - al
AU...34395,al - wr
AU...36102,rw pi - or al
AU...36254,or rw - al bw
AU...36152,wh or - bl al
AU...36255,pg yb - al yb
AU...36263,bl ye - or al
AL...01292,al ye - wb wb
AU...18263,bw - al
AL...01261,bw - al
AU...18097,BW TR - BW AL
AV...76334,yb - al
AL...01270,al ye - wb wb
AL...01270,al - tr gy
AU...59851,wb yb - al pg
AV...73640,al - tr re
AV...73640,pi - al
AV...73666,gy al - tr pi
AV...73667,pi - al
AU...18521,bw bi - al pg
AV...73685,yb - al
AU...18083,yb - al
AU...59886,al - pb
AU...59885,al - pb
AV...73649,al ye - wb wb
AV...18664,al ye - wb wb
AV...18665,al wh - tr
AV...73651,pi - al
AV...73655,bw - al
AV...73650,wb yb - al pg
AV...73653,al ye - wb wb
AV...73652,bw - al
AV...73643,bw bi - al pg
AV...73677,yb - al
AU...18669,al - ye wh
AV...73663,yb - al
AV...73696,wb yb - al pg
AV...73695,wb yb - al pg
AV...73697,wb yb - al pg
AU...71291,yb - al
AU...59101,bw - al
AU...18768,al wh - tr
AU...18768,al - tr gy
AU...18309,al - ye wh
AU...18308,al wh - tr
AU...18310,bw bi - al pg
AU...18271,al wh - tr
AU...59283,wb yb - al pg
AV...79666,al wh - tr
AV...79555,yb - al
AV...79654,pi - al
V...604230,bw bi - al pg
AU...18090,bw - al
AU...09732,al ye - wb wb
AV...91504,wb yb - al pg
AV...91505,wb yb - al pg
AV...91506,wb yb - al pg
AU...18924,al - ye wh
V...576318,bw - al
AU...59899,pi - al
V...604094,wb yb - al pg
V...576337,al ye - wb wb
V...576342,wb yb - al pg
AX...09055,PU AL - BW TR
AX...09055,VI AL - BW TG
AX...09055,al - ye wh
AU...18949,yb - al
AU...18950,bw bi - al pg
AU...59149,al - ye wh
AU...59148,bw - al
V...604575,al ye - wb wb
AU...59250,al ye - wb wb
AU...59249,al - pb
V...635887,bw - al
AX...09126,pi - al
AX...09126,WH TR - WH AL
AU...18100,bw - al
AU...33585,al ye - wb wb
V...635877,bw bi - al pg
V...635889,al ye - wb wb
AU...59295,bw - al
AU...59488,al - pb
AU...59480,al - ye wh
AU...59275,bw bi - al pg
V...560537,RE TR - BK AL
V...560537,al wh - tr
AX...09110,pi - al
AU...18096,WR AL - RE TR
AU...18096,wb yb - al pg
AU...18096,RW AL - RE TR
AU...59023,wb yb - al pg
AU...59024,gy al - tr pi
V...635882,pb al - pb tr
V...635879,al ye - wb wb
AU...59844,yb - al
AU...59900,pi - al
AU...18782,wb yb - al pg
AU...59150,bw - al
AU...18348,al ye - wb wb
V...637318,pi - al
AU...18347,yb - al
AX...09125,gy al - tr pi
AX...09142,pi - al
AU...18186,tr gy - al
AX...09127,PI AL - WH TR
AX...09127,al - pb
AU...34529,wr - al
AU...34551,rw al - tr gy
AU...34551,al bw - tr gy
AU...34551,rw - al
AU...34551,al - rw
AU...34554,al - wr
AU...34576,al - pi
AU...34582,al - pi
AU...34592,tr - al gw
AU...34592,al gw - tr
AU...34592,wr al - tr
AU...34592,al rw - tr gy
AU...34592,wr al - tr
AU...34592,tr gy - al gw
AU...34592,al wg - tr
AU...34592,tr - al
AU...34596,rw - al
AU...34596,al - pi
AU...34596,al - pi
AU...34596,al - wr
AU...19765,wr al
AU...19765,wr al
AU...19765,wr al
AU...34180,pi - al
AU...34180,tr gy - rw al
AU...34180,tr gr - ye al
AU...34180,tr gr - ye al
AU...34180,wr - al
AU...34180,pi - al
AU...34200,wr - al
AU...34200,al - wr
AU...34213,wr al - tr
AU...34213,al lg - tr
AU...34233,wr - al
AU...34474,al - pi
AU...34474,pi - al
AU...34474,wr - al
AU...35731,tr bl - gr al
AU...35731,pi - al
AU...35731,pi - al
AU...35731,wr - al
AU...59756,al bw - gw bw
AU...71714,al re - bl wh
AU...18814,bw or - bw al
AU...59207,wb - al
AU...71034,re pg - bw al
AU...59636,wh al - rw pg
AR...90850,al - pi
AR...90997,pw - al
AU...34211,wr - al
AU...34211,pw - al
AU...34211,tr gy - rw al
AU...34293,yb wb - bl al
AU...34293,yb wb - bl al
AU...35395,wb al
AU...35395,wb - al
AR...90847,gw al - tr
AR...90847,tr - al lg
AR...90847,al wr - tr
AR...90847,tr - al wr
AU...15475,tr - al wg
AU...15475,tr - wr al
AU...15475,tr - al
AU...15475,tr - wr al
AU...15478,lg al - tr
AU...15473,al - tr
AU...15473,al gw - tr
AU...35500,re - al
AU...35737,rw - al
AU...19280,al - wb
AU...19280,al - wb
AU...34401,ob - al
AU...34402,al - rw
AU...34404,rw - al
AU...34404,wr - al
AU...34404,ob - al
AU...34318,wr al
AU...34175,al - rw
AU...34196,tr - al gw
AU...34341,al - rw
AU...34479,wh al - bw re
AU...34079,wb - al
AU...34070,rw al - tr gy
AU...34305,al bw - pi rw
AU...34305,wb al
AU...34305,rw al - tr gy
AU...34305,al - wb
AR...86980,tr - wr al
AR...86980,tr - lg al
AU...15461,wb al
AU...35001,tr - al
AU...27198,ye ye - pb al
AU...27529,pb al - pb ye
AU...27530,pb al - pg ye
V...536538,ye yb - pb al
AU...28000,al pb - pg pg
AU...27195,pb al - wh bw
AU...27197,pb al - yb bw
AU...27874,pb bl - pb al
AU...27196,ye rw - al pb
AV...13288,wh pw - al
AT...28824,pb al - pg yb
AR...26701,pb al - pb yb
BA...66740,pb al - bl ye
BA...67727,pb al - bw ye
AU...27296,ye pg - pb al
AU...26721,pb ye - al pb
AU...27194,pb al - yb bl
V...567559,pb al - rw pb
V...567559,pb al - rw pb
AU...27300,ye re - pb al
AU...27951,bl re - al pb
AU...27812,pb al - rw ye
AU...27295,ye pb - pb al
AU...61801,pb al - rw yb
AU...61802,bl bl - pb al
BA...67392,pb bl - al pb
BA...66338,ye yb - al pb
AU...26598,gw gw - al
AU...27298,pb al - pb bl
AU...94155,ye al - wh bw
AU...27554,al pb - pb bw
AU...26000,bl wh - pb al
AU...26948,al pb - bw pg
AU...27250,pb al - ye bl
AU...27833,pb al - pg re
AU...27853,pb al - re re
AU...27860,ye wb - pb al
AU...27860,al pb - tr
AU...27832,pb al - yb ye
AU...26950,ye yb - al pb
BA...67226,ye wh - al pb
AU...27596,bw ye - pb al
AU...27597,bw pg - pb al
AU...27184,al pb - yb bl
AU...27200,pb al - re ye
AU...27643,bl wh - al pb
AR...85035,pb al - pb bw
AT...49553,pb al - rw bl
AU...27593,bw rw - pb al
AU...27650,pb al - wh bl
AU...27649,bw yb - pb al
AU...27396,pb al - bl re
BA...67326,pb pg - al pb
AU...27648,pb bw - al pb
AU...27648,pb bw - al pb
AU...27628,bl yb - pb al
AU...27299,bw bl - pb al
AU...26914,pb al - re yb
AU...27297,wh pw - al
AU...27594,al pb - re bw
AU...27595,yb - al
AU...27869,pb re - pb al
AU...27397,pb al - ye re
AU...61751,al - gr ye
AU...27558,pb al - pb pb
AU...27199,pb al - bw bl
AN...74197,ye ye - al pb
AU...27259,pb al - wh bl
AU...26949,al pb - pg bw
AU...61844,pb al - wb pb
AU...61851,pb al - wh pb
AX...56265,bw wh - pb al
AU...27583,pb al - re bl
AU...61824,ye pb - pb al
BA...67479,bw pg - pb al
AU...27615,bw pb - pb al
V...567358,al pb - rw bw
AU...26723,wh pg - pg al
AU...26724,al pg - ye wh
AU...26727,ye wh - pg al
AU...27531,ye re - al pg
AU...27540,bw rw - pg al
AU...61811,al pg - rw wh
AU...27224,bw wh - al pg
AU...27226,al pg - re wh
AU...26942,ye bl - bl bw
AU...26943,yb pb - tr
AU...26944,wh yb - al pg
AU...26946,pi - al
AU...27831,al pg - pb wh
AU...27876,pg al - pb re
AU...27878,al - tr bl
AU...26732,bw re - pg al
AU...26702,bw wh - pg al
AU...26704,pg al - yb ye
AU...61961,wh wh - pg al
AU...61962,al pg - pb re
AU...26710,wh bl - pg al
AU...61907,wh re - pg al
AU...61912,re ye - al pg
AU...61889,pg al - bl wh
AU...61891,wh bw - pg al
AU...61892,re pb - pg al
AU...61894,yb - al
AU...61952,al bw - wb pb
AU...61953,pg al - wh pg
AU...26743,pg al - wh ye
AU...27501,pi - al
AU...27502,pg bl - pg al
AU...27503,al pg - rw pg
AU...27504,al pg - re pg
AU...27506,pg ye - pg al
AU...27507,wh rw - pg al
AU...61659,ye re - pg al
AU...61661,al pg - pb yb
AU...27286,al pg - pg pg
AU...27391,pg pb - pg al
AU...27273,al pg - pg wh
AU...27275,al rw - rw wh
AU...26941,wh re - pg al
AU...27508,al - tr or
AU...27821,pb ye - pg al
AU...26928,al pg - re re
AU...26932,yb ye - pg al
AU...26714,al pg - re ye
AU...26716,tr - al
AU...61839,bw al - tr
AU...61913,al - tr or
AU...61914,al pg - pb pg
AU...61914,al pg - pb pg
AU...61915,wh re - al pg
AU...61915,wh re - al pg
AU...61917,al pg - bl pb
AU...27963,al - rw
AU...27954,al pg - wh ye
AU...61817,al pg - pg bw
AU...61673,pb bw - al pg
AU...61674,re al - pb ye
AU...26720,al pg - bw pg
AU...61675,wb wh - al pg
AU...61675,gr wh - al
AU...61676,pg al - ye wh
AU...61681,re ye - pg al
AU...61505,pg al - ye pb
AU...61508,pg al - wh bw
AU...27321,al pg - bl re
AU...26834,wh pb - al pg
AU...26835,bw - al
AU...26838,pg rw - pg al
AU...61937,pg ye - al re
AU...61874,al pg - wb ye
AU...61874,bw al - tr
AU...27550,rw yb - al pg
AU...27638,pg al - rw rw
AU...27258,ye re - pg al
AU...61771,al - bl or
AU...61777,yb pb - pg al
AU...61641,al pg - wh rw
AU...61647,wh pg - al pg
AU...61637,pg al - rw re
AU...61639,re bw - al bl
AU...27516,al pg - re ye
AU...27519,pb bl - al pg
AU...27187,pb wh - pg al
AU...27237,al - pb
AU...27237,pg al - pg wb
AU...27238,pg al - re wh
AU...27240,wh ye - al pg
AU...27269,al ye - ye wb
AU...27269,al pg - bw wb
AU...27271,al pg - wh re
AR...95149,ye yb - pg al
AR...95150,al pg - ye re
AU...26882,pi - al
AU...26883,pb bw - pg al
AU...26887,bw bl - al pg
AU...27316,pb wh - al pg
AU...61897,yb bl - pg al
AU...61897,yb bl - pg al
AU...61900,pg al - pb rw
AU...61842,pb - al
AU...27337,al pg - pg bl
AU...27975,al pg - yb re
AU...61636,ye rw - pg al
AU...27264,pb re - pg al
AU...27267,al pg - bw pb
AU...27806,al pg - bl pb
AU...27527,wb bl - al pb
AU...27981,pg pg - pg al
AU...27982,re bw - pg al
AU...27983,pi - al
AU...27208,re wh - al pg
AU...27209,al pg - bl pg
AU...61944,re pg - pg al
AU...26873,pb pb - pg al
AU...61706,bl al - wb bl
AU...27584,pg al - bw pb
AU...27601,pi - al
AU...27603,al pg - yb rw
AU...61881,al pg - bw re
AU...27581,pg al - bw rw
AU...27581,pg al - bw rw
AU...27582,rw bw - al pg
AU...61933,re yb - al pg
AU...61933,re yb - al pg
AU...61934,pg al - re wb
AU...61934,bw wb - al pg
AU...61935,re bw - pg al
AU...61936,pg al - wh wh
AU...27364,al pg - yb pb
AU...61733,tr - wr al
AU...61733,al pg - ye wb
AU...26825,ye ye - al
AU...26825,al pg - wb rw
AU...26828,pg wh - pg al
AU...61766,re al - wh wh
AU...61769,al pg - wb re
AU...61769,wr - al
AU...61929,pg al - rw re
AU...61929,al pg - rw re
AU...61932,re bl - pg al
AU...27984,al pg - pg yb
AU...27985,wb re - al ye
AU...27985,pb wb - pg al
AU...27347,al - ye gr
AU...27349,wh wh - al pg
AU...27350,pg al - yb wh
AU...27352,al pg - pg re
AU...27346,al pg - bl wb
AU...27346,pb wb - al wh
AU...61762,wb ye - bl al
AU...27997,pi - al
AU...27559,wh rw - al pg
AU...27560,al pg - rw yb
AU...61682,pg al - wh re
AR...95131,pb yb - al pg
AR...95133,al - pi
AU...26780,pi - al
AU...26781,wh bl - al pg
AU...61747,rw bl - al pg
AU...61747,rw bl - al pg
AU...61742,rw rw - al pg
AU...61745,pg al - bl rw
AU...26901,bl ye - pg al
AU...61757,wr - al
AU...61781,pg al - re re
AU...61783,rw pg - al pg
AU...61784,pg al - yb re
AU...26754,rw wh - pg al
AU...26756,yb re - pg al
AU...26765,pg yb - pg al
AU...26767,rw rw - pg al
AU...26768,al rw - tr
AU...26769,wr - al
AU...61865,pg al - re ye
AU...26994,pg al - re rw
AU...26997,yb wb - al ye
AU...61794,tr bl - al or
AU...61795,tr bl - al or
AU...61798,re re - al pg
AU...64296,al - tr
AU...29800,or or - re al
AU...62058,rw rw - al or
AU...64090,rw al - bw ye
AU...62150,bl wb - al pb
AU...62082,rw wh - or al
AK...89414,ye bw - yb al
AU...29881,rw rw - rw al
AU...64087,re al - rw wh
AU...64087,al re - tr re
AU...29880,rw al - bl bw
AR...67699,rw rw - al bw
AU...64409,wh or - rw al
AU...62050,re al - bw rw
AX...08199,ye al - or ye
AR...93903,rw al - or rw
AR...92100,ye or - al rw
AU...64049,bw al - or rw
AU...64542,re al - wh bl
AU...64541,bl bw - al ye
AU...64048,bw al - rw bw
BA...97315,rw bl - ye al
AU...29872,or re - al or
AU...29877,wh bl - or al
AR...93902,ye al - bw bl
AU...29875,rw al - bw bl
AU...29873,rw al - rw bl
AU...29871,wh al - or bl
AU...29876,or re - al or
AU...64051,yb al - ye bl
AU...64038,wh al - rw or
AU...29874,or al - or rw
AU...64429,ye bw - al ye
AU...64550,rw ye - al wh
AU...62072,ye al - wh re
AU...62072,al ye - tr re
AU...64080,ye al - wh re
AU...64050,re ye - pi al
AR...92099,re or - al wh
AU...62065,re bw - yb al
AU...64117,yb al - bw ye
AU...64523,bw al - rw bl
AU...64543,rw or - al bw
AU...62054,ye al - or bl
AU...62054,or al - tr gy
AU...62053,rw al - bw rw
AU...64039,ye al - ye or
AU...64052,pi al - ye wh
AX...08186,gy al - tr gy
AX...08186,gr al - bw re
AX...08186,gr al - bw rw
AX...08186,bl al - rw bl
AU...62052,rw al - ye bw
AR...89269,pi al - bw rw
AU...29869,pi al - rw ye
AU...29870,or al - re pi
AU...29870,or al - re wh
AU...62057,ye al - yb rw
AU...62057,pi al - tr gy
AU...62057,ye al - or or
AU...64126,wh bw - al re
AU...64126,tr re - pb al
AU...64126,tr re - pb al
AU...64126,wh bw - al re
AU...62059,ye bw - rw al
AR...40200,rw bw - pi al
AR...92078,wh rw - wh al
AR...93901,ye rw - ye al
AR...93901,re pi - al gr
AR...93901,tr re - gy al
AU...64445,re ye - or al
AU...62051,rw bw - al pi
AU...64421,rw bw - ye al
AU...64421,tr re - pi al
AU...64421,gr or - al or
AU...62069,wh re - re al
AU...62067,yb ye - bl al
AU...62032,wh al - bl or
AU...62100,rw al - rw bw
AU...64010,or rw - al ye
AR...89268,bw bw - rw al
AR...89268,tr re - bw al
AR...75950,ye al - re bl
AR...67700,rw rw - bl al
AU...64032,or al - bl ye
AU...62060,ye al - bw rw
AU...62083,rw wh - ye al
AU...62071,rw al - tr gy
AU...62070,or bw - ye al
AU...62068,rw al - wh bl
AU...64011,rw or - wh al
AU...64009,or bl - al or
AR...92072,or al - ye rw
AU...62066,yb ye - al pi
AU...62064,yb ye - al re
AU...62063,rw rw - al re
AU...62061,wh al - re ye
AU...62062,or al - wh or
AU...62398,re re - or al
AU...62399,re or - al re
V...590068,re al - re ye
AU...64054,rw wh - al bw
AU...64053,pi al - bw ye
AU...64089,wh rw - bw al
AU...64088,or al - ye bl
AU...29878,rw ye - pi al
AU...29878,tr gy - al pi
AU...29879,bw rw - al bw
AU...64141,pi al - bl rw
AU...62055,or al - rw bw
AU...64025,al gw - ye re
AU...64025,rw al - tr gy
AU...64025,rw al - rw re
AU...64024,ye al - bw or
AU...29895,wb - al
AU...29895,rw re - al re
AU...29895,rw re - al re
V...590072,or al - wh ye
AU...64023,ye rw - al pi
AU...62270,tr - al
AU...64773,bw al - re bw
AU...62056,wh ye - al rw
AU...64858,ye al - bw or
AU...64878,wh re - al
AU...64283,al - wh gr
AU...64649,bl al - or or
AU...64850,ye re - re al
AU...64774,rw al - rw re
AU...62504,al - tr
AU...62504,al - bl
AU...62305,al - tr
AU...62362,al - bl bl
AU...63055,or al - rw pi
AU...62280,tr - al
AU...64568,tr - al
AU...64291,al - tr
AU...64291,al - bl
AU...62215,al - tr
AU...62236,al - tr
AR...68197,al - tr
AU...64602,wh or - ye al
AU...64655,bw al - rw rw
AU...64641,rw al - re pi
AU...64606,re al - bl pg
AU...64611,re al - ye ye
AU...64861,bw al - yb rw
AU...64082,pi pi - or al
AU...64099,or al - bl rw
AU...63006,pi bw - al rw
AU...64172,yb bw - wh al
AR...92094,re al - re wh
AU...64781,tr gy - al ye
AU...62088,bl al - wh yb
AU...62088,al bl - tr re
AU...62089,rw ye - bw al
AU...62090,al wh - or or
AU...62090,wh al - wh rw
AU...62090,al wh - tr gy
AU...62091,bw re - al ye
AU...64817,tr re - gw al
AU...64817,ye wh - bw al
AU...64668,pi ye - re al
AU...64669,wh rw - ye al
AU...64669,wh rw - ye al
AU...64639,tr re - al bl
AU...64639,re bw - al bl
AU...64091,al bw - tr re
AU...64091,rw al - or bw
AU...64091,pi pi - gr al
AU...64094,al - wb
AU...64094,rw al - rw ye
AU...64192,wb - al
AU...29899,re al - bl pi
AU...29902,or pi - al yb
AU...64227,rw al - bl rw
AU...64974,pi ye - al re
AU...64718,re al - yb pi
AU...64003,pi al - rw re
AU...62081,ye al - wh bw
AU...63070,yb al - bw wh
AU...64144,rw al - bl or
AU...64145,or ye - al ye
AU...64145,or ye - al ye
AU...64146,bl wh - al wh
AU...64146,bl bw - al wh
AU...64146,tr re - wh al
AU...64147,bl al - yb ye
AU...64147,bl al - tr gy
AU...64147,bw al - tr gy
AU...64147,al gw - gr bw
AU...62004,bl al - ye wh
AU...64036,rw al - wh yb
AU...64021,ye bw - al bw
AU...64755,rw al - ye yb
AU...64060,al ye - gr pi
AU...62019,bl ye - re al
AU...64115,re al - pi rw
AU...64008,bw yb - al yb
AU...64151,wh pi - al wh
AU...64156,re al - rw re
AU...29934,ye al - ye yb
AU...29936,ye al - ye yb
AU...63163,wh or - al rw
AU...26747,wb wh - al bl
AU...26748,al re - tr gy
AU...26745,al pg - ye bw
AU...26745,al pg - ye bw
AU...26746,pi - al
AU...26713,al - or or
AU...27896,wb re - al pg
AU...27896,pi - al
AU...27898,pg al - wh wb
AU...27900,pg al - bw wh
AU...27895,bw bl - wh al
AU...27895,wb pg - al pg
AU...27398,yb pg - pg al
AU...27897,pi - al
AU...27998,wh bw - al pg
AU...27998,wh bw - al pg
AU...27899,pi - al
AU...27401,pg al - pb wh
AU...61008,al pg - wh pb
AU...61008,al pg - wh pb
AU...27999,pg al - pg wh
AU...27402,al pg - rw rw
AU...27399,al pg - wh yb
AU...27400,yb - al
AU...27400,wh wb - al pg
AU...26750,al pg - bl wh
AU...27404,pb yb - pg al
AU...27403,pg al - rw ye
AU...26749,tr - wr al
AU...61009,tr re - al or
AU...61010,yb - al
AU...30759,al gr - or bw
AU...30767,al gr - or or
AU...30641,al gr - ye or
AU...30684,al gr - ye rw
AU...30766,al gr - or ye
AU...30728,al gr - ye wh
53V..27012,bw bl - rw al
AU...65706,al - bl bl
AU...62542,al - bl
AU...30743,al gr - or bl
AU...65020,bw gr - yb al
AU...65004,wh wh - al bl
AU...65026,al - pb
AU...65026,rw pb - al rw
AR...14636,or re - al pi
AU...65031,yb re - pi al
AU...65032,wh or - or al
AU...65291,or al - bl bl
AU...65289,al or - or re
AU...65409,gr wh - pi al
AU...65410,gr yb - al yb
AU...65025,pg pg - al pg
AR...93867,re bl - pi al
AR...93868,ye bw - re al
AR...93869,wh ye - al gr
AU...65013,re bl - wh al
AU...65485,gr gr - al yb
AU...65030,or bl - al re
AU...65019,re al - bw bw
AU...65019,al - bw
AU...65019,re al - bw bw
AU...65014,ye or - al pi
AU...65014,bw - al
AU...65014,ye or - al pi
AU...14633,bl gr - al gr
AU...14633,bw - al
AU...65021,pi al - gr bw
AU...29665,al wh - bw or
AU...29660,wh re - gr al
AU...29663,al ye - gr bw
AU...29656,al pi - yb gr
AU...65015,ye re - al pi
AU...65009,wh gr - al re
AU...65009,wh gr - al re
AU...65009,bw - al
AU...65403,gr wh - al wh
AU...65036,bw - al
AU...65036,gr yb - wh al
AU...29664,bw re - al re
AU...29661,gr wh - al wh
AU...65028,bl bl - al ye
AU...65028,or bw - al or
AU...65028,bw - al
AU...65022,bw al - bw gr
AU...65276,bl wh - al ye
AU...65037,re pi - gr al
AU...14632,ye or - al ye
AU...65006,or or - re al
AU...65010,re ye - al bl
AR...93865,gr ye - al wh
AU...65039,bw - al
AU...65039,gr ye - al gr
AU...65033,bw - al
AU...65033,ye or - pi al
AR...08738,al pi - yb re
AU...65011,ye bl - al wh
AU...65468,gr yb - al bl
AU...65035,or re - al gr
AU...65290,pi al - wh bl
V...651929,al re - re ye
AU...65007,or bl - al or
AU...65365,bl gr - al re
AR...93864,re re - al re
AU...65375,wh bl - or al
AU...14630,or bw - al or
AU...65047,yb ye - pi al
AU...65191,or re - al gr
AU...65017,bw or - al or
AU...65018,bw re - bw al
AU...65509,al ye - gr yb
AU...65038,bl ye - al wh
AU...29648,wh al - wh wh
AU...29651,al re - gr gr
AU...65027,bw ye - al ye
AU...65027,bw - al
AU...14629,bl ye - al wh
AU...65024,al bw - tr
AU...65012,ye bl - al wh
AU...29659,gr yb - re al
AU...65457,or bl - pi al
AU...65431,bl bl - bl al
AU...65005,bl bl - ye al
AU...65005,bw - al
AU...65005,bl bl - ye al
AU...14637,or ye - pi al
AU...14637,bw - al
AU...14637,or ye - pi al
AU...14637,or ye - al pi
AU...65003,or bl - ye al
AU...65029,bl gr - al pi
AU...65001,gr wh - wh al
AU...65317,ye or - or al
AU...65318,gr wh - al pi
AU...65034,re bl - al wh
AU...65002,re ye - al ye
AU...65518,re wb - al yb
AU...65324,al bl - tr or
AU...65023,rw rw - al rw
AU...65023,wh re - rw al
AR...93872,re re - gr al
AU...65301,yb ye - ye al
AU...65308,re yb - al gr
AU...65008,or bl - al ye
AU...65396,tr - al wr
AU...65016,ye or - re al
AU...65452,or ye - al ye
AR...93871,ye bl - al bw
AR...93871,bw - al
AU...65332,bw - al
AU...65332,re re - pi al
AU...65349,or or - pi al
AU...65285,or al - or bl
AU...65507,wh al - or or
AU...65524,al - bw
AU...65501,al - bw
AU...65501,ye al - wh wh
AU...65486,gr yb - yb al
AU...29653,gr yb - re al
AU...65395,ye bw - al wh
AU...65371,rw al - bl ye
AU...65371,al - bw
AR...92299,bw al - or wh
AR...93912,or rw - pi al
AR...93913,ye al - or bw
AR...93914,ye rw - al bl
AR...93915,or al - bl re
AR...93916,rw yb - pb al
AR...93917,wh ye - pi al
AR...93918,rw al - rw rw
AR...93919,rw al - or re
AR...93920,gr al - bw wh
AR...93920,or al - bw wh
AR...98751,wh al - rw rw
AR...98751,rw rw - wh al
AR...98752,re al - bl wh
AR...98753,rw al - wh ye
AR...98754,ye al - bl wh
AR...98755,bl al - wh bw
AR...98756,or al - tr gy
AR...98756,or al - wh rw
AR...98756,or al - tr
AU...14638,ye al - wh bl
AU...14639,re bw - or al
AU...14640,ye or - pi al
AU...14641,bw al - bw wh
AU...14642,bl wh - or al
AU...14644,or al - or or
AU...14644,yb al - tr re
AU...14645,rw al - wh bw
AU...14646,re bl - bl al
AU...14647,wh al - re or
AU...14648,bl bw - or al
AU...14648,tr gy - or al
AU...14649,rw al - re bw
AU...14650,wh al - re yb
AU...14650,wh al - re yb
AU...14650,bw al - tr gy
AU...29649,bw ye - re al
AU...29650,yb re - pi al
AU...29668,ye or - al ye
AU...29697,tr - pi al
AU...29697,wh or - or al
AU...29698,yb al - re yb
AU...29699,rw or - or al
AU...29700,bw al - rw wh
AU...30814,bl al - wh rw
AU...30815,tr gy - al yb
AU...30815,gr ye - al yb
AU...30815,bl ye - al yb
AU...30816,ye al - ye bl
AU...30816,ye al - tr gy
AU...30816,al wh - rw rw
AU...30817,or or - al or
AU...30818,bl al - or bl
AU...30819,wh rw - ye al
AU...30820,al ye - tr gy
AU...30820,re al - or rw
AU...62179,wh al - pi rw
AU...62181,ye rw - al ye
AU...62181,tr gy - pi al
AU...62181,ye rw - al ye
AU...62181,wh yb - pi al
AU...62183,re rw - bl al
AU...62184,ye al - ye rw
AU...63168,rw yb - rw al
AU...63169,re al - bl bl
AU...63170,yb al - or pi
AU...63171,pi al - wh bl
AU...63172,yb al - ye wh
AU...63172,bw al - ye wh
AU...63173,tr re - or al
AU...63173,ye wh - re al
AU...63174,re al - bl rw
AU...63175,re wh - or al
AU...64451,ye wh - al pi
AU...64452,ye al - bl rw
AU...64452,ye al - rw bl
AU...64453,wh rw - or al
AU...64454,rw re - al rw
AU...64455,ye rw - pi al
AU...64456,yb al - re bw
AU...64457,wh bw - al ye
AU...64458,re al - pi ye
AU...64459,wh al - rw ye
AU...62929,yb ye - ye al
V...590066,bl al - bw wh
V...590065,re al - re or
AU...34607,gr bl - re al
AU...34607,gr bl - re al
AR...93921,bl al - ye or
AR...93922,gr al - gr re
AR...93922,gr al - gr re
AR...93923,al bl - re bl
AR...93924,wh bl - al gr
AR...93925,al bw - re or
AR...93926,wh bl - gr al
AR...93927,gr al - bw re
AR...93928,re yb - bl al
AR...93928,re yb - bl al
AR...93929,bl re - yb al
AR...98758,al or - bw wh
AR...98759,re or - ye al
AR...98760,yb re - al bw
AU...64460,al pi - gr yb
AU...64461,al yb - bw re
AU...64462,re bl - al bw
AU...64463,or re - bl al
AU...61965,re rw - al pg
AU...61966,al - pi
AU...61966,pg al - wb re
AU...61967,rw ye - al pg
BB...79817,pg al - ye rw
AR...04701,bl bl - bl al
AR...04701,bl bl - bl al
AR...04702,wh wh - al wh
AR...04702,wh wh - al wh
AR...04703,gr gr - al gr
AR...04703,gr gr - al gr
AR...04704,bw bw - al bw
AR...04705,or al - or or
AR...04705,or al - or or
AR...04706,gr gr - gr al
AR...04706,gr gr - gr al
AR...04707,al bl - bl bl
AR...04708,wh wh - al wh
AR...04708,wh wh - al wh
AR...04710,gr gr - al gr
AR...04710,gr gr - al gr
AR...04712,al or - or or
AR...04712,al or - or or
AR...04713,wh wh - al wh
AR...04713,wh wh - al wh
AR...04714,bl bl - al bl
AR...04714,bl bl - al bl
AR...04715,bw bw - al bw
AR...04715,bw bw - al bw
AR...04718,al or - or or
AR...04718,al or - or or
AR...04721,pg pg - pg al
AR...04722,wh wh - al wh
AR...04724,bw bw - al bw
AR...04726,bw bw - al bw
AR...04726,bw bw - al bw
AR...04728,pg pg - pg al
AR...04728,pg pg - pg al
AR...04729,pg pg - al pg
AR...04730,al gr - gr gr
AR...04730,al gr - gr gr
AR...04733,or or - al or
AR...04734,gr al - gr gr
AR...04737,or or - al or
AR...04737,or or - al or
AR...04738,al bl - bl bl
AR...04738,al bl - bl bl
AR...04739,pg pg - al pg
AR...04740,bw al - bw bw
AR...04742,bw al - bw bw
AR...04744,al bl - bl bl
AR...04744,al bl - bl bl
AU...74053,re al - rw or
AU...74053,re al - rw or
AU...74079,or al - rw re
AU...74083,rw al - ye wh
AU...74082,ye al - ye rw
AU...74052,bw ye - al ye
AU...74092,or bw - re al
AU...74087,pi re - al bw
AU...74088,yb al - bl pi
AU...74209,pi al - bl pi
AU...74168,wh yb - ye al
AU...74197,wh wh - al wh
AU...74196,re re - or al
AU...74199,or re - al ye
AU...74198,rw pi - yb al
AU...74169,rw wh - al wh
AU...74167,ye or - rw al
AU...74207,yb ye - al re
AU...74208,pi ye - re al
AU...74271,re re - re al
AU...74611,bw al - bl pi
AU...74552,pi al - rw bw
AU...74551,or al - re bw
AU...74434,yb al - re ye
AU...74101,or al - bl rw
AU...74102,pi re - wh al
AU...74102,re pi - wh al
AU...74104,pi wh - yb al
AU...74104,pi wh - yb al
AU...74106,or or - wh al
AU...74096,bl bl - al re
AU...74109,bw al - re yb
AU...74114,ye al - wh bw
AU...74121,al yb - ye ye
AU...74125,rw al - pi bl
AU...74130,ye yb - yb al
AU...74147,re al - ye rw
AU...74157,rw bl - al re
AU...74170,pi al - bl rw
AU...74192,rw al - pi or
AU...74201,rw re - al wh
AU...74224,ye al - re re
AU...74224,ye al - or or
AU...74224,ye al - re re
AU...74227,wh al - pi pi
AU...74274,ye al - re re
AU...74282,yb pi - bl al
AU...74290,yb al - ye rw
AU...74290,yb al - ye rw
AU...74308,bl or - al rw
AU...74338,or wh - wh al
AU...74340,pi bl - al or
AU...74342,bl bw - al re
AU...74454,wh re - rw al
AU...74459,pi al - yb wh
AU...74543,ye al - bw gr
AU...74555,bw al - yb ye
AU...74558,bw bl - or al
AU...74592,re re - al wh
AU...74596,re re - ye al
AU...74596,re re - ye al
AU...74632,bw or - or al
AU...74634,bw or - or al
AU...74639,bw or - or al
AU...74704,ye al - bl yb
AU...74725,bl al - pi yb
AU...74733,al gw - gr gr
AU...74754,or al - re yb
AU...74754,or al - re yb
AU...63176,al - wb
AU...63178,pi - al
AU...63182,wh al - yb wh
AU...63184,yb bl - al re
AU...63185,bw al - bw bw
AU...63186,wh al - or re
AU...63186,wh al - ye or
AU...29652,re al - ye re
AU...29654,gr gr - re al
AU...29655,wh bl - al pi
AU...29658,wh re - ye al
AU...29666,bw bw - gr al
AU...65560,or ye - al or
AU...65649,gw gw - al gw
AU...65650,gw gw - al re
AU...96033,or al - re bw
AU...96032,pi al - bl pi
AU...65559,or or - al ye
AU...96248,pi ye - al ye
AU...69549,ye ye - pi al
AU...65549,wg pi - al
AU...65568,pi ye - al bl
AU...65568,wb - al
AU...65568,pi ye - al bw
AU...96187,rw al - ye wh
AU...96147,wh bl - al rw
AU...96148,pi pi - bl al
AU...96250,wb - al
AU...96250,pb al - pi ye
AU...96111,gw pb - al or
AU...96111,wb - al
AU...96111,bw pb - pb al
AU...69667,rw rw - al wh
AU...96179,rw rw - pi al
AU...65500,al bw - pb pb
AU...65593,pi re - al wh
AU...65592,re bl - al wh
AU...65594,re al - or ye
AU...69609,re al - wh bl
AU...65551,wh or - bw al
AU...96249,pi or - al or
AU...65670,bl al - ye wh
AU...65665,bl wh - al pb
AU...65665,wb - al
AU...19863,pi ye - al or
AU...96051,bl al - rw ye
AU...65532,wh al - wh or
AU...65531,bw - al
AU...65531,bw wh - al ye
AU...65581,bl pi - al pi
AU...65581,wb - al
AU...96225,wb - al
AU...96225,or al - pi ye
AU...19872,wh al - ye ye
AU...65590,wh al - re re
AU...69629,wh al - bl ye
AU...96244,re al - re or
AU...96245,ye or - al bw
AU...96245,wb - al
AU...65601,rw rw - al wh
AU...96150,rw rw - al wh
AU...96170,wb - al
AU...96170,bl rw - bw al
AU...96170,bw rw - rw al
AU...96038,ye al - pi pi
AU...65545,wb - al
AU...65545,bw - al
AU...65545,pi or - al ye
AU...65550,al bl - gw gw
AU...69544,bw al - bw re
AR...14633,bl gr - al gr
AU...69550,gw pi - al or
AU...96045,wb - al
AU...96045,pi al - wh or
AU...96044,wh al - ye pi
AU...65591,wh ye - al wh
AU...65602,wb - al
AU...65602,or or - re al
AU...96237,bw al - pi ye
AU...65552,wb - al
AU...65552,re or - al wh
AU...65552,re or - wh al
AU...65561,re re - al bw
AU...65562,bw or - al wh
AU...65572,pi re - pi al
AU...65574,bl bl - or al
AU...65660,ye ye - pb al
AU...65656,wh wh - al pb
AU...65656,wh wh - pb al
AU...65656,wb - al
AU...65656,al wh - gw yb
AU...65558,or wh - al ye
AU...96185,bl bw - al or
AU...96149,bl pi - al rw
AU...96138,bl al - pb bl
AU...96160,pb al - bw bw
AU...96183,rw pi - al wh
AU...96183,bw pi - al wh
AU...69661,rw pg - al yb
AU...19891,al - bw
AU...65540,yb ye - gw al
AU...65586,wb - al
AU...65586,pg gr - yb al
AU...65587,or al - pi rw
AU...69517,wb - al
AU...69517,wh wh - bw al
AU...65575,gr yb - al wh
AU...65555,wb - al
AU...19868,bw bw - al ye
AU...96119,gw al - re gw
AU...96238,pi re - al bw
AU...96238,pi re - al bw
AU...96240,re al - re re
AU...69519,bw pg - rw al
AU...96189,al re - re wh
AU...95444,bl al - bw re
AU...95410,pi rw - bw al
AU...36391,gw yb - al bw
AU...36606,ye al - bl wh
AU...36635,pi ye - re al
AU...36447,gr pi - al rw
AU...36686,rw or - ye al
AU...36679,re al - re pb
AU...36694,or wh - pi al
AU...36847,pi gr - or al
AU...36639,al ye - wh ye
AU...62638,pi - al
AU...64552,ye al - bl rw
AU...64673,al - tr
AR...92389,tr - al
AU...62585,al pg - pb wb
AU...62600,re bl - pi al
AU...62619,al - tr
AU...64268,al - bl
AU...30331,re al - pi yb
AU...63029,re pi - al re
AU...63028,pi al - re re
AU...63028,or pi - al wh
AU...63027,or al - bl bl
AU...63746,re rw - pi al
AU...63989,bl al - pi yb
AU...63980,or rw - al pi
AU...62850,wh rw - rw al
AU...62831,ye bl - al yb
AU...62849,pi bl - al ye
AR...93930,or al - bw bw
AU...28347,yb ye - al or
AU...28348,pi or - re al
AU...62848,al gw - tr gy
AU...62848,ye al - re re
AU...63489,rw al - pi or
AR...93940,bw or - al bw
AR...93939,re al - rw rw
AU...63488,al re - tr gy
AU...63488,re al - bw bw
AR...76998,re al - pi bl
AU...29692,bl yb - or al
AU...29692,tr gy - al wh
AU...29693,pb al - tr  gy
AU...29693,wb pw - al
AU...29693,pb al - tr gy
AU...63499,bw al - yb yb
AU...63716,wh ye - or al
AU...63497,yb al - ye rw
AR...77000,al rw - tr gy
AR...77000,rw al - or yb
AR...98848,pi al - re bl
AU...63490,bw wh - al yb
AU...63498,ye yb - al pi
AU...63500,re bl - wh al
AR...98849,rw al - bl wh
AR...98847,or re - al bl
AU...63479,wh al - ye pi
AR...98857,pi bw - or al
AU...29679,or yb - pi al
AU...64899,yb wh - bw al
AU...29688,pi ye - al yb
AU...29687,bw al - bl yb
AU...30399,bw al - bw re
AU...30400,wh al - rw bw
AR...08699,re re - al wh
AR...08700,bw al - or yb
AU...30450,pi al - bl pi
AU...63633,bl al - bw wh
AU...63641,yb al - bw rw
AU...64950,rw re - ye al
AU...64949,pi al - rw pi
AU...29686,tr re - al pi
AU...29686,pi ye - or al
AU...64948,yb al - wh wh
AU...29683,or al - re rw
AR...76997,wh pi - al pi
AU...29689,pi rw - al pi
AU...62548,ye al - pi or
AU...63643,yb or - al yb
AU...29681,bl pi - re al
AU...63501,rw al - pi bl
AU...29675,ye al - ye wh
AU...62549,bw pi - re al
AU...62550,re al - re re
AU...29690,bl ye - al rw
AU...29691,rw al - ye pi
AU...29449,rw bl - re al
AU...62829,or al - re yb
AU...63870,yb rw - al wh
AU...63871,or al - ye or
AU...62827,ye al - pi re
AU...62828,pi bl - al or
AU...28349,gr yb - bl al
AR...98949,re re - al ye
AR...98950,yb al - pi re
AU...62199,yb al - yb rw
AU...29442,yb al - bw pi
AU...29443,yb bl - al wh
AR...98850,ye al - bl yb
AU...63016,re al - re pi
AU...63017,pi ye - bw al
AR...98867,pi al - yb or
AU...62198,rw al - bl pi
AU...63592,bw yb - al wh
AU...63601,yb al - ye or
AU...29685,yb ye - al rw
AU...63221,yb - al
AR...98869,pi al - re pi
AR...98868,wh rw - pi al
AU...62819,rw al - bl ye
AU...62819,tr gy - al
AU...62818,or or - wh al
AU...63551,wh al - rw pi
AU...63551,wi al - tr gy
AU...62854,or re - pi al
AU...62855,or wh - or al
AU...63045,pi al - bw pi
AU...30350,pi bw - yb al
AU...63187,ye al - yb bl
AU...63553,pi wh - ye al
AU...63552,wh al - pi wh
AU...64900,rw bl - al re
AU...63431,wh al - pi rw
AU...62931,re al - wh pi
AU...62931,re al - wh pi
AU...63626,ye pi - wh al
AU...63613,ye pi - al bw
AU...29684,yb al - wh or
AU...29682,rw re - al bw
V...590061,bw al - bl pi
AU...63642,tr bl - ye al
AU...63642,yb pi - ye al
AR...98880,bl yb - al wh
AU...63755,bl al - pi rw
AR...93950,or bl - or al
AU...63700,tr gy - al rw
AU...63700,re pi - al bw
AU...29678,bw al - rw or
AU...63699,wh pi - al or
AU...62830,ye or - al wh
AR...93948,rw al - yb or
AU...63705,re al - yb wh
AU...29677,rw bl - al rw
AU...29676,re pi - al or
AR...93949,rw al - re bl
AU...63704,bw yb - al bw
AU...29680,or wh - al rw
AU...29680,or wh - al rw
AU...63886,bw rw - al wh
AU...63885,bl al - re pi
AU...63025,pi al - re re
AU...63025,yb al - gr pi
AU...63025,pg al - tr
AU...63026,or or - al wh
AR...76999,rw re - yb al
AU...63764,bw or - ye al
AU...63448,al re - tr gy
AU...63448,or ye - re al
AU...63761,or al - yb bl
AU...63681,re al - bw yb
AU...64000,yb re - ye al
AU...63878,pi ye - bl al
AU...62950,re al - bw pi
AU...62700,pi al - pi bl
AU...63387,rw bw - al re
AR...98897,bw al - pi or
AR...98898,al yb - or re
AU...63934,bl bl - al re
AU...89384,re pi - al bl
AU...62699,yb al - wh rw
AU...64399,bl bl - re al
AU...88079,bw - al
AU...88086,wb o  - pg al
AU...63650,wh re - rw al
AU...89048,rw yb - al or
AU...63649,bl al - yb wh
AU...88193,al - or or
AU...89050,bl al - rw rw
AU...64302,re pi - al ye
AU...63015,or al - rw ye
AU...88050,wb o  - pg al
AU...88006,tr gy - oz al
AU...89049,gw pi - al bw
AU...89049,or bl - bl al
AU...89147,ye al - bw pi
AU...88003,bw al - tr
AU...88500,al ye - bw wb
AU...64348,bl al - bw re
AU...89956,or wh - wh al
AU...89956,tr re - al bw
AU...88015,al - wh gr
AU...88019,al - tr
AU...89370,pb pi - yb al
AU...89373,gr al - ye rw
AU...88482,tr - al
AU...89001,re al - gw or
AU...62692,ye pb - al rw
AU...89456,al pi - gw gw
AU...89456,al pi - gw gw
AR...98837,wh al - bw wh
AR...98837,gw al - tr gy
AR...98839,re al - bl or
AU...64338,bw al - bw bl
AU...63925,gw bw - or al
AU...62834,rw gr - gr al
AU...62837,al gw - ye wh
AU...62682,tr gy - al bl
AU...64941,or al - pi ye
AU...64941,tr re - al or
AU...62666,re al - bl ye
AU...63978,re re - ye al
AU...62671,rw al - tr
AU...62696,yb bw - pi al
AU...62696,yb bw - pi al
AU...62698,bw re - gw al
AU...64324,gw al - or gw
AU...64324,bw al - or bw
AU...63531,wh al - bl rw
AU...63531,al wh - tr re
AU...63531,al wh - tr re
AU...89123,bw al - tr re
AU...63042,pg gw - al re
AU...62956,bl al - pg bl
AU...63555,al pi - gw wh
AU...63556,re wh - bw al
AU...63021,ye bw - al rw
AU...63022,tr re - al or
AU...63022,wh yb - yb al
AU...63022,pi yb - al ye
AU...62810,al - tr gy
AU...62803,al pi - rw bl
AU...62804,al - wb
AU...89415,al wh - ye re
AR...98859,al gr - wh pi
AU...62191,wh al - yb bw
AU...62191,wh al - yb bw
AU...63694,wh pb - pg al
AU...64313,al gw - yb wh
AU...64313,al gw - tr bk
AU...64316,wh al - pi rw
AU...64316,wh al - tr bl
AU...63651,al ye - ye bl
AU...89130,bl al - pi pi
AU...64909,al gw - bw bl
AU...64913,al rw - bl pi
AU...63453,rw al - bw or
AU...89353,bl or - pg al
AU...62967,tr re - al re
AU...62967,bl or - al re
AU...64917,ye al - rw wh
AU...63455,rw al - ye wh
AU...63455,al or - tr re
AU...63455,bl al - pi ye
AU...63666,pb wh - pb al
AU...89111,al - wb
AU...29445,yb al - or bl
AU...29448,pg or - al gr
AU...63912,yb re - or al
AU...30392,pi al - tr re
AU...63792,bw ye - al ye
AU...63792,rw al - yb rw
AU...88198,al - ye
V...576350,bw tr - re al
AX...24727,bl bl - gr yb
AX...09168,tr gy - al
AV...79737,tr gy - al
AV...79731,BW TR - WB al
AV...79731,BL WH TR - WH BL AL
AV...79746,tr gy - al
AV...79752,tr gy - al
AU...93444,GY TR - OR AL
AV...73724,PU TR - YB AL
AV...73724,al - tr gy
AV...73742,tr re - al
AV...73726,al - tr re
AV...73726,RT - gr AL
AV...73731,al - tr gy
AV...73731,BW TR - OR AL
AU...71104,yb al - pb tr
AU...93312,BL YE AL - BL YE TR
AU...93312,ga - gt rg
AU...93312,by ea - by et rg
AU...93503,al - tr gy
AU...93184,al - tr re
AU...61323,tr - gg al
AU...61324,ye yb - al pg
BA...67039,ye wh - al pg
AU...60803,al pg - ye ye
AU...60610,al pg - rw ye
AU...75404,al pg - pb bl
AX...56431,rw re - al pg
AU...61305,al pg - bw bl
AU...61306,al pg - ye bl
AU...60491,al pg - yb wh
AU...60050,al pg - wh wh
AU...61375,al pg - ye yb
AU...62000,wb bw - al pb
BB...79364,gy al - tr
AU...27499,bw pg - pg al
AU...75372,pg al - bl re
AU...60492,bw - al
AU...60494,yb bw - pg al
AU...60493,al pg - bl yb
AU...60503,pg al - ye re
AT...02143,al pg - pg pb
V...669178,wh yb - pg al
AU...27498,bw bl - re al
AU...27497,al pg - re bw
AU...27950,al pg - bw wh
BA...66826,bw yb - pg al
AU...61455,al pg - bl ye
AU...27415,wh pb - pg al
AU...27414,al pg - pb bw
AX...26005,bw ye - pg al
BB...65230,al pg - bw ye
AU...60514,re pb - al pb
AU...60495,al pg - bw yb
AU...61445,pb - al
AU...61446,al pg - yb ye
BB...79696,al pg - ye pb
AU...61325,pg al - rw pg
BB...79684,al pg - yb bw
AU...60601,al pg - wh bw
AU...61999,ye re - al pg
AU...27433,al pg - ye pg
AU...26700,pg al - wh rw
AU...61173,bl bw - pg al
AU...61174,al pg - bl bl
AU...60227,al pg - yb ye
AU...60650,al pg - pb pb
AU...27500,ye wh - pg al
AU...27619,pb bl - pg al
AU...61396,re re - pg al
AU...61050,ye rw - pg al
AU...61123,rw re - al pg
AU...60049,al pg - wh pg
BB...64352,pb pg - pg al
AU...61397,al pg - re pb
AU...27617,al pg - rw pb
AU...60217,al pg - yb pg
AU...61395,al pg - ye pb
BB...65757,bl yb - al pg
AU...60200,al pg - wh ye
BA...67108,re wb - pg al
BA...67108,al - yb
AV...75748,al pg - rw ye
AU...60345,ye yb - pg al
AU...60829,pg al - yb bl
AU...27496,pg al - bl pg
AU...60640,pg al - pb pb
AU...60751,pg al - bl yb
AU...60751,pg al - bl yb
AU...75335,pb rw - pg al
AU...61400,al pg - pg pb
AU...60649,pb pb - al pg
AU...60276,pg al - rw wh
AU...61345,ye ye - re al
AU...61351,ye pb - re al
AU...60811,wh al - rw yb
AU...75440,wh bl - rw al
AU...60560,wh re - re al
AU...60562,re al - bl yb
AU...60565,re al - rw pg
AU...60566,wb pb - al re
AU...60566,bw pb - al re
AU...60107,ye yb - al re
AU...60108,re al - re ye
AU...60109,re al - rw ye
AU...75552,re al - bw ye
AU...75067,al re - bw wh
AU...61355,al re - pg ye
AU...61358,al wb - wh wb
AU...61271,al re - bl bl
AU...61420,ye bw - re al
AU...61424,ye wh - re al
AU...61254,al re - wb ye
AU...61263,bw wh - rw al
AU...61245,pg re - al re
AU...26665,re al - rw bl
AU...26666,bw bl - al re
AU...26666,wb bl - al re
AU...26667,yb wh - al re
AU...26668,al re - pb rw
AU...26671,al re - bw wb
AU...26671,al re - bw bw
AU...26674,re al - pg bw
AU...26677,bw wh - al re
AU...75333,re al - pg bl
AU...75455,bl re - al re
AU...61097,bw wh - re al
AU...61104,al re - wh ye
AU...61439,bl rw - re al
AU...61972,re al - rw wh
AU...61142,re al - bl ye
AU...61108,rw bw - al re
AU...61210,re wh - al re
AU...61215,yb bw - re al
AU...75661,rw rw - al re
AU...61202,wh ye - re al
AU...61203,bl bl - al re
AU...61206,re rw - al re
AU...60463,bw ye - al re
AU...60463,wb ye - al re
AU...60208,re al - ye bw
AU...60209,rw pb - al re
AU...60213,al re - ye pb
AU...60094,al re - bl bw
AU...60097,re al - bw ye
AU...60099,bw pb - al rw
AU...60003,al re - rw ye
AU...60012,al re - yb ye
AU...60017,bw yb - re al
AU...60628,re al - wh bw
AU...60719,ye bl - re al
AU...60725,re al - pg yb
AU...60456,al re - yb bw
AU...27915,wh pb - re al
AU...27916,re al - ye bw
AU...27916,re al - ye wb
AU...27924,al re - bl rw
AU...61122,re al - wb bw
AU...61036,wh rw - al re
AU...61037,re al - yb rw
AU...61039,yb pb - re al
AU...61041,re al - wh rw
AU...60051,wh pg - re al
AU...60054,yb ye - al re
AU...60056,pg yb - al re
AU...60134,rw yb - al re
AU...60414,re bl - al re
AU...60465,bw wh - re al
AU...75322,yb rw - re al
AU...75326,re al - pb wb
AU...75327,wh bw - al re
AU...75328,pb bw - al re
AU...75328,pb wb - al re
AU...60061,bw bw - al re
AU...60149,bw yb - re al
AU...60152,re al - bw pg
AU...60170,pb wh - al re
AU...61248,rw al - yb pb
AU...61403,al re - wb bl
AU...61405,al re - wh bw
AU...75026,bw pg - re al
AU...75027,al re - pb ye
AU...75030,re al - yb yb
AU...75574,yb pb - al re
AU...75576,yb pg - al re
AU...75579,re al - re bw
AU...75657,bw pb - re al
AU...60064,al rw - wh bw
AU...60071,al re - wb bw
AU...60073,ye wb - re al
AU...27462,ye rw - re al
AU...75599,yb re - re al
AU...75599,ye re - re al
AU...60446,pb ye - re al
AU...60084,al re - bl bw
AU...60085,al re - pg bw
AU...60086,al re - bl pb
AU...61456,bw pg - re al
AU...61457,ye bl - re al
AU...27417,pb re - re al
AU...27418,al re - ye bw
AU...61296,bw wb - re al
AU...61297,al re - ye bl
AU...60074,bw yb - al re
AU...75386,bw bw - re al
AU...75390,ye wh - re al
AU...75516,re al - bl ye
AU...75517,yb rw - wb al
AU...60432,bw bw - re al
AU...60435,re al - rw yb
AU...60436,al re - wh bl
AU...60438,ye yb - re al
AU...60441,re al - bw bw
AU...60441,re al - bw bw
AU...61283,ye bw - re al
AU...75014,al re - wb ye
AU...61289,al re - rw bl
AU...61290,bw rw - re al
AU...61291,yb yb - al re
AU...61292,al re - wh ye
AU...75488,al re - rw bw
AU...60714,ye pb - re al
AU...61168,re al - bl bl
AU...75466,rw al - pg wb
AU...75606,re al - rw rw
AU...61055,re al - pb bl
AU...61055,re al - pb bl
AU...75542,bw pb - rw al
AU...61221,ye rw - al rw
AU...61225,bl bw - al re
AU...60025,wh wh - al rw
AU...60612,al re - bw bw
AU...60619,al re - wb bw
AU...61087,al re - ye bw
AU...60031,al re - pb bl
AU...61386,re bw - al re
AU...60711,al re - bw bl
AU...75419,re al - yb bl
AU...75420,re re - re al
AU...75422,re wh - al rw
AU...75424,al re - bl bw
AU...75425,al re - yb rw
AU...61154,re al - re pg
AU...61983,al re - wb wh
AU...26687,bw wb - al re
AU...26687,wb bw - al re
AU...26688,re al - ye rw
AU...26689,rw re - al re
AU...61126,re bl - al rw
AU...61148,bw pg - al re
AU...61149,al re - rw wh
AU...75476,yb rw - al re
AU...75478,re al - re bl
AU...75057,re al - re yb
AU...61062,re al - pb bl
AU...61063,rw ye - al re
AU...61077,yb bl - re al
AU...61082,bl wh - al re
AU...61083,re al - wh pb
AU...60552,re yb - al re
AU...60555,re wh - re al
AU...60557,re al - ye yb
AU...61044,al re - ye ye
AU...61046,al rw - wh pg
AU...60789,rw rw - re al
AU...60792,al re - bw yb
AU...60260,ye re - al re
AU...61035,al re - wh re
AU...75643,yb wh - rw al
AU...75644,al re - bw pb
AU...75646,tr gy - al re
AU...27926,re rw - re al
AU...27927,al re - bw rw
AU...27928,rw bw - al re
AU...27930,al rw - pg pg
AU...27931,re al - pg re
AU...75583,rw wb - re al
AU...60351,bl pb - al re
AU...60355,ye wh - al rw
AU...60360,bl bl - re al
AU...60334,re al - bl pb
AU...61029,rw bw - re al
AU...61031,bw pb - al re
AU...60526,al re - ye yb
AU...60527,wh rw - re al
AU...60529,bw rw - al re
AU...60530,pg re - rw al
AU...60530,pg pg - rw al
AU...60531,re al - bw yb
AU...27471,al re - rw re
AU...27475,re al - wh re
AU...27476,rw wh - al re
AU...75562,re al - pg rw
AU...60046,al re - yb re
AU...60229,pg bw - al re
AU...60246,bl ye - al re
AU...60247,ye pg - al re
AU...60249,re al - wb ye
AU...60322,rw wh - re al
AU...61019,bw re - al rw
AU...60516,al re - re rw
AU...60517,rw pg - al re
AU...60519,al re - rw rw
AU...60524,al re - ye wh
AU...60122,re al - yb ye
AU...60236,rw bl - re al
AU...60238,yb pg - re al
AU...60241,al re - wh wh
AU...60372,al re - yb bw
AU...75591,al re - yb wh
AU...27440,bw yb - al re
AU...27442,yb bw - al re
AU...75367,re al - bl bl
AU...61232,re al - wb re
AU...60551,re bw - re al
AU...60347,al re - pg rw
AU...60349,bl bw - al re
AU...60350,re pg - al re
AU...75527,bl ye - al re
AU...75531,wh yb - re al
AU...75338,al re - ye ye
AU...75342,rw al - ye pb
AU...27911,wb bl - re al
AU...75629,re al - wb pb
AU...75629,re al - bw pb
AU...75571,re al - pb bw
AU...75598,re al - yb bw
AU...75538,al re - pg wh
AU...26656,wh bw - re al
AU...26657,re al - re re
AU...61199,al re - pg re
AU...61200,re wb - al re
AU...60590,re al - wh bw
AU...60590,re al - wh bw
AU...60598,re al - wh ye
AU...60583,re al - bw wb
AU...60836,re al - pg ye
AU...60641,pg wb - al re
AU...60643,re al - yb wh
AU...60648,re yb - re al
AU...60684,ye bl - al re
AU...75697,rw yb - re al
AU...75698,al re - bw rw
AU...75668,rw al - bw yb
AU...75671,yb wb - al re
AU...75672,re al - rw bw
AU...75291,pb yb - al re
AU...75297,wh wh - re al
AU...75311,re al - pg bl
AU...75677,al re - bw ye
AU...60306,bl pg - al re
AU...60310,re pg - re al
AU...60313,wh yb - al re
AU...75640,tr gy - al re
AU...60139,pg pb - al re
AU...60140,re al - wh yb
AU...60192,ye bw - al re
AU...27944,pg pg - al re
AU...60043,re al - bl re
AU...60405,al re - yb bl
AU...60409,ye pb - al re
AU...60756,re al - bw bl
AU...60756,RE AL - WB BL
AU...60759,wh pb - rw al
AU...75631,re al - wb rw
AU...75631,re al - wb rw
AU...75306,bw ye - re al
AU...75306,bw ye - rw al
AU...60661,pg bl - al re
AU...60663,rw ye - re al
AU...60674,al re - bl yb
AU...60681,re al - bw wh
AU...60681,re al - wb wh
AU...75535,rw pg - al re
AU...75535,rw pg - re al
AU...71617,pi re - wh al
AU...71611,al gw - pb yb
AU...71614,wb - al
AU...71676,wb - al
AU...71678,wb - al
AU...71680,wb - al
AU...71681,wb - al
AU...71675,wb wh - al pg
AU...71675,wb - al
AU...35883,al - tr
AU...16995,wr al
AU...34546,tr gy - al gw
AU...34546,tr gy - al
AU...34546,tr - al
AU...34546,tr - al
AU...34549,tr - gw al
AU...34549,tr - lg al
AU...35858,al gw - tr
AU...35858,al - tr
AU...34532,wb - al
AU...34532,wb - al
AU...34537,al - bl wh
AU...34537,wb - al
AU...34564,al - wb
AU...34564,al - wb
AU...34559,wb - al
AU...34560,wb - al
AU...34562,wb - al
AU...34562,bl wh - al
AU...34540,wb - al
AU...35882,wb al
AU...35882,tr gy - bw al
AU...35882,tr gy - bw al
AR...11851,al - wb
AR...11851,al - wb
AR...11856,al - wb
AR...11856,al - wb
AR...11874,al pi - bw wh
AR...11875,al pi - bl bw
AU...34533,al - bl
AU...34533,al - wb
AU...34543,al - wb
AU...34543,al - wb
AU...34544,al - wb
AU...34544,al - wb
AU...34547,tr - gw al
AU...34547,tr - al
AU...34577,al - tr
AU...35120,al - tr
AU...35120,gw al - tr gy
AU...35120,al gw - tr
AU...35143,al - wb
AU...35143,al - wb
AU...35147,al - wb
AU...35147,al - wb
AU...35885,al - tr
AU...35885,al gw - tr
AU...35887,al - tr
AU...35887,gw al - tr
AU...71170,bw rw - bw al
AU...71607,bw ye - al rw
AU...71608,wb - al
AU...71608,wb - al
AU...71609,al - bl wh
AU...71613,yb bw - al wh
AU...71667,wb - al
AU...71667,wb - al
AU...71669,wb - al
AU...71669,wb - al
AU...71671,wb - al
AU...71671,wb - al
AU...71673,wb - al
AU...71673,wb - al
AU...71813,al yb - gr bw
AU...71816,wb - al
AU...71816,wb - al
AU...76797,wb - al
AU...76797,wb - al
AU...34658,rw - al
AU...34658,wr - al
AU...70437,al wr
AU...70437,al - wr
AU...70437,al - pw
AU...35864,tr gy - al bw
AU...35864,al - rw
AU...35864,rw - al
AU...35437,wr - al
AU...35437,bw - al
AU...34617,al - rw
AU...34662,al - pw
AU...34653,rw - al
AU...34653,rw - al
AU...34654,al - rw
AU...34610,al - rw
AU...34610,wr - al
AU...34651,pw - al
AU...34652,al - pw
AU...35891,wr al
AU...35891,al - wb
AU...35891,al wr
AU...35891,al - wb
AU...34635,al - pw
AU...34657,rw - al
AU...34657,rw - al
AU...34625,al - pw
AU...34625,al - rw
AU...34625,al bw - tr gy
AU...34625,tr gy - al bw
AU...34625,al gw - tr
AU...34625,al gw - tr gy
AU...34612,rw al - tr gy
AU...34612,rw - al
AU...34612,bw al - tr gy
AU...34612,tr gy - bw al
AU...34612,PI AL - rw
AU...34612,bw al - tr gy
AU...34660,al - wr
AU...34660,rw - al
AU...34660,al - pw
AU...34660,al rw - tr gy
AU...35865,wr - al
AU...35865,tr gy - rw al
AU...35865,wr - al
AU...34665,wr - al
AU...34664,bl al - tr
AU...34636,tr gy - al bw
AU...90065,tr - al lg
AU...90065,tr - al gw
AU...90068,lg al - tr
AU...90068,gw al - tr gy
AU...90068,wr al - tr
AU...90068,wr al - tr
AU...90071,lg al - tr
AU...90071,al wr - tr
AU...90071,al gy - tr
AU...90071,al wr
AU...90070,gy al - tr
AU...90073,al gw - tr
AU...90073,gy al - tr
AU...90073,wr al - tr
AU...90073,rw al - tr
AU...90073,wr al - tr
AU...90073,al wr - tr
AU...90072,tr - lg al
AU...90072,wr al
AU...90072,tr gy - gw al
AU...90072,wr al
AU...90074,tr - wr al
AU...90074,tr - gw al
AU...90074,tr - wr al
AU...90074,gw al - tr
AU...90074,tr - gw al
AU...90074,tr - lg al
AU...90076,tr - wr al
AU...90076,al gw - tr
AU...90076,tr gy - gw al
AU...90075,tr - wr al
AU...90075,al gw - tr
AU...90075,tr - lg al
AU...90075,tr - wr al
AU...34637,wr - al
AU...34637,al - wr
AU...90059,tr - al gw
AU...90059,tr - al gw
AU...90063,tr - al gw
AU...90063,ob - al
AU...90060,ob - al
AU...90484,rw - al
AU...90484,rw - al
AU...70208,re al - ye bw
AU...70513,ye al - tr gr
AU...70513,al - wr
AU...70513,al - wr
AU...70513,wr - al
AU...70085,ob - al
AU...70578,rw - al
AU...70578,rw - al
AU...70479,pi al - tr re
AU...70479,rw - al
AU...70479,al rw - tr re
AU...70479,al rw - tr or
AU...70479,al - wr
AU...70479,pi al - tr pi
AU...70479,PI AL - rw
AU...70023,ob - al
AU...70025,wr al
AU...70025,wr - al
AU...70026,al - wr
AU...70420,ob - al
AU...70560,wr - al
AU...70560,wr - al
AU...70010,al - ob
AU...70523,rw al - tr gy
AU...70523,rw al - tr gy
AU...70030,al gw - tr gy
AU...70030,bl al - tr ye
AU...70030,al gw - tr
AU...70030,al rw - tr bk
AU...70030,al bl - tr bk
AU...70030,al gw - tr
AU...70030,al bl - tr bk
AU...70031,ob - al
AU...70494,ob - al
AU...70494,wr - al
AU...70098,wr - al
AU...70098,ob - al
AU...70228,al - ob
AU...70231,al - ob
AU...70432,al wr
AU...70434,wr - al
AU...70434,tr gy - al rw
AU...70434,ob - al
AU...70435,al - wr
AU...70435,wr al
AU...70436,rw - al
AU...70436,al - wr
AU...70436,wr - al
AU...70064,al rw - tr gy
AU...70064,al bw - tr gy
AU...70064,wr - al
AU...70064,ob - al
AU...70501,al - ob
AU...70461,pi - al
AU...70461,al - pi
AU...70461,al gr - tr bl
AU...70461,al gr - tr bl
AU...70470,wb - al
AU...70446,wr al
AU...70490,ob - al
AU...70490,tr gy - rw al
AU...70443,al - ob
AU...70039,al re - re or
AU...70039,al - ob
AU...70440,ob - al
AU...70414,wb - al
AU...70414,ob - al
AU...70017,al - wr
AU...70035,wb - al
AU...70036,rw - al
AU...70036,PI AL - rw
AU...70036,rw - al
AU...70243,tr - al gw
AU...70243,tr gr - al re
AU...70243,tr - al gw
AU...70243,tr gr - al re
AU...70239,RW - AL PI
AU...70239,tr gy - al rw
AU...70239,rw al - tr
AU...70239,tr - rw al
AU...70239,wr - al
AU...70239,tr gr - wh al
AU...34737,rw al - pi gr
AU...90112,wr - al
AU...35841,gr - al
AU...90250,rw wh - al bl
AU...90250,tr bl - al bl
AU...90245,tr - gw al
AU...69309,tr - al gw
AU...69309,tr - al gw
AU...69338,al - wr
AU...69338,al - rw
AU...69303,wr al
AU...69303,wg al - tr
AU...69418,bl al - tr gy
AU...69418,bl al - tr gy
AU...69418,rw al - tr gy
AU...69421,rw - al
AU...69421,wr - al
AU...35999,gr wh - al
AU...35813,al - wr
AU...35813,wr - al
AU...63648,ye pi - ye al
AU...88048,or or - al
AU...88001,al - tr
AU...63441,bw al - or pi
AU...63440,re al - bl yb
AU...29696,pi yb - ye al
AU...29696,wb - al
AU...29669,or or - al yb
AU...63798,ye or - wh al
AU...63851,yb al - yb bw
AR...98855,wh pi - yb al
AU...63799,or al - re pi
AU...63852,or yb - al ye
AU...63861,or al - bl yb
AU...63861,or al - bl yb
AU...29695,al - wb
AU...29695,al bw - tr gy
AU...29695,rw al - rw pi
AU...29694,pi al - bl yb
AU...29694,al - wb
AU...30349,wh or - or al
AU...30332,al - wb
AU...30332,wh al - ye or
AU...63760,ye bw - bw al
AU...63797,or al - ye pi
AU...88002,bl bl - al
AU...88005,al - tr
AU...88009,al - pu
AU...88012,tr - al
AU...88017,al - re re
AU...88018,al - tr
AU...30342,re - al
AU...30345,al - ye
AU...30345,al pb - ye wh
AU...30347,al - wb
AU...63859,wr al
AU...63860,yb yb - al ye
AU...63860,tr gy - al yb
AU...88273,al - tr
AR...39984,ye ye - yb al
AU...74961,re al - or ye
AU...74961,re al - or ye
AU...74961,re al - or ye
AU...74959,wh yb - yb al
AU...74954,re al - re re
AU...74954,re al - re re
AU...74954,re al - re re
AU...74955,re pi - al bl
AU...74956,yb al - pi re
AU...74957,or yb - pi al
AU...74957,or yb - pi al
AU...74958,yb al - bw pi
AU...74958,yb al - bw pi
AU...74958,yb al - bw pi
AU...74851,rw al - or rw
AU...62466,pi al - pi or
AU...62467,ye re - or al
AU...74960,bw al - yb or
AU...95051,rw ye - re al
AU...36951,wh al - rw bl
AU...95052,bl al - re bl
AU...95053,re al - pi wh
AU...95054,pi al - wh rw
AU...74852,wh al - bw pi
AU...74852,wh al - bw pi
AU...74853,ye al - bl wh
AU...95055,wh al - bl pi
AU...95056,pi al - pi or
AU...95057,bw al - bl rw
AU...95058,bl al - ye or
AU...95059,rw al - wh bl
AU...99541,bl ye - al wh
AU...62465,pi ye - al re
AU...95012,or ye - re al
AU...95062,ye al - pi bw
AU...95137,yb rw - al bw
AU...95138,pi al - yb ye
AU...95139,pi re - wh al
AU...95140,yb al - or bl
AU...95141,bw ye - al bl
AU...36226,pi pi - pi al
AU...95142,bw al - ye bw
AU...95143,ye al - yb bl
AU...95144,or al - bw bl
AU...95145,or bl - al ye
AU...95146,rw al - or rw
AU...95147,bl al - wh yb
AU...95148,pi bl - yb al
AU...95149,or al - re ye
AU...90976,gw al - tr gy
AU...90976,al - wr
AU...90976,al gw - tr
AU...62468,bw al - bw rw
AU...62468,bw al - bl rw
AU...95063,re al - or ye
AU...95064,pb al - or bw
AU...90977,rw - al
AU...90977,wr - al
AU...95150,pi or - rw al
AU...95001,yb al - or bw
AU...95002,or al - rw wh
AU...90978,wr al
AU...90978,tr - gw al
AU...90978,wr al
AU...95004,bw al - wh bw
AU...95005,pb al - wh pi
AU...90979,al wr
AU...90979,tr - gw al
AU...90980,al wr
AU...90980,al wr
AU...63821,rw or - al wh
AR...98602,al - bw
AR...98603,al - bw
AU...70151,wr - al
AU...70151,wr - al
AU...70151,tr gy - rw al
AU...90330,wr al
AU...90331,wr al
AU...90331,al gw - tr
AU...90331,wr al
AU...90332,wr al
AU...90332,wr al
AU...90332,gw al - tr gy
AU...90332,al gw - tr
AU...90333,wr al
AU...70301,wr al
AR...98761,al - wb
AR...98762,al - wb
AU...70303,wr al
AU...90079,wr al
AU...90079,wr al
AU...90079,tr - gw al
AU...70302,wr al
AU...90080,al wr
AU...90080,wr al
AU...70102,wr al
AR...98608,wb - al
AU...90081,wr al
AU...90081,wr al
AU...63822,pi yb - al ye
AU...90958,wr al
AU...71621,wb - al
AU...63823,or al - yb bw
AU...34604,wr al - tr
AU...34604,wg al - tr
AU...34604,wr al - tr
AU...34604,al - tr
AU...70101,PI RW - AL
AU...70101,tr ye - bl al
AU...70101,wr al
AU...70101,rw - al
AU...71622,wb - al
AU...71623,wb - al
AU...70356,wr - al
AU...70356,wr al
AU...90959,tr - al gw
AU...90959,wr al
AU...90959,wr al
AU...90959,al gw - tr gy
AU...71624,wb - al
AU...70353,wr al
AU...70353,wr - al
AU...71625,wb - al
AU...70355,wr al
AU...90311,wr al
AU...90311,tr - gw al
AU...70351,tr - al wg
AU...70351,tr - al wg
AU...70351,wr al
AU...70351,wr - al
AU...90312,wr al
AR...98763,bw - al
AU...90314,rw al - tr gy
AU...90314,tr gy - al gw
AU...90314,wr al
AU...90314,tr gy - gw al
AU...90314,wr al
AU...90314,tr gy - al rw
AU...90314,tr - al gw
AU...70701,wr - al
AU...90313,wr al
AU...90313,al gw - tr
AU...90313,wr al
AU...90313,al gw - tr
AU...70702,wr al
AU...70702,wr - al
AU...70703,wr al
AU...70251,wr al
AU...70252,rw al - tr gy
AU...70252,al rw - tr re
AU...70252,al rw - tr re
AU...70252,al bl - tr re
AU...70252,wr al
AU...90981,ob al - tr gy
AU...70253,wr al
AU...63394,al pg - yb pi
AU...70254,wr al
AU...70254,al - wr
AU...90334,al gw - tr
AU...70354,wr al
AU...70352,rw - al
AU...70352,tr gr - al ye
AU...70352,wr al
AU...70352,al - wr
AU...63825,rw al - rw ye
AU...63826,or al - ye pi
AU...63826,or al - ye pi
AU...63827,bw pi - ye al
AU...63827,bw pi - ye al
AU...63829,pi al - or wh
AU...62451,re al - rw bw
AU...62451,re al - rw bw
AU...62452,ye pi - or al
AU...62452,ye pi - al or
AU...62453,wh bw - yb al
AU...62454,rw bw - re al
AU...62454,bw re - al re
AU...62456,wh al - or pi
AU...62457,bl al - bl ye
AU...62457,bl al - bl ye
AU...62458,rw bw - wh al
AU...62459,rw or - al bl
AU...62460,bw al - pi bw
AU...62461,bw pi - wh al
AU...62462,ye rw - re al
AU...62462,ye rw - re al
AU...62463,rw al - re rw
AU...62463,rw al - re rw
AU...62464,bw bl - al re
AR...98899,pi al - or ye
AR...98900,re yb - bl al
AU...89472,yb al - or re
AU...89473,rw bw - bl al
AU...89474,bw al - re rw
AU...89475,re wh - al or
AU...89476,re bl - al re
AU...89477,ye ye - al pg
AU...89478,rw al - rw or
AU...89479,re al - yb bl
AU...89480,wh or - al bw
AU...89481,bw al - ye rw
AU...74777,al - wb
AU...75706,bw pb - al re
AU...75707,bw re - al re
AU...75705,re al - bw bl
AU...74770,wb - al
AU...74771,bw pb - pb al
AU...74771,wb - al
AU...74772,wb - al
AU...74776,bw al - yb or
AU...74776,wb - al
AU...75709,re al - wh bl
AU...75708,bl pg - al re
AR...98613,wb - al
AU...75715,wh bl - re al
AU...75715,wh bl - re al
AU...75713,bw bl - al re
AU...75712,bl yb - al re
AR...98614,wb - al
AU...75711,bl bw - al re
AU...75710,bl rw - al re
AR...98615,wb - al
AR...98616,wb - al
AR...98617,wb - al
AR...98618,wb - al
BC...05120,re al - bl bw
AR...98620,wb - al
AR...98619,wb - al
AR...11896,wb - al
AU...74780,wb - al
AU...74782,wb - al
AU...74784,wb - al
AU...74781,wb - al
AU...75716,al re - pb wh
AU...74783,wb - al
AU...71183,wb - al
AU...74779,al - wb
AU...75718,rw bl - al re
AU...74778,al - wb
AU...71184,wb - al
AU...71185,wb - al
AU...71185,or or - bw al
AU...75717,al re - pb re
AU...71173,al - wb
AU...71178,al - wb
AU...71179,al - wb
AU...71186,wb - al
AU...39303,rw - al
AU...90954,wr al
AU...90954,rw - al
AU...90954,rw - al
AU...90954,wr - al
AU...90954,wr - al
AU...71180,wb - al
AU...71181,wb - al
AU...71174,wb - al
AU...71175,wb - al
AU...60695,bl bl - al re
AU...71182,wb - al
AU...71176,wb - al
AU...75720,al re - ye rw
AU...70304,wr - al
AU...70304,wb al
AU...70304,wb - al
AU...71177,wb - al
AU...70305,al bw - tr gy
AU...70305,rw al - tr gy
AU...70305,rw al - tr
AU...70305,rw - al
AU...70305,rw - al
AU...70305,AL - PI RW
AU...70305,tr - rw al
AU...60696,wh wh - al re
AR...98609,wb - al
AR...98605,wb - al
AR...98606,wb - al
AR...98607,wb - al
AR...98612,wb - al
AU...75721,al re - re re
AU...60697,yb bl - al re
AU...75719,re re - al re
AU...75722,al re - bw re
AU...75722,al re - wb re
BC...05116,re al - yb pb
AU...75723,al re - wh rw
AU...70258,rw - al
AU...70258,rw - al
AU...90085,tr - al wg
AU...90086,al wg - tr
AU...71824,tr gr - al gr
AU...71824,al - wb
AU...71826,al - wb
AU...71825,al - wb
AU...90336,al gw - tr
AU...71627,wb - al
AU...71631,wb - al
AU...74773,bw gr - al bw
AU...74774,al gw - gw or
AU...74775,gw ye - al wh
AR...98627,wb al
AU...71630,al - wb
AR...98626,wb al
AU...71629,al - wb
AU...71626,al - wb
AU...71628,al - wb
AU...71632,al - wb
AR...98625,al - wb
AR...98622,al - wb
AR...98623,wb al
AU...71633,al - wb
AR...98624,wb al
AU...71187,pi rw - pb al
AU...76723,wr - al
AU...90338,bl al - tr
AU...90338,tr gy - rw al
AU...90338,wr al - tr
AU...90951,tr gy - gw al
AU...90951,wr al
AU...90951,wr al
AU...90951,tr - al gw
AU...34038,wb al
AU...34038,al - pw
AU...96352,bw rw - or al
AU...96353,yb wh - al rw
AU...96354,pi re - al bw
AU...96355,or bw - re al
AU...96356,wh yb - ye al
AU...96358,tr gy - al pb
AU...96358,rw wh - al wh
AU...96358,or wh - wh al
AU...89482,bw al - bw ye
AU...90084,gw al - tr gy
AU...90084,al gw - tr
AU...71823,wh - al
AU...64464,ye al - bw yb
AU...64464,gy al - tr re
AU...26685,re al - bl pg
AU...89388,bw al - ye wh
AU...89388,bw al - gw wh
AU...26701,al pg - wb yb
AU...27936,re al - ye pg
AU...62410,wh al - pi or
AU...70260,al gr - tr pi
AU...70260,al gr - tr pi
AU...70260,wr - al
AU...70260,al - rw
AU...70261,wr - al
AU...70261,tr gy - al rw
AU...70261,tr wh - wh al
AU...70261,WR PI - AL
AU...70261,PI RW - AL
AU...70261,wr - al
AU...64465,bw al - ye bw
AR...92300,wh bl - rw al
AU...70153,al wr
AU...70153,tr pi - al rw
AU...70153,rw - al
AU...70153,tr pi - gr al
AU...70152,al wr
AU...89393,or bw - bl al
AU...89393,or bw - bl al
AU...89387,rw bw - wh al
AU...74962,bw al - wh rw
AU...74962,bw al - tr gy
AU...89389,pi wh - al wh
AU...89392,bl al - ye pi
AU...89394,rw al - yb re
AU...89394,rw al - yb re
AU...70306,al wr
AU...66449,rw al - yb rw
AR...98757,rw al - wh or
AX...08197,bl al - wh pi
AU...63450,rw bw - al bw
AU...88397,al pi - or yb
AU...88398,bl pi - yb al
AU...88398,al rw - tr bl
AU...88399,bl al - rw wh
AU...96068,wh al - pi bw
AU...96251,bw yb - wh al
AU...96069,yb bw - al bw
AU...62469,rw yb - bl al
AU...62469,rw yb - bl al
AU...70104,al - wr
AU...70104,wr - al
AU...62470,or rw - bl al
AU...62471,yb al - pi bl
AU...62471,yb al - pi bl
AU...74854,yb al - re bl
AU...74855,bw al - wh yb
BD...27035,gw al - tr bk
BD...27058,gw al - gw pi
BD...27059,tr bl - al pi
BD...27062,tr re - al yb
BD...27062,tr re - al
BD...27074,tr gy - gr al
BD...27090,tr re - yb al
BD...27097,wh yb - gr al
BD...27114,al rw - bw re
BD...27114,al rw - tr bl
BD...27119,al bl - tr ye
BD...27174,tr bl - al gw
BD...27177,yb al - bl pi
AU...93001,re al - wh bl
AU...93002,pi bw - yb al
AU...93003,ye al - pi pi
AU...93004,ye or - al wh
AU...93008,ye bl - al yb
AU...93009,re al - re or
AU...93010,wh ye - pi al
AU...93011,rw yb - al yb
AU...89061,al - ye
BD...28095,gw al - yb re
AU...74898,wh gr - bw al
AU...74998,or rw - or al
AU...74998,or rw - or al
BD...28040,wh al - ye pi
AU...74997,or rw - al bw
AU...74964,bw al - yb bw
BD...28218,yb re - yb al
BD...28097,ye ye - al wh
BD...28097,ye ye - al wh
AU...74980,pi or - rw al
AU...74980,pi or - rw al
AU...74965,or bl - bl al
BD...28248,bw or - al ye
BD...28248,bw or - al ye
BD...28080,wh or - re al
BD...28202,or bl - wh al
BD...28199,or al - rw pi
BD...28195,yb wh - bw al
BD...28096,or al - re re
BD...28193,ye al - wh bw
BD...28250,wh pi - al wh
BD...28250,wh pi - al wh
BD...28198,bw ye - al or
BD...28198,gw wh - al or
AU...74786,bl bw - rw al
BD...28100,bl rw - bl al
BD...28447,ye al - wh pi
BD...28299,ye al - bw rw
BD...28448,bl al - wh pi
BD...28098,pi al - ye pi
BD...28099,wh pi - al pi
BD...28300,rw al - yb rw
BD...28449,bl wh - pi al
BD...28058,re al - bw bw
AU...74967,rw ye - pi al
AU...74969,gr ye - al or
AU...74974,gw al - bw gr
AU...74975,re pi - al ye
AU...74989,al gw - gr re
AU...74994,al or - ye pi
AU...74861,gw al - rw pb
AU...74861,gw al - rw pb
AU...74878,gr bw - al gw
AU...74884,gw yb - wh al
AU...74884,gw yb - wh al
AU...74889,gw al - or bw
BD...28062,re wh - al pi
BD...28212,al yb - gw wh
BD...28203,al yb - pi pi
BD...28203,al yb - pi pi
BD...28219,al ye - wh gw
BD...28084,yb bl - bw al
BD...28084,yb bl - bw al
BD...28085,wh al - wh or
BD...28088,rw al - yb gr
BD...28090,al gw - wh rw
BD...28245,re or - al or
BD...28116,bw al - gr yb
BD...28121,ye al - yb gw
BD...28167,pi gr - al rw
BD...28167,pi gr - al rw
BD...28168,gr al - rw rw
BD...28253,al bl - rw rw
BD...28253,al bl - rw rw
BD...28256,gw bl - gr al
BD...28124,pb pg - al pg
BD...28124,pb pg - al pg
BD...28280,rw bw - wh al
BD...28358,re gr - al gr
BD...28358,re gr - al gr
BD...28281,wh al - bl pb
BD...28281,wh al - bl pb
BD...28396,al rw - pi rw
BD...28396,al rw - pi rw
BD...28441,yb pb - bl al
BD...28382,al bw - bl or
AU...74817,rw gw - bl al
AU...74914,gr re - al yb
BD...28389,gr bw - gr al
AU...74934,al or - pi bw
AU...74942,al yb - gw rw
AU...95241,wh gw - al gw
AU...95349,rw pi - ye al
AU...95240,wh or - or al
AU...95298,al or - or rw
AU...95210,yb ye - gw al
AU...95185,pi ye - gr al
AU...96999,bw bl - al re
AU...95249,or gw - al re
AU...95249,al re - gw or
AU...95386,gw yb - al wh
AU...95276,bw yb - al rw
AU...95208,yb gw - al bw
AU...95287,rw yb - al yb
AU...95473,bl bw - rw al
AU...95474,bw bw - al ye
AU...96419,al pg - pg bw
AU...95267,bw ye - al ye
AU...95160,gw pi - al pi
AU...96863,gr yb - al wh
V...568311,al gr - wh re
AU...96862,yb yb - al pi
AU...95242,ye gw - bl al
AU...95242,bl al - ye gw
AU...96437,al yb - ye wh
AU...95311,al bl - gr or
AU...96450,bl al - yb re
AU...96985,al pi - ye bl
AU...95456,al gw - ye pi
AU...36936,ye al - pi or
AU...95167,re bw - al bl
AU...96544,al gw - wh bl
AU...96549,al ye - or rw
AU...96537,or al - pi re
AU...95251,al yb - gw rw
AU...95257,al pi - wh bl
AU...96931,or al - gw ye
AU...95359,al gw - gw pi
AU...96452,al re - pi ye
AU...96454,al pi - re bw
AU...93124,PU TR - PU AL
V...583159,al - tr
AU...93102,YB TR - WB AL
BD...26097,ye tr - pb al
BD...26016,RE AL - RE TR
BD...26013,al - tr gy
BD...26011,rw al - gw tr
BD...26011,WR AL - WG TR
BD...26011,al - tr gy
AU...71429,ye tr - yb al
BD...26012,al - tr gy
AU...59599,al - tr re
AU...59599,YB TR - RA
AU...59599,BY TR - RE AL
AV...73774,tr gy - al
AU...59598,tr re - al
AU...59600,tr gy - al
AU...59597,VR TR - PU AL
AU...59597,al - tr re
AU...71538,tr gy - al
AU...71548,tr re - al
AU...71411,al - tr gy
AU...71411,ye tr - bw al
AU...71550,tr gy - al
AU...71412,tr gy - al
AU...71396,tr re - al
AU...71396,YE AL - BW TR
BD...26579,gw tr - bw al
AU...92390,pi al - bw tr
AU...92339,RE TR - GW AL
BD...26251,PI AL - PI TR
AU...71444,PB TR - PB AL
BD...26087,WR AL - PB TR
BD...26087,rw al - pb tr
AU...71066,BW AL - RE TR
BD...26516,bw tr gy - wa
BD...26516,bl wh tr - wh al
AV...91870,RE TR - BW AL
AV...91870,rt rg - bw al
AU...93856,WA - BL TR
AU...93856,WH AL - LB TR
AU...93142,PU TR - RW AL
BD...26182,GW AL - GY TR
BD...12346,wr - al
BD...12346,rw - al
BD...12306,wr - al
BD...12125,wr - al
BD...12125,wr - al
BD...12305,al pi - tr pi
BD...12305,al - rw
BD...12305,wr - al
BD...12304,wr - al
BD...12304,wr - al
BD...12303,al rw - tr gy
BD...12303,wr - al
AU...34700,al bw - tr gy
AU...34700,al - rw
BD...12074,rw al - tr gy
BD...12074,rw al - tr gy
BD...12452,tr pi - al or
BD...12452,ob - al
BD...12349,al - ob
BD...12231,pi - al
BD...12231,tr ye - or al
BD...12231,tr ye - or al
BD...12409,ob - al
BD...12409,rw - al
BD...12409,wr - al
BD...12313,al - tr gy
BD...12565,al pi - bl or
BD...12373,al bw - tr gy
BD...12583,AL - TR BK
BD...12583,rw al - tr bk
BD...12324,tr pi - gw al
BD...12324,tr gr - pi al
BD...12324,tr gy - pi al
BD...12325,ob - al
BD...12325,wr - al
BD...12406,tr gy - al
BD...12019,wr - al
BD...12019,ob - al
BD...12019,WR PI - AL
BD...12019,wr - al
BD...12019,rw - al
AU...89590,tr gy - rw al
AU...89590,tr bk - al or
AU...89590,al - or
BD...12352,tr gy - rw al
BD...12352,ob - al
BD...12352,wr - al
BD...12353,al rw - tr gy
BD...12576,ob - al
BD...12576,wr - al
BD...12533,al - pu
BD...12533,al - pu
BD...12137,al - ob
BD...12138,tr gy - al bw
BD...12138,tr gy - al bw
BD...12138,yb pi - al pi
BD...12138,tr gy - al bw
BD...12331,al re - tr re
BD...12331,al re - tr re
BD...12331,al - tr gy
BD...12331,al rw - tr re
BD...12044,rw al - tr bk
BD...12954,rw - al
BD...12954,tr wh - gr al
BD...12496,tr gy - pi al
BD...12498,rw - al
BD...12990,rw al - tr bk
AU...19902,tr gy - al
AU...19902,tr gy - rw al
BD...13051,wr - al
BD...13080,gw re - al or
AU...90986,tr - bl al
AU...90986,tr - wr al
AU...90989,tr gy - al rw
AU...90989,al wr - tr
AU...90989,bl al - tr gy
AU...90990,bl al - tr
AU...90990,wr al - tr
AU...90991,al rw - tr gy
AU...90991,rw al - tr
AU...90991,al bl - tr gy
AU...90955,wr - al
AU...90996,tr gy - bl al
AU...90996,tr gy - bw al
AU...90996,tr gy - rw al
AU...90996,tr gy - al bw
AU...90996,tr gy - al rw
AU...90996,tr gy - al bw
AU...90996,tr gy - bw al
AU...91000,tr gy - al rw
AU...91000,tr gy - al bl
AU...91000,tr gy - al rw
AU...90093,tr gy - al rw
AU...90093,tr gy - al bl
AU...90607,tr gy - al bl
AU...90607,tr gy - al rw
AU...90607,tr gy - al rw
AU...90609,al bl - tr gy
AU...90609,al rw - tr gy
AU...90610,bl al - tr gy
AU...90610,rw al - tr gy
AU...90610,rw al - tr gy
AU...90845,al - bw
AU...90906,tr gr - al bw
AU...90909,OB al - pi
AU...90921,ob - al
AU...90318,wr al
AU...90900,rw al - tr gr
AU...90900,al ob - tr gr
AU...90890,ob - al
AU...90891,ob al - tr gy
AU...90891,ob al - tr gy
AU...90891,rw al - tr gy
AU...90321,al rw - tr gy
AU...90321,al rw - tr gy
AU...90738,al - ob
AU...90738,al - wr
AU...90738,al - rw
AU...90736,wr - al
AU...70761,al gr - tr bl
AU...89608,pi gw - pb al
AU...89756,al bw - gw bw
AU...89757,al pg - bl yb
AU...89757,gp al - TR BL
AU...89757,pg al - bl yb
AU...96383,pi wh - rw al
AU...96384,pi gw - al ye
AU...89568,yb pi - al gr
AU...62445,al pb - wh bw
AU...62446,al gw - re pb
AU...88442,al yb - pi pi
AU...91121,wh gw - al bw
AU...91436,al or - pg wh
AU...88430,al gr - wh pi
AU...91438,pb wh - al re
AU...62492,yb gr - bw al
AU...63449,rw al - yb rw
AU...89947,tr re - al gw
AU...89947,pi re - al gw
AU...89484,re al - pg pi
AU...88426,ye al - pi pi
AU...96381,bl al - pg bl
AU...96381,bl al - pg bl
AU...96381,bl al - tr bk
AU...96380,re yb - al re
AU...91431,al wh - pi ye
AU...91246,pb al - ye pg
AU...89960,yb bl - yb al
AU...89556,or rw - or al
AU...88539,yb al - tr bl
AU...89558,gr gr - al pg
AU...89558,gr gr - al pb
AU...89577,al wh - pb gr
AU...89502,pg wh - pi al
AU...62484,bw pb - al gr
BD...15251,al - bl bl
AU...89900,ye pb - al bw
BD...15007,al - or or
BD...15466,tr - al
AU...91300,bw bw - al gr
AU...88435,ye re - gr al
AU...89928,gr ye - al or
AU...89557,al ye - bw gr
AU...88431,al gr - bw re
AU...89560,gr yb - al pg
BD...15350,tr - al
AU...88445,al ye - gr gw
AU...88432,or al - re gr
AU...89927,ye al - yb bw
AU...89926,bw pi - al gr
AU...89563,al wh - pb pb
AU...89501,gw pb - al gw
AU...89555,al rw - pg pg
BD...15282,tr gy - al
BD...15282,tr - al
AU...89576,gr wh - al
AU...89576,gr wh - al pg
AU...88450,al bl - rw yb
AU...62780,bl or - al rw
AU...62780,ye bl - al rw
AU...88437,gw or - or al
AU...88438,or re - gr al
AU...88428,re gr - al pi
AU...62477,pg al - wh or
AU...88439,gr or - wh al
AU...89248,rw bw - al yb
AU...89644,wh wh - al bl
AU...89643,bw al - gr bw
AU...89503,ye al - pg yb
AU...88424,or wh - al wh
AU...88419,al rw - bl or
AU...88420,al bl - pi re
AU...96293,pg al - tr
BD...15459,al - tr
AU...88422,re bl - gr al
BD...15003,tr - al
AU...96327,re al - pb ye
BD...15348,tr - al
AU...62485,al pg - pb bw
BD...15573,al - gr
AU...89554,re or - gr al
BD...15159,al - tr
AU...96300,gr pg - al pg
AU...96325,al wh - re rw
AU...96325,al wh - re rw
BD...15377,al - tr
AU...89399,yb pi - bl al
AU...89801,al re - pi pb
AU...91294,al pg - ye ye
AU...88440,al bl - pi gr
AU...89607,al gw - tr
AU...89607,al gw - re rw
AU...89516,pb yb - al rw
AU...63585,al pb - wh gr
BD...15049,al - tr
AU...89645,yb al - rw bl
AU...89855,gw al - bw pg
BD...15169,al - or
BD...15169,al - tr
BD...15182,tr - al
AU...88421,yb al - gr pg
AU...89616,gw pb - pg al
BD...15015,al - tr gy
BD...15034,tr - al
BD...15034,gr - al
AU...89396,al gw - bw gw
AU...89397,gr gr - gw al
AU...88425,re al - bl gr
BD...15368,tr - al
BD...15197,al - pu
BD...15197,al - tr
BD...15392,tr - al
AU...89551,or al - pb gr
BD...15290,tr - al
AU...91052,al pi - bl pi
AU...88448,al rw - pg ye
AU...88447,re al - pg re
BD...15430,tr - al
BD...15358,tr - al
AU...89565,al pi - rw yb
AU...88427,bw al - pg pi
AU...89948,gw yb - rw al
AU...91257,pi gr - wh al
AU...91257,tr gy - al wh
AU...91257,tr gr - al wh
AU...89899,al bl - bl rw
BD...14011,bl - al
BD...15175,tr - al
AU...91292,or al - gr rw
BD...15651,al - tr
BD...15651,al - re
AU...91278,rw re - gr al
AU...91291,re al - or gw
AU...91247,pi al - gw rw
AU...91003,al bl - tr gy
AU...91003,al bl - gr gw
AU...62419,al or - gw or
AU...91201,al - tr gy
AU...62495,gr al - rw rw
AU...62497,yb al - bw pi
AU...89725,rw al - re gr
AU...62731,wh gw - al ye
AU...62734,or re - al wh
AU...91287,al re - pi gr
AU...62768,re al - re re
AU...89807,pi gr - al yb
AU...91186,pb pg - al pi
AU...91188,gw re - al or
AU...91118,ye gr - al gw
AU...91118,ye gr - al gw
AU...91158,or rw - al bw
AU...88541,yb ye - gw al
AU...88545,yb al - gr rw
AU...62751,bw al - gw pi
AU...96345,al gw - re yb
AU...89569,al gr - wh re
AU...91157,gr al - bw gw
AU...89160,wh al - re re
AU...89579,al re - gr rw
AU...91474,gr yb - gw al
AU...89906,gw pi - rw al
AU...89901,al bw - bw rw
AU...62438,gw al - gw ye
AU...89873,al re - pb yb
AU...89825,al gr - yb bw
BD...14023,al - bl
BD...14031,ye - al
BD...14009,al - re
BD...14010,al - pi
BD...14010,al bw - tr gy
BD...14158,yb al - gr rw
BD...14158,al - gr
BD...14012,yb - al
BD...14204,tr gy - al bw
BD...14204,tr gy - al bw
BD...14204,gr - al
BD...14219,or - al
BD...14028,gw wh - al or
BD...14171,yb al - ye gr
BD...14081,al yb - rw or
BD...14008,yb al - ye gr
BD...14117,al or - bl ye
BD...14047,bw gw - al pg
BD...14048,pg pb - al wh
BD...14080,yb wh - al rw
BD...14007,yb al - pg gr
BD...14030,yb pb - re al
BD...14072,or al - gr re
BD...14092,or bw - re al
BD...14015,gr bl - al wh
BD...14020,al pi - pg wh
BD...14175,ye or - rw al
BD...14019,al pb - ye wh
BD...14004,yb al - gr rw
BD...14108,or al - pb gr
BD...14014,al gw - or rw
BD...14110,pg bl - pb al
BD...14006,or pb - pg al
BD...14116,al wh - ye re
BD...14002,al wh - pg ye
BD...14005,pi ye - gr al
BD...14115,al wh - pb pb
BD...14017,rw al - bw pg
BD...14016,yb wh - al pg
BD...14001,al ye - yb ye
BD...14173,bl bl - re al
BD...14018,pg al - pi rw
BD...14021,gr pg - bl al
BD...14022,al pb - pi re
BD...14013,al yb - yb pg
BD...14039,gr rw - wh al
BD...14113,yb al - pi re
BD...14119,al wh - pb gr
BD...14118,pg gw - al yb
BD...14121,wh yb - ye al
BD...14120,al gw - re rw
BD...14050,al gr - wh re
BD...14174,wh al - rw pg
BD...14114,al gr - pi pg
BD...14112,al yb - yb or
BD...14111,pg gr - gw al
BD...14178,ye al - gr gr
BD...14003,bw al - bl pi
BD...14064,re al - gw or
BD...14045,re re - or al
BD...14046,pi al - bw gr
BD...14046,pi al - bw gr
BD...14261,yb pi - al pi
BD...14273,al gr - pi ye
BD...14273,al gr - tr bl
AU...90788,al - rw
AU...90788,al - wr
AU...90651,wr - al
AU...90652,al - wr
AU...90653,wr - al
AU...61469,yb re - al re
AU...60938,al re - re bl
AU...60848,ye wb - re al
AU...60749,re al - pb yb
AU...97110,al re - yb bl
AU...97109,pb bl - re al
BC...05239,al re - bl ye
AU...97112,pb bw - re al
AU...97111,re al - wb yb
AU...60857,al re - rw bw
AU...76246,bl pb - re al
BC...04819,bw pb - re al
V...669667,bl re - re al
AU...76247,bl pg - al re
AU...76248,bl wb - re al
AU...61492,pb pg - re al
AU...61490,pb pb - re al
BC...04120,ye rw - re al
AU...61491,al re - pb bw
AU...97288,al re - re ye
AU...97676,bw ye - re al
AU...61489,al re - bw ye
AU...76207,ye pg - re al
AU...76208,ye re - re al
AU...97628,al re - rw ye
AU...76198,bl bw - re al
AU...76199,bl ye - re al
AU...60847,ye pg - re al
AU...60926,al re - pg bl
AU...60917,al re - pb bl
AU...97592,al re - pg pb
AU...97108,bl yb - re al
AU...61499,al re - pb ye
AU...97280,pb rw - re al
AU...97276,al re - re bw
V...669705,bw bl - re al
AU...76273,al re - re ye
AU...76249,al re - pg ye
AU...97107,al re - wh bw
AU...76267,bl yb - re al
AU...76266,bl wh - re al
AU...76197,al re - bl ye
AU...76146,bl bl - re al
AU...60850,re al - rw re
AU...97578,al re - pb pb
AU...60849,al re - ye wb
AU...97021,bw wb - al re
AU...97020,re al - yb bw
AU...97179,re al - bw bl
AU...97178,al re - bw bl
AU...76039,re al - yb re
AU...60999,re al - bl wb
AU...60998,re al - ye ye
AU...76235,wb ye - re al
AU...76225,ye rw - al re
AU...61486,re al - re rw
AU...61487,rw re - al re
AU...76224,wb bw - re al
AU...76233,ye wb - al re
AX...56490,rw pb - re al
AU...60948,re al - wb bw
AU...60750,yb ye - re al
AU...60997,bw wh - al re
BB...17540,ye wh - al re
AU...61000,ye ye - al re
AU...97177,al re - bw bw
AU...61485,ye al - wb wb
AU...61485,re al - bw rw
AU...61484,re al - bl rw
V...702003,re al - wh pg
AU...76234,re al - bw re
AU...76149,re al - ye bl
AU...76274,re ye - al re
AU...26681,re al - pg pg
AU...97180,re al - yb pg
AU...97181,pg rw - al re
AU...60838,re al - pb pg
AU...76150,pg wh - al re
AU...27933,re al - wb pg
AU...76148,bl pg - al re
AU...97371,al re - ye bl
AU...60581,al re - re wh
AU...75861,al re - bl bl
AU...75865,yb re - re al
AU...76783,wh wb - rw al
AU...76784,al rw - wb wh
AU...60747,rw al - pb pg
AU...76043,wh al - wh pb
AU...60859,rw al - wb ye
AU...97630,al rw - re wb
AU...76799,wb wi - al rw
AU...75925,al rw - wh wb
AU...97303,bw wb - al rw
AU...75905,wb re - al rw
AU...97679,bw ye - re al
AU...75913,al rw - yb bw
AU...97724,al rw - pb wh
AU...97724,re wb - al rw
AU...97727,re wb - al rw
AU...97593,pg pb - al rw
AU...97136,al rw - bl wh
AU...75933,al rw - wb ye
AU...75935,ye bw - rw al
AU...97283,pg al - tr gy
AU...76813,wb rw - al rw
AU...97354,rw al - re yb
AU...76632,al rw - wh wh
AU...97171,al rw - pg wh
AU...97176,yb wb - al rw
AU...76269,wb pg - al rw
AU...61466,wh ye - rw al
AU...97269,wh pb - al rw
AU...76636,wh rw - al rw
AU...76597,wh bw - rw al
AU...60949,yb re - rw al
AU...76684,rw pb - al rw
AU...75780,wh re - al rw
AU...75782,yb bw - al wb
AU...97074,rw al - rw yb
AU...97076,rw al - rw wb
AU...76096,rw al - pb rw
AU...76100,wh pg - al rw
AU...97064,pb rw - al rw
AU...97072,rw al - wh bw
AU...97226,rw al - wb wh
AU...97228,rw al - pg re
AU...97229,rw al - wh pg
AU...97062,ye yb - al rw
AU...76525,pb re - rw al
AU...76667,rw - al
AU...76678,rw al - pg rw
AU...97259,wb wh - rw al
AU...97263,rw ye - al rw
AU...60946,re yb - al rw
AU...60947,rw al - pg yb
AU...76768,rw al - bl wb
AU...76775,rw al - pg wh
AU...75848,yb wb - rw al
AU...75849,al wb - re pb
AU...75791,rw al - wb wb
AU...60909,al rw - pg re
AU...60966,wb re - rw al
AU...97586,yb wb - wb al
AU...60956,rw al - re wh
AU...75879,rw al - yb re
AU...76547,wb pg - rw al
AU...76549,yb pg - al rw
AU...97231,yb ye - rw al
AU...97233,wh pg - rw al
AU...97237,pb pg - al rw
AU...97387,al rw - rw re
AU...97255,al rw - pb pg
AU...97249,rw al - re wb
AU...76227,bl bl - al wb
AU...97082,pb bl - al rw
AU...97083,rw al - wh ye
AU...76741,wb rw - rw al
AU...76742,rw al - ye yb
AU...76131,rw al - rw ye
AU...60893,rw al - wb pg
AU...60894,pg pb - rw al
AU...60895,al rw - re re
AU...60897,yb rw - rw al
AU...60898,wb yb - rw al
AU...60851,al rw - yb yb
AU...75838,bw wh - al rw
AU...97576,wh wb - al rw
AU...97577,rw al - yb wh
AU...76520,al rw - wb re
AU...76574,wb al - yb pb
AU...76580,by et rg - by ea
AU...76580,BL YE TR - BL YE AL
AU...60969,yb bw - rw al
AU...60973,al rw - rw pg
AU...97669,pb yb - rw al
AU...76511,rw al - pb wh
AU...75892,re re - al rw
AU...75893,rw al - bl pg
AU...97327,pb pg - al rw
AU...97329,rw al - bw wh
AU...97696,wb yb - al rw
AU...75801,rw al - bw rw
AU...76181,yb yb - rw al
AU...76607,pg bl - al rw
AU...76611,rw al - re rw
AU...76276,al rw - rw yb
AU...76276,al rw - rw yb
AU...76011,rw al - wh re
AU...76756,pg bw - rw al
AU...76002,pg pg - al rw
AU...76003,rw al - wb re
AU...76006,rw al - yb wb
AU...76008,rw bw - al rw
AU...97192,al rw - wh re
AU...76261,ye pb - wb al
AU...60841,rw al - yb yb
AU...76019,rw al - bl rw
AU...76021,rw al - ye rw
AU...76036,al rw - re pg
AU...76187,rw al - wh pb
AU...76085,rw al - wh yb
AU...76088,wh re - rw al
AU...97735,al rw - bl pg
AU...75807,re rw - al rw
AU...75818,rw al - re pg
AU...75824,pb wh - rw al
AU...75734,pg bl - rw al
AU...75758,yb rw - al rw
AU...60731,al rw - bw wh
AU...60731,al rw - bw wh
AU...60732,pg ye - rw al
AU...60733,al wb - yb bw
AU...60733,al wb - yb pg
AU...75765,re pg - al rw
AU...97699,al rw - ye pg
AU...97700,pg rw - rw al
AU...75871,rw al - yb ye
AU...75855,yb re - al rw
AU...97096,rw al - rw wh
AU...97098,rw al - wb yb
AU...97653,al rw - wb bw
AU...97651,rw al - ye wh
AU...97644,yb pg - rw al
BD...12701,rw - al
BD...12701,wr - al
BD...12704,wr - al
BD...12704,rw - al
BD...12703,tr bl - rw al
BD...12703,wr - al
BD...12703,tr gy - rw al
BD...12703,rw - al
BD...12703,tr bl - ye al
BD...12703,tr bl - ye al
BD...12703,tr bl - rw al
BD...12702,wr - al
BD...12654,wr - al
BD...12610,wr - al
BD...12610,rw - al
BD...12609,wr - al
BD...12609,al - rw
BD...12751,wr - al
BD...12751,rw - al
BD...12655,wr - al
BD...12659,wr - al
AU...90787,wr - al
AU...90787,wr - al
BD...12656,rw - al
BD...12656,wr - al
BD...12657,wr - al
BD...12658,wr - al
BD...12273,tr gy - al rw
BD...12273,wr - al
BD...12273,tr re - pi al
BD...12272,wr - al
AU...90960,wr - al
AU...90960,AL PI - RW
BD...12651,wr - al
BD...12271,wr - al
BD...12270,wr - al
AR...63162,wr al
AU...79239,rw - al
BD...12268,rw al - tr bk
BD...12268,wr - al
BD...12268,al rw - tr bk
BD...12268,al or - tr bk
BD...12268,wr - al
BD...12268,al or - tr bk
BD...12268,wr - al
BD...12268,rw al - tr gy
AU...90678,al - wr
AU...90680,al - tr gy
AU...90682,al - rw
AU...90683,al - tr gy
BD...25021,or al - gr re
BD...25020,al pb - pi re
BD...25011,or bw - al gw
AU...62881,ye al - pi re
AU...62880,gr yb - al wh
BD...25122,al gr - bw bw
BD...25018,wh gr - gr al
BD...25002,al gr - wh re
BD...25009,gr bl - al wh
BD...25209,ye rw - pi al
BD...25208,al gw - pi ye
AU...71781,bl ye - al rw
BD...25012,pb al - wh or
AU...62898,al wh - pb pb
AU...62899,al wh - pb gr
BD...25010,yb al - ye gr
BD...25101,wh yb - ye al
AU...62900,bw gr - al bw
BD...25212,al rw - yb gw
AU...71775,yb ye - gw al
BD...25001,pi ye - gr al
BD...25019,al re - re wh
BD...25210,ye bl - al ye
BD...25034,or al - or wh
BD...25031,bw gr - wh al
BD...25033,al ye - pb ye
BD...25121,gw ye - al wh
BD...25120,ye bl - pg al
BD...25114,yb wh - al rw
BD...25045,pi re - re al
BD...25041,al re - gr bw
BD...15001,al - wh
BD...12267,wr - al
BD...12267,tr gy - rw al
BD...15199,al - gr
BD...12274,tr gr - or al
BD...12274,tr gr - or al
BD...12274,tr gy - al
BD...12276,tr gy - al rw
BD...12276,tr gy - al bw
AU...91439,al wh - bl bw
BD...28502,yb ye - gw al
BD...28503,pi ye - gr al
BD...28505,gr bl - al wh
BD...28506,gr rw - wh al
BD...28507,wh al - ye ye
BD...28508,gr yb - al wh
BD...28509,bl al - gr yb
BD...28510,al gr - or bl
AU...91440,wh gw - al or
AU...91440,wh gw - al or
AU...91441,al gr - pb wh
AU...91442,bw al - rw pg
BD...28551,al bw - wh re
BD...28901,al yb - pg gw
BD...28901,al yb - pg gw
BD...28902,re re - al pg
BD...28504,al pi - ye ye
BD...28501,gw al - yb pg
AU...97739,al rw - re yb
AU...97738,al rw - pg yb
AU...61500,pb wb - rw al
AU...97744,al rw - bw pg
AU...97741,al rw - wh yb
AU...97743,al rw - wh pb
AU...97742,al rw - wb pb
AU...97740,al rw - wb yb
AU...75946,al rw - ye bw
AU...96385,al or - bw pi
AU...96386,pi wh - al wh
AU...96387,al bw - pi re
BD...28989,al or - gr gw
BD...28993,ye gr - al gw
BD...28991,al gr - bw gr
BD...28992,or bw - bl al
BD...12660,rw al - tr gy
BD...12660,al - pi
AU...90785,al - tr gy
AU...90784,al - rw
AU...90784,rw - al
BD...12661,bw al - tr gy
BD...12661,al - pi
BD...12662,PI WR - AL
BD...12662,tr gy - al
BD...12666,al - tr gy
BD...12668,al rw - tr gy
BD...12668,bw al - tr gy
BD...12668,bw al - tr gy
BD...12668,al rw - tr gy
AU...90655,al - rw
AU...90657,tr gy - rw al
BD...12285,PI RW - AL
BD...12285,tr bl - re al
BD...14404,pg al - gw bl
BD...12612,bw al - tr gy
BD...12612,PI AL - rw
BD...12613,rw al - tr gy
BD...12613,al bw - tr gy
BD...12613,al bw - tr gy
BD...12613,al rw - tr gy
BD...12288,al rw - tr gy
BD...12290,al bw - tr gy
BD...12290,rw al - tr gy
BD...12290,AL - PI RW
BD...14275,rw re - ye al
BD...28994,bw pi - al gr
BD...28994,bw pi - al gr
BD...28995,ye bw - al yb
BD...28996,gw yb - rw al
BD...14276,gw al - pb wh
BD...14277,gw al - rw gw
AU...96388,al yb - or gr
BD...29000,gw al - bw rw
BD...27307,gw re - al rw
AU...96390,gr or - al pi
AU...96395,al rw - bl wh
AU...96396,ye al - gw bw
BD...29001,al bw - tr gy
BD...14280,yb pb - bl al
BD...14278,re bw - al bl
BD...14278,re bw - al bl
BD...14279,al gr - bw bw
BD...57018,al bw - rw yb
BD...57020,yb al - gr wh
BD...57020,ye al - bw gr
AU...96392,gw yb - al wh
AU...96394,ye re - gr al
BD...57004,yb yb - al or
BD...57004,yb ye - al or
BD...57009,al yb - bl gr
BD...57010,wh rw - bl al
BD...57010,wh rw - bl al
AU...89746,bl al - pi gw
AU...88550,al or - wh rw
BD...57028,al pi - bl or
BD...57029,gr or - wh al
BD...57034,bw gw - re al
BD...57039,rw or - bl al
BD...29003,rw - al
BD...29003,al bw - tr gy
BD...12298,al pi - tr gy
BD...12298,al bw - tr gy
BD...12298,al bw - tr gy
AU...89747,gw or - al bl
AU...89750,re or - gr al
AU...91443,al bw - wh re
AU...91444,gr bw - al gw
AU...91445,al rw - re gr
AU...91447,or ye - gw al
AU...91446,bw bl - or al
BD...14282,bl bw - rw al
BD...14283,al rw - pg pg
BD...14284,wh pb - al pb
BD...14285,al ye - bw gr
BD...14286,al pi - rw yb
BD...14287,bw rw - or al
AU...91448,bl al - gw or
AU...91449,pi or - wh al
AU...91449,pi re - wh al
BD...24155,al gw - ye pi
BD...24152,pi or - rw al
AU...91301,al gw - ye bw
AU...91033,bw al - bl or
BD...54152,al - wr
BD...54151,tr gy - al
AU...97830,pb rw - al wb
AU...76456,yb bw - wb al
AU...76459,bl bw - wb al
AU...76479,al wb - wb bl
AU...76481,pb wh - wb al
AU...89762,bw gr - al bl
AU...89763,al gw - gw or
AU...91482,gw or - al ye
AU...76403,wh bw - al wb
AU...76405,al wb - wh pb
AU...76406,wb bl - al wb
AU...76408,al wb - wh ye
AU...76410,rw wb - al wb
AU...76375,re bw - wb al
AU...97953,yb pg - wb al
AU...97950,ye wb - al rw
AU...76379,wb al - rw wh
AU...97968,rw re - al wb
AU...97970,rw pb - wb al
AU...97972,bl bl - wb al
AU...76421,ye bl - al wb
AU...76418,wb wb - rw al
AU...76462,wh ye - al wh
AU...76463,al wb - rw ye
AU...76466,pg yb - al wb
AU...76467,pb rw - al yb
AU...76468,bl rw - wb al
AU...89749,yb al - ye gr
AU...88350,or al - gr re
AU...88350,or al - gr pi
BD...24153,al rw - yb gw
BD...24154,al wh - bl rw
BD...12596,al gw - or rw
AU...91484,al gw - bw re
BD...24156,pi gr - al pi
BD...14180,al rw - pb pb
BD...14180,rw al - pb pb
BD...24157,al re - re wh
BD...14290,pg al - ye pi
BD...57104,or gr - or al
BD...57106,gw al - re wh
AU...89761,al re - ye yb
BD...57062,al wh - wh bl
BD...57063,gw al - gw pi
BD...57089,gw or - al bl
BD...57099,wh wh - al bl
BD...57178,ye al - re gw
BD...57175,bl al - ye gw
BD...12291,tr gy - rw al
BD...12291,tr gy - al bw
BD...12291,al - tr gy
BD...12291,tr gy - al bw
BD...12294,al - ob
BD...14199,al bl - pb rw
BD...57161,pi al - gw rw
BD...57161,pi al - gw rw
BD...57369,yb gw - bl al
BD...57368,re bl - rw al
BD...57193,al rw - pi re
BD...57319,al rw - bl or
BD...14405,re pg - bw al
AU...95761,al pb - re gw
AU...95761,al pb - re gw
BD...14406,al gw - re bl
BD...14406,al gw - re bl
BD...57314,bl al - pi gw
BD...14407,gw yb - al wh
BD...57373,yb al - rw bl
BD...14409,ye bl - pg al
BD...14408,al pi - rw bl
BD...57400,gr yb - ye al
BD...29009,tr bk - al gr
BD...29009,tr bk - al gr
BD...57223,or wh - al gr
BD...57235,al wh - re rw
BD...57230,or al - bl gw
BD...57396,pi gr - al ye
BD...29004,PI RW - AL
BD...29451,al rw - tr re
BD...29451,al pi - tr re
BD...29451,al pi - tr re
BD...29451,al rw - tr re
BD...29456,al - wr
BD...13000,al bw - tr gy
BD...29005,al - tr gy
BD...12615,tr gy - rw al
BD...12615,tr gy - al rw
BD...12615,tr gy - bw al
BD...12615,tr gy - bw al
BD...14410,pg gr - yb al
AU...92564,tr gy - al
AU...92558,tr gy - al
BD...24402,al or - pi bw
BD...24409,al bl - tr gr
BD...24409,al bl - gw gw
BD...24404,or al - bl gw
BD...54207,al re - tr bl
BD...54207,al re - tr bl
BD...54207,al rw - tr bl
BD...54207,al re - tr bl
BD...54208,tr gy - bw al
BD...54208,tr gy - bw al
BD...54208,tr gy - pi al
BD...54208,pi - al
BD...57243,rw yb - ye al
BD...57241,bl ye - re al
BD...57240,yb bw - pi al
BD...24302,gr yb - al or
BD...24303,gw al - rw gw
AU...91558,al yb - rw or
BD...24446,gr al - gr re
BD...24446,ye al - ye re
BD...24446,gr re - gr al
BD...29028,rw al - tr gy
BD...29028,rw al - tr gy
BD...29028,al rw - tr gy
BD...29026,al rw - tr gy
BD...29026,al - tr gy
BD...29465,tr wh - al gr
BD...29011,tr gy - al bw
BD...29011,tr gy - bw al
BD...29011,ob - al
BD...29245,tr ye - al wh
BD...29245,tr ye - al wh
BD...29245,ob - al
BD...29249,tr gy - al bw
BD...29229,tr bk - re al
BD...29233,ob - al
BD...29233,tr gy - al bw
BD...29221,tr wh - pi al
BD...29221,tr gr - pi al
BD...29221,tr wh - rw al
BD...29208,rw al - tr gy
BD...29208,al bw - tr gy
BD...29208,al - ob
BD...29212,al - wr
BD...29212,al wh - tr pi
BD...14411,or ye - al pb
BD...14185,gw al - ye pi
BD...14190,wh yb - bw al
BD...14181,al ye - yb ye
BD...14182,yb wh - al rw
BD...14413,bl re - gr al
BD...14337,al or - wh rw
AL...01794,or re - bl al
BD...14414,al gw - ye wh
BD...14412,pg al - wh or
BD...14336,rw wh - al wh
BD...14179,al gr - wh re
BD...14200,al wh - pg ye
BD...14416,ye al - pg yb
BD...14415,gw pi - rw al
BD...14322,yb al - pg gr
BD...14310,bw al - bl pi
BD...14309,pi re - al bw
BD...29769,al - pi
BD...29256,al - tr pi
BD...29170,al rw - tr bk
BD...29170,al - rw
BD...29170,ye al - tr wh
BD...29170,ye al - tr wh
BD...29170,al rw - tr bk
BD...29173,al - ob
BD...29006,al rw - tr gy
BD...29007,al or - tr wh
BD...29007,al rw - tr wh
BD...29007,al rw - tr gy
BD...29768,tr re - or al
BD...29768,PI AL - rw
BD...29763,ob - al
BD...29763,AL - TR BK
BD...12623,tr gy - al bw
BD...12623,al - tr gy
BD...12621,al - tr gy
BD...14339,tr gy - al bw
BD...24634,tr bk - rw al
BD...24634,tr bk - wh al
BD...14417,pi gw - al bw
AU...29674,al - bl
BD...24301,wh wh - al bl
BD...24301,wh wh - al bl
AU...95816,gw pi - gr al
AU...91303,or al - pi gw
BD...15498,al - gr
BD...15580,gw bl - gr al
BD...24517,al wh - yb gw
BE...44562,bl gr - al yb
BD...15224,bl - al
BD...15226,gr - al
BD...24471,gr ye - rw al
BD...24453,al re - bl gr
BD...24452,rw wh - al gw
AU...91541,ye al - gr gr
BD...24202,ye yb - ye al
BD...24325,gr bl - bw al
AU...91556,al gr - bw bw
BD...24050,wh re - al rw
BD...29273,ob - al
BD...29273,rw - al
AU...70965,tr bk - al
BD...29190,tr ye - ye al
BD...29190,tr gy - rw al
BD...29192,ob - al
BD...29565,tr re - ye al
BD...29565,tr gy - rw al
BD...29565,tr re - rw al
BD...29565,ob - al
BD...29565,tr re - ye al
BD...29569,tr ye - wh al
BD...29569,tr ye - wh al
BD...29195,al rw - tr gy
BD...29195,al rw - tr gr
BD...29195,al - tr gy
BD...14419,bl pg - al bl
BD...29532,al wh - tr bl
BD...29532,al - ob
BD...29527,bl ye - al bl
BD...29194,al - rw
BD...29194,al gr - tr re
BD...29194,al rw - tr re
BD...29194,al gr - tr re
AU...76882,wb al - pg pb
AU...76888,wb al - wb ye
AU...76879,yb bl - rw al
AU...76880,rw al - bl yb
BD...24491,al pb - tr ye
BD...15942,tr re - al
BD...24445,ye al - tr gy
BD...24445,ye al - tr gy
BD...24347,al yb - tr gy
BD...15845,wh wh - al yb
BD...15839,al - re
BD...14346,bl al - pb bl
BD...29658,tr gy - pi al
BD...29658,tr gy - pi al
BD...14507,bw al - pg pi
BD...14508,al gw - bw gw
BD...29417,ye - al
BD...57249,al re - re gw
BD...29440,ye - al
BD...24002,pi rw - yb al
AU...91132,al gr - re bl
AU...91134,yb ye - wh al
AU...91135,re pi - gw al
AU...91329,bl rw - gr al
BD...54153,rw al - tr gy
BD...25224,bl al - re wh
AU...89748,pi gr - al rw
BD...14418,ye al - or rw
BD...14281,re rw - pg al
AU...92755,OR AL - OR TR
AU...92167,pi al - gw tr
AU...92168,BW AL - YE TR
BD...29686,re al - tr wh
BD...25214,or al - bl gw
BD...25223,al or - pi or
BD...25218,al re - yb bw
BD...25192,bl al - bl bw
BD...25220,bl rw - rw al
BD...25213,al gw - pi bw
BD...25213,al gw - pi bw
AU...92543,re al - pi tr
AU...92576,YB AL - RE TG
AU...92576,YE BL AL - RE TR
AU...89487,wh or - al or
AU...89490,al wh - gw wh
AU...89766,rw ye - re al
AU...89767,gw al - or bw
AU...76331,pb pg - wb al
BD...55466,al wb - pg re
BD...55467,wb al - ye wb
BD...25249,ye bl - al pi
BD...25226,pi gr - gw al
BD...25226,pg al - gw ye
BD...25226,pg al - gw ye
AU...93889,wa - wt rg
AU...93889,WH AL - WH TR
BD...26816,va - vt rg
BD...26816,PU AL - PU TR
BD...25221,re gw - re al
BD...25219,gw ye - al pi
BB...99794,GT RG - WB LA
BB...99794,GY TR - WH BL AL
AV...92541,PA - WT RG
AV...92541,PU AL - WH TR
AU...92427,BW AL - PU TR
AU...92427,WB AL - PU TR
AV...73759,gr TY - BW AL
AU...92577,BW AL - WB TR
BD...26843,WB AL - BK TR
BD...26843,BW AL - BT
BD...26844,WH AL - RE TR
BD...26844,wa - rt
BD...26842,WB AL - GY TR
BD...26842,BW AL - GT
V...709408,BK AL - WB TR
BD...26806,bw al - bl tr
BD...26379,PU AL - TR PU
BD...26390,RE AL - RE TR
V...583167,WH AL - WB TR
BD...26809,YE AL - OR TR
AU...92549,TU AL - OR TR
AU...92549,PU AL - OR TR
AU...92550,WH AL - TU TR
AU...92550,WH AL - PU TR
BD...26811,BK AL - YE TR
BD...26813,BW AL - BW TR
BD...26814,LB AL - YE TR
BD...26814,bl al - ye tr
BD...26815,wh al - pb tr
BD...25216,wh al - gr bw
AU...92574,WB AL - WB TR
AU...92542,VI AL - RW TR
AU...92544,BY AL - GY TR
AU...92401,YB AL - YB TR
AF...41394,GW AL - GW TR
BD...26839,GY AL - GY TR
AU...92417,rw al - rw tr
AU...92417,WR AL - WR TR
BD...26810,YB AL - BW TR
BD...14509,al yb - yb pg
AU...92567,YE AL - YE TR
AU...92567,OR AL - VI TR
AU...92567,or al - pu tr
AU...92566,YE AL - BW TR
AU...92548,OR AL - TU TR
AU...92548,OR AL - BL TR
BD...26391,YE AL - YE TR
BD...54012,rw al - tr gy
BD...54012,gr al - tr ye
AU...76335,al wh - re rw
AU...92079,tr wh - pi al
AU...92079,WH TR - PU AL
AU...92079,WT RG - PA
BB...99797,BW TR - BW AL
BB...99797,bw tr gy - bw al
BB...99790,GY TR - GY AL
BB...99790,GT RG - GA
BB...99805,bt rg - ye al
BB...99747,wg al - wt rg
BB...99747,GW AL - WH TR
BD...54222,tr gy - gw al
BD...54222,tr gy - al
BD...54222,gr wh - al
BD...54222,al rw - tr gy
BD...55026,al wb - yb wb
BD...55030,al wb - pg yb
BD...55007,wb pb - wb al
BD...55009,wb al - pg yb
BD...55012,wb al - bl ye
BD...55013,ye wh - wb al
BD...55015,wb al - wb rw
BD...55017,wb al - rw ye
BD...55018,ye bw - wb al
AU...75978,al rw - ye wh
BD...55533,wb al - pg ye
BD...56311,al rw - yb wb
BD...55161,pb pb - wb al
BD...55162,al wb - pb re
BD...55160,wb wb - al rw
AU...76338,wb al - yb ye
AU...76357,bw wh - wb al
AU...76361,ye pb - wb al
AU...76333,al rw - pg wb
BD...55005,rw ye - wb al
AU...76321,wb al - pg wh
AU...97805,wb re - wb al
AU...75947,bw ye - al rw
AU...97745,bw pg - al wh
AU...97747,bw ye - wb al
AU...97749,re re - al wb
BD...55458,al rw - pb bw
AU...76962,al rw - yb pb
AU...76963,rw pb - al wb
AU...97855,yb ye - al wb
AU...97772,rw pb - wh al
AU...97773,al wb - wb ye
AU...97774,bl wh - al wb
BD...55123,wh al - re wb
BD...55125,al wb - pb pb
BD...55128,al wb - wh bw
AU...97845,bw bw - al wb
AU...97846,al wb - wh pg
BD...54131,al - tr gy
BD...54131,al - tr gy
AU...76988,yb re - wb al
AU...76991,wb al - re wb
AU...76993,wb yb - wb al
BE...68878,bw pg - al rw
AU...75983,re rw - wh al
AU...76986,rw al - ye pg
AU...97815,al wb - pg wb
AU...97819,al wb - ye yb
AU...97820,bl bl - al wh
AU...75990,pb yb - wb al
AU...97341,wh bw - al rw
BD...56303,pg bl - al wb
BD...55149,wb pg - wb al
BD...55152,wh ye - wb al
AU...77000,al rw - ye ye
BD...55434,rw rw - wb al
AU...97935,wb al - pg pg
AU...97937,wb al - bw pb
AU...97938,pb wb - al wb
AU...97675,bw ye - re al
BD...55444,wb al - yb bw
BD...55444,wb al - yb bl
BD...55440,al rw - wb wb
AU...92927,GW - YE TR
BD...54127,al - tr gy
BD...54357,tr gy - al bw
BD...54357,tr gy - al bw
BD...54221,tr gy - al rw
BD...54221,tr gy - al
BD...54221,tr gy - al rw
BD...54126,al - tr gy
BD...55571,rw ye - al wb
BD...55664,wb al - ye wh
BD...55851,bl re - al wb
BD...55852,wb al - ye bl
BD...55852,wb al - ye bl
BD...55854,wb al - pg bl
AU...97885,ye bl - al wh
AU...97886,al wb - ye pb
BD...55626,al rw - wb pg
BD...55870,wb al - pg re
BD...55871,wb al - ye rw
BD...56283,wb pb - al wb
BD...56284,al wb - bw re
AU...70827,pi - al
AU...70827,tr gy - al bw
AU...70827,tr gy - al bw
BD...55647,pb ye - al wb
BD...55648,bw yb - al wb
BD...55652,bw bl - al wb
BD...55673,bw pg - al wb
AU...97787,bl bw - al wb
AU...97789,wb al - re bl
AU...97795,ye wh - al wb
AU...97864,pg wh - wb al
AU...97751,wb al - wh bl
AU...97752,wb al - yb bl
BD...55554,wh al - yb re
BD...55110,bw wb - al wb
BD...55113,wb al - pb re
AU...97836,al wh - wb wb
AU...97841,rw bw - wb al
AU...76998,pg pg - rw al
BD...55135,pg bw - wb al
BD...55640,wb al - ye re
BD...55645,tr gy - wb al
BD...55646,al wb - pg ye
BD...55646,al wb - pb ye
AU...76970,wb al - ye bw
AU...76974,al wb - wb rw
AU...76976,rw bw - al wb
BD...56049,al wb - bl ye
BD...56053,al wb - yb pg
BD...56054,ye rw - al wb
BD...25222,or rw - al bw
BD...24212,pi gw - yb al
BD...24212,tr bl - yb al
BD...25217,pi wh - or al
BD...24499,al bw - rw or
BD...24500,bw bw - al gw
AU...91672,or ye - al pi
BD...24216,pi ye - al pi
BD...24217,al wh - wh pi
AU...88586,bw re - al wh
AU...88589,or al - or wh
BD...24498,al re - bl rw
AU...89296,pi bl - al re
BD...25225,yb re - al or
BD...25225,yb re - al or
BD...12617,tr gy - bl al
BD...12617,rw - al
AU...76448,wb al - pb yb
AU...76449,wh wh - wb al
BD...55215,bw wh - al wb
BD...55215,bw wh - al wb
BD...55211,pb pg - al wb
BD...55203,al wb - pb bl
BD...55208,tr gy - al wb
BD...55355,re bw - al rw
BD...56114,rw wh - wb al
BD...56118,pb re - al wb
BD...55536,pb rw - al wh
BD...55481,pg bw - al rw
BD...55484,re rw - al wh
BD...55484,re rw - al wh
BD...56021,al wb - pg ye
BD...56036,bw re - al wb
BD...56037,wb al - wh pb
BD...56038,pb pb - al wb
BD...56040,re yb - al wb
BD...56128,bl wb - wb al
BD...56132,wb bw - al wb
AU...76816,al wb - bl rw
AU...76819,bl wh - wb al
AU...76820,pb ye - al rw
BE...68827,bw pg - rw al
BD...55329,rw al - pg bw
BD...56067,wb al - wb bw
BD...56073,wh al - rw re
BD...56178,rw al - pb yb
AU...76950,wh rw - rw al
BD...55343,bw rw - wb al
BD...55241,al wb - pb bw
AU...76903,al wb - bw wb
BD...55574,rw al - yb pg
BD...01427,al - bl
AU...76909,al wh - rw re
AU...76910,wb al - wb re
BD...56017,al wb - bw bl
BD...56019,rw pg - wb al
BD...55229,bl rw - al wb
BD...55230,al wb - yb pb
BD...55231,wb al - yb pg
BD...55232,rw re - wb al
AU...76828,rw wb - wb al
AU...76830,ye wb - al wb
AU...76832,bl ye - al wb
AU...76834,al wb - yb bl
BD...55480,rw al - pg pg
BD...56238,wh yb - rw al
BD...55475,wh yb - wb al
BD...55476,al wb - tr gy
BD...55479,pg bl - wb al
BD...56102,bl ye - wb al
BD...56384,rw al - pg pb
BD...55657,wh rw - al wb
BD...55221,bl pb - wb al
BD...55222,wb al - pb pg
BD...55226,al wb - wh rw
BD...55228,al wb - wb pg
BD...24480,tr gy - pb al
BD...56224,al wb - re ye
BD...55199,pb wb - wb al
BD...55201,al wb - pg bl
BD...56137,wb re - al wb
BD...55487,wb al - bw pg
BD...55490,wb al - yb rw
AU...76949,rw al - pb pb
BD...55486,pg ye - al rw
BD...55238,wb al - bw rw
BD...55239,pg re - wb al
BD...55690,re wb - al wb
BD...56335,al wb - ye ye
BD...24565,al gw - bl rw
BD...24568,gw yb - al bl
BD...24568,wh gr - yb al
BD...56229,pg pg - wb al
BD...56235,wb rw - al wb
AU...76821,rw al - bl pb
BD...55263,wb al - re yb
BD...56033,wb al - bl wh
BD...15623,al - pi
AU...76470,wb al - re rw
AU...76474,bl pg - al wb
BD...56159,wb al - bw wb
BD...55555,rw rw - rw al
BD...55559,wb al - rw bl
AU...76484,rw al - wh wb
AU...76485,pb bw - al wb
AU...76486,al wb - yb ye
AU...76491,wh pg - al wb
AU...76493,yb wh - wb al
BD...56206,wh wh - rw al
BD...56045,wb al - wh wh
AU...97799,re yb - wb al
AU...97800,wb al - pb bl
BD...56172,wb al - rw bw
BD...56176,re bl - bl al
BD...55117,bw wb - wb al
BD...55118,bw rw - al wb
BD...55121,bl pg - wb al
BD...55122,al wb - bl bl
BD...55347,rw al - bw re
AU...76451,pg pb - wb al
AU...76455,re wh - al wb
BD...24632,yb gw - gr al
AU...89600,al yb - yb or
BD...24352,bl gw - re al
BD...24355,gw al - re re
BD...24356,wh gw - al bw
AU...91302,gr pi - gr al
AU...91143,al - wr
BD...55188,ye pb - al wb
BD...55190,bl yb - al wb
BD...55278,pg ye - wb al
BD...55282,rw rw - al wb
AU...76923,wb al - bl wb
BD...55494,al wh - wh wh
BD...55496,wb bw - wb al
BD...55274,wb ye - al wb
BD...55275,wb al - rw rw
AU...76412,pg wb - al wb
AU...76415,rw bl - al wb
AU...76822,wb al - bl re
AU...76823,ye re - al wb
BE...70326,pb re - al rw
BD...55872,wh al - re rw
BD...55874,al wb - bl pg
BD...55877,al wb - ye re
AU...76926,al wb - rw pb
AU...76939,bw yb - al rw
BD...56244,al wb - rw yb
BD...56245,yb pb - al wb
BD...56245,yb yb - al wb
AU...76932,wb al - rw pg
AU...76937,re pb - al wb
BD...56002,ye pg - wb al
BD...56003,al wb - bl bw
BD...56004,re rw - al wh
BD...56004,re rw - al wb
BD...56005,al wb - bw ye
AU...76362,rw al - re re
AU...76365,rw pg - al wb
BD...55328,al wb - pg bw
BD...55306,al wb - yb rw
BD...55307,al wb - rw bw
BD...55312,al wb - bw bw
BD...55314,bw pb - wb al
AU...76860,al wb - bl wb
AU...76863,wh re - al wb
AU...76500,rw al - wb bw
BE...68823,bw rw - al rw
AU...89798,gw gr - or al
AU...89764,bl ye - al gw
AU...91564,gr bl - wh al
BD...24464,gw ye - ye al
BD...24464,tr bl - ye al
BD...56337,rw al - bw wb
AU...90778,al - rw
AU...90695,rw - al
AU...90695,rw al - tr bk
BE...68869,pb bw - al rw
AU...76944,wb al - yb wb
BD...56008,al wb - bw rw
AU...97825,bw bw - wb al
AU...97826,ye wh - wh al
BD...55886,wb al - pb bw
AU...76427,pg rw - wb al
AU...76428,bw bl - wb al
AU...76429,wb al - re bw
AU...76430,rw bl - wb al
AU...76431,wb al - re pg
AU...76843,re ye - wb al
AU...76844,al wb - ye bw
BD...56267,re pg - al wb
BD...56272,wh ye - wh al
BD...56317,wb al - wb bw
AU...76432,rw al - rw re
AU...76433,al wb - rw bl
AU...76439,wh al - wh re
AU...76835,wb al - rw wb
AU...76842,wb al - wh bw
AU...76324,bw re - wb al
AU...76326,re bl - wb al
AU...76327,al wb - bw pb
BE...68854,ye bl - al rw
BD...56345,rw al - yb bw
BD...56200,pg re - al wb
BD...56204,bw pg - wb al
BD...56249,al wb - re bw
BD...56251,wb al - wb pb
BD...55298,bl re - wb al
BD...55300,rw yb - wb al
BD...56263,pg rw - al wb
AU...76302,wh al - bw pb
BD...24501,rw al - gr gw
BD...24501,al rw - gr gw
BD...24501,al rw - gr gw
BD...24037,pi rw - ye al
BD...24038,bl wh - al re
AU...91567,re al - gr wh
AU...91661,pi al - gr gr
AU...91661,pi al - gr gr
AU...91664,ye pi - re al
AU...91667,bl yb - al gw
AU...91668,ye al - gr re
BD...15631,al - re
BD...24326,or bl - rw al
BD...24326,re bl - rw al
BD...12597,al or - bl ye
AU...91141,re wh - al gw
BD...15228,bl - al
BD...24253,pi al - bl wh
BD...12600,al wh - wh bl
AU...96378,bl al - re gw
AU...96364,tr bl - al
AU...91485,bw ye - al yb
BD...24279,al re - bl bw
BD...24282,gw al - pi gr
BD...24201,al bl - rw ye
AU...89286,or al - wh gr
BD...15930,gw rw - rw al
AU...91517,gr rw - al wh
AU...91521,bl bl - al bl
AU...91524,bl pi - al ye
AU...91525,pi bl - bw al
AU...91526,al or - ye pi
BD...24240,rw - al
BD...24358,pi or - gw al
BD...24362,gr yb - al bl
BD...12540,al - re
AU...89485,pi bw - al pg
BD...24440,pi wh - wh al
BD...24440,pi wh - wh al
BD...15235,bl - al
BD...15821,al - gr
AU...89561,bl al - pb bl
BD...24061,gw re - yb al
BD...24062,al or - yb gr
BD...24171,gw al - bw re
AU...91540,gw ye - rw al
BD...24251,pi gw - al bw
BD...24042,al ye - yb yb
BD...24042,al ye - tr bl
BD...24044,al or - tr bl
BD...24044,al or - bw gr
BD...24561,gw pi - pi al
AU...91557,wh al - gr or
AU...91331,al re - pi gw
BD...59516,gw wh - al pi
AU...91514,re yb - ye al
BD...24346,rw al - rw gr
BD...24178,bw gw - re al
AU...89773,bw or - al gw
AU...89774,al or - wh gw
AU...89775,bw or - al gw
BD...24047,gw pi - or al
BD...24048,al yb - gw bl
AU...88598,al - tr gy
AU...88598,al bl - tr bl
AU...88598,al bl - tr bl
AU...88598,al rw - tr bl
AU...88598,al bl - tr bl
BD...24293,bl gw - al pi
BD...15933,al bl - rw yb
BD...15933,al bl - rw yb
BD...24049,al bw - rw yb
AU...89786,rw ye - re al
AU...91034,al pi - pi yb
BD...24313,al bl - tr gr
BD...24313,al bl - tr gr
BD...24313,al bl - rw gr
AU...89759,re gr - al gr
BD...12595,rw gr - gw al
BD...24304,gr wh - or al
BD...24305,al bl - gw yb
BD...24307,al pi - yb pi
AU...91486,pi yb - bw al
AU...91552,al yb - yb wh
BD...24327,rw ye - al yb
BD...24401,al gw - bw gw
BD...15107,ye - al
AU...91126,al bl - bl yb
BD...24013,al rw - wh pi
AU...91129,wh bl - gw al
AU...91128,gr al - wh pi
BD...12598,al ye - pi re
BD...24235,al gw - tr bl
BD...24235,al gw - wh bw
AU...91338,rw or - ye al
BD...24151,al bw - bw bl
AU...91306,pi bl - pi al
AU...91554,bw al - bl gr
AU...89760,rw gw - al or
AU...89760,rw gw - al or
AU...91127,pi bl - al gr
BD...24015,wh ye - al yb
BD...24016,or al - tr bl
BD...24223,pi al - bl gw
BD...24228,re wh - pi al
BD...24309,rw ye - pi al
AU...89850,gr or - al pi
AU...63841,al yb - gw bw
BD...24067,wh al - rw gw
BD...24246,yb wh - gr al
AU...91450,al yb - or yb
AU...91551,bw bw - al bw
AU...91555,al wh - yb yb
BD...24451,al gr - bw yb
BD...24460,al bl - rw rw
BD...24462,rw al - yb gr
BD...24461,re wh - al pi
BD...15932,yb yb - al pi
BD...15931,al bw - bl or
BD...15931,al bw - bl or
AU...91493,wh or - al ye
BD...24247,ye al - rw rw
BD...54308,wr - al
BD...54308,rw al - tr wh
BD...54308,rw - al
BD...54311,tr gr - bl al
BD...54311,tr gr - bl al
BD...54234,al - wr
BD...54240,bl al - tr bl
BD...54240,tr bl - al bl
BD...54240,al - rw
BD...54240,bl al - tr bl
AU...92575,OR AL - OR TR
BD...54245,al - rw
AU...69783,al - rw
AU...92565,or al - pu tr
BD...13234,yb gr - yb al
BD...15938,al gr - gw pi
BD...15937,gw bl - al pi
BD...29161,al - wr
BD...29161,wr - al
BD...55034,re wh - wb al
BD...55035,al wb - pb rw
BD...55036,al wb - ye rw
AU...76984,pb wh - al rw
AU...97995,re pb - wb al
AU...97998,wb al - pb rw
AU...97999,pb wh - al wh
AU...98000,pb bl - wb al
BD...55078,pb wh - al wb
BD...55079,al wb - pg rw
AU...75976,al rw - bl ye
AU...75996,al rw - bw ye
BD...55425,ye ye - wb al
BD...55426,wb al - wb bl
BD...55429,bl yb - wb al
BD...55059,al wb - ye wh
BD...55061,re rw - wb al
AU...76890,yb bl - wb al
AU...76891,wb al - rw pb
AU...76892,ye rw - wb al
AU...76866,rw al - wh wh
AU...75969,wh bl - al rw
BD...55661,ye re - wb al
BD...55048,al wb - wh wh
BD...55052,wb re - ob al
BD...55065,al wb - yb re
AU...97985,al wb - rw wb
AU...97989,wb al - wb wh
BD...55040,ye yb - wb al
BD...55041,wh al - yb pb
AU...76985,pb yb - al rw
AU...76983,rw al - bw pg
BD...55413,ye wb - wb al
BD...55415,al wb - wb re
AU...76999,al rw - rw wb
BD...55399,wb al - pg wb
AU...76865,pb pb - al rw
AU...76864,rw al - bw pb
BD...55499,pg ye - wb al
BD...56295,al rw - re wh
AU...97923,yb ye - wb al
AU...97928,wh al - rw bl
AU...75950,rw al - pb bw
BB...80601,rw al - ye bl
BD...55409,al wb - wh re
BD...55094,wb bl - wb al
AU...97918,bw yb - wb al
AU...75948,rw al - wb pb
AU...75949,pb wb - al rw
BD...55170,ob al - bl pb
BD...55171,wh bl - al wb
BD...55174,re ye - al wb
BD...55175,re wb - wb al
BD...55372,wb wh - wb al
BD...55377,al wb - bw wh
BC...05125,al rw - pb ye
AU...97976,wb al - bl pb
AU...97981,rw wh - al wb
BD...56367,al rw - rw ye
BD...55168,bw yb - rw al
BD...55386,al rw - pg ye
BD...55508,wb al - pg rw
BD...55090,pb yb - al wh
AU...75998,wh ye - al rw
BD...56356,al rw - re ye
BD...56357,ye ye - rw al
BD...55388,pg yb - wb al
BD...55101,re pg - wb al
AU...75997,ye bl - rw al
AU...96795,wh wh - bl al
AU...96748,al ye - pb re
AU...96623,gw re - al ye
AU...96785,al wh - bw bl
AU...96787,bw al - yb or
AU...96747,al pi - gw bl
AU...96746,al bl - re ye
AU...96746,wh al - bl or
BD...28858,al rw - bl yb
BD...28859,al pi - bl pi
BD...28867,al rw - bw wh
AU...96397,ye al - bl ye
AU...95006,yb al - or re
AU...96701,al or - rw or
AU...96631,rw re - ye al
AU...96740,al bl - gw gr
AU...96649,bw rw - or al
AU...95080,ye al - pi re
AU...96648,bl gr - al gr
AU...95100,wh al - rw bw
AU...96697,yb al - rw bl
AU...96650,gr rw - wh al
AU...96727,al pi - ye bl
AU...95097,yb wh - al rw
AU...96563,al gw - wh gw
BD...28875,al rw - gw bl
AU...96579,gw or - al bl
AU...96698,bw al - gr bw
AU...96700,al or - bw ye
AU...96700,al or - ye bw
AU...96699,al or - yb bw
AU...96837,al re - ye pi
AU...96836,al pi - re bl
AU...96691,wh rw - rw al
AU...95099,bw al - bw re
AU...96749,pi al - ye rw
AU...96756,gw al - or wh
AU...96759,al rw - yb gr
BD...28753,al or - bw gw
AU...96761,al yb - ye wh
BD...29449,tr gy - al bw
BD...29449,tr gy - al bw
BD...29450,al bw - tr gy
BD...29450,al - rw
BD...54595,al - rw
AU...95098,bl al - yb re
AU...96844,pi al - bl re
AU...96842,al rw - gw pi
AU...96750,al pi - or ye
BD...28542,al rw - yb gw
AU...96598,wh al - wh or
AU...95034,ye or - al gr
AU...95036,al ye - yb ye
BD...28550,al pi - wh bl
BD...28549,bw al - re re
AU...96599,al gr - or bl
AU...95088,re bw - al bl
BD...15790,al gr - pi bl
BD...29902,rw al - tr gy
BD...29904,wh al - tr re
BD...29904,wh al - tr re
BD...29904,bl al - tr re
BD...29905,al - wr
BD...29905,al bw - tr gy
BD...29903,al - rw
BD...29903,rw - pi al
BD...29901,al - rw
BD...29307,tr wh - al ye
BD...29307,rw - al
BD...29309,tr gr - gw al
BD...29309,rw - al
BD...29308,tr gy - bw al
BD...29308,tr gy - bw al
BD...29308,tr gy - rw al
BD...29308,tr gy - rw al
AU...91681,bl bl - al rw
AU...91682,gw gw - gr al
AU...91682,gw gw - gr al
AU...91682,tr bl - gr al
AU...91685,al pi - rw rw
AU...91751,al rw - yb yb
AU...91752,al pi - re wh
AU...91752,al pi - re wh
AU...91753,pi gw - al gr
AU...91754,bl bw - al pi
AU...91755,al re - gw yb
AU...91756,al rw - re re
BD...59532,gr al - yb bw
BC...83888,bw al - rw gr
BD...59533,al yb - gw re
BD...59534,re gr - al yb
BD...29312,tr gr - re al
BD...29312,tr gr - re al
BD...59133,bl al - bw yb
BD...59062,wh al - re rw
BD...59063,or al - gr or
BD...59064,al wh - ye wh
BD...59065,or al - rw re
BD...59066,gw al - bw gw
BD...57250,al or - wh rw
AU...64466,al or - gw or
AU...64467,gw ye - al wh
AU...64468,al pi - bl pi
BD...24530,al gw - bw yb
AU...64469,bl gr - al gr
BD...24533,al bl - rw wh
BD...57501,pi or - gr al
BD...24534,ye al - bw yb
BD...24534,ye al - bw yb
BD...57454,yb al - gr rw
BD...57454,yb al - gr rw
BD...57503,yb al - ye gr
BD...57503,yb al - ye gr
BD...57504,bl bl - al rw
BD...57505,bw pi - al bw
BD...57502,re al - or gw
BD...57502,re al - or gw
BD...57455,al ye - gr gw
BD...57455,al ye - gr gw
BD...57456,ye rw - al re
BD...57457,or al - re gr
BD...24532,al pi - gw pi
BD...24532,al pi - gw pi
BD...24788,al pi - tr ye
AU...63569,rw al - yb wh
AU...63570,yb rw - wh al
AU...63571,ye al - bl pi
AU...63578,or rw - bl al
BD...54965,al - wr
BD...54378,al - wr
BD...59304,tr bk - pi al
BD...57506,or al - gr or
AU...64470,bw bl - al bl
AU...64471,al re - bw pi
AU...91049,al rw - yb gr
AU...91049,al rw - yb gr
AU...91050,pi pi - ye al
BD...59339,al pi - tr bl
AU...92000,al bw - tr bl
AU...92000,al bw - tr bk
AU...92000,al bw - tr
BD...15898,gr pi - or al
AU...64474,rw or - al rw
AU...64481,bl bw - al gw
AU...64477,al bw - pi pi
BD...15899,al rw - ye pi
BD...30002,al bw - tr gy
BD...30002,rw - al
BD...30002,al bw - tr gy
BD...30002,al rw - tr gy
BD...30051,al - tr gy
AU...91766,pi gw - gr al
AU...91768,bw al - bl rw
AU...64496,rw bl - ye al
AU...64482,al wh - wh or
AU...64485,re gw - al pi
AU...64483,gw rw - rw al
AU...64476,gw wh - al gw
AU...64475,ye gr - al yb
AU...64498,gw al - ye pi
AU...64500,gr gr - gw al
BD...30466,tr gy - al bw
BD...30466,tr gy - al
BD...30466,tr gy - al bw
BD...30466,tr gy - al bw
BD...30466,tr gy - rw al
BD...30451,al - tr gy
BD...30059,tr wh - rw al
BD...30059,tr wh - pi al
BD...30059,al - tr gy
BD...30059,tr wh - pi al
BD...30059,tr wh - pi al
BD...29313,al bw - tr gy
BD...29313,al pi - tr gy
BD...29313,al - tr gy
BD...30013,bw al - tr gy
BD...30013,bw al - tr gy
BD...30013,al rw - tr gy
BD...30012,al or - tr ye
BD...30468,al - tr gy
BD...54299,rw - al
BD...54249,gr - al
BD...24180,al or - bl gr
BD...24448,re al - gw re
AU...64489,re gr - al pi
AU...91965,al yb - tr bl
AU...91966,tr bl - pg al
BD...54379,rw - al
BD...54380,al - rw
BD...24705,al - tr gy
BD...24707,gw al - tr gy
BD...24707,al - tr gy
BD...24708,tr gr - wh al
BD...24708,tr gy - wh al
BD...54247,al - rw
BD...54247,rw - al
BD...54248,al - rw
BD...59338,tr bl - al gr
BD...59097,al gr - tr bl
BD...24703,al - tr gy
BD...30016,al bw - tr gy
BD...57579,al rw - bl pi
BD...57739,al rw - wh re
BD...57743,al gr - rw pi
BD...57745,pi al - ye gw
BD...57461,gw al - pi gr
BD...57661,rw al - bw gw
BD...57571,pi al - gr gw
BD...57574,yb bl - al re
BD...57460,al pi - rw rw
BD...57938,rw bl - al re
BD...57692,or ye - re al
BD...57462,al gr - wh pi
BD...57463,al gw - gw pi
BD...57597,bl al - ye wh
BD...30183,tr bl - al rw
BD...30183,tr bl - al rw
BD...57646,ye wh - rw al
BD...30068,al - tr pi
BD...30068,al - tr pi
BD...30068,al rw - tr pi
BD...30143,tr wh - ye al
BD...30143,tr wh - rw al
BD...30143,tr wh - ye al
BD...30039,al bw - tr gy
BD...30039,al bw - tr gy
BD...30038,al bl - tr pi
BD...30038,al bl - tr pi
BD...30096,al rw - tr bk
BD...30096,al rw - tr bk
BD...30401,al bw - tr gy
BD...30401,al bw - tr gy
BD...30402,al bw - tr gy
BD...30405,gr al - tr gr
BD...30405,gr al - tr gr
BD...30084,al rw - tr gr
BD...30084,yb al - tr gr
BD...57474,or wh - al rw
BD...30151,tr re - wh al
BD...30151,ye al - tr bl
BD...30151,tr re - wh al
BD...30151,ye al - tr bl
BD...30151,tr re - rw al
BD...30151,TR OR - WI AL
BD...30151,tr re - wh al
BD...30453,al bw - tr gy
BD...30453,al bw - tr gy
BD...30453,rw al - tr bl
BD...30453,ye al - tr bl
BD...30453,ye al - tr bl
BD...30453,ye al - tr bl
BD...57876,pi bl - yb al
BD...30338,tr pi - or al
BD...30338,tr re - or al
BD...30338,or al - tr re
BD...30338,tr pi - al rw
BD...71016,rw al - bw yb
BD...30003,al rw - tr gy
BD...30003,al rw - tr gy
BD...30003,al rw - tr gy
BD...30005,al ye - tr pi
BD...30005,al ye - tr pi
BD...30005,al rw - tr pi
BD...30008,al bw - tr gy
BD...57675,al pi - pi yb
BD...57677,yb al - gr bw
BD...30463,ye al - tr re
BD...30463,ye al - tr re
BD...57900,gw gw - bw al
BD...57827,yb al - bl yb
BD...57827,pi al - bl bw
BD...57967,gr al - wh pi
BD...57968,bl ye - al wh
BD...57970,gw or - ye al
BD...57971,gw al - or rw
BD...57973,yb al - bl yb
BD...57672,wh gr - re al
BD...57920,re wh - al gw
BD...57796,or ye - gw al
BD...30385,al or - tr gr
BD...30385,al or - tr gr
BD...29801,al rw - tr gy
BD...29801,al rw - tr gy
BD...57500,al bl - pi re
BD...57499,al rw - gr bl
BD...29314,al bw - tr gy
BD...29314,rw al - tr gy
BD...29314,al bw - tr gy
BD...29314,pi al - tr gy
BD...30957,al bw - tr gy
BD...30443,al bw - tr gy
BD...30035,tr gy - al bw
BD...30035,tr gy - al bw
BD...30067,tr bl - rw al
BD...30067,pi al - tr bk
BD...30067,rw al - tr bk
BD...30067,pi al - tr ye
BD...30067,pi al - tr ye
BD...30398,rw al - tr bk
BD...30415,al - rw
BD...30174,ye al - tr re
BD...30174,ye al - tr re
BD...54259,gr - al
BD...54259,al re - tr gy
BD...54259,gr - al
BD...54259,al rw - tr gy
BD...54259,tr gr - rw al
BD...54291,al rw - tr gr
BD...54291,al rw - tr gr
BD...54291,al - rw
BD...54291,al rw - tr gy
BD...54295,gr - al
BD...54858,al rw - tr bk
BD...54858,tr bk - al
BD...54270,tr bl - al rw
BD...54798,tr pi - pi al
BD...54798,tr pi - rw al
BD...54798,tr pi - pi al
BD...54798,tr pi - pi al
BD...54798,tr pi - rw al
BD...57966,wh bl - gw al
BD...54415,AL - TR BK
BD...54415,AL - TR BK
BD...54415,al - gr
BD...71073,pi gr - wh al
BD...54900,al - rw
BD...57643,al bl - bl or
BD...54781,al - gr
BD...30120,al rw - tr gr
BD...30120,al gr - tr gr
BD...30120,al rw - tr gr
BD...30120,al gr - tr gr
BD...30120,al gr - tr gr
BD...57886,gw ye - gw al
BD...30302,al pi - tr bk
BD...30303,al wh - tr gr
BD...30482,bl al - tr re
BD...30098,al wh - tr re
BD...30098,al - tr gy
BD...30757,al rw - tr gy
BD...29351,tr gy - al
BD...29351,tr gy - al rw
BD...29351,tr gy - al rw
BD...29351,tr gy - al
BD...29351,tr gy - al rw
BD...30961,bw al - tr gy
BD...29318,al rw - tr gy
BD...29318,al rw - tr gy
BD...29317,tr bl - rw al
BD...29317,tr bl - pi al
BD...29317,tr bl - pi al
BD...29317,tr bl - pi al
BD...57599,al re - rw bl
BD...30080,bw al - tr gy
BD...57905,al rw - gr rw
BD...30010,al - tr gy
BD...30492,al bw - tr gy
BD...30492,al bw - tr gy
BD...30492,al bw - tr gy
BD...30492,al rw - tr gy
BD...30492,al bw - tr gy
BD...29352,al - pi
BD...29352,re al - tr ye
BD...29352,re al - tr ye
BD...57590,rw gw - al or
BD...54459,tr bk - al rw
BD...54461,al - gr
BD...30105,tr gy - al bw
BD...30105,tr gy - al bw
BD...30105,tr gy - al rw
BD...30105,al bw - tr gy
BD...71068,gw bw - ye al
BD...30358,al bw - tr gy
BD...30358,al bw - tr gy
BD...30001,al bw - tr gy
BD...30353,al re - tr gr
BD...30317,al yb - tr ye
BD...30366,al re - tr ye
BD...30367,al or - tr bl
BD...29316,wh al - tr ye
BD...29316,wh al - tr gy
BD...29316,wh al - tr ye
BD...57464,gw or - gw al
BD...30474,al rw - tr gy
BD...30474,al bw - tr gy
BD...30474,al bw - tr gy
BD...54275,rw - al
BD...54277,tr wh - al
AU...64480,ye re - al bw
BD...57749,al ye - gr pi
BD...57751,al gw - gw rw
AU...64499,or re - gr al
BD...54254,gr - al
BD...57927,bl al - bw yb
BD...57459,al rw - bw re
BD...57458,pi bw - or al
BD...57882,rw gr - bw al
BD...57882,rw gr - gw al
BD...54790,tr gy - al bw
BD...57719,re al - bl pi
AU...64493,ye bl - al rw
BD...54886,rw gr - gw al
BD...54526,al - gr
BD...71070,gw ye - re al
BD...57941,bl al - gw or
BD...65300,re bl - al wb
BD...64026,al wh - ye bl
BD...64027,al wh - yb wh
BD...64029,al wh - pb wh
BD...64010,rw bl - wh al
BD...64013,al wh - pg pg
AU...91713,ye gr - al re
AU...91714,pi or - al yb
AU...91804,pi al - tr gy
AU...91804,pi al - yb wh
AU...91804,pi al - tr gr
BD...59209,re al - re bw
BD...59211,gw al - tr bl
BD...59211,gw al - gr gw
AU...91749,yb al - gw wh
BD...64697,ob al - re pg
BD...71079,al bl - re gr
BD...64347,al ob - pb ye
BD...64350,wh re - wh al
BD...64352,al bl - pb wh
BD...55788,wb bw - wh al
BD...55789,wh pb - wh al
BD...55790,al wh - yb pb
BD...55791,pg ye - wh al
BD...65058,yb wh - al wh
BD...65062,wb wb - wh al
BD...65064,wh al - wh wb
BD...56755,wh bw - wh al
BD...56765,al wh - re yb
BD...30795,pi - al
BD...64022,wh yb - wh al
BD...64465,pb wh - wh al
BD...64101,al ob - ye yb
BD...64467,ye pb - al bl
BD...64626,wh pg - wh al
BD...56773,pg yb - wh al
BD...64688,tr gy - al wh
BD...55698,ye wb - al wh
BD...56611,re pb - wh al
BD...64435,al wh - pg wb
BD...56522,ob al - re re
BD...56523,pg pg - wh al
BD...56525,pb wb - wh al
BD...56527,rw rw - wh al
BD...65234,wh al - pg yb
BD...65238,re bw - wh al
BD...65238,tr gy - al bw
BD...65239,al ob - wb bl
BD...56828,al wh - rw rw
BD...56606,pb bw - wh al
BD...64480,pg bl - wh al
BD...56663,pb re - al wh
BD...56665,pb pb - wh al
BD...64451,al wh - ye re
BD...64452,ye pg - wh al
BD...64456,wh al - pb yb
BD...64690,al wh - re wb
BD...65020,al wh - wh re
BD...65021,rw wb - wh al
BD...55776,al wh - bw wb
BD...56513,re ye - wh al
BD...65400,al wh - yb rw
BD...56479,rw pg - wh al
BD...65347,ye pg - al wh
BD...55792,wh al - yb pb
BD...55794,ob al - rw pb
BD...64122,pg wh - al wh
BD...56557,al wh - bw ye
BD...64616,wh al - re pb
BD...64618,yb ye - al wh
BD...56485,wh al - rw wh
BD...56495,al wh - wh pg
BD...64438,al wh - ye pb
BD...56432,al ob - pb rw
BD...56432,al rw - tr gr
BD...56433,pg wb - al wh
BD...56507,rw ye - wh al
BD...56508,wh al - re yb
BD...56510,al wh - bl rw
BD...64146,al wh - bl re
BD...56617,wh al - bw pg
BD...65029,al wh - bl bl
BD...65031,al wh - pb re
BD...65032,pg yb - al wh
BD...64597,wh al - wh ye
BD...64130,wh wh - al wh
BD...56801,al wh - pb rw
BD...64158,wh al - bl wh
BD...65251,ye wb - ob al
BD...65254,wh al - wh wh
BD...30966,al - tr gy
BD...30026,al rw - tr bk
BD...30026,al ye - tr bk
BD...30026,al ye - tr bk
BD...57150,al rw - tr gy
BD...57150,al rw - tr re
BD...57150,al or - tr re
BD...57150,al - wr
BD...70327,tr ye - al
BD...30907,pi al - tr pi
BD...30907,rw al - tr gr
BD...30917,pi al - tr gr
BD...64579,al wb - bl re
BD...64371,ob pg - ob al
BD...64372,yb yb - al wb
BD...65320,ob al - ye pb
BD...65322,al wh - pg pb
BD...65323,yb yb - wh al
BD...56999,al wb - bl wb
BD...65143,pg bw - ob al
BD...65150,al wb - wb wh
BD...65229,al wh - rw yb
BD...65231,al wh - wb yb
BD...65408,re bw - al wb
BD...65409,ye wb - wh al
BD...65412,wh al - bw re
BD...65129,ye ye - wh al
BD...56926,al wh - pg wh
BD...56840,ye yb - wh al
BD...56843,pb bl - ob al
BD...60314,tr gy - al
BD...29429,ye - al
BD...60244,tr gy - al
BD...60316,tr gy - al
BD...60200,tr gy - al
BD...60388,tr gy - al
BD...60699,tr gy - al
BD...60317,tr gy - al
AV...76648,or al - tr gy
AV...76648,OA - OT rg
AV...76648,OR AL - OR TR
AV...76648,al or - tr gy
BE...45100,wh - al
BD...26401,tr gy - al
BD...28797,or ye - gr al
BD...24584,wh or - gr al
BD...15847,bw al - wh bw
BD...24593,pi bl - gw al
BD...66117,bw wh - al yb
BD...66116,ye pi - gw al
BD...28677,or gw - yb al
BD...28678,bw re - al bl
BD...66182,or al - bl rw
BD...66206,bl gr - al pi
BD...28936,ye or - bl al
BD...28938,or wh - bl al
BD...28944,wh ye - pi al
BD...28699,rw ye - al yb
BD...28912,al bw - re wh
BD...28685,bw wh - al yb
BD...28933,wh re - bl al
BD...28935,gw pi - al ye
BD...66212,re bl - al yb
BD...28758,al bw - bl bl
BD...66175,or al - yb bl
BD...66101,bw re - al gr
BD...66213,al gw - bl rw
AU...96745,al wh - bl or
BD...66198,bl al - ye wh
BD...28760,bw bl - al re
BD...28617,yb al - bl pi
BD...28752,al pi - ye gw
BD...66128,or al - wh gr
BD...66018,pi bl - al ye
BD...28756,pi rw - gr al
BD...28755,or bw - al rw
BD...56567,al wh - bw ye
BD...56568,al bl - rw bl
BD...64454,wh al - bl ye
BD...55768,al wb - re wb
BD...56724,al wh - ye bw
BD...64792,yb al - bw bl
BD...64796,wh al - re bl
AU...91888,ye gw - al gr
BD...66231,yb al - yb rw
BD...66231,ob al - ob rw
BD...66232,bl al - rw rw
BD...66232,bl al - rw rw
BD...66233,yb al - bl bl
BD...66234,ye wh - bl al
BD...66234,ye wh - re al
BD...66235,al yb - pi pi
BD...66235,al yb - pi pi
BD...28761,gr yb - al gw
BD...28774,or or - wh al
BD...66031,bl bw - or al
AU...91684,gw yb - al bl
AU...91683,bl pi - al wh
AU...91683,bw pi - al wh
BD...24531,al rw - pi bl
BD...24183,wh al - rw bl
BD...59335,gr al - gw re
BD...24400,al gw - re wh
BD...59454,wh gr - or al
BD...59461,al gw - re ye
BD...24954,rw gw - al pi
BD...24957,gw al - or rw
BD...59950,al or - or rw
AU...91348,al pi - wh pi
BD...15749,al gr - gr ye
AU...91728,ye pi - al wh
BD...24820,gw bw - al yb
AU...91757,ye yb - wh al
BD...15748,ye or - ye al
AU...91542,ye al - pi bw
BD...59313,rw pi - re al
BD...24580,al yb - wh gw
AU...91797,bw bl - al gr
BD...24840,re re - re al
BD...24843,or al - gr ye
BD...24845,re al - re bw
BD...24846,bl gr - al pi
BD...24847,bw al - bl gw
BD...59611,al rw - gw or
BD...59314,gw yb - al pi
BD...59315,wh gw - al bl
AU...91796,al gr - re or
AU...91798,gr pi - al yb
BD...24072,al bl - re pi
BD...24105,al bl - tr gy
BD...24107,tr bl - al
BD...59771,al bl - ye bl
AU...91750,al or - gw gr
AU...91957,bw al - yb gr
AU...91955,al ye - yb pi
AU...91758,yb al - or bw
AU...91759,yb wh - al or
BD...24383,gr pi - al rw
BD...15868,gw bw - re al
BD...15869,al pi - or pi
BD...59397,wh al - ye ye
AU...89422,or al - wh pi
BD...59472,al ye - or pi
BD...59475,re or - al gr
BD...64273,wb al - pb ye
BD...65361,bl re - wh al
AU...76600,al wb - re bl
BD...56953,al wh - pb ye
BD...56703,wh al - ye re
BD...56706,bw yb - wh al
BD...24794,al pi - re yb
BD...24797,bw wh - bw al
BD...56888,al wb - pb wh
BD...56878,wh al - wh bl
BD...56887,wh al - wh yb
BD...56950,wb al - pb pb
BD...56949,wb al - ye pb
BD...56455,ye bl - wb al
BD...56462,al wh - re bl
BD...56877,wb al - re ye
AU...75999,wb al - bw ye
AU...75999,wb al - bw ye
AU...91799,al wh - ye rw
AU...91788,re gr - yb al
AU...91789,rw al - yb yb
BD...24581,pi al - yb rw
BD...24988,al yb - rw gw
BD...56562,bw pg - wh al
BD...56566,al wh - ye yb
AU...76599,wb rw - wb al
BD...64295,wh al - pg bl
BD...55722,bl bw - wh al
BD...65458,wh bw - wb al
BD...56572,wb al - ye ye
BD...59180,pi or - al wh
AU...91808,al ye - gr gr
BD...24182,al pi - wh or
BD...24181,al yb - ye bw
BD...59298,gw rw - gw al
BD...59299,or al - re ye
BD...24388,pi wh - al bl
BD...24393,bl gw - al pi
BD...15848,wh wh - al yb
BD...15848,wh wh - al yb
AU...91893,al gr - gw bw
BD...59026,al bw - gw gw
BD...59027,re yb - re al
BD...59617,al gw - wh re
BD...59144,pi wh - pi al
AU...91877,al re - bl bl
BD...24179,re al - wh re
AU...91790,bl ye - bl al
BD...24069,al ye - yb wh
AU...91930,bl gw - yb al
BD...12550,al bw - re wh
BD...24799,al rw - wh rw
BD...24996,or ye - rw al
AU...91800,bl al - ye or
BD...24658,tr bl - bl al
BD...24658,or wh - bl al
BD...15750,bw bl - rw al
BD...15900,re pi - re al
BD...24899,al gr - yb yb
BD...70496,al - gr
BD...12549,al gw - gw bw
BD...59297,al re - pi bw
BD...59678,al re - wh yb
BD...59740,yb bl - al wh
BD...59800,yb rw - al rw
BD...24536,bl al - or gr
AU...91884,re al - gw gr
AU...91885,bl re - wh al
BD...15800,al pi - pi pi
BD...70500,pi bl - al rw
BD...70500,pi bl - al rw
BD...24779,al rw - wh rw
AU...91777,al or - bl re
BD...24364,rw al - rw gr
AU...91767,al or - or bl
AU...91715,bl bl - rw al
AU...91810,al wh - bw rw
AU...91783,al rw - ye bl
BD...24252,al bw - wh ye
BD...59450,wh re - al gw
AU...91778,gr ye - pi al
BD...59187,al gr - re pi
BD...59186,gw or - yb al
BD...28762,re or - yb al
BD...28658,gr or - al gw
BD...15870,al bw - or gr
BD...15799,rw al - wh gw
AU...91500,gr pi - pi al
BD...28632,bw rw - al gw
BD...28633,al rw - yb gr
BD...24449,bl al - gr gw
BD...59201,al wh - bl or
BD...59205,gw al - or re
AU...91883,ye al - or gw
AU...91883,ye al - tr bl
AU...91883,ye al - tr bl
AU...91882,yb al - wh yb
BD...24367,pi re - bw al
AU...91787,rw gr - wh al
BD...24366,rw gr - al pi
AU...89466,al re - rw yb
BD...66038,re al - bl ye
BD...66041,ye al - re re
BD...59188,yb yb - bw al
BD...59628,pi rw - gr al
BD...59628,tr bl - gr al
BD...59697,wh gw - pi al
BD...59348,al yb - rw bl
BD...59349,yb gw - al ye
AU...91881,bw yb - al rw
BD...24397,al rw - ye or
BD...66224,yb al - wh rw
BD...66225,wh al - bl re
BD...66226,re al - bl re
BD...66227,yb yb - al pi
BD...66228,bl wh - ye al
BD...66229,rw al - bl pi
BD...66230,pi pi - al yb
BD...28775,pi bl - al or
BD...28776,ye or - al wh
AU...91878,al re - or gw
AU...91879,ye gr - gw al
AU...91499,or or - or al
AU...95209,rw yb - al yb
BD...24849,tr gy - bw al
BD...24849,gr pi - bw al
AU...91900,bw al - re gw
BD...59160,wh yb - al ye
BD...59350,al gr - yb rw
BD...59179,gw al - re bw
BD...24545,re rw - gr al
BD...15849,al or - wh gr
BD...15850,pi bw - gr al
BD...59312,gw al - or gw
BD...24368,gw bw - or al
BD...70084,ye gw - bw al
BD...59777,rw al - gr re
AU...91880,tr bl - al gw
AU...91880,re bw - al gw
BD...15866,gw al - re ye
BD...24872,or bl - al pi
AU...91349,ye or - al bl
AU...91887,wh or - al bl
BD...59292,yb bl - al gr
AU...91550,pi al - pi gr
BD...24133,yb al - bl wb
BD...24134,ye or - wh al
BD...24135,yb al - yb or
BD...24365,rw gr - al or
BD...24447,al ye - pi bl
BD...24396,pi rw - yb al
BD...24143,ye yb - al ye
BD...12548,rw or - al ye
AU...91350,gr al - or or
BD...24450,rw re - re al
BD...59374,al gr - gw wh
BD...15867,al re - rw bw
AU...91717,re ye - al or
BD...70470,bl bw - al bl
BD...70471,bw pi - bw al
BD...70485,rw gw - al yb
BD...62183,tr ye - gw al
BD...55908,wb al - re pb
BD...55922,bl ye - wh al
BD...57000,al wb - yb yb
BD...64770,pg bw - al wh
BD...64773,ye bw - wh al
BD...56591,al wh - bw yb
BD...56592,bw wh - al wh
BD...65299,wh rw - wb al
BF...81075,wb al - bw yb
BD...56896,wb al - wh ye
BD...65284,al wh - wh bw
V...848853,pb bw - wb al
BD...56898,bl yb - wh al
BD...55916,al wh - pb bw
BD...24660,al rw - tr gy
BD...24660,al rw - yb bl
BD...28769,yb ye - al ye
BD...66056,or gw - al re
BD...66132,al rw - bw gr
AU...91886,or bw - al bl
BD...66142,re al - re or
BD...66150,ye al - pi pi
BD...28764,bl or - or al
BD...66180,wh gw - pi al
BD...66192,re gr - gr al
BD...66192,gr al - re gr
BD...62221,al - gr
BD...62221,al rw - tr bk
BD...62221,al - gr
BD...66222,al re - wh yb
BD...62194,tr gy - al bw
BD...62194,tr gy - al bw
BD...62194,tr gy - al rw
BD...62194,tr gy - al bw
BD...62127,or - al
BD...62104,rw - al
BD...62112,bw al - tr gy
BD...62114,al - gr
BD...64272,al wb - wb wb
BD...75409,tr bk - al rw
BD...75409,tr bk - al re
BD...75409,tr bk - al re
BD...55846,yb al - bl bw
BD...56733,bw bw - wh al
BD...56735,bl wh - wh al
BD...56730,bw ye - wh al
BD...65394,re rw - wh al
BE...70587,yb pb - wb al
BD...64266,pb pb - ye al
BD...56442,al wb - rw re
BD...56448,al wh - bl ye
BD...55745,al yb - bl bl
BD...56451,re pg - al wh
BD...65431,pb re - wb al
BD...56667,al wb - pb yb
BD...65478,bl pg - wh al
BD...65466,wh al - yb bw
BD...64538,yb re - al wb
BD...65384,wh wh - al wb
BD...65383,al wb - yb wh
BD...65387,yb pg - wh al
BD...65391,al ob - bw rw
BD...64541,al wh - bw bw
BD...65091,wh al - rw yb
BD...55925,wh bl - wb al
BD...56910,al wh - ye ye
BD...56912,ob al - bw pb
BD...56913,wh al - re pg
BD...64525,yb re - al wh
BD...64862,bw re - wh al
BD...65420,al wb - bl wh
BD...64508,pg wb - wb al
BF...13164,wh re - wb al
BD...65088,yb yb - wb al
BD...55901,al wh - wh bl
BD...55902,bl bl - wh al
BD...55903,wh al - wh wh
BD...55905,re pb - al wh
BD...64662,yb pg - al wh
BD...55692,wb al - bl bl
BD...55694,bl pb - al wb
BD...55695,bl wb - al wb
BD...64430,wh al - yb pg
BD...66170,or al - bw yb
BD...28767,gw gr - al ye
BD...66131,al re - bl bl
BD...66179,ye yb - gw al
BD...66184,gr gw - gr al
BD...66141,pi bl - gw al
BD...65494,al wb - bw pg
BD...65495,ye pb - wh al
BD...65497,al wh - wb rw
BD...64589,al wh - yb yb
BD...64591,ob re - ob al
BD...65100,al wb - wb pb
BD...65192,wh al - wb pb
BD...65195,pg bw - wh al
BD...65137,ob al - rw bw
BD...56864,wh al - bw bl
BD...56868,al wh - pg yb
BD...56760,yb rw - al wh
BD...56763,ob al - ye wb
BD...56750,al wb - re wh
BD...56966,wb al - re wh
BD...56968,wh al - rw ye
BD...56637,yb bw - wh al
BD...65327,al wb - rw wh
BD...56830,ob al - re pb
BD...56833,wh rw - wh al
BD...56836,al wh - wb re
BD...64363,pb wb - al wh
BD...28796,re ye - al rw
BD...64191,pg pb - wh al
BD...64194,wb rw - al wb
BD...64194,wb rw - al wh
BD...64199,wh wb - wh al
BD...64032,wb al - bw bw
BD...64082,pg wh - wh al
BD...64298,yb pg - al wb
BD...64717,al wh - bl wh
BD...64209,wb wh - al wh
BD...64210,wh al - rw pb
BD...64212,wb re - al wh
BD...64396,ob al - pb re
BD...64312,ye bl - wh al
BD...64203,wh pb - al wh
BD...64207,rw yb - wh al
BD...64207,tr gr - wh al
BD...64187,wh al - pg wb
BD...64325,wb al - rw re
BD...64327,bl al - pb yb
BD...64329,wh yb - al wh
BD...64402,wb al - yb re
BD...64558,bw al - tr gy
BD...64560,al wh - rw wb
BD...64399,pg pb - al wh
BD...64386,re bl - wh al
BD...64388,pg rw - wh al
BD...55806,bw pb - al wb
BD...64413,wb al - bl rw
BD...56403,bl rw - wh al
BD...56407,yb bl - al wh
BD...64220,wh bl - al wh
BD...55805,bw ye - al wb
BD...55805,rw ye - al wb
BD...55801,ye ye - yb al
BD...55802,al ob - re bl
BD...55804,al wh - yb wb
BD...64493,pb pg - al ob
BD...64497,wh pg - al wh
BD...64498,al wh - yb re
BD...64498,al wh - ye re
BD...64039,wb al - ye yb
BD...64033,tr gy - wh al
BD...64035,re re - wh al
BD...64561,yb bw - al wh
BD...64562,wh al - rw wb
BD...64563,pb pb - al ob
BD...64564,wb wb - al wh
BD...64812,yb rw - al wb
BD...64823,wb al - rw yb
BD...64040,wb al - pg bw
BD...64201,al wh - ye wh
BD...64074,ob al - ye pg
BD...64726,re yb - al wh
BD...64727,wh re - ob al
BD...64733,al wh - re pg
BD...55819,wb al - bl bw
BD...55839,wb ye - wh al
BD...64333,al wh - re wh
BD...55738,al wh - rw pb
BD...55739,yb pb - wh al
BD...56957,wb al - pb wb
BD...56411,al wb - bl pb
BD...64833,wb al - bw wh
BD...56985,al wb - wb yb
BD...13926,tr wh - bl al
BD...13926,tr wh - al bl
BD...13926,tr wh - bl al
BD...56418,pb bl - al wb
BD...56402,ye pg - al wb
BD...65399,wb al - re re
BD...56935,wb al - bl yb
BD...65338,wb al - bl pg
BD...64457,wb al - ye pg
BD...56466,al wb - pg pb
BD...56401,ye bw - al wb
BD...64801,wh bw - al wh
BD...64802,al ob - ye rw
BD...64804,al wh - bl yb
BD...56742,al wb - re yb
BD...64171,al wb - pg wh
BD...64490,wb pg - al wb
BD...65487,bw yb - al wh
BD...56614,wb al - wh rw
BD...30501,al - yb
BD...30502,al - yb
BD...30503,yb - al
BD...30504,tr gy - al rw
BD...30504,al - yb
BD...30505,yb - al
BD...30506,al bw - tr gy
BD...30506,al - yb
BD...30251,yb - al
BD...30251,re al - tr gr
BD...30252,yb - al
BD...30253,yb - al
BD...30254,al bw - tr gy
BD...30254,al bw - tr gy
BD...30254,al bw - tr gy
BD...30254,yb - al
BD...30254,al rw - tr gy
BD...30255,tr gy - al bw
BD...30255,yb - al
BD...30255,tr gy - al bw
AU...35435,tr bl - al wh
AU...35435,tr bl - al wh
BD...30256,wh al - tr bk
BD...30256,wh al - tr bk
BD...30256,rw al - tr bk
BD...30256,yb - al
BD...64754,al wh - pg rw
BD...64756,ob al - ye yb
AU...76000,rw yb - al wb
BD...56545,re wh - wh al
BD...56549,pg re - wh al
BD...64170,al wb - ye bl
BD...56628,pb yb - wh al
BD...56629,al wh - wh pb
BD...55693,wb al - bw bl
BD...64461,wh al - wb wh
BD...64464,bw bl - wh al
BD...56420,al wh - ye pg
BD...56986,al wb - rw rw
BD...56987,yb ye - wh al
BD...56988,al wh - pb wh
BD...56990,wh al - bl pg
BD...56964,al ob - wb bw
BD...65270,al wh - bw re
BD...64873,al wh - pb bl
BD...30507,al - yb
BD...30509,al - yb
BD...30510,yb - al
BD...30511,al - yb
BD...30508,tr gy - al bw
BD...30508,yb - al
BD...65353,al wh - tr gy
BD...65354,pg rw - al wh
BD...65001,ye re - wh al
BD...65003,pg ye - al wh
BD...65004,al wh - bw wh
BD...65005,yb wh - al wh
BD...56787,ye re - al wh
BD...65164,wb bw - ob al
BD...64758,wh al - re wh
BD...64757,wh al - pg wh
BD...64647,pb re - al ob
BD...56934,wb al - wh pg
BD...65350,al wh - bw pb
BD...56498,wh al - pb wh
BD...56475,wh re - al wh
BD...65099,pg wh - al wb
BD...65242,rw wh - wh al
BD...65246,pg wb - wh al
BD...64421,pb bl - wh al
BD...64423,wb yb - al wh
BD...64424,al wb - wh yb
BD...64378,wb al - wh re
BD...64443,wh wb - al wh
BD...30512,tr gr - pi al
BD...30513,tr wh - or al
BD...30514,bl al - tr wh
BD...65177,pg re - al wh
BD...65181,al wh - ye wb
BD...64832,wb al - wh wb
BD...64228,al wh - rw pg
BD...64229,wh al - re ye
BD...64017,pg pg - wh al
BD...56743,al wb - re rw
BD...56516,al wh - re re
BD...56518,al wh - pb yb
BD...56467,wh pg - wb al
BD...56538,al wh - bw pg
BD...56542,al wh - rw re
BD...65149,wb al - bw re
BD...64604,al wh - pg re
BD...56945,wh al - wb ye
BD...64164,wh al - wb pb
BD...30257,al bw - tr gy
BD...30860,al pi - tr bl
BD...30861,bl al - tr gr
BD...30205,al bw - tr gy
BD...30991,al - pi
BD...54727,ye - al
BD...54809,gw - al
BD...64650,yb bl - wh al
BD...65220,wh al - yb wb
BD...65223,al wh - yb pg
BD...55833,wh al - tr gy
BD...64223,wh al - bw yb
BD...30258,ye al - tr pi
BD...30259,tr gy - al bw
BD...30259,tr gy - al bw
BD...30260,re al - tr re
BD...30260,re al - tr re
BD...30260,re al - tr re
BD...30261,tr bl - wh al
BD...30261,tr bl - wh al
BD...30262,re al - tr bl
BD...30262,re al - tr bl
BD...30263,tr gy - al bw
BD...30263,tr gy - al bw
BD...30264,al wh - tr ye
BD...30264,al wh - tr ye
BD...30862,al bw - tr gy
BD...30863,tr pi - ye al
BD...30863,tr pi - ye al
BD...30864,al rw - tr gy
BD...30864,al rw - tr ye
BD...30864,al rw - tr gy
BD...30864,al rw - tr gy
BD...30864,al ye - tr ye
BD...30864,al ye - tr ye
BD...30864,al ye - tr ye
BD...30516,tr bl - or al
BD...30516,tr bl - or al
BD...30517,tr gy - al bw
BD...30517,tr gy - al bw
BD...30518,tr wh - al re
BD...30518,tr wh - al re
BD...13820,gw yb - al yb
BD...30206,tr pi - re al
BD...30207,wh al - tr bl
BD...30208,al bw - tr gy
BD...30209,wh al - tr pi
BD...30209,wh al - tr pi
BD...30209,rw al - tr pi
BD...30210,al bw - tr gy
BD...30211,tr re - bl al
BD...30212,tr gy - al bw
BD...30213,pi al - tr bl
BD...59084,al rw - re pi
BD...59084,re pi - al rw
BD...70387,al yb - yb bw
BD...70388,ye al - yb gw
BD...59068,or re - al ye
BD...59069,al bw - bw bw
BD...59070,al ye - yb gw
AU...91650,pi pi - ye al
BD...70617,or gw - yb al
BD...24907,re al - wh wh
BD...24908,gr gw - al bl
AU...89423,al re - bw gw
AU...89424,pi al - gr bw
AU...89425,gr pi - gw al
AU...89425,tr bl - al
AU...89426,gw al - bl gw
BD...70602,al yb - yb re
BD...70604,or al - re bw
BD...70605,yb gw - bl al
BD...70607,pi al - rw bw
BD...70637,al pi - re gw
BD...70638,gr al - tr pi
BD...70638,gr al - tr pi
BD...70638,gr al - bl ye
BD...70639,rw bl - al gr
BD...70640,wh or - bl al
BD...70095,gr al - re gr
BD...70096,al yb - bw bl
BD...70097,al wh - rw or
BD...70097,wh al - or rw
AV...91800,al bl - or ye
BD...30520,tr gy - al bw
BD...30519,al bw - tr gy
BD...30521,al ye - tr wh
BD...30522,tr ye - al pi
BD...30523,al ye - tr gr
BD...30524,al re - tr wh
BD...30525,tr wh - al pi
BD...30526,tr gr - al pi
BD...30527,al bl - tr ye
BD...30528,tr gy - al bw
BD...30529,gr al - tr pi
BD...30530,al bl - tr wh
BD...30531,al bw - tr gy
BD...30532,al bl - tr gr
BD...30533,tr re - al
BD...30534,tr gy - al bw
BD...30535,tr bl - al or
BD...30536,tr ye - al gr
BD...30537,al bw - tr gy
BD...30537,al bw - tr gy
BD...30538,tr gy - al bw
BD...30540,tr pi - al pi
BD...30541,al bw - tr gy
BD...30542,tr gy - al bw
BD...30543,tr gy - al bw
BD...30544,al gr - tr gy
BD...30544,al gr - tr ye
BD...30544,al rw - tr gy
BD...30545,tr gy - rw al
BD...30545,tr gy - al bw
BD...30214,tr gy - al bw
BD...30546,al bw - tr gy
BD...30547,tr gy - al bw
BD...30548,al bw - tr gy
BD...30549,tr gy - al bw
BD...30550,al pi - tr ye
BD...28566,bl ye - al bl
BD...28566,al bl - bl ye
BD...30216,al bw - tr gy
BD...30217,or al - tr pi
BD...30218,tr gy - al bw
BD...30219,tr pi - bl al
BD...30220,al bw - tr gy
BD...30221,gr al - tr re
BD...30222,al bw - tr gy
BD...30223,tr wh - al wh
BD...30224,gr al - tr bl
BD...30215,tr bl - bl al
BD...30265,al bw - tr gy
BD...30865,re al - tr pi
BD...30271,al pi - tr wh
BD...30271,al wh - tr gy
BD...30272,al pi - tr gr
BD...30272,al pi - tr gr
BD...30273,tr gy - al bw
BD...30274,al bw - tr gy
BD...30275,tr pi - wh al
BD...30276,al or - tr pi
BD...30277,tr gy - al bw
BD...29730,gw or - re al
BD...59086,al bl - yb gw
BD...59085,al rw - re pi
BD...70391,wh al - gr or
BD...70390,rw al - bl pi
AU...89428,al rw - re gr
BD...59079,rw bw - al yb
BD...29731,re bl - re al
BD...29732,ye al - yb bw
BD...29733,gr al - ye rw
BD...29734,bw al - gr bw
BD...13794,al - rw
BD...29985,al - rw
BD...29986,al - rw
BD...29986,rw al - tr gy
BD...30937,al - rw
BD...54818,al - rw
BD...54831,al - rw
BD...30938,tr gy - rw al
BD...30938,rw - al
BD...54833,al - rw
BD...30887,tr ye - al re
BD...30887,tr ye - al re
BD...30887,tr gy - al rw
BD...30887,tr gy - al rw
BD...30888,tr wh - al bl
BD...30888,tr wh - al bl
BD...30886,tr gy - al bw
BD...30886,tr gy - al bw
BD...30278,bw al - tr gy
BD...30278,bw al - tr gy
BD...30225,tr wh - al gr
BD...30225,tr wh - al gr
BD...30225,tr wh - al rw
BD...30225,tr wh - al gr
BD...30225,tr wh - al rw
BD...70559,tr bl - al
BD...70566,tr bl - al
BD...29736,al - tr re
BD...70564,tr bl - al
BD...70561,tr bl - al
BD...70039,al - tr bl
NA,al - tr bl
AU...91629,AL - TR BK
BD...59076,al - tr re
BD...30871,al - tr gy
BD...70540,al - tr re
AU...91627,tr - al
AU...91627,tr re - al
AU...91623,AL - TR BK
BD...70522,tr gy - al
BD...70046,tr bl - al
AU...91632,tr re - al
AU...91613,al - tr gy
BD...70563,al - tr bl
BD...70515,tr bk - al
BD...70516,al - tr bl
BD...89247,ye bw - gr al
AU...91626,AL - TR BK
BD...70508,al - tr re
BD...70869,al - tr gr
BD...70661,tr gr - al
BD...89284,bw rw - al gr
BD...70958,tr ye - al
BD...70875,tr gr - al
BD...86860,tr gy - al
BD...70692,al - tr ye
BD...70990,al - tr pi
BD...89285,bw re - or al
BD...89293,re rw - re al
BD...70730,tr bk - al
BD...70691,tr gr - al
BD...70873,tr gr - al
BD...70873,tr gr - al
BD...89323,pi bw - pi al
BD...89308,bw bl - al yb
AU...88973,bw pi - re al
AU...88970,gw bw - al ye
BD...70693,rw al - tr bk
BD...70693,AL - TR BK
BD...86458,gr wh - bw al
BD...86138,al rw - tr gy
BD...86401,al - tr bl
BD...86648,al - tr bl
BD...86648,al - tr bl
BD...89350,wh bw - al bl
BD...86649,tr bl - al
BD...86135,tr bl - al
BD...89341,bw or - al ye
BD...89513,bl yb - yb al
BD...71151,yb or - bl al
BD...83411,tr gy - al pi
BD...83411,tr gy - al rw
BD...83412,al pi - tr gy
BD...83412,al rw - tr gy
BD...83413,tr gy - al rw
BD...83413,al - rw
BD...83413,tr gy - al rw
BD...83413,tr gy - al pi
BD...71158,bw al - or yb
BD...71159,pi al - gr bw
BD...70339,ye wh - bl al
BD...70339,gr wh - al wh
BD...70329,gr wh - al wh
BD...70329,ye al - re gw
BD...70555,wh pi - al gw
BD...70555,tr gy - al gw
BD...70557,tr bl - al
BD...30881,re gw - pi al
BD...30881,tr bl - pi al
BD...70616,ye al - gr gw
AU...91630,tr re - al
BD...70400,gr bw - gr al
BD...30880,wh wh - bw al
BD...30880,tr bl - bw al
BD...70348,al ye - bw gw
BD...70347,bw re - al bl
BD...70048,bl wh - al ye
BD...70047,al bl - gw gr
BD...64904,ye rw - ob al
BD...64907,pb re - ob al
BD...64924,al bl - ye rw
BD...64928,rw bw - al ob
BD...70879,tr bl - al gw
BD...70879,bl re - al gw
BD...70724,bw al - yb re
BD...70584,al bl - pi yb
BD...70547,or bw - al rw
BD...70547,tr bk - al rw
BD...86858,al wh - wh wh
BD...86855,al rw - pi yb
BD...70690,al bw - or bl
BD...64930,re re - al ob
BD...64932,al ob - rw yb
BD...64934,rw bl - al ob
BD...64935,al ob - pb bw
BD...64937,al ob - ob pg
BD...54741,al - gr
BD...54739,al - gr
BD...54740,al - gr
BD...89151,tr gr - al pi
BD...54742,tr bk - al pi
BD...54742,tr bk - al rw
BD...54742,gr - al
BD...54742,tr bk - al pi
BD...54743,al bw - tr gy
BD...54743,al - gr
BD...89255,ye al - yb bl
BD...89319,al or - wh gr
BD...54744,rw al - tr gy
BD...54744,rw al - tr gy
BD...54744,al - gr
BD...54745,al - gr
AU...88968,bl or - al re
BD...89128,al - tr gr
BD...89193,tr bl - al
BD...89193,tr bl - al rw
BD...89086,ye or - al wh
BD...64942,al ob - re wh
BD...64946,pb wb - ob al
BD...64949,re bw - al ob
BD...64952,tr gy - ob al
BD...84014,al ob - ye pg
BD...84014,al ob - ye pb
BD...64955,ob al - re wh
BD...64960,bl al - bl bl
BD...84008,ob al - ob bw
BD...84001,wb pg - wh al
BD...54746,gr - al
BD...54747,al - gr
BD...54748,al - tr gy
BD...54748,al - gr
BD...54748,rw al - tr gy
BD...84004,ye pg - ob al
BD...83527,al - gr
BD...54750,al - gr
BD...83526,al - gr
BD...83526,al - gr
BD...83526,rw al - tr bk
BD...83526,rw al - tr bk
BD...54749,al - gr
BD...70951,or gw - al yb
BD...70951,tr bl - al yb
BD...70684,al pi - bw ye
BD...70685,al - tr bl
BD...70686,al - tr bl
BD...70598,ye gw - al bl
BD...83532,gr - al
BD...83528,gr - al
BD...83531,gr - al
BD...83530,al - gr
BD...83517,al - tr gy
BD...83502,al - gw
BD...83502,tr gy - al
BD...71183,pi bl - al gr
BD...86830,al bw - tr bk
BD...86830,al bw - pi wh
BD...86830,al bw - tr bl
BD...86833,al bl - bl gr
BD...86833,al bl - bl gr
BD...86834,yb gr - al pi
BD...86837,tr bl - al
BD...86838,al bl - bw yb
BD...86808,ye pi - ye al
BD...86809,bl ye - pi al
BD...86620,al rw - rw ye
BD...65731,wh al - ye bl
BD...65724,al wh - bw bl
BD...65730,ob al - bl ob
BD...65686,wh al - bl bl
BD...65687,al ob - bw bl
BD...65671,ob al - bl pg
BD...65672,bl ye - ob al
BD...65673,al ob - bw ye
BD...65675,al ob - bl pg
BD...83877,rw al - tr gy
BD...70599,rw bl - al or
BD...84026,rw rw - al ob
BD...84037,pg wh - al ob
BD...84020,ob al - rw ye
BD...84017,wb re - wh al
BD...55933,al wh - wh wb
BD...71610,al bl - re pi
BD...71429,re bl - al ye
BD...85186,ob al - tr gy
BD...85101,al wh - rw wh
BD...71131,re re - gr al
BD...86650,bw yb - pi al
BD...70615,al ye - bl or
BD...70615,al ye - tr bl
BD...88140,or or - al bw
BD...88518,al re - gr or
BD...30672,tr gy - al rw
BD...30672,tr gy - al pi
BD...30675,tr gy - al pi
BD...30675,tr gy - al rw
BD...30678,tr gy - al pi
BD...83049,al rw - tr gy
BD...83049,al pi - tr gy
BD...83048,al rw - tr gy
BD...83048,al rw - tr gy
BD...83048,al pi - tr gy
BD...30673,tr gy - al pi
BD...30673,tr gy - al rw
BD...83185,tr gy - al rw
BD...83185,tr gy - al pi
BD...83182,tr gy - al rw
BD...83182,tr gy - al pi
BD...30230,tr gy - al pi
BD...30230,tr gy - al rw
BD...83139,tr gy - al pi
BD...83139,tr gy - al rw
BD...83169,tr gy - al rw
BD...83169,tr gy - al pi
BD...30693,tr gy - al rw
BD...30693,tr gy - al pi
BD...30693,tr gy - al rw
BD...30695,tr gy - al rw
BD...30695,tr gy - al rw
BD...83375,al rw - tr gy
BD...83375,al pi - tr gy
BD...83374,al pi - tr gy
BD...83374,al rw - tr gy
BD...83354,tr gy - al pi
BD...83354,al - rw
BD...83354,tr gy - al rw
BD...83354,tr gy - al rw
BD...83191,tr gy - al rw
BD...83191,tr gy - al pi
BD...83186,tr gy - al pi
BD...83186,tr gy - al rw
BD...83183,tr gy - al pi
BD...83183,tr gy - al rw
BD...70141,rw gw - rw al
BD...83368,tr gy - al rw
BD...83368,tr gy - al pi
BD...70663,wh al - bl re
BD...70663,wh al - bl re
BD...83380,tr gy - al rw
BD...83380,tr gy - al pi
BD...30750,al pi - tr gy
BD...30750,al rw - tr gy
BD...30747,al rw - tr gy
BD...30747,al pi - tr gy
BD...83170,tr gy - al rw
BD...83170,tr gy - al pi
BD...83165,tr gr - al pi
BD...83165,tr gr - al rw
BD...83165,tr gy - al pi
BD...86642,pi bw - al pi
BD...83040,al rw - tr gy
BD...83040,al pi - tr gy
BD...83043,tr gy - al rw
BD...83043,tr gy - al rw
BD...83043,tr gy - al pi
BD...83144,al rw - tr gy
BD...83144,al pi - tr gy
BD...83102,tr gy - al pi
BD...83102,tr gy - al rw
BD...83715,al pi - tr gy
BD...83715,al rw - tr gy
BD...83371,al pi - tr gy
BD...83371,al rw - tr gy
BD...83357,tr gy - al rw
BD...83357,tr gy - al pi
BD...83372,tr gy - al rw
BD...83372,tr gy - al pi
BD...83372,tr gy - al bw
BD...83027,al rw - tr gy
BD...83027,al rw - tr gy
BD...83027,al pi - tr gy
BD...83027,al - rw
BD...83027,al rw - tr gy
BD...83028,al pi - tr gy
BD...83028,al rw - tr gy
BD...83023,tr gy - al rw
BD...83023,tr gy - al pi
BD...83023,tr gy - al rw
BD...71201,wh al - wh bw
BD...71208,rw bl - al gr
BD...30746,al rw - tr gy
BD...30746,al pi - tr gy
BD...30746,al - rw
BD...30745,al pi - tr gy
BD...30745,al rw - tr gy
BD...30749,al pi - tr gy
BD...30749,al rw - tr gy
BD...83306,al pi - tr gy
BD...83306,al rw - tr gy
BD...86998,al ye - pi wh
BD...83026,tr gy - al pi
BD...83004,rw al - tr wh
BD...83044,tr gy - al pi
BD...83035,al pi - tr gy
BD...83035,al rw - tr gy
BD...83107,al rw - tr gy
BD...83107,al pi - tr gy
BD...83107,al rw - tr gy
BD...83103,al rw - tr gy
BD...83103,al pi - tr gy
BD...83108,al rw - tr gy
BD...83108,al pi - tr gy
BD...83104,tr gy - al rw
BD...83104,al - rw
BD...83104,tr gy - al pi
BD...83037,al rw - tr gy
BD...83037,al rw - tr gy
BD...83037,al pi - tr gy
BD...83106,al rw - tr gy
BD...83106,al pi - tr gy
BD...83106,tr gy - al wh
BD...83106,tr gy - al rw
BD...71395,gw al - rw or
BD...71400,bw yb - al yb
BD...86996,al gr - tr re
BD...86996,al gr - gw rw
BD...86997,ye bl - al wh
BD...86997,tr bl - al wh
BD...86997,tr gr - al wh
AU...91644,rw wh - gw al
BD...70847,al ye - pi gr
BD...58308,bl or - bl al
BD...83348,tr gy - al bw
BD...83348,tr gy - al bw
BD...83348,tr gy - al rw
BD...83349,tr gy - al bw
BD...25149,bl al - ye re
V...908372,bw wb - wh al
BD...84941,al wh - re bw
BD...30282,tr gy - al bw
BD...30280,al bw - tr gy
BD...30281,tr re - yb al
BD...30226,al bw - tr gy
BD...83312,al bw - tr bk
BD...84896,al wh - bl bw
BD...46594,bw pb - wh al
BD...83310,al bw - tr gy
BD...83309,tr gy - al bw
BD...83317,al bw - tr gy
BD...83316,al bw - tr gy
BD...83319,yb al - tr bl
BD...83311,al bw - tr gy
BD...83313,tr gy - al bw
BD...83314,gw al - tr pi
BD...83314,gw al - tr pi
BD...83314,al rw - tr pi
BD...30889,rw al - tr gy
BD...30889,al bw - tr gy
BD...30889,al bw - tr gy
BD...83318,al rw - tr gy
BD...83318,al bw - tr gy
BD...83318,al bw - tr gy
BD...83635,al rw - tr gy
BD...83635,al rw - tr gy
BD...83635,al bw - tr gy
BD...30268,bl al - tr pi
BD...83752,al pi - tr gy
BD...83752,al rw - tr gy
BD...30899,al bw - tr gy
BD...83900,al - gr
BD...83900,al rw - tr gy
BD...83900,al - gr
BD...83849,al rw - tr bk
BD...83849,al rw - tr bl
BD...83849,al rw - tr bk
BD...83849,al - gr
BD...83849,al - gr
BD...65867,bl pb - al ob
BD...65868,bw bw - al ob
BD...85448,al wh - wb bw
BD...83550,al - gr
BD...83548,al - gr
BD...71223,al re - gr rw
BD...71190,bl gr - rw al
BD...71625,al gw - gw or
BD...71627,al bl - rw wh
BD...71629,bw al - yb gw
BD...71535,bw al - bl gr
BD...71539,al gr - bw yb
BD...71295,gr ye - al bl
BD...71475,bw gr - al bw
BD...71477,gr pi - gw al
BD...71566,ye al - bw yb
BD...71571,or pi - al yb
BD...71179,bl gr - re al
BD...57465,bw ye - al bw
BD...71298,al gw - gr or
BD...71291,gr al - or ye
BD...71814,bl gr - al yb
BD...71491,gw re - al or
BD...71493,al gr - gw bw
BD...71106,al gw - rw rw
BD...71181,yb yb - al pi
BD...71424,re al - wh wh
BD...71150,bw al - gw bl
BD...71582,wh gw - al ye
BD...71297,bl wh - ye al
BD...71296,pi rw - bw al
BD...71573,ye pi - al gw
BD...30227,rw - al
BD...30227,al rw - tr gy
BD...30890,gw al - tr bk
BD...30890,rw al - tr bk
BD...30890,gw al - tr bk
BD...30229,al bw - tr gy
BD...30267,tr gy - al bw
BD...30266,tr pi - al rw
BD...30266,tr pi - gr al
BD...30266,tr pi - al rw
BD...30266,tr pi - or al
BD...71186,al bw - rw rw
BD...71551,al gr - yb bw
BD...83315,al bw - tr gy
BD...71635,yb re - or al
BD...71180,bw gw - al or
BD...71458,re al - gr wh
BD...71467,gw wh - al or
BD...71534,al gr - bw bw
BD...30891,al bw - tr gy
BD...30891,al rw - tr gy
BD...30891,al bw - tr gy
BD...71122,al re - gr bw
BD...71519,re al - bl gr
BD...71523,bw al - pi ye
BD...71524,ye yb - al ye
BD...71525,gw al - ye yb
BD...71719,gw ye - al ye
BD...71119,ye gr - yb al
BD...71121,pi al - wh or
BD...71260,al bw - gr rw
BD...86350,al bl - yb gw
BD...86350,al bl - yb gw
BD...70129,pi bl - gw al
BD...70350,ye or - al gr
BD...70620,al wh - bw pi
BD...70630,bl al - rw ye
BD...71700,al yb - rw or
BD...71171,bw al - rw bl
BD...71308,wh ye - al rw
BD...71311,al gw - bw yb
BD...71670,gw ye - re al
BD...71671,yb rw - al gr
BD...71673,ye re - bl al
BD...71676,al wh - ye bl
BD...71235,or al - gr re
BD...70850,gr gw - gr al
BD...71691,bw bw - rw al
BD...70799,al yb - yb bl
BD...70800,rw pi - al re
BD...71178,or al - pi gw
BD...71327,pi al - gr pi
BD...71328,bl rw - al gw
BD...86869,ye wh - pi al
BD...86870,al re - rw re
BD...86074,yb gw - al wh
BD...86854,yb gr - rw al
BD...86852,yb al - bl ye
BD...71372,rw al - or gw
BD...71578,yb al - yb rw
BD...30567,rw al - tr gy
BD...30567,pg al - tr gy
BD...30593,al pg - tr gy
BD...30593,al rw - tr gy
BD...30564,pg al - tr gy
BD...30564,rw al - tr gy
BD...30565,pg al - tr gy
BD...30573,rw al - tr gy
BD...30573,pg al - tr gy
BD...30598,al rw - tr ye
BD...83420,al bw - tr gy
BD...83420,al bw - tr gy
BD...83420,al rw - tr gy
BD...30943,al rw - tr gy
BD...30943,al pg - tr gy
BD...54848,al pg - tr gy
BD...54848,al pg - tr gy
BD...54848,al rw - tr gy
BD...30232,al bw - tr gy
BD...30232,al bw - tr gy
BD...30232,al rw - tr gy
BD...30631,bw al - tr gy
BD...30631,al rw - tr gy
BD...30631,bw al - tr gy
BD...30631,al rw - tr gy
BD...83076,al rw - tr gy
BD...83076,bw al - tr gy
BD...83076,al rw - tr gy
BD...83076,bw al - tr gy
BD...83075,tr gr - bl al
BD...83075,tr gr - bl al
BD...83075,tr gr - rw al
BD...70594,al wh - rw yb
BD...70595,bw yb - bl al
AU...91638,al re - wh gw
BD...83750,al - gr
BD...83749,al - gr
BD...30940,al re - tr bk
BD...30940,bw al - tr gy
BD...30228,bw al - tr gy
BD...83263,al wr - tr
BD...83263,al rw - tr gy
BD...83263,al pi - tr gy
BD...83267,al rw - tr gy
BD...83267,al pi - tr gy
BD...83267,al rw - tr gy
BD...66278,ye al - or or
BD...66648,yb al - bl gr
BD...66652,pb or - al re
BD...66303,re al - wh bl
BD...66301,pi re - yb al
BD...66727,al or - ye bl
BD...66727,al or - yb wh
BD...66649,ye wh - pg al
BD...66312,or rw - bl al
BD...66549,ye al - wh or
BD...66691,yb al - or ye
BD...86802,bw gr - al gr
BD...86802,bw gr - al or
BD...24857,bw al - gw bw
BD...70744,gw ye - al ye
BD...66308,wh al - re re
BD...66262,yb al - gw ye
BD...66697,yb al - bw pi
BD...66698,re al - yb wh
BD...66724,wh al - ye pi
BD...66324,re ye - al or
BD...66324,re ye - or al
BD...66325,yb al - pi re
BD...66306,rw al - pi bl
BD...66808,re ye - or al
BD...66813,yb al - gw yb
BD...66453,or al - re or
BD...66457,al wh - rw or
BD...66459,al wh - rw or
BD...66459,bw al - bw ye
BD...66496,ye wh - or al
BD...66408,bw yb - rw al
BD...66310,ye al - bl yb
BD...66495,bw al - bw ye
BD...92073,tr gy - gw al
BD...92073,rw al - tr gy
BD...92073,gw al - tr gy
BD...70550,tr gy - ye al
BD...88108,gr al - tr bl
BD...88108,gr al - gw gr
BD...88101,gw ye - al gw
BD...88114,al gr - tr bl
BD...88114,al gr - rw wh
BD...66397,bw al - re or
BD...66598,re yb - al bl
BD...66726,al gr - yb rw
BD...66339,ye al - bw ye
BD...66340,pi al - or pi
BD...66341,ye al - or pi
BD...28765,bl gr - al bw
BD...66342,pi ye - al pi
BD...66343,ye al - pi re
BD...66344,re wh - or al
BD...66345,ye al - ye bw
BD...66346,bw ye - bw al
BD...66347,wh or - al pi
BD...66348,ye al - re wh
BD...84610,al yb - bl bw
BD...85449,bw wh - wh al
BD...85574,bw re - al ob
BH...39788,al wh - rw bw
BD...70600,bl rw - al or
BD...88969,al gr - gw rw
BD...70900,bw al - tr pi
BD...70900,bw al - bl wh
BD...86823,tr bl - bw al
BD...86823,gr re - bw al
BD...86828,al - tr bl
BD...24912,bw ye - gw al
BD...70549,al rw - rw re
BD...70150,yb bw - al gw
BD...70149,al bw - tr bl
BD...70149,al bw - gr or
BD...86849,al wh - pi wh
BD...86850,re al - bl re
BD...70664,bw gw - al yb
BD...86553,gr ye - gw al
BD...86553,tr bl - gw al
BD...70167,pi ye - gr al
BD...83272,al rw - tr gy
BD...83272,al rw - tr gy
BD...83272,al pi - tr gy
BD...83276,rw al - tr gy
BD...83276,rw - al
BD...83276,pi al - tr gy
BD...83276,wr al - tr
BD...70190,or gr - bl al
BD...70190,or gr - bl al
BD...70181,ye bw - bw al
BD...70183,gw rw - al gw
BD...70188,al ye - pi wh
BD...86948,al gw - bw ye
BD...83299,tr bl - rw al
BD...83299,tr bl - pi al
BD...70597,gw rw - re al
BD...70845,pi al - tr bl
BD...30629,al ye - tr bk
BD...30740,bw al - tr gy
BD...70701,yb al - re wh
AU...91636,al yb - wh wh
AU...91635,bl rw - al gw
BD...86305,tr bl - al
BD...70191,al wh - wh ye
AU...91604,gw al - bl gw
AU...91604,gw al - tr bl
AU...91607,ye or - bw al
AU...91607,tr gy - bw al
AU...91608,al gw - wh ye
BD...70603,or al - tr bl
BD...70603,or al - re bw
BD...83915,pi - al
BD...83072,tr gy - al
BD...83268,bw al - tr gy
BD...30939,al rw - tr gr
BD...30939,al bw - tr gy
BD...30939,al bw - tr gy
BD...30939,al rw - tr gy
BD...30939,al bw - tr gy
BD...83261,pi al - tr gy
BD...83261,al rw - tr gy
BD...30630,bw al - tr gy
BD...88126,gw gr - al ye
BD...88128,al wh - yb bw
BD...88130,re al - yb gr
BD...88133,wh ye - al ye
BD...70757,al bw - gr or
BD...70140,wh al - tr bk
BD...70140,wh al - bl pi
BD...70576,gr al - bw gr
BD...70577,tr bl - al
BD...70578,gr gw - bl al
BD...70580,rw wh - pi al
BD...30231,tr gy - al bw
BD...86768,ye gw - or al
BD...70745,al ye - rw pi
BD...70770,pi al - or gr
BD...88135,bw ye - al gr
BD...65997,wh al - ye yb
BD...65977,ob al - rw re
BD...24911,gw al - gr wh
BD...65792,al bl - wh ye
BD...65793,pg wb - ob al
BD...84059,wh al - ye wh
BD...65777,pg wh - ob al
BD...65778,bl ye - al bl
BH...39214,re re - al wh
BD...86541,wh al - bl re
BD...86542,ye rw - wh al
BD...70608,al gr - tr gy
BD...70050,al wh - re yb
BD...59078,al rw - re yb
BD...70994,al wh - ye bw
BD...70960,bl re - al ye
BD...70700,gw wh - yb al
BD...86263,gr pi - al or
BD...86994,yb pi - bw al
BD...86995,al rw - gw gr
BD...88550,tr bk - al
BD...88550,wh yb - al wh
BD...30883,or pi - re al
BD...84926,al wh - pg bw
BD...86868,bl gw - al or
BD...85467,al ob - bl ye
BH...39563,bw rw - wh al
BD...84945,bw rw - al ob
BD...86949,bw or - gr al
BD...86949,bw or - gr al
BD...30941,bw al - tr gy
BD...30941,al rw - tr gy
BD...30941,al rw - tr gy
BD...70148,rw al - gw or
BD...59358,wh bw - rw al
BD...83209,al rw - tr gy
BD...83209,al pg - tr gy
BD...86747,ye al - bw gr
BD...83208,al rw - tr pi
BD...83202,tr bl - rw al
BD...83202,al rw - tr bl
BD...83262,al rw - tr gy
BD...83262,al rw - tr gy
BD...83266,al pi - tr gy
BD...83266,al rw - tr gy
BD...54843,pg al - tr gy
BD...54843,rw al - tr gy
BD...30942,al rw - tr gy
BD...30942,al pg - tr gy
BD...83254,al rw - tr gy
BD...83254,al rw - tr gy
BD...83254,al pg - tr gy
BD...54849,al pg - tr gy
BD...54849,al rw - tr gy
BD...54850,al pg - tr gy
BD...54850,al rw - tr gy
BD...54850,al rw - tr gy
BD...30641,rw al - tr gy
BD...30641,al pg - tr gy
BD...30639,al rw - tr gy
BD...30639,al pg - tr gy
BD...30637,rw al - tr gy
BD...30637,al pg - tr gy
BD...30591,al rw - tr gy
BD...30591,al pg - tr gy
BD...30596,al pg - tr gy
BD...30596,al rw - tr gy
BD...30570,rw al - tr gy
BD...30572,al rw - tr gy
BD...30572,al pg - tr gy
BD...30592,al pg - tr gy
BD...30592,al rw - tr gy
BD...30592,al pi - tr gy
BD...30594,al rw - tr gy
BD...30594,al pg - tr gy
BD...30720,al pg - tr gy
BD...30588,rw al - tr gy
BD...30588,pg al - tr gy
BD...30588,rw al - tr gy
BD...30590,pg al - tr gy
BD...30590,rw al - tr gy
BD...30590,rw al - tr bk
BD...30586,pg al - tr gy
BD...30586,pg al - tr gy
BD...30586,rw al - tr gy
BD...30585,rw al - tr gy
BD...30585,rw al - tr gy
BD...30585,pg al - tr gy
BD...30585,rw - al
BD...30707,al rw - tr gy
BD...30707,al rw - tr gy
BD...30707,pg al - tr gy
BD...30728,pg al - tr gy
BD...30728,rw al - tr gy
BD...30724,rw al - tr gy
BD...30724,pg al - tr gy
BD...30724,al - rw
BD...30725,rw al - tr gy
BD...30725,pg al - tr gy
BD...30726,rw al - tr gy
BD...30726,pg al - tr gy
BD...30711,al rw - tr gy
BD...30711,al pg - tr gy
BD...30709,al pg - tr gy
BD...30709,rw al - tr gy
BD...30577,rw al - tr gy
BD...30577,pg al - tr gy
BD...30580,pg al - tr gy
BD...30580,rw al - tr gy
BD...30580,rw al - tr gy
BD...30730,al rw - tr gy
BD...30730,al pg - tr gy
BD...30733,al rw - tr bk
BD...30733,al pg - tr bk
BD...83111,al - rw
BD...83111,tr gy - al rw
BD...83111,tr gy - al pg
BD...83111,tr gy - al rw
BD...83112,al rw - tr gy
BD...83112,al pg - tr gy
BD...83114,tr gy - al rw
BD...83114,tr gy - al pg
BD...83128,tr gy - pg al
BD...83128,tr gy - rw al
BD...83130,rw al - tr gy
BD...83130,al - rw
BD...83130,pg al - tr gy
BD...83113,al rw - tr gy
BD...83113,al pg - tr gy
BD...83126,tr gy - rw al
BD...83126,tr gy - rw al
BD...83126,tr gy - pg al
BD...83124,tr - pg al
BD...83136,tr gy - pg al
BD...83136,tr gy - rw al
BD...83136,tr gy - pg al
BD...83136,al - rw
BD...83136,tr gy - rw al
BD...83134,tr gy - rw al
BD...83134,tr gy - rw al
BD...83134,tr gy - pg al
BD...83134,tr gy - al rw
BD...83117,rw al - tr gy
BD...83117,pg al - tr gy
BD...83117,rw al - tr gy
BD...83117,al - rw
BD...83118,al rw - tr gy
BD...83138,rw al - tr bk
BD...83138,rw al - tr gy
BD...83138,rw al - tr bl
BD...83138,pg al - tr gy
BD...29997,pg al - tr gy
BD...29997,pg al - tr gy
BD...84252,pb ye - al ob
BD...84253,ob al - bw bw
BD...84884,bl ye - al wh
BD...84883,bl bw - al wh
BD...24974,gw al - bw bw
BD...70596,gr bl - yb al
BD...86871,al or - or gr
BD...66302,yb al - bw pi
BD...28823,pi gw - ye al
BD...28754,gw or - al wh
BD...66305,or pi - yb al
BD...66305,yb al - or pi
BD...28766,ye or - al yb
BD...86698,wh al - gw bl
BD...88950,pi gw - al gw
BD...86746,re al - tr gy
BD...70172,al yb - ye bl
BD...70158,tr bl - al yb
BD...70158,re bl - al yb
BD...30882,al bl - tr bl
BD...30882,al bl - yb bl
BD...70548,ye wh - al or
BD...70722,ye al - gw bl
BD...86801,al re - wh rw
BD...86856,gr al - wh gw
BD...86857,yb gr - rw al
V...929168,gr pb - pg al
BD...86561,bw wh - al pi
BD...86562,gw wh - bw al
BD...84863,al wh - yb bl
BD...70749,wh al - wh pg
BD...86485,gr wh - bw al
BD...86485,gr wh - bw al
BD...86490,yb al - re rw
BD...70849,bw gr - bl al
BD...70848,al gr - pi or
BD...24970,al yb - yb pi
BD...24970,al yb - yb pi
BD...88699,bl al - wh gw
BD...86901,wh gr - al bl
BD...86950,al re - re gr
BD...92487,tr gy - rw al
BD...92490,al rw - tr gy
BD...92490,tr gy - al rw
BD...92490,al - tr gy
BD...92490,tr gy - al rw
BD...92490,tr gy - al rw
BD...92491,tr bk - al rw
BD...92403,al - tr gy
BD...92406,al - tr gy
BD...83742,bl wb - al ob
BD...83742,bl wh - al ob
BD...30612,al pg - tr gy
BD...30612,al pg - tr gy
BD...30612,al rw - tr gy
BD...30609,rw al - tr gy
BD...30609,pg al - tr gy
BD...30606,al rw - tr gy
BD...30606,al rw - tr gy
BD...30606,al pg - tr gy
BD...30560,rw al - tr gy
BD...30560,pg al - tr gy
BD...30559,al rw - tr gy
BD...30559,al pg - tr gy
BD...30559,al rw - tr gy
BD...30647,al rw - tr gy
BD...30647,al rw - tr gy
BD...30633,al pg - tr gy
BD...30649,al pg - tr gy
BD...30649,al rw - tr gy
BD...30649,al rw - tr gy
BD...30632,al rw - tr gy
BD...30632,al rw - tr gy
BD...30632,al pg - tr gy
BD...30632,al rw - tr gy
BD...30650,al pg - tr gy
BD...30650,al rw - tr gy
BD...30650,al pg - tr gy
BD...30650,al rw - tr gy
BD...30644,al pg - tr gy
BD...30644,al rw - tr gy
BD...30648,al rw - tr gy
BD...30648,al rw - tr bk
BD...30648,al pg - tr gy
BD...30642,al rw - tr gy
BD...30642,al pg - tr gy
BD...92475,tr pi - rw al
BD...92475,tr pi - bw al
BD...92415,rw al - tr gy
BD...92415,al - tr gy
BD...84881,al re - pi gr
BD...84857,bl ye - al ob
BD...83077,pi al - tr gy
BD...83077,rw al - tr gy
BD...83081,rw al - tr gy
BD...83081,rw al - tr gy
BD...83081,pi al - tr gy
BD...84950,al wh - yb bw
BD...92057,tr pi - gw al
BD...65921,rw wb - al ob
BD...65758,wh al - bw wh
BD...65757,wh bl - wh al
BD...84861,bl bw - al ob
BD...84206,ob al - bw ye
BD...84216,ye re - al ob
BD...84183,wb pb - ob al
BD...84089,al wh - rw bl
BD...84090,bl wb - wh al
BD...84960,bl pb - al wh
BD...86999,wh al - rw pg
BD...30270,al pi - tr wh
BD...84071,al wh - pg bl
BD...65839,bl pb - wh al
BD...65829,wh al - pb bl
BD...65834,ye bl - al ob
BD...64976,al ob - ob pb
BD...65955,wh al - bl yb
BD...65788,pg pb - ob al
BD...84625,ye yb - ob al
BD...66687,wh al - or wh
BD...85536,ye pb - ob al
BD...70748,wb pb - wh al
BD...84315,pg yb - al ob
BD...85291,al ob - pb re
BD...86298,al wh - wb pg
BD...85311,al ob - wh wh
BD...86299,re pg - wh al
BD...84567,pg pg - ob al
BD...84060,wh wh - wh al
BD...84050,wh al - wb wb
BD...65662,wb yb - ob al
BD...65664,wb wh - wh al
BD...65925,bw pg - al ob
BD...65928,al ob - ob ye
BD...65638,wb rw - wh al
BD...65651,bl rw - al ob
BD...84162,pb wh - ob al
BD...84058,wb yb - wh al
BD...64982,re pg - al ob
BD...65551,al ob - rw bw
BD...65554,pg ye - ob al
BD...65554,tr bk - al pb
BD...65555,al ob - re bw
BD...84554,wb rw - ob al
BD...65949,wh al - yb wh
BD...55967,pb bw - ob al
BD...55968,wb ye - al ob
BD...85094,yb al - re bl
BD...85161,wh wb - ob al
BD...85481,re rw - al ob
BD...85170,wh re - al wh
BD...85447,al ob - pb pg
BD...55952,al ob - rw pb
BD...55953,ob al - pb ye
BD...55994,ob al - pb rw
BD...66494,al or - gr re
BD...85548,ye bl - yb al
BD...85548,ye bl - al yb
BD...55942,al ob - bw pb
BD...55948,ye re - ob al
BD...55979,bl re - ob al
BD...55981,ob al - wh ob
BD...85338,pb bw - al ob
BD...55958,ob al - pb pb
BD...55960,pb ye - ob al
BD...55970,ob al - pb pg
BD...55975,al ob - rw wh
BD...55976,pb bw - ob al
BD...85440,ob al - ye rw
BD...66710,or al - bw yb
BD...66713,yb al - bw rw
BD...66824,wh al - re bl
BD...85484,bw pb - ob al
BD...86853,al gr - rw yb
BD...62609,al rw - tr bk
BD...62643,gw - al
BD...62648,al - tr gy
BD...62648,al - tr gy
BD...62650,tr bk - al
BD...62523,al - or
BD...62532,gw - al
BD...62635,al - tr gr
BD...62635,rw al - tr gr
BD...62635,al - tr gr
BD...62635,rw al - tr gr
BD...62635,rw al - tr gr
BD...62639,al rw - tr bl
BD...62568,gw - al
BD...62537,al - gw
BD...62541,al rw - tr bk
BD...62541,al rw - tr bk
BD...62541,al rw - tr
BD...62543,tr gr - al
BD...62543,tr gr - al rw
BD...62543,tr gr - al
BD...62582,gw - al
BD...86867,al gw - bw bw
BD...92093,tr gy - al rw
BD...92093,tr gy - al
BD...92094,rw al - tr gy
BD...92094,al - tr gy
BD...92094,al - tr gy
BD...92094,al rw - tr gy
BD...92095,al - tr gy
BD...92096,tr gy - al
BD...92097,al - tr gy
BD...92097,rw al - tr gy
BD...92097,al - tr gy
BD...92098,tr gy - al rw
BD...92098,tr gy - al
BD...92098,tr gy - al rw
BD...92098,tr gy - al rw
BD...92100,al - tr gy
BD...83637,tr gy - al
BD...92151,al - tr gy
BD...92152,tr gy - al
BD...92152,tr gy - rw al
BD...92152,tr gy - al
BD...92153,rw al - tr gy
BD...92153,al - tr gy
BD...92153,al - tr gy
BD...92154,al - tr gy
BD...92157,tr gy - al
BD...92158,tr gy - al
BD...92037,tr gy - al rw
BD...92037,tr gy - al
BD...92037,tr gy - al rw
BD...92044,al gw - tr gy
BD...92044,al rw - tr gy
BD...92044,al rw - tr gy
BD...92044,al gw - tr gy
BD...92007,al - tr gy
BD...92007,al rw - tr gy
BD...83498,al - tr gy
BD...83498,al rw - tr gy
BD...83498,al rw - tr gy
BD...83499,al - tr gy
BD...92075,al - tr gy
BD...92076,al rw - tr gy
BD...92076,al - tr pi
BD...92076,al - tr gy
BD...92078,al - tr gy
BD...92078,rw al - tr gy
BD...92348,tr bk - al rw
BD...92001,tr gy - al rw
BD...92001,tr gy - al rw
BD...92001,tr gy - al
BD...62934,tr bk - al rw
BD...62934,tr bl - al
BD...92332,al - tr gy
BD...92170,rw al - tr gy
BD...92170,al - tr gy
BD...92170,rw al - tr gy
BD...63007,tr bl - al rw
BD...63007,tr bl - al rw
BD...92346,rw al - tr bk
BD...92346,AL - TR BK
BD...92346,AL - TR BK
BD...92346,rw al - tr bk
BD...92345,tr bk - al rw
BD...92345,tr bk - al
BD...83494,tr gy - al
BD...83494,tr gy - rw al
BD...92358,al rw - tr bk
BD...92358,al rw - tr bl
BD...92358,al rw - tr bk
BD...92358,al rw - tr bk
BD...92358,al rw - tr bl
BD...92358,al rw - tr gy
BD...92079,tr gy - rw al
BD...92079,tr gy - rw al
BD...92177,al - tr gy
BD...92178,tr gy - al
BD...92181,tr gy - al
BD...92182,tr gy - al
BD...92183,al - tr gy
BD...92184,tr gy - al
BD...92185,tr gy - al
BD...92186,tr gy - al
BD...92200,al - tr wh
BD...92199,al - tr gy
BD...92199,al rw - tr gy
BD...92199,al rw - tr gy
BD...92198,tr gy - al
BD...92198,tr gy - al
BD...92198,tr gy - al rw
BD...92198,tr gy - al rw
BD...92196,al - tr gy
BD...92195,al - tr gy
BD...92193,tr bl - al
BD...92192,al - tr gy
BD...92191,tr gy - al
BD...92191,tr gy - al
BD...92191,tr gy - rw al
BD...92190,rw al - tr gy
BD...92190,rw al - tr gy
BD...92190,al - tr gy
BD...92190,rw al - tr gy
BD...92189,tr gy - al rw
BD...92189,tr gy - al
BD...92018,AL - TR BK
BD...92322,al rw - tr gy
BD...92322,al - tr gy
BD...92331,tr gy - al
BD...92351,tr bl - al
BD...92143,tr bk - al
BD...92148,al rw - tr bk
BD...92149,tr bk - al rw
BD...83482,tr gy - al
BD...30249,tr bl - al rw
BD...30249,tr bl - al rw
BD...30249,tr bl - al
BD...30249,tr bl - al
BD...30250,al - tr gy
BD...83483,tr gy - al
BD...83484,al - tr gy
BD...83485,tr gy - al
BD...83486,tr gy - al
BD...83487,al - tr gy
BD...83489,al gw - tr gy
BD...83493,tr gy - al
BD...83496,al - tr gy
BD...83497,al - tr gy
BD...92080,tr gy - al
BD...92087,al - tr gy
BD...92087,rw al - tr gy
BD...92089,tr gy - al
BD...92089,tr gy - al rw
BD...92090,tr gy - al
BD...92090,tr gy - al rw
BD...92091,tr gy - al
BD...92091,tr gy - al
BD...92091,tr gy - rw al
BD...92187,rw al - tr gy
BD...92046,tr gy - al
BD...92046,tr gy - rw al
BD...92047,tr gy - rw al
BD...92047,al - tr gy
BD...92047,rw al - tr gy
BD...92047,rw al - tr gy
BD...92307,tr gy - rw al
BD...92307,tr gy - al
BD...92317,tr gy - al rw
BD...92317,tr gy - al
BD...92171,rw al - tr gy
BD...92171,al - tr gy
BD...92126,al rw - tr gy
BD...92360,al rw - tr bk
BD...92360,al rw - tr bk
BD...92360,al rw - tr bk
BD...62866,tr gy - al rw
BD...92026,al - tr gy
BD...92026,rw al - tr gy
BD...92349,tr bk - rw al
BD...92341,al - tr gy
BD...92340,al - tr gy
BD...92339,al - tr gy
BD...92338,al gw - tr gy
BD...92338,al gw - tr bk
BD...92338,al - tr gy
BD...92338,al gw - tr bk
BD...92337,al - tr gy
BD...92336,al - tr gy
BD...92335,al - tr gy
BD...92334,al - tr
BD...92334,AL - TR BK
BD...92334,al - tr gy
BD...92333,al - tr bl
BD...92333,al - tr gy
BD...92333,al gw - tr bl
BD...92033,al - tr gy
BD...62936,tr gy - al
BD...62936,tr gy - al rw
BD...92030,al - tr gy
BD...92028,al - tr gy
BD...92029,al - tr gy
BD...92101,al rw - tr bl
BD...92105,bw ye - gr al
BD...92105,bw ye - gr al
BD...92110,al rw - tr gr
BD...92111,tr gy - al
BD...92111,tr gy - al
BD...92111,tr gy - al rw
BD...92124,al rw - tr bk
BD...92124,al - tr gy
BD...92124,al gw - tr bl
BD...92303,al - tr gy
BD...92121,al - tr gy
BD...92120,al re - tr bk
BD...92120,rw al - tr bk
BD...92120,al gw - tr gy
BD...92120,al rw - tr bk
BD...92120,al - gw
BD...92120,gr wh - al
BD...92120,al gw - tr bk
BD...92120,al - tr gy
BD...92119,AL - TR BK
BD...92119,al - tr gy
BE...92118,al - tr gy
BD...92117,al - tr gy
BD...92115,al - tr gy
BD...92114,al rw - tr bk
BD...92114,al rw - tr bk
BD...92114,al gw - tr bl
BD...92350,al - tr gy
BD...92164,al - tr gy
BD...92164,al - tr gy
BD...92164,al - rw
BD...92048,al - tr gy
BD...92049,tr gy - al
BD...92049,al - tr gy
BD...92049,tr gy - al rw
BD...92306,al - tr gy
BD...92304,al rw - tr gy
BD...92304,al rw - tr gy
BD...92304,al - tr gy
BD...92304,al - tr gy
BD...92302,al - tr gy
BD...92301,al - tr gy
BD...92050,al - tr gy
BD...92308,tr gy - bw al
BD...92316,al - tr gy
BD...92315,al - tr gy
BD...92314,al - tr gy
BD...92314,al - tr gy
BD...92313,al - tr gy
BD...92312,al - tr gy
BD...92311,tr gy - al rw
BD...92311,rw al - tr gy
BD...92311,al - tr gy
BD...92311,tr gy - al rw
BD...92202,al rw - tr bl
BD...92202,al rw - tr bk
BD...92202,al rw - tr bk
BD...92202,al rw - tr bk
BD...92203,al - tr wh
BD...92204,al rw - tr bl
BD...92204,al rw - tr bk
BD...92502,rw al - tr gr
BD...92502,rw al - tr gr
BD...92504,al rw - tr bl
BD...92505,al rw - tr bl
BD...92551,tr gr - al
BD...92554,al rw - tr gr
BD...70049,gw bw - gw al
BD...65540,al wh - bw rw
BD...85007,al wh - ye rw
BD...65824,al ob - rw ye
BD...84250,ye rw - al wh
BD...70747,al wh - wh rw
BD...85402,ob al - wh wh
BD...84345,pb bl - al ob
BD...85317,re ye - yb al
BD...55950,al wh - pb pg
BD...64996,rw wh - al ob
BD...85116,ob al - wb wb
BD...65539,re yb - wh al
BD...85029,al rw - tr gy
BD...85031,re wb - al ob
BD...65575,ob al - pb bw
BD...65579,pg wb - al ob
BD...65613,rw yb - al ob
BD...85049,al ob - tr gy
BD...85051,al ob - pb pb
BD...85499,pb al - tr gy
BD...85022,al ob - ob pg
BD...84949,al wh - tr gy
BD...85056,al rw - tr gr
BD...85056,rw bw - wh al
BD...65799,ob al - rw rw
BD...85283,rw ye - al ob
BD...70750,wh al - bl pb
BD...85262,ob al - re wh
BD...84297,al ob - tr gy
BD...65562,bl bl - ob al
BD...85279,re ye - al ob
BD...85244,wb wh - ob al
BD...85199,ob al - pb bl
BD...84160,bw bl - al ob
BD...65589,al wh - bl pg
BD...65623,al ob - rw bl
BD...65805,al ob - re ye
BD...65807,re yb - al ob
BD...65810,bw wb - al ob
BD...84381,al ob - rw pg
BD...85576,ye pb - ob al
BD...85420,al rw - tr gy
BD...85075,ob al - bl ye
BD...85077,al ob - bl wh
BD...85561,ob al - bl wh
BD...84062,pb rw - ob al
BD...85002,rw wb - al ob
BD...85002,wb bl - ob al
BD...86148,wb bl - wh al
BD...86300,al wh - bl wb
BD...64987,re wh - wh al
BD...65544,al ob - pb bl
BD...65546,ob al - wb ye
...8408600,wh al - yb ye
BD...92362,al rw - tr bk
BD...92364,al rw - tr bk
BD...92364,al rw - tr bk
BD...92556,tr gy - al rw
BD...92556,tr gy - al
BD...92557,tr bl - al
BD...92557,tr bl - al rw
BD...92557,tr bl - al rw
BD...92162,al - tr gy
BD...92162,al rw - tr gy
BD...92162,rw al - tr gy
BD...92253,al rw - tr bk
BD...92253,al rw - tr bk
BD...92253,al rw - tr bl
BD...92253,al rw - tr bk
BD...92254,al rw - tr bl
BD...92255,al rw - tr bl
BD...92169,rw al - tr gy
BD...92169,tr - rw al
BD...92169,rw al - tr gr
BD...92169,al - tr gy
BD...92169,rw al - tr gy
BD...92552,al rw - tr bk
BD...92361,al rw - tr bk
BD...92501,al rw - tr bk
BD...92501,al rw - tr bk
BD...92251,al rw - tr bk
BD...92251,al rw - tr bk
BD...92252,tr bk - al rw
BD...92252,tr bk - al rw
BD...86250,al gr - rw gr
BD...86493,al wh - wh re
BD...86497,wh al - tr bl
BD...86497,wh al - re pi
BD...86498,al rw - re wh
BD...86494,yb al - pi yb
BD...86494,yb al - tr bl
BD...86496,bl gr - wh al
BD...86496,tr bl - wh al
BD...86499,wh pi - al bl
BD...88811,ye al - yb pi
BD...88813,yb al - re pi
BD...88814,bw al - ye gw
BD...70219,bl bl - wh al
BD...70220,gr al - gw gr
BD...70220,gr al - gw gr
BD...70221,bw gw - bw al
BD...70222,gr gr - al pi
BD...70223,yb al - gw rw
BD...70224,tr bl - al re
BD...70224,tr bl - al re
BD...70224,re gw - al rw
BD...70218,al rw - bw gr
BD...70218,al rw - tr bl
BD...70217,bl yb - al gr
BD...70215,al wh - bw bl
BD...70215,al wh - bw bl
AU...91400,al re - wh rw
AU...88599,ye rw - bw al
AU...88600,tr bk - or al
AU...88600,ye re - or al
BD...70098,al wh - pi wh
BD...70099,tr bl - al bl
BD...70099,bl gw - al bl
BD...83529,gr - al
BD...84979,gr pi - gw al
BD...84980,wh al - bl ye
BD...84977,or yb - bl al
BD...84976,gw pi - al bl
BD...84978,bl al - rw rw
BD...12901,al - gw
BD...12901,wh gw - al wh
BD...12903,al yb - yb or
BD...24950,ye ye - pi al
BD...12902,yb ye - al yb
BD...24300,or rw - al gw
BD...12906,al ye - bw gr
BD...12904,gr bl - rw al
BD...12905,re bl - gr al
BD...24949,bw gw - gr al
BD...24948,al re - re wh
BD...92560,al rw - tr gr
BD...92560,al - tr gr
BD...92561,al rw - tr gr
BD...92561,al rw - tr gr
BD...70226,al bw - pi yb
BD...70226,al bw - tr gy
BD...70226,al bw - tr gy
BD...86872,gr al - bl pi
BD...86874,gw al - ye bl
BD...86875,al pi - rw gr
BD...86876,al or - yb wh
BD...86876,al or - tr bk
BD...86877,gw al - ye bl
BD...86883,gw al - or bw
BD...86883,wh al - bl gr
BD...86878,al wh - ye gr
BD...86879,or al - re re
BD...86879,or al - tr bk
BD...86880,al yb - ye gw
BD...86880,al yb - tr bl
BD...86882,al bw - rw pi
BD...86884,or bw - gw al
BD...86884,al or - bl wh
BD...24924,al wh - bl or
BD...24927,rw al - gw or
BD...24928,ye rw - ye al
BD...24928,tr bl - ye al
BD...24930,al ye - tr bl
BD...24930,al ye - yb gw
BD...24931,re bl - gw al
BD...24932,re gr - pi al
BD...24933,al gr - gw wh
BD...24934,re wh - re al
BD...24936,or gr - ye al
BD...92448,bl rw - gw al
BD...92449,gr bw - bw al
BD...92450,rw wh - al rw
BD...71089,wh ye - gw al
BD...71090,gr yb - al rw
BD...71091,gw yb - al re
BD...92163,al - tr gy
BD...92163,rw al - tr gy
BD...92166,rw al - tr gy
BD...92166,al - tr gy
BD...92165,rw al - tr gy
BD...92165,al - tr gy
BD...92168,al - tr gy
BD...92168,rw al - tr gy
BD...92368,al rw - tr bl
BD...92367,tr bl - al rw
BD...92366,al rw - tr bl
BD...92365,tr bl - al rw
BD...92206,al rw - tr bl
BD...92507,tr bl - al rw
BD...92506,al rw - tr bl
BD...92260,al rw - tr bl
BD...66237,pi al - bw ob
BD...66238,ob al - bw bw
BD...66758,bl yb - or al
BD...66828,or re - yb al
BD...66829,wh or - al yb
BD...66830,pi wh - wh al
BD...66831,bw pi - or al
BD...66831,or al - bw pi
BD...66832,re yb - ye al
BD...66833,bw al - bl pi
BD...66835,bw al - yb or
BD...66836,re al - wh bl
BD...66837,wh wh - bw al
BD...66838,yb al - or pi
BD...66839,or wh - bl al
BD...66840,ye wh - al yb
BD...70235,tr gy - al rw
BD...70235,tr gy - al rw
BD...70235,gw - al
BD...70235,tr gy - al
BD...70236,gw - al
BD...70237,gw - al
BD...70237,gw bw - ye al
BD...70238,al - gw
BD...70239,gw - al
BD...62953,al or - tr bl
BD...62953,al - or
BD...88231,gw - al
BD...88231,tr gr - rw al
BD...88232,al re - tr gy
BD...88232,al or - tr bk
BD...88232,al - gw
BD...88232,AL - TR BK
BD...88232,tr bk - al rw
BD...88232,al rw - tr bk
BD...88234,al - gw
BD...88236,gw - al
BD...88237,gw - al
BD...88238,gw - al
BD...62923,gw - al
BD...88239,al - gw
BD...88240,tr bk - rw al
BD...88240,tr bk - al rw
BD...88240,tr bk - rw al
BD...88240,tr bk - rw al
BD...88240,tr bk - al rw
BD...12907,al rw - tr gy
BD...12907,al rw - tr gy
BD...12907,al - gw
BD...12907,al rw - tr gy
BD...12907,al - gw
BD...12909,al - gw
BD...12910,al rw - tr gy
BD...12910,al - gw
BD...12910,al - rw
BD...12910,al - gw
BD...12928,al - gw
BD...12912,gw - al
BD...92514,tr gr - al
BD...92511,AL - TR BK
BD...92511,al rw - tr bk
BD...92511,AL - TR PI BK
BD...92508,AL - TR BK
BD...92512,tr gr - al
BD...88423,al - or
BD...88423,al - or
BD...88423,al rw - tr gy
BD...88424,al - gw
BD...88426,al - gw
BD...88427,gw - al
BD...92516,tr gr - al
BD...92517,al rw - tr gr
BD...92517,al - tr gr
BD...92518,tr gr - al rw
BD...92518,tr gr - al
BD...92518,tr gr - al
BD...88243,tr gy - al
BD...88244,al - tr gy
BD...90671,tr gr - al
BD...90672,tr gr - al
BD...90673,tr gr - al
BD...90674,tr gr - al
BD...90675,tr gr - al
BD...90676,tr gr - al
BD...90676,tr gr - al
BD...90605,al - tr gr
BD...27512,al - tr gy
BK...03932,al - tr gr
BD...27511,al - gw
BK...03804,al - tr gr
BD...76310,tr gy - al or
BD...76311,al gr - tr gr
BD...76313,al yb - tr gy
BD...76314,al bw - tr gy
BK...03836,tr gr - al
BD...92275,tr gr - rw al
BD...92275,tr gr - bw al
BK...03921,al - tr gr
BK...03933,al - tr gr
BD...76337,al or - tr gy
BD...76338,al or - tr gy
BD...76340,tr gy - al bw
BD...76342,al pb - tr bl
BD...76343,tr gy - al gr
BK...03934,al - tr gr
BD...76294,tr gy - al or
BD...76319,al or - tr gy
BD...76320,al re - tr bk
BD...76322,al bw - tr bk
BD...76332,al wh - tr gr
BD...76334,al bw - tr bk
BD...76335,al pb - tr gy
BD...76336,al re - tr gy
BD...92219,tr gr - bw al
BD...92219,tr gy - rw al
BD...92219,tr gr - al rw
BD...92219,tr gr - al rw
BD...92220,bw al - tr gr
BD...92220,al rw - tr gr
BD...92221,tr gr - pi al
BD...76351,al re - tr bl
BD...76352,al yb - tr gy
BD...76353,al re - tr gy
BD...76355,tr gy - al yb
BD...76300,al bw - tr bk
BD...76301,al gr - tr gy
BD...76303,al bw - tr gy
BD...76304,al pb - tr bk
BD...76306,al or - tr bk
BK...03922,al - tr gr
BK...03923,al - tr gr
BK...03935,al - tr gr
BK...03936,al - tr gr
BK...03924,al - tr gr
BK...03925,al - tr gr
BK...03937,al - tr gr
BK...03926,al - tr gr
BK...03927,al - tr gr
BK...03938,al - tr gr
BK...03939,al - tr gr
BD...71831,re al - gr ye
BD...71831,re al - gr ye
BD...76345,al yb - tr gy
BD...76346,tr gy - al wh
BD...76348,tr gy - gr al
BD...76350,al yb - tr bk
BK...03928,al - tr gr
BD...92564,tr gy - al pg
BD...92565,tr gy - al rw
BD...92565,tr gy - al pg
BD...92566,al pg - tr gy
BD...92566,al rw - tr gy
BD...92568,tr gy - al rw
BD...92568,tr gy - pg al
BD...90518,al - tr gr
BD...90521,tr gr - rw al
BD...90521,tr gr - bw al
BD...90521,tr gr - al rw
BD...90523,tr pi - rw al
BD...90524,rw al - tr gr
BD...90524,rw al - tr gr
BD...90525,tr gr - rw al
BD...90525,tr gr - bw al
BD...76408,al bw - tr bk
BD...76409,al re - tr gy
BD...76410,al or - tr gy
BD...76359,al yb - tr gy
BD...76360,al bw - tr gy
BD...76361,al or - tr bk
BD...76362,tr bk - al gr
BD...76411,al bw - tr gy
BD...76371,tr gy - al bw
BD...76372,al bw - tr gy
BD...76374,al gr - tr gy
BD...76375,al bw - tr gy
BD...76376,al gr - tr wh
BD...76378,al gr - tr gr
BD...76379,al re - tr gy
BD...76380,wh al - tr gy
BD...76394,tr gy - al re
BD...76395,tr gy - al gr
BD...76396,al wh - tr bl
BD...76397,al pb - tr gy
BD...76399,al yb - tr gy
BD...76400,al pb - tr gy
BD...76389,al wh - tr bk
BD...76390,al gr - tr gy
BD...76391,al bw - tr bk
BD...76392,al yb - tr bk
BD...76393,al bw - tr bk
BD...76323,al re - tr bk
BD...76324,al gr - tr gy
BD...76325,al gr - tr bl
BD...76326,al bw - tr bk
BD...76327,al re - tr bk
BD...76328,al wh - tr gy
BD...76329,al pb - tr gy
BD...76330,al pb - tr bl
BD...76331,al bw - tr gy
BD...92244,bw al - tr gr
BD...92244,rw al - tr gr
BD...92246,bw al - tr gr
BD...92246,al rw - tr gr
BD...92246,al rw - tr gr
BD...92247,tr gr - bw al
BD...92247,tr gr - rw al
BD...92250,tr gr - bw al
BD...92250,tr gr - al rw
BD...71835,wh yb - al wh
BD...92581,tr gy - al rw
BD...92581,rw al - tr gy
BD...92581,tr gy - al pg
BD...92583,al rw - tr gy
BD...92583,al rw - tr gy
BD...92583,al rw - tr gy
BD...92583,al pg - tr gy
BD...92584,tr gy - al rw
BD...92584,tr gy - al pg
BD...88227,gw pi - gr al
BD...71836,re al - rw pi
BD...76401,al wh - tr gy
BD...76402,gr al - tr gy
BD...76404,al pb - tr gy
BD...76405,al wh - tr bk
BD...76513,tr gy - al bw
BD...76423,tr bk - al re
BD...76424,al re - tr gy
BD...76425,al re - tr gy
BK...16849,al rw - tr gy
BK...16849,al - tr gy
BK...16849,al - tr gy
BK...58005,ye pb - al wh
BK...58006,al wh - re re
BK...24248,tr gy - al
BK...18805,tr bk - al rw
BK...18805,AL - TR BK
BK...18805,AL - TR BK
BK...18872,rw al - tr bk
BK...18872,rw al - tr bk
BK...18872,rw al - tr bk
BK...24246,tr gy - al
BK...24324,tr bl - al
BK...24345,tr bk - al
BK...24252,tr re - al
BK...67165,al - tr wh
BK...67165,rw al - tr wh
BK...67165,al - tr wh
BK...18899,tr bk - al
BK...18898,tr gy - al
BK...18900,tr bk - al
BK...18900,tr bk - al
BK...18900,tr bk - rw al
BK...18900,tr bk - al
BK...24247,tr gy - al
BK...67178,AL - TR BK
BK...53482,tr re - al
BK...53482,rw al - tr re
BK...53489,tr re - rw al
BK...53489,tr re - rw al
BK...53489,tr re - al
BK...24250,tr bk - al
BK...24346,tr wh - al
BK...24348,tr wh - al
BK...53492,tr gy - al
BK...53491,al rw - tr gy
BK...53491,al rw - tr gy
BK...53491,al - tr gy
BK...53491,al - tr gy
BK...67253,al - tr re
BK...67253,rw al - tr re
BK...24265,tr wh - al
BK...67372,rw al - tr bk
BK...67372,rw al - tr bk
BK...67372,rw al - tr bk
BK...67372,AL - TR BK
BK...67372,AL - TR BK
BK...67050,tr gy - al
BK...67095,tr gy - al
BK...67096,tr gy - al
BK...67094,tr bk - rw al
BK...67094,tr bk - rw al
BK...67094,tr bk - al
BK...67097,al rw - tr wh
BK...67097,al - tr wh
BK...67097,al - tr wh
BK...67650,AL - TR BK
BK...67649,AL - TR BK
BK...67099,al - tr wh
BK...67394,tr gy - al
BK...67098,rw al - tr wh
BK...67098,AL - TR BK
BK...67098,AL - TR BK
BK...23593,al - tr gy
BK...24300,tr wh - al
BK...72175,al - tr gy
BK...67397,tr bk - al
BK...67799,tr bk - al
BK...67396,tr gy - al
BK...67396,tr gy - rw al
BK...67396,tr gy - al
BK...67395,tr gy - al
BK...67656,ye gr - al bl
BK...72491,al - tr gy
BK...72491,rw al - tr gy
BK...64699,tr gy - al
BK...64975,tr gy - rw al
BK...64975,tr gy - rw al
BK...64975,tr gy - rw al
BK...64975,tr gy - al
BK...64975,tr gy - al
BK...64689,tr bk - al
BK...72500,AL - TR BK
BK...67037,AL - TR BK
BK...67203,bl al - ye re
BK...65000,tr gy - al
BK...65000,tr gy - al
BK...65000,tr gy - rw al
BK...64999,tr gy - al
BK...64999,tr gy - rw al
BK...64999,tr gr - rw al
BK...64999,tr gy - rw al
BK...72145,tr gy - al
BK...72145,tr gy - al
BK...72145,tr gy - al rw
BK...72145,tr gy - al rw
BK...72146,tr gy - al
BK...68394,al ye - wh gr
BK...46750,al wh - ye gr
BK...68271,pi bl - al gr
BK...68299,re gr - al pi
BK...68509,gr or - al wh
BK...68445,pi ye - gr al
BK...68349,gr gr - al gr
BK...68250,ye al - wh pi
BK...68398,al ye - ye wh
BK...46737,ye re - pi al
BK...46740,ye ye - al wh
BK...68097,pi re - or al
BK...68296,al gr - or or
BK...68390,re bl - al ye
BK...68095,wh ye - al ye
BK...68102,bl bl - re al
BK...46709,al ye - pi bl
BK...68494,pi bl - al bl
BK...68418,al ye - bl wh
BK...46749,ye gr - or al
BK...68640,gr bl - al gr
BK...69358,al or - bl bl
BK...69281,bl wh - wh al
BK...46746,or al - bl re
BK...68036,gr ye - al bl
BK...68039,bl wh - ye al
BK...68405,re al - re wh
BK...46926,ye wh - re al
BK...69567,ye ye - bl al
BK...57990,al pi - or gr
BK...57974,gr al - wh bl
BK...53951,al gr - gr ye
BD...27750,wh wh - gr al
BK...69879,or al - re gr
BK...68151,ye wh - pi al
BK...68294,pi al - or wh
BK...68295,bl wh - wh al
BK...68378,re al - gr gr
BK...68383,gr al - bl ye
BK...70301,bl ye - re al
BK...69173,re al - pi ye
BK...69835,re bl - al re
BK...69835,re bl - al ye
BK...57619,bl ye - al bl
BK...21909,or gr - pi al
BK...18850,al wh - pi re
BK...55647,bl bl - ye al
BK...69249,re wh - al or
BK...72225,al - tr ye
BK...72230,al - tr ye
BK...69196,pi al - or re
BK...57631,re bl - wh al
BK...57797,re re - or al
BK...57797,re re - or al
BK...69361,wh al - wh wh
BK...69834,pi gr - al wh
BK...67320,AL - TR BK
BK...70386,re pi - re al
BK...69247,re re - al ye
BK...57750,gr al - bl re
BK...57047,gr pi - wh al
BK...70049,wh al - re wh
BK...57924,pi wh - pi al
BK...53995,ye ye - re al
BK...46957,al pi - or re
BK...46958,al re - re gr
BK...64995,al - tr gy
BK...64966,tr gy - rw al
BK...64966,tr gy - al
BK...64658,tr gy - al rw
BK...64658,al rw - tr gy
BK...67926,al - tr gy
BK...67455,al - tr gy
BK...67945,al - tr gy
BK...67950,al - tr gy
BK...67950,nw al - tr gy
BK...67950,al - tr gy
BK...67751,al rw - tr bk
BK...67751,al rw - tr bk
BK...67751,AL - TR BK
BK...67643,rw al - tr bk
BK...67643,AL - TR BK
BK...67643,AL - TR BK
BK...67643,rw al - tr bk
BK...67475,tr gy - al rw
BK...67475,tr gy - al rw
BK...67475,tr gy - al
BK...67475,tr gr - al rw
BK...67475,tr gy - al
BK...67988,al - tr gr
BD...27720,wh al - wh ye
BD...27722,al gr - ye ye
BK...57601,or ye - gr al
BK...21788,pi ye - or al
BK...65177,al wh - pb wb
BK...65157,wh al - ye bw
BK...65158,yb al - bw bw
BK...65159,pb bw - al rw
BK...69390,al bl - pi re
BK...57486,re ye - bl al
BK...68703,al ye - wh wh
BK...68044,pi wh - pi al
BK...68144,bl re - al gr
BK...69819,al wh - wh re
BK...16127,or re - al wh
BK...68348,bl wh - gr al
BK...68399,bl al - or ye
BK...46044,ye pi - wh al
BK...70370,al ye - pi gr
BK...70369,bl al - or gr
BK...68396,bl al - wh or
BK...68395,al re - or ye
BK...46770,ye pi - al ye
BK...46764,re bl - al gr
BK...46722,ye re - bl al
BK...46728,or pi - al bl
BK...68246,or bl - pi al
BK...55646,re wh - al re
BK...57762,or re - bl al
BK...21798,ye al - bl or
BK...57900,ye ye - gr al
BK...57466,or al - pi ye
BD...70300,ye or - al or
BK...16119,al re - pi wh
BK...70048,al ye - re bl
BK...70050,re al - re bl
BK...68540,al ye - ye ye
BK...68533,or bl - or al
BK...69083,al gr - ye or
BK...68499,al re - bl wh
BK...68500,ye ye - al or
BK...68028,al wh - wh re
BK...68031,bl gr - al re
BK...68034,wh al - or ye
BK...57641,ye ye - bl al
BK...68623,al or - bl gr
BK...68626,pi al - gr pi
BK...68629,or al - wh pi
BK...68148,al or - or ye
BK...68194,or re - pi al
BK...57949,re bl - pi al
BK...57829,re al - wh bl
BK...68397,gr bl - pi al
BK...57471,pi ye - al ye
BK...57472,al ye - ye re
BK...57472,al ye - ye re
BK...57474,gr bl - al re
BK...68249,ye gr - al ye
BK...68490,ye re - gr al
BK...68493,or ye - re al
BK...16116,or al - gr pi
BK...68708,ye pi - al or
BK...46703,bl gr - wh al
BK...68437,al re - re wh
BK...68146,al pi - wh gr
BK...66840,yb al - rw bl
BK...69698,wh wh - bl al
BK...69399,bl gr - re al
BK...57478,al re - gr or
BK...57478,al re - gr or
BK...57485,al ye - re or
BK...46772,pi ye - or al
BK...68810,pi ye - bl al
BK...68756,al gr - re pi
BK...69101,wh al - bl wh
BK...69700,or bl - re al
BK...55649,al gr - bl or
BK...55650,al or - gr ye
BK...55650,al or - gr ye
BK...69116,gr gr - al re
BK...69110,re re - re al
BK...69115,bl re - al re
BK...58253,rw re - wh al
BK...65148,rw pg - al ye
BK...69141,or or - al bl
BK...66744,ob ob - wh al
BK...66746,pg al - bw yb
BK...65151,yb al - pg bw
BK...65155,al bw - pb pg
BK...65156,ob rw - al ob
BK...58154,pb al - pg wh
BK...66513,al wh - bw bw
BK...57250,pi al - bl or
BK...58045,bw pg - al wh
BK...58051,al wh - pg ob
BK...57749,pi al - gr re
BK...70001,al re - bl or
BK...70001,al re - bl or
BK...70011,al re - bl wh
BK...70016,al ye - wh bl
BK...58637,bw pg - wh al
BK...65046,bw al - pb wh
BK...65048,ye re - wh al
BK...58060,ye al - rw rw
BK...66616,al ob - pb ob
BK...66598,wh al - yb re
BK...66619,ob bl - al wh
BK...66620,ob bl - wh al
BK...65389,wb ob - bw al
BK...66618,bl ob - al wh
BK...58157,al wh - bl re
BK...58158,al wh - bl ye
BK...58066,bw yb - al ob
BK...58387,pb pg - wh al
BK...47873,re bl - re al
BK...47862,or bl - bl al
BK...64627,al or - bl wh
BK...64608,or al - re re
BK...65181,yb wh - pg al
BK...65184,bw wb - wh al
BK...65527,al wh - bl pg
BK...65521,al bl - yb wb
BK...66503,bw wb - al wh
BK...65068,wh al - pg ye
BK...65069,pb ye - al yb
BK...47888,pi al - pi gr
BK...47894,gr al - bl pi
BK...64296,al re - wh bl
BK...65072,al bl - pb ye
BK...58136,al wh - bl bl
BK...58137,bw pb - wh al
BK...58138,ye wb - pg al
BK...58144,ob pg - wh al
BK...58673,bl pg - wh al
BK...65081,al wh - re pg
BK...64979,tr gy - al
BK...64979,tr gy - rw al
BK...67764,tr bk - rw al
BK...67764,tr bk - rw al
BK...67767,tr bk - al
BK...67767,tr bk - al rw
BK...67768,tr bk - al
BK...66597,wh al - yb bl
BK...58577,ob al - ye pb
BK...24269,tr bk - al
BK...66723,al wh - wh bl
BK...65529,pb wb - al wh
BK...65534,al ob - bl bl
BK...65093,yb bl - yb al
BK...65094,rw al - bl yb
BK...65096,bw yb - al bw
BK...65097,al ob - wh re
BK...67639,AL - TR BK
BK...67342,rw al - tr bk
BK...67342,rw al - tr bk
BK...67342,AL - TR BK
BK...67342,AL - TR BK
BK...47875,al ye - pi bl
BK...47874,re or - re al
BK...72108,tr gy - al
BK...72108,tr gy - rw al
BK...72108,tr gy - al
BK...47887,wh pi - al pi
BK...47876,al pi - pi pi
BK...47861,al wh - wh pi
BK...64628,re al - ye re
BK...47851,gr al - ye gr
BN...42836,re bw - wh al
BK...66589,re pg - yb al
BK...69012,or bl - or al
BK...57549,al gr - pi ye
BK...64607,al wh - ye gr
BD...27749,ye al - pi bl
BK...21843,re or - al re
BK...64473,al pi - yb yb
BK...47860,wh al - pi pi
BK...64626,wh al - bl gr
BK...64617,bl ye - or al
BK...47748,pi pi - pi al
BK...47749,al wh - re bl
BK...47748,al yb - or gr
BK...64474,ye al - wh pi
BK...21842,re al - or bl
BK...57046,pi al - re or
BK...57743,al gr - re pi
BK...57241,gr ye - al re
BK...57999,re pi - al re
BK...57661,pi re - al ye
BK...57662,ye or - al gr
BK...57198,al pi - or gr
BK...69851,al wh - yb bl
BK...69858,gr al - re gr
BK...69501,ye or - bl al
BK...57451,al - tr gr
BK...03550,al or - pi re
BK...57018,gr pi - re al
BK...57528,gr gr - ye al
BK...57529,re al - wh bl
BK...57197,al gr - bl wh
BK...69093,gr al - ye re
BK...58000,re al - or bl
BK...57680,al ye - bl re
BK...21948,or ye - bl al
BK...21949,re ye - or al
BK...21818,al wh - re ye
BK...57889,al bl - wh pi
BK...21848,bl al - re pi
BK...57950,pi or - gr al
BK...65113,al re - ye re
BK...66686,wh al - pg wh
BK...66670,wh bw - al wb
BK...66671,al pg - yb yb
BK...65334,pb bw - ye al
BK...65336,rw al - wb re
BK...66709,re yb - al wh
BK...65298,bw ob - al wh
BK...65300,al yb - pg bl
Y...123663,bl ob - wh al
BK...65429,ye ye - al wh
BK...65431,wb al - ye bw
BK...58709,al wh - wh rw
BK...65244,ye wh - al wh
BK...65379,ye rw - al wh
BK...66754,wh al - pb wb
BK...66745,re ye - al wh
BK...58727,al wh - pg pb
BK...66554,al wh - ob rw
BK...66546,ob al - bl ye
BK...66724,al bw - ob wb
BK...66728,pg al - ob pb
BK...58537,al wh - pg ye
BK...66576,re bw - al wh
BK...66577,re pb - al wh
BK...58568,wh al - re pg
BK...58569,ye al - re pb
BK...66567,al wh - ob wh
BK...58097,rw re - al wh
BK...65400,al bw - ye re
BK...65402,yb al - rw pb
BR...19034,ye al - bl wb
BK...65255,rw ob - wb al
BK...65257,al ye - pb bl
BK...65103,al bl - pg bw
BK...65104,wb pb - al wb
BK...65106,bw ob - wb al
BK...65109,pb rw - al wh
BK...65537,al ob - pb rw
BK...65540,pb wh - al bw
BK...65542,yb yb - pb al
BK...66571,bl rw - al wb
BK...65115,wh al - bw wh
BK...65124,bw bl - al wh
BK...66681,wh rw - wb al
BK...65001,ye ob - al pb
BK...58666,al wh - wh re
BK...58672,rw bl - wh al
BK...65339,wh al - bw bl
BK...65340,wh al - bl pb
BK...58317,wh al - bl bl
BK...58203,pb pb - wh al
BK...58201,wh al - re ye
BK...58324,al bw - re wb
BK...58225,al yb - re bw
BK...58213,rw re - re al
BK...66846,al wh - rw pg
BK...58483,al wh - ye ye
BK...66701,bw bw - al wh
BK...58360,rw ye - al wh
BK...65472,bl wh - wh al
BK...65287,bw re - al wh
BK...65297,wh al - pb wh
BK...65320,rw wh - al wh
BK...66633,al yb - re ye
BK...66634,yb pg - al rw
BK...66624,bl yb - al wh
BK...65131,rw rw - al wh
BK...65467,re wb - al rw
BK...65460,bl rw - al wh
BK...58340,al ob - ob rw
BK...58344,rw al - yb bl
BK...58339,bl ye - wh al
BK...58112,bl al - ye yb
BK...58491,wh al - bl bw
BK...66766,al ob - pg ye
BK...66783,wh al - pb ye
BK...65370,wh al - pg wb
BK...65424,bl bw - al wh
BK...65428,bl pb - al wh
BK...65427,wh al - pg re
BK...65410,bw al - wh rw
BK...65406,pb pb - wh al
BK...58238,bl ye - al wh
BK...58458,wh bw - al yb
BK...58460,ye ob - pb al
BK...58121,wb wb - al pb
BK...66094,ob wh - al wh
BK...58293,ob pg - al wh
BK...58464,pg wb - al bl
BK...58467,al rw - wh bl
BK...50444,wb rw - al wh
BK...50443,al wh - rw wb
BK...65506,pg ye - pg al
BK...50988,bw wh - wh al
BK...50995,bw al - ye ye
BK...58470,al wh - yb ye
BK...65545,wh re - wh al
BK...65550,pg al - bl re
BK...50888,ye ob - wh al
BK...50972,al yb - wh ye
BK...50968,wh al - wb rw
BK...50895,wh al - wb bl
BK...50468,pb bl - pb al
BK...65236,wb rw - ob al
BK...50494,yb ye - pg al
BK...50237,ob pb - al wh
BK...65495,wh al - wh pb
BK...50929,al wh - ye rw
BK...65497,ye pg - al rw
BK...65498,yb al - wh pg
BK...65499,bw bw - al yb
BK...65420,al wb - wh wh
BK...58642,wh rw - al wh
BK...50919,wb bl - re al
BK...58310,wh al - rw bl
BK...58309,wh al - bl ye
BK...58313,ob al - rw bl
BK...58316,bw pg - yb al
BK...66062,rw al - ye wb
BK...66079,al wh - pg rw
BK...66078,al wh - wh ob
BK...65050,pg yb - al pg
BK...58421,al wh - ob re
BK...50491,yb al - pb rw
BK...50485,wh ob - al wb
BK...58650,pb yb - wh al
BK...50855,al wh - yb wb
BK...66029,pb rw - al rw
BK...66732,al wh - pg yb
BK...44945,ob pb - wh al
BK...50975,rw wh - rw al
BK...50976,ye re - al wb
BK...65220,wb wb - wb al
BK...58665,wh al - pb pg
BK...33467,ob rw - al wh
BK...50961,wh al - wb pb
BK...65258,al wh - ye yb
BK...50860,wh al - bw wb
BK...50458,wh bl - al ye
BK...66042,pb al - yb bw
BK...65204,bl rw - al bl
BK...66823,wh rw - yb al
BK...65347,al wh - yb bl
BK...66000,pb pb - bw al
BK...58337,al pg - wh ye
BK...66089,al wh - pg bl
BK...66092,wh al - wh bw
BK...58444,pb wb - wh al
BK...58446,rw al - wh ob
BK...58287,pb wb - yb al
BK...58442,al wh - bw bl
BK...65233,wh al - bl wh
BK...65227,ye ob - al wb
BK...65415,wb al - ob ob
BK...58074,al wh - pb pg
BK...58641,wh pb - wh al
BK...65194,yb bl - al rw
BK...65206,al rw - re pb
BK...58390,al wh - bl rw
BR...42917,wh al - ye pb
BK...58193,al pb - ye yb
BK...66533,al wh - pb bw
BK...58262,al wh - ob ye
BK...58409,wh al - ye yb
BK...66532,al wh - bw ob
BK...58416,al wh - pg wb
BK...58417,pb wh - wh al
BK...58082,wh al - ye bl
BK...58700,al wh - pg pg
BK...58700,al wh - pg pg
BK...58701,wh al - pg rw
BK...58702,pb pg - al wh
BK...58091,ob al - bw bw
BK...58094,wh bw - re al
BK...58095,wh rw - al pg
BK...66523,al wh - bw wh
BK...66523,al wh - bw yb
BK...66522,al wh - bw wh
BK...66621,re re - wh al
BK...66699,rw pg - pg al
BK...58604,re rw - wh al
BK...58609,rw wh - al ye
BK...58180,al pb - wh ob
BK...58501,al wh - ob ob
BK...58516,ye al - wb yb
BN...42938,wh al - wh yb
BK...58276,al wh - ob bl
BK...58279,al wh - pg re
BK...58280,pg wh - al bw
BK...58524,wb wb - rw al
BK...58525,al wh - rw bl
BK...58526,wb yb - al ye
BK...66803,al wh - bw pg
BK...66575,re bl - al wh
BK...66737,rw bw - al wh
BK...42552,wh al - pg yb
BR...42552,wh al - pg yb
BK...70080,rw al - tr gr
BK...70079,tr gr - al rw
BK...70078,tr gr - rw al
BK...70078,tr gr - al rw
BK...70077,tr gr - al rw
BK...70166,tr gr - rw al
BK...70164,tr gr - rw al
BK...70165,tr ye - al rw
BK...70165,tr ye - al rw
BK...22601,al or - ye bl
BK...22602,gr ye - bl al
BK...22603,al wh - re re
BK...22604,or pi - al wh
BK...22851,wh or - bl al
BK...22852,gr al - wh pi
BK...22751,al pi - bl pi
BK...22752,wh wh - wh al
BK...22756,al bl - gr gr
BK...22757,pi gr - or al
BK...22758,bl al - ye wh
BK...22759,or re - al ye
BK...22760,pi ye - re al
BK...22761,al re - pi gr
BK...22801,re re - wh al
BK...22802,al or - wh or
BK...22803,gr bl - al or
BK...22805,gr wh - wh al
BK...22701,al bl - ye wh
BK...22703,al ye - re pi
BK...22704,or al - wh bl
BK...22705,bl al - bl ye
BK...22652,ye wh - al or
BK...22654,al or - bl gr
BK...22901,wh al - gr gr
BK...22902,bl al - wh pi
BK...22903,bl al - pi ye
BK...22904,gr al - gr bl
BK...22905,or al - re bl
BK...22906,al bl - pi wh
BK...22907,bl al - bl gr
BK...22951,pi bl - al ye
BK...22952,al pi - bl re
BK...22953,or al - ye bl
BK...18412,wh bl - re al
BK...22954,bl gr - al pi
BK...22955,al ye - pi wh
BK...64502,al gr - wh re
BK...64503,pi ye - re al
BK...64504,re al - or ye
BK...64505,or wh - bl al
BK...64508,ye al - pi pi
BK...64510,or al - re gr
BK...64506,re al - wh bl
BK...64501,pi ye - gr al
BK...64507,wh re - bl al
BK...64511,bl ye - re al
BK...64512,bl al - ye wh
BK...64515,bl wh - pi al
BK...64514,al bl - pi gr
BK...64513,pi gr - wh al
BK...64518,or gr - or al
BK...64517,al bl - pi re
BK...64516,ye re - gr al
BK...64522,re gr - al pi
BK...64523,al pi - bl or
BK...64524,or re - wh al
BK...64519,or re - al bl
BK...64520,or al - ye or
BK...64525,or al - or or
BK...64526,gr or - wh al
BK...64521,al wh - wh or
BK...64530,al or - or wh
BK...64528,pi re - wh al
BK...64531,or bl - al ye
BK...64527,al gr - wh pi
BK...64529,ye al - pi or
BK...64509,or wh - al gr
BK...68951,al ye - wh bl
BK...68952,al or - ye pi
BK...68953,re re - gr al
BK...68954,ye al - wh re
BK...68851,bl wh - pi al
BK...68852,or re - al bl
BK...68853,or bl - al ye
BK...68749,bl gr - al gr
BK...68750,bl re - gr al
BK...68901,or al - gr re
BK...68904,al pi - gr ye
BK...22775,tr re - al
BK...22775,tr re - al rw
BK...22776,tr re - al rw
BK...22776,tr re - al
BK...22776,tr re - al rw
BK...22776,tr re - al rw
BK...22777,rw al - tr re
BK...22777,al - tr re
BK...22778,al - tr re
BK...22778,rw al - tr re
BK...22778,al - tr re
BK...22780,al - tr re
BK...22781,al - tr re
BK...21528,al rw - tr re
BK...21528,al - tr re
BK...21529,al - tr re
BK...21529,al rw - tr re
BK...21530,al - tr re
BK...21530,rw al - tr re
BK...21530,rw al - tr re
BK...21530,al - tr re
BK...21531,rw al - tr re
BK...21531,al - tr re
BK...21531,al - tr re
BK...21532,tr re - rw al
BK...21532,tr re - rw al
BK...21532,tr re - al
BK...22001,al - tr re
BK...22001,tr re - al rw
BK...22002,tr re - al rw
BK...22002,tr re - al
BK...22003,tr re - al
BK...22003,tr re - rw al
BK...22004,tr re - al
BK...22004,tr re - rw al
BK...22005,tr re - al rw
BK...22005,tr re - al
BK...22005,tr re - al rw
BK...22006,tr re - al rw
BK...22006,tr re - al rw
BK...22006,tr re - al
BK...22006,tr ye - al rw
BK...22007,tr re - al
BK...22007,tr re - al rw
BK...34900,al - tr re
BK...34900,al rw - tr re
BK...69600,tr re - al
BK...69600,tr re - rw al
BK...38251,al - tr re
BK...38251,al rw - tr re
BK...38252,tr re - al
BK...22774,tr re - rw al
BK...22774,tr re - rw al
BK...22774,tr re - al
BK...22774,tr re - al
BK...22762,tr re - al
XZ...34148,rw al - tr re
XZ...34148,al - tr re
BK...22020,al rw - tr re
BK...22020,al rw - tr re
BK...22020,al - tr re
BK...22021,tr re - al
BK...22022,al - tr re
BK...22023,al - tr re
BK...22025,tr ye - rw al
BK...22025,tr ye - rw al
BK...22027,tr gr - rw al
BK...22027,tr gr - al
BK...22027,tr gr - rw al
BK...22027,tr gr - rw al
BK...22027,tr gr - al
BK...22027,tr gr - rw al
BK...22009,tr re - al rw
BK...68965,al pi - wh bl
BK...68958,pi wh - al or
BK...22764,tr gr - rw al
BK...22764,tr gr - ye al
BK...22768,tr gr - rw al
BK...22768,tr gr - rw al
BK...22768,tr gr - ye al
BK...22765,tr gy - rw al
BK...22765,tr gr - ye al
BK...22765,tr gr - rw al
BK...22769,tr gr - rw al
BK...22769,tr gr - rw al
BK...22769,tr gr - ye al
BK...22772,tr gr - rw al
BK...22772,tr gr - ye al
BK...22772,tr gr - rw al
BK...22766,tr gr - ye al
BK...22766,tr gr - rw al
BK...22766,tr gr - rw al
BK...72963,tr gr - ye al
BK...72963,tr gr - rw al
BK...72951,tr gr - rw al
BK...72951,tr gr - rw al
BK...72951,tr gr - ye al
BK...72980,tr gr - rw al
BK...72980,tr gr - ye al
BK...72979,tr gr - ye al
BK...72979,tr gr - rw al
BK...72979,tr gr - rw al
BK...34060,tr gr - al rw
BK...34060,tr ye - al ye
BK...34052,tr re - al ye
BK...34052,tr re - al rw
BK...34056,tr ye - rw al
BK...34056,tr ye - al ye
BK...34097,tr re - rw al
BK...34097,tr re - ye al
BK...34097,tr re - rw al
BK...34079,tr ye - rw al
BK...34079,tr ye - rw al
BK...34079,tr ye - ye al
BK...72805,tr re - rw al
BK...72805,tr re - ye al
BK...72803,tr re - rw al
BK...72803,tr re - rw al
BK...72803,tr re - ye al
BK...72820,tr re - rw al
BK...72820,tr re - rw al
BK...72822,rw al - tr re
BK...72822,rw al - tr re
BK...72822,ye al - tr re
BK...72825,tr re - rw al
BK...72825,tr re - ye al
BK...72825,tr re - rw al
BK...72857,tr re - rw al
BK...72857,tr re - rw al
BK...72857,tr re - ye al
BK...72859,tr re - ye al
BK...72858,al - tr re
BK...72814,tr re - rw al
BK...72814,tr re - ye al
BK...72818,tr re - rw al
BK...72818,tr re - ye al
BK...72832,tr re - rw al
BK...72832,tr re - rw al
BK...72830,tr re - ye al
BK...72830,tr re - ye al
BK...72830,tr re - rw al
BK...72812,tr re - rw al
BK...72812,tr re - rw al
BK...72816,tr re - ye al
BK...72867,tr re - al ye
BK...72867,tr re - al rw
BK...72877,tr re - rw al
BK...72746,tr re - rw al
BK...72746,tr re - rw al
BK...72746,tr re - ye al
BK...72745,tr re - rw al
BK...72714,tr gr - al ye
BK...72615,tr re - rw al
BK...72615,tr re - ye al
BK...58750,rw al - ye wh
BK...66848,wb al - ye bl
BK...66849,bl re - al ob
BK...66850,ye yb - pg al
BK...65551,bw wb - al ob
BK...65552,al rw - ye yb
BK...66965,al bw - pg bl
BK...58754,wb al - yb ye
BK...65575,wb pg - al bw
BK...65576,al re - pg yb
BK...65579,bl pg - al pg
BK...65581,re rw - al bl
BK...65585,re pb - pg al
BK...65641,al bl - wb ye
BK...65642,wh ye - pg al
BK...65632,pb al - wb pg
BK...65613,al bw - bw wh
BK...65622,ob ye - ob al
BK...65627,rw wh - al bl
BK...65664,rw al - pb rw
BK...65685,rw wh - al re
BK...66926,pb bl - al rw
BK...65606,bl al - rw ye
BK...65651,ob bw - al pb
BK...65716,re bw - al re
BR...96986,ye al - ob wb
BK...65670,bl al - wb pg
BK...67000,ye al - bl ob
BK...58836,bl wh - al wb
BK...58765,al ye - wb ob
BK...58772,ye rw - ob al
BK...58782,al bw - wb ye
BK...65856,wh al - yb pg
BK...58848,yb bl - al yb
BK...58847,re ob - re al
BK...58849,al bl - wb pg
BK...58870,bl al - wh rw
BK...58869,al bl - ye yb
BK...58826,rw pb - al re
BK...58827,al re - rw rw
BK...65859,wb ye - al pb
BK...65860,pb al - bl wh
BK...65738,rw al - bw pb
BK...84101,al rw - ob ob
BK...65944,bl yb - yb al
BK...58931,al bl - rw bl
BK...58950,yb wb - al rw
BK...58951,ye al - ob ye
BK...65945,al bw - wb yb
BK...70226,al pi - or or
BK...46050,or pi - al wh
BK...69898,bl al - gr or
BR...95980,pg bl - pg al
BK...59000,al re - ye pg
BK...84147,ob pb - al ye
BR...97004,pb bl - wb al
BR...97329,ob ye - al bl
BR...97392,wb al - ye pb
BK...84242,al wh - wh pg
BK...65880,pg al - bl wb
BR...42851,bl al - wh ob
BK...84177,al bw - re pb
BK...84195,wh al - ob bw
BK...66977,ye wh - bl al
BK...66991,bw re - bw al
BK...58997,al bw - bl wh
BK...58998,ye pb - wb al
BK...65833,rw al - yb bl
BK...65774,al pb - rw rw
BK...65688,al wb - rw bw
BK...84102,al wb - ob bl
BK...58999,yb bw - al rw
BR...96873,al re - bl ob
BK...82001,pi gr - ye al
BK...68900,al ye - or pi
BK...68950,or al - or wh
BK...68985,bl gr - al pi
BK...68986,wh ye - re al
BK...82240,or re - ye al
BK...82199,al or - or gr
BK...68999,gr al - or or
BK...65999,re al - pg wh
BK...84284,bw al - ye re
BK...50859,yb pg - pb al
BK...65797,al re - bl wh
BK...65832,al re - yb pb
BK...65919,wh yb - al rw
BK...84094,al rw - wh bw
BK...84093,al bl - ye ob
BK...84503,bw bl - pg al
BK...84372,re al - ob rw
BK...84504,yb re - pg al
BK...84909,pb yb - bw al
BK...84700,al yb - ye wb
BK...68884,ye bl - al wh
BR...96856,bl al - bl re
BK...84439,wh rw - wh al
BK...84450,al ye - re wb
BK...84973,ye bl - al yb
BK...66728,pg al - ob pb
BK...66724,al wb - ob bw
BK...84949,al yb - pg yb
BK...81463,rw al - tr bk
BK...81463,rw al - tr bk
BK...81464,tr gr - rw al
BK...81464,tr gr - rw al
BK...81464,tr gr - al
BK...81465,tr bk - rw al
BK...81465,tr bk - rw al
BK...81466,al rw - tr bk
BK...68949,al pi - ye bl
BK...68948,bl wh - al ye
BK...68889,gr re - pi al
BK...22018,tr bk - al
BK...22016,tr bk - al
BK...72448,tr bk - al rw
BK...72448,tr bk - al rw
BK...72860,al - tr gr
BK...72838,al - tr gr
BK...72838,al rw - tr gr
BK...72838,al - tr gr
BK...71536,gr gr - wh al
BK...71350,gr wh - al pi
BK...71349,wh wh - al gr
BK...81421,rw al - tr bk
BK...81422,al rw - tr bk
BK...81424,tr bk - al rw
BK...70746,re or - wh al
BK...81332,tr re - rw al
BK...81335,tr ye - al rw
BK...54898,tr gr - al
BK...54898,tr gr - al rw
BK...54898,tr gr - al
BK...54898,tr gr - al rw
BK...54899,tr gr - al
BK...54900,tr gr - rw al
BK...54900,tr gr - al
BK...54900,tr gr - al
BK...81377,tr bk - rw al
BK...81378,tr bk - rw al
BK...81379,tr re - rw al
BK...81379,tr re - rw al
BK...81379,rw al - tr re
BK...81380,tr bk - rw al
BK...81380,tr bk - rw al
BK...81380,tr bk - al rw
BK...81380,tr bk - rw al
BK...81381,tr re - rw al
BK...81381,tr re - rw al
BK...81381,tr re - rw al
BK...81383,tr bk - al rw
BK...81383,tr bk - al rw
BK...81411,rw al - tr re
BK...81411,rw al - tr re
BK...81415,AL - TR BK
BK...81415,rw al - tr bk
BK...81415,rw al - tr bk
BK...24490,al rw - tr bk
BK...27763,AL - TR BK
BK...81007,tr re - rw al
BK...72637,tr re - al
BK...72637,tr re - rw al
BK...72637,tr re - al
BK...72638,tr re - rw al
BK...80498,tr bk - rw al
BK...80499,tr bk - rw al
BK...80499,tr bk - rw al
BK...80499,tr bk - rw al
BK...84574,rw wh - ob al
BK...54536,tr ye - rw al
BK...54536,tr ye - rw al
BK...81255,tr bk - rw al
BK...54544,tr gy - al rw
BK...81273,tr bk - al rw
BK...81275,tr bk - rw al
BK...81275,tr bk - rw al
BK...72766,tr bk - al nw
BK...72767,al rw - tr gy
BK...72770,rw al - tr gy
BK...72770,al - tr gy
BK...72770,al - tr gy
BK...81417,al - tr gr
BK...81417,al - tr gr
BK...81417,rw al - tr gr
BK...81417,rw al - tr gr
BK...24493,rw al - tr re
BK...24493,rw al - tr re
BK...24493,rw al - tr re
BK...24494,tr gy - al rw
BK...72600,tr re - al
BK...72450,AL - TR BK
BK...80463,tr gr - al
BK...80463,tr gr - rw al
BK...80463,tr gr - rw al
BK...80464,tr bk - al rw
BK...80464,tr bk - al rw
BK...80465,tr gr - rw al
BK...80465,tr gr - al
BK...80467,tr bk - rw al
BK...80469,tr re - al rw
BK...81089,tr re - al
BK...81089,tr re - al
BK...81089,tr re - rw al
BK...54838,tr re - rw al
BK...54840,al rw - tr bk
BK...54841,tr bk - al rw
BK...54547,tr re - rw al
BK...54548,tr bk - rw al
BK...24496,rw al - tr re
BK...24496,rw al - tr re
BK...24497,rw al - tr bk
BK...24498,AL - TR BK
BK...24500,al rw - tr bk
BK...72628,tr gy - al rw
BK...72629,tr ye - rw al
BK...72629,tr ye - rw al
BK...72629,tr ye - rw al
BK...72630,tr bk - al rw
BK...72633,tr bk - al rw
BK...72634,tr gr - al
BK...72634,tr gr - al rw
BK...72621,rw al - tr bk
BK...72621,rw al - tr bk
BK...72099,tr bk - al
BK...72099,tr bk - rw al
BK...72099,tr bk - al
BK...54532,tr ye - rw al
BK...22047,al - tr re
BK...54543,tr bl - rw al
BK...54543,tr bl - al
BK...54543,tr bl - rw al
BK...54543,tr bl - rw al
BK...81360,tr bk - rw al
BK...81363,tr ye - al rw
BK...81363,tr ye - rw al
BK...81364,tr ye - rw al
BK...81365,tr re - al rw
BK...81365,tr re - al rw
BK...69932,or or - ye al
BK...81028,rw al - tr gr
BK...81028,al - tr gr
BK...81028,rw al - tr gr
BK...80481,tr bk - rw al
BK...80481,tr bk - rw al
BK...80483,tr bk - rw al
BK...80483,tr bk - rw al
BK...80484,tr bk - rw al
BK...80487,tr bk - rw al
BK...80487,tr bk - rw al
BK...86276,pi bl - ye al
BK...86276,pi bl - ye al
BK...70985,re al - gr pi
BK...72763,tr re - al rw
BK...72763,tr re - al
BK...72763,tr re - al rw
BK...72763,tr re - al
BK...72764,tr re - al
BK...80901,tr gr - al rw
BK...80901,tr gr - al
BK...80905,rw al - tr gr
BK...80905,al - tr gr
BK...80906,tr gr - al
BK...80906,tr gr - rw al
BK...80906,tr gr - rw al
BK...70663,al or - wh pi
BK...80575,al rw - tr gr
BK...80575,al rw - tr gr
BK...80575,al - tr gr
BK...81852,rw al - tr bk
BK...81852,rw al - tr bk
BK...81851,al rw - tr bk
BK...81851,al rw - tr bk
BK...54847,rw al - tr bk
BK...54850,tr bk - rw al
BK...70120,ye al - wh ye
BK...70124,gr al - pi re
BK...82086,or pi - re al
BK...68934,al ye - or gr
BK...81102,AL - TR BK
BK...81102,al rw - tr bk
BK...81102,al rw - tr bk
BK...54541,tr bk - rw al
BK...54541,tr bk - rw al
BK...22029,rw al - tr bk
BK...22032,rw al - tr bk
BK...22032,rw al - tr bk
BK...22032,rw al - tr bk
BK...22033,al or - re ye
BK...22034,al rw - tr bk
BK...22034,al rw - tr bk
BK...22034,al rw - tr bk
BK...22036,rw al - tr ye
BK...69897,al bl - ye pi
BK...70136,pi al - gr bl
BK...70138,al re - gr pi
BK...70683,wh al - re bl
BK...70684,gr pi - al wh
BK...70687,ye wh - gr al
BK...71074,al ye - or pi
BK...71320,gr wh - pi al
BK...71325,bl al - bl bl
BK...71775,wh al - bl pi
BK...71767,wh pi - al re
BK...71001,pi ye - ye al
BK...71333,bl bl - al bl
BK...22718,bl or - al gr
BK...22720,pi pi - al or
BK...71467,or ye - al or
BK...22747,or pi - al ye
BK...84790,pg ye - bl al
BK...81769,tr bk - rw al
BK...81769,tr bk - rw al
BK...81768,rw al - tr bk
BK...81768,rw al - tr bk
BK...81768,rw al - tr bk
BK...81768,rw al - tr re
BK...80585,tr bk - rw al
BK...80586,tr bk - al rw
BK...80586,tr bl - al rw
BK...80586,tr bk - al rw
BK...80586,tr bk - al rw
BK...80586,tr bk - rw al
BK...81012,al - tr gr
BK...81012,rw al - tr gr
BK...81012,al - tr gr
BK...81011,tr gr - rw al
BK...81011,tr gr - rw al
BK...81011,tr gr - al
BK...54545,tr wh - al
BK...54545,tr wh - al rw
BK...54545,tr wh - al rw
BK...54545,tr wh - al
BK...80502,rw al - tr gr
BK...80502,al - tr gr
BK...80502,rw al - tr gr
BK...80502,al - tr gr
BK...81418,tr gr - al
BK...81418,tr gr - al
BK...81418,tr gr - rw al
BK...81418,tr gr - rw al
BK...72513,tr gy - al
BK...71511,ye or - or al
BK...71513,or wh - al pi
BK...71347,bl gr - al bl
BK...22728,gr bl - ye al
BK...71050,re gr - gr al
BK...71438,wh al - wh or
BK...71440,wh al - or re
BK...71441,wh al - ye bl
BK...71444,re al - re wh
BK...81385,rw al - tr bk
BK...81049,tr bk - rw al
BK...72533,rw al - tr bk
BK...24478,rw al - tr bk
BK...24478,rw al - tr re
BK...71100,bl pi - al pi
BK...72773,tr re - rw al
BK...72773,tr re - rw al
BK...72779,rw al - tr re
BK...82189,pi al - re bl
BK...82190,or al - ye wh
BK...82384,bl al - ye re
BK...68916,bl or - wh al
BK...68921,al wh - wh pi
BK...68906,ye or - pi al
BK...81758,tr ye - al rw
BK...81760,tr re - al
BK...84906,wb al - ob re
BK...68991,al or - re bl
BK...68992,pi re - al bl
BK...81388,tr re - rw al
BK...81388,tr re - rw al
BK...81389,al rw - tr re
BK...81775,al rw - tr re
BK...81774,rw al - tr re
BK...81774,rw al - tr re
BK...81773,tr re - rw al
BK...81402,tr re - rw al
BK...70234,gr wh - al re
BK...71497,al pi - bl ye
BK...71497,al pi - bl ye
BK...71458,pi wh - al gr
BK...55692,al nw - tr re
BK...55692,al - tr re
BK...80417,tr bk - rw al
BK...80417,tr bk - rw al
BK...84150,bw al - wb wh
BK...84155,pb yb - pg al
BK...84727,al ob - wb rw
BK...84205,ye rw - al rw
BK...84209,ob pb - al pb
BK...84170,al bw - wb ob
BK...84174,al pg - ye ob
BK...84216,ye al - bw re
BK...84217,bw ob - al ob
BK...84218,al bl - yb rw
BK...84220,rw al - rw wh
BK...80607,tr gr - al rw
BK...34751,tr bk - rw al
BK...34751,tr bk - rw al
BK...81104,tr re - rw al
BK...81104,tr re - rw al
BK...81104,tr re - rw al
BK...81855,tr re - rw al
BK...81855,rw al - tr re
BK...81855,tr re - rw al
BK...34757,rw al - tr bk
BK...34756,tr bk - rw al
BK...34756,tr bk - rw al
BK...34758,tr bk - al rw
BK...34758,tr bk - rw al
BK...34753,al rw - tr bk
BK...34752,al rw - tr bk
BK...84135,re wb - rw al
BK...84227,bw bl - re al
BK...71151,al wh - or re
BK...71154,gr al - re wh
BK...71156,gr al - wh re
BK...71162,wh gr - al gr
BK...71164,pi wh - al re
BK...81860,tr bk - rw al
BK...81860,tr bk - rw al
BK...34766,tr re - rw al
BK...34761,tr bk - rw al
BK...34760,tr re - rw al
BK...34759,rw al - tr re
BK...34762,rw al - tr re
BK...34765,rw al - tr bk
BK...34765,rw al - tr bk
BK...34764,tr bk - rw al
BK...34763,rw al - tr bk
BK...81863,tr bk - rw al
BK...81858,tr re - rw al
BK...81858,tr re - rw al
BK...81862,tr re - rw al
BK...81862,tr re - rw al
BK...22943,al wh - bl gr
BK...22837,bl al - wh re
BK...70945,wh al - re pi
BK...71501,bl ye - gr al
BK...71509,pi or - al bl
BK...70804,pi al - wh re
BK...70829,al - tr re
BK...70829,al - tr re
BK...82310,or wh - or al
BK...82151,wh pi - al or
BK...82153,pi al - pi bl
BK...82200,bl al - ye pi
BK...82297,pi bl - or al
BK...82372,pi al - bl wh
BK...82041,pi wh - al bl
BK...84437,rw al - ob wh
BK...84158,pb wb - al rw
BK...84164,ob al - wb pb
BK...84138,bl al - bl bl
BK...84140,wb bw - bl al
BK...84144,al ye - bl wb
BK...81201,tr bk - rw al
BK...71051,or or - al ye
BK...34770,al rw - tr bk
BK...34770,rw al - tr bk
BK...34772,tr bk - rw al
BK...81764,tr bk - rw al
BK...81767,tr bk - rw al
BK...34775,tr bk - rw al
BK...34775,tr bk - rw al
BK...34773,tr bk - rw al
BK...34774,rw al - tr bk
BK...81105,tr bk - rw al
BK...81106,tr bk - al rw
BK...81108,rw al - tr bk
J...RERE--,re re - 
J...REBL--,re bl - 
J...REGR--,re gr - 
J...REOR--,re or - 
J...REYE--,re ye - 
J...REWH--,re wh - 
BK...82249,ye al - re bl
BK...82250,ye wh - al or
BK...81204,tr ye - rw al
BK...81864,rw al - tr ye
BK...81864,rw al - tr ye
BK...81864,rw al - tr ye
BK...81866,tr ye - rw al
BK...81866,tr ye - rw al
BK...81866,tr ye - rw al
BK...81866,tr ye - rw al
BK...81867,rw al - tr ye
BK...81867,rw al - tr ye
BK...59594,tr ye - al rw
BK...81205,tr ye - al rw
BK...81205,tr ye - al rw
BK...59466,rw al - tr bk
BK...81875,tr bk - al rw
BK...81868,tr bk - al rw
BK...81868,tr bk - al rw
BK...81871,al rw - tr re
BK...71630,tr bk - rw al
BK...71633,wh re - al pi
J...REPI--,re pi - 
J...GRRE--,gr re - 
BK...81210,tr bk - rw al
BK...81210,tr bk - rw al
BK...81210,tr bk - rw al
BK...81210,tr bl - rw al
BK...81211,tr bk - al rw
BK...81877,tr bk - rw al
BK...81878,rw al - tr re
BK...81879,tr ye - al rw
BK...81882,tr re - al rw
BK...81884,tr ye - rw al
BK...81884,tr ye - rw al
BK...81883,tr bk - al rw
BK...81883,tr bk - al rw
BK...81217,al rw - tr re
BK...81777,tr ye - rw al
BK...81777,tr ye - rw al
BK...81010,al - tr gr
BK...23595,al - tr gy
BK...23594,AL - TR BK
BK...34780,al rw - tr ye
BK...81885,tr ye - rw al
BK...34777,al rw - tr ye
BK...34778,tr ye - rw al
BK...34778,tr ye - rw al
BK...80699,al - tr gr
BK...72585,al - tr re
BK...72585,rw al - tr re
BK...72585,al - tr re
BK...22763,AL - TR BK
BK...22746,pi ye - bl al
BK...22846,gr al - pi wh
BK...70543,re al - wh wh
BK...70958,or al - wh gr
BK...70959,pi al - wh gr
BK...70531,pi ye - wh al
BK...70533,wh pi - al bl
BK...81115,tr ye - al rw
BK...81116,tr ye - rw al
BK...81117,tr ye - rw al
BK...70876,or or - al re
BK...70883,ye al - re gr
BK...53849,pi wh - al or
BK...71702,al bl - or ye
BK...71708,ye ye - al re
BK...51600,al bl - ye re
BK...70294,gr ye - bl al
BK...70969,gr al - re re
BK...70970,al gr - or ye
BK...71785,or or - gr al
BK...71091,ye pi - gr al
BK...70250,gr wh - gr al
BK...71404,al wh - gr or
BK...71408,bl wh - al or
BK...70284,al or - pi ye
BK...70285,al gr - ye pi
BK...70289,al re - wh bl
BK...70291,ye al - re ye
BK...18396,gr al - ye or
BK...71048,al gr - wh wh
BK...72079,tr bk - rw al
BK...72079,tr bk - al
BK...80610,tr re - rw al
BK...70524,or gr - bl al
BK...84419,rw wh - al pb
BK...84118,al bl - rw pb
BK...84118,al bl - rw pb
BK...84233,pb pg - wb al
BK...84237,pg ob - wh al
BK...84240,al re - ob pg
BK...84261,pb wb - bw al
BK...84123,wb re - re al
BK...84127,yb pg - wb al
BK...71568,al or - or wh
BK...22622,or al - ye ye
BK...71599,or al - gr re
BK...22750,wh al - gr ye
BK...22878,or ye - al wh
BK...22881,or ye - or al
BK...71392,pi al - re pi
BK...71393,gr or - ye al
BK...22749,pi re - al bl
BK...22859,tr bk - al
BK...81220,tr ye - rw al
BK...54546,tr gr - al
BK...22613,al or - gr pi
BK...71113,re bl - re al
BK...70297,al wh - pi bl
BK...69895,al or - ye re
BK...69895,al or - ye re
BK...70508,wh or - al gr
BK...71140,ye bl - pi al
BK...71147,al pi - re ye
BK...71445,re gr - al wh
BK...71054,al bl - bl re
BK...22748,al wh - bl bl
BK...22748,al wh - bl bl
BK...71031,al pi - pi gr
BK...70248,re bl - al bl
BK...70249,bl wh - or al
BK...71797,al wh - wh ye
BK...81401,tr gr - rw al
BK...81401,tr gr - al
BK...81401,tr gr - rw al
BK...81401,tr gr - al
BK...70841,gr ye - al ye
BK...70843,re al - bl bl
BK...84087,pg al - re re
BK...84090,pb wh - bl al
BK...84091,al pg - re bl
BK...84926,wb al - pg pg
BK...84562,wh ob - al bl
BK...84566,yb ye - al ye
BK...65870,al bw - rw yb
BK...65887,re re - bl al
BK...65564,pb al - pb pb
BK...65566,al re - ye wh
BK...84186,al yb - rw pg
BK...84190,yb al - bw bl
BK...70482,gr al - re ye
BK...59042,re pi - al or
BK...70981,al re - or ye
BK...22950,bl al - gr or
BK...22950,gr or - bl al
BK...34790,al rw - tr ye
BK...34788,tr ye - rw al
BK...81897,tr ye - al rw
BK...84283,wh pb - al ob
BK...84779,wb rw - pb al
BK...84411,re pg - rw al
BK...84095,bl ye - ob al
BK...84097,wb al - ob pg
BK...84099,al ye - pg re
BK...66949,al bl - bl ye
BK...66952,yb bw - pb al
BK...66955,al bw - wb bl
BK...84340,ob al - bw bl
BK...66979,rw pb - bw al
BK...66984,re al - wb wh
BK...84588,pg ob - pg al
BK...84589,al pb - bw pb
BK...84590,al ye - wb yb
BK...68998,or al - or or
BK...82354,bl or - or al
BK...82301,pi al - ye pi
J...GRBL--,gr bl - 
BK...82018,gr bl - al re
J...GRGR--,gr gr - 
J...GROR--,gr or - 
J...GRWH--,gr wh - 
J...GRPI--,gr pi - 
J...YERE--,ye re - 
J...YEBL--,ye bl - 
J...YEGR--,ye gr - 
BK...82437,gr pi - al ye
BK...82441,bl al - gr gr
BK...82404,re ye - wh al
BK...59588,tr ye - rw al
BK...59588,tr ye - rw al
BK...81804,tr ye - rw al
BK...34791,al rw - tr ye
BK...34792,tr ye - al rw
J...YEOR--,ye or - 
J...YEYE--,ye ye - 
J...YEWH--,ye wh - 
J...--WHOR, - wh or
J...PIPI--,pi pi - 
J...--YERE, - ye re
J...YEPI--,ye pi - 
J...WHRE--,wh re - 
J...WHGR--,wh gr - 
J...WHOR--,wh or - 
J...WHYE--,wh ye - 
J...WHWH--,wh wh - 
J...WHPI--,wh pi - 
J...PIRE--,pi re - 
J...PIBL--,pi bl - 
J...PIGR--,pi gr - 
J...PIOR--,pi or - 
J...PIYE--,pi ye - 
J...--YEYE, - ye ye
J...--YEWH, - ye wh
BK...84391,ye bw - ye al
BK...65822,wh al - ob pg
BK...65823,wh bw - bl al
J...--YEBL, - ye bl
J...--YEGR, - ye gr
J...--YEOR, - ye or
J...--YEPI, - ye pi
J...--WHRE, - wh re
J...--WHBL, - wh bl
J...--WHGR, - wh gr
J...--WHYE, - wh ye
BK...59448,rw al - tr bk
J...--WHPI, - wh pi
J...--PIRE, - pi re
J...--PIGR, - pi gr
J...--PIOR, - pi or
J...--PIYE, - pi ye
J...--GRRE, - gr re
J...--GRBL, - gr bl
J...--GRGR, - gr gr
J...--GROR, - gr or
J...--GRYE, - gr ye
J...--GRWH, - gr wh
J...--GRPI, - gr pi
J...--ORRE, - or re
J...--ORBL, - or bl
J...--ORGR, - or gr
J...--OROR, - or or
J...--ORYE, - or ye
BK...81454,tr bk - rw al
BK...72751,al - tr re
BK...59481,al gr - ye re
BK...65555,bw al - bw bw
BK...65556,rw al - rw ob
BK...65557,wb wb - ye al
BK...84326,al wb - wb bw
BK...84302,wh ye - al re
BK...84305,ob al - bw wb
BK...65764,al bl - pg pb
BK...65766,re al - pb rw
BK...58817,rw al - wh ye
...6257001,LTGA
...6257004,LTGF
...6257005,LTGH
...6257007,WT 0
...6257008,WT 1
...6257009,LTGN
...6257010,WT 2
...6257011,WT 3
...6257016,WT 5
...6257029,WT 8
...6257033,WT 9
...6257034,WT A
...6257038,WT C
...6257041,WT F
...6257047,WT G
...6257050,WT H
...6257055,WT J
...6257056,WT K
...6257059,WT L
...6257060,WT M
...6257064,WT N
...6257069,WT P
...6257071,WT R
...6257075,WT S
...6257077,WT T
...6257081,WT W
...6257088,WT Y
...6257092,WT Z
...6257095,WU 0
...6257096,WU 1
...6257098,WU 2
...6256657,WU 3
...6256660,WU 4
...6256666,WU 5
...6256667,WU 6
...6256669,WU 7
...6214833,WL G
...6214834,WL J
...6214835,WL A
...6214798,WL D
...6214827,WL F
...6214737,WK J
...6214782,WL 5
...6214783,WL 6
...6214729,WK D
...6214731,WK F
...6214732,WK G
...6214718,WK A
...6214723,WK C
...6214711,WK 9
...6214752,WK K
...6214756,WK L
...6214758,WK N
...6214760,WK P
...6214763,WK R
...6214764,WK S
...6214768,WK T
...6214769,WK U
...6214770,WK V
...6214771,WK Y
...6214773,WL 1
...6214774,WL 2
...6214777,WL 3
...6214779,WL 4
...6214793,WL 7
...6214794,WL 8
...6214795,WL 9
...6214797,WL C
...6214836,WL K
...6214840,WL L
BK...58802,al rw - rw yb
BK...58803,wb rw - bl al
BK...65748,wh yb - wh al
BK...65697,pb pg - bw al
BK...84312,ye pb - bl al
BK...84533,re al - bw bw
BK...78343,al gr - re pi
J...BLRE--,bl re - 
J...BLBL--,bl bl - 
J...BLGR--,bl gr - 
J...BLOR--,bl or - 
J...BLYE--,bl ye - 
J...BLWH--,bl wh - 
J...BLPI--,bl pi - 
J...ORRE--,or re - 
BK...78103,wh wh - al pi
BK...46436,gr al - wh pi
BK...46432,al pi - re wh
BK...78114,or or - al wh
J...ORBL--,or bl - 
J...WHBL--,wh bl - 
J...PIWH--,pi wh - 
J...--RERE, - re re
J...--REBL, - re bl
J...--PIPI, - pi pi
J...--WHWH, - wh wh
J...--PIBL, - pi bl
J...--PIWH, - pi wh
BK...64630,bl or - al re
BK...64629,al or - bl or
BK...64563,ye gr - al or
BK...64568,bl al - re re
BK...64639,al re - gr gr
BK...46454,al re - re ye
BK...46455,pi al - gr pi
BK...64587,al re - gr ye
BK...64577,pi al - or or
BK...64641,re al - gr ye
BK...46438,re pi - wh al
BK...46431,gr re - gr al
BK...78223,al wh - bl wh
BK...46433,re al - bl pi
BK...78458,ye pi - ye al
BK...78075,or gr - wh al
BK...78077,pi or - pi al
BK...78078,ye re - re al
BK...46437,pi al - wh or
BK...46435,re pi - al bl
BK...78127,wh pi - al wh
BK...46439,or or - wh al
BK...46434,gr pi - al bl
BK...84038,wh ob - al ye
BK...84467,al ye - ye ye
BK...65989,pg al - rw ob
BK...65932,al bl - wb bw
BK...58961,ye ob - al re
BK...84958,wh yb - al ye
BK...84653,bl al - re ye
BK...84655,re al - yb pb
BK...84706,al ye - rw pg
BK...84384,rw al - ob ob
BK...58877,wh ye - bl al
BK...58899,ye bl - ye al
BK...58901,pb ob - al pb
BK...65752,bw wb - al bl
BK...66910,al pg - wh wb
BK...65603,yb rw - al pb
BK...66349,al rw - wh yb
BR...97043,bw ye - al wb
BK...66345,al bw - wh yb
BK...66142,al bw - wh ye
BK...66151,rw al - ob pg
BK...66144,al ye - rw bl
BK...66145,al wb - bl ob
BK...66299,wh pb - al pg
BK...66287,al re - re rw
BK...66296,bw bl - al bw
BK...66311,ye wh - ob al
BK...66187,bl pb - al pb
BK...66135,wb ye - al yb
BK...66387,wb al - wh yb
BK...66340,ye re - al pb
BK...66342,re al - ye ob
BK...84501,re pb - al bw
BK...66257,bw ye - re al
BK...66258,rw al - wb pg
BK...66259,al ob - pg ob
BK...65947,rw al - yb bw
BK...65948,yb al - wh pg
BK...65951,bw al - ye ob
BK...65976,al rw - rw bw
BK...66249,re al - yb pb
BK...66450,yb wh - re al
BK...66232,rw pb - rw al
BK...84370,rw ye - al ye
BK...66424,al re - pb wb
BK...58928,bl rw - yb al
BK...58778,bw al - pg bw
BK...58780,wb al - pg re
BK...65568,al ye - yb ye
BK...84951,wb re - al bl
BK...84677,al yb - bl bw
BK...84681,al pg - wb yb
BK...66364,bw bl - al rw
BK...66398,ye pb - yb al
BK...66408,wb re - al ob
BK...66409,al re - re ye
BK...66265,bl bl - al bl
BK...66266,ye yb - al wb
BK...65958,rw al - wh pg
BK...66267,yb pb - wb al
BK...84940,wh pg - yb al
BK...66447,ob ob - al bw
BK...65092,rw al - wh pb
BK...66173,al yb - wh wb
BK...99887,RE -
J....PI---,PI -
J....WH---,WH -
J....RE---,RE -
J....BL---,BL -
J....--GR-, - GR
J....--PI-, - PI
J....OR---,OR -
J....YE---,YE -
BK...65827,pg bl - re al
BK...84074,al re - pg re
BK...58820,ob al - wb bw
BK...58825,al rw - pg bl
BK...58979,bw al - wh ob
BK...58983,al bw - ye rw
BK...84288,al pg - bl wh
BK...84294,al wb - bl yb
BK...66933,al pg - ob wb
BK...66935,al ye - pb pg
BK...66938,bl bl - yb al
BK...65806,rw al - re ob
BK...84451,yb al - wb wb
BK...65839,re al - yb pb
BK...66903,al pg - ob bw
BK...66905,al bl - wb pb
BK...66905,al wb - bl pb
BK...65920,ye al - bw wb
BK...58738,yb pb - al pb
BK...65847,pb ye - pb al
BK...65850,pg al - bl wh
BK...71803,wh pi - bl al
BK...71669,wh or - or al
BK...71675,tr ye - al rw
BK...71678,or pi - bl al
BK...81120,tr bk - al rw
BK...81119,tr bk - al rw
BK...81118,tr bk - al rw
BK...81222,tr bk - al rw
BK...81222,tr bk - rw al
BK...81778,rw al - tr bk
BK...81807,al rw - tr bk
BK...81808,tr bk - al rw
BK...81808,tr bl - al rw
BK...81808,tr bk - al rw
BK...81224,al rw - tr gy
BK...81226,tr gy - al rw
BK...81227,al rw - tr gy
BK...81227,al rw - tr gy
BK...81227,rw al - tr re
BK...81809,tr gy - rw al
BK...66201,al bw - yb yb
BK...34794,al rw - tr re
BK...80623,tr bk - al rw
BK...80623,tr re - al
BK...80623,tr gy - al rw
BK...81810,rw al - tr gy
BK...93767,al rw - tr bk
BK...81812,rw al - tr gy
BK...81817,tr gy - rw al
BK...81830,rw al - tr re
BK...81830,al - tr re
BK...81830,al - tr re
BK...21687,gr al - ye ye
BK...21688,ye pi - al re
BK...21691,ye al - gr bl
BK...22551,gr bl - al pi
BK...22552,gr gr - al pi
BK...21701,ye bl - al re
BK...59102,pi re - al wh
BK...59103,pi ye - al pi
BK...86357,ye gr - al ye
BK...86358,re bl - al wh
BK...86359,al gr - re gr
BK...59104,bl wh - gr al
BK...86360,bl al - pi pi
BK...86362,ye bl - ye al
BK...59105,wh bl - gr al
BK...59106,pi wh - al pi
BK...22782,al or - or gr
BK...22783,bl al - pi re
BK...53528,al bl - wh gr
BK...53529,pi wh - bl al
BK...22785,ye bl - al ye
BK...22786,ye re - al pi
BK...22787,pi ye - al bl
BK...22788,or al - wh re
BK...53530,wh al - bl gr
BK...22789,al wh - gr ye
BK...22790,al pi - bl bl
BK...53531,gr bl - al ye
BK...53532,or bl - al or
BK...53533,al wh - ye gr
BK...53534,ye wh - al ye
BK...53535,bl al - wh or
BK...53536,or re - wh al
BK...53537,gr al - or bl
BK...82738,re pi - pi al
BK...82740,pi al - pi ye
BK...82742,al or - pi gr
BK...82743,ye bl - re al
BK...81837,tr re - al
BK...81837,tr re - al
BK...82442,ye bl - al gr
BK...82451,ye al - wh bl
BK...82443,al or - wh bl
BK...82452,re al - pi re
BK...82444,or gr - al ye
BK...82453,ye al - bl gr
BK...82445,al bl - gr re
BK...82446,ye bl - al bl
BK...82447,wh al - gr ye
BK...68819,or bl - al bl
BK...68820,bl bl - or al
BK...68821,re ye - al gr
BK...68822,gr ye - or al
BK...68823,gr or - al or
BK...38484,tr re - al
BK...38486,tr re - al
BK...38487,tr re - al
BK...38488,tr re - al
BK...38494,tr re - al
BK...38497,tr re - al
BK...80628,tr gy - al
BK...80628,tr gy - al
BK...80628,tr gy - nw al
BK...34796,al rw - tr bk
BK...34902,tr bk - al rw
BK...34902,tr bk - al
BK...34901,rw al - tr bk
BK...34901,AL - TR BK
BK...80635,rw al - tr gy
BK...80635,al rw - tr gy
BK...80635,al - tr gy
BK...81124,rw al - tr ye
BK...34795,tr bk - rw al
BK...81779,al rw - tr gy
BK...81779,al rw - tr gy
BK...78515,al ye - wh gr
BK...78516,re al - pi re
BK...78514,al or - re or
BK...78512,re re - gr al
BK...78511,ye al - bl gr
BK...78503,bl or - al wh
BK...78504,ye bl - al bl
BK...78510,al bl - wh ye
BK...78502,pi al - bl ye
BK...78505,al bl - gr ye
BK...78501,re wh - bl al
BK...78507,gr wh - al re
BK...78508,gr al - re pi
BK...78509,wh bl - al re
BK...81781,nw al - tr gy
