"RingNumber","Mother","Father","BroodID","Sex","RingYear","BirthYear","RingPopulationName","RingNestBox","RingLatitude","RingLongitude","Species","RingColour","ColourRingLeft1","ColourRingLeft2","ColourRingRight1","ColourRingRight2","ColourRingCombo","NumNestSites","BreedingAttempts","FirstBreedingYear","LastBreedingYear","BreedingSpan","MeanClutchSize","MinClutchSize","MaxClutchSize","TotalEggs","MotherRingColour","FatherRingColour","DispersalDistance_m","TotalDistance_m","SexText"
"A....38508","H....63071","H....63007",2056,0,1958,1958,"Vlieland","223",53.279734,5.009343,"GREAT TIT",NA,NA,NA,NA,NA,"",NA,NA,NA,NA,NA,NA,NA,NA,NA,NA,NA,NA,NA,"Unknown"
"A....38509","H....63071","H....63007",2056,0,1958,1958,"Vlieland","223",53.279734,5.009343,"GREAT TIT",NA,NA,NA,NA,NA,"",NA,NA,NA,NA,NA,NA,NA,NA,NA,NA,NA,NA,NA,"Unknown"
"A....38510","H....63071","H....63007",2056,0,1958,1958,"Vlieland","223",53.279734,5.009343,"GREAT TIT",NA,NA,NA,NA,NA,"",NA,NA,NA,NA,NA,NA,NA,NA,NA,NA,NA,NA,NA,"Unknown"
"A....38511","H....63071","H....63007",2056,0,1958,1958,"Vlieland","223",53.279734,5.009343,"GREAT TIT",NA,NA,NA,NA,NA,"",NA,NA,NA,NA,NA,NA,NA,NA,NA,NA,NA,NA,NA,"Unknown"
"A....38610","H....85812",NA,8660,0,1958,1958,"Vlieland","956",53.29611,5.06619,"GREAT TIT",NA,NA,NA,NA,NA,"",NA,NA,NA,NA,NA,NA,NA,NA,NA,NA,NA,NA,NA,"Unknown"
"A....38611","H....85812",NA,8660,0,1958,1958,"Vlieland","956",53.29611,5.06619,"GREAT TIT",NA,NA,NA,NA,NA,"",NA,NA,NA,NA,NA,NA,NA,NA,NA,NA,NA,NA,NA,"Unknown"
"A....38612","H....85812",NA,8660,0,1958,1958,"Vlieland","956",53.29611,5.06619,"GREAT TIT",NA,NA,NA,NA,NA,"",NA,NA,NA,NA,NA,NA,NA,NA,NA,NA,NA,NA,NA,"Unknown"
"A....38613","H....85812",NA,8660,0,1958,1958,"Vlieland","956",53.29611,5.06619,"GREAT TIT",NA,NA,NA,NA,NA,"",NA,NA,NA,NA,NA,NA,NA,NA,NA,NA,NA,NA,NA,"Unknown"
"A....38614","H....85812",NA,8660,0,1958,1958,"Vlieland","956",53.29611,5.06619,"GREAT TIT",NA,NA,NA,NA,NA,"",NA,NA,NA,NA,NA,NA,NA,NA,NA,NA,NA,NA,NA,"Unknown"
"A....38615","H....85812",NA,8660,0,1958,1958,"Vlieland","956",53.29611,5.06619,"GREAT TIT",NA,NA,NA,NA,NA,"",NA,NA,NA,NA,NA,NA,NA,NA,NA,NA,NA,NA,NA,"Unknown"
"A....38616","H....85812",NA,8660,0,1958,1958,"Vlieland","956",53.29611,5.06619,"GREAT TIT",NA,NA,NA,NA,NA,"",NA,NA,NA,NA,NA,NA,NA,NA,NA,NA,NA,NA,NA,"Unknown"
"A....38617","H....85812",NA,8660,0,1958,1958,"Vlieland","956",53.29611,5.06619,"GREAT TIT",NA,NA,NA,NA,NA,"",NA,NA,NA,NA,NA,NA,NA,NA,NA,NA,NA,NA,NA,"Unknown"
"A....38618","H....85812",NA,8660,0,1958,1958,"Vlieland","956",53.29611,5.06619,"GREAT TIT",NA,NA,NA,NA,NA,"",NA,NA,NA,NA,NA,NA,NA,NA,NA,NA,NA,NA,NA,"Unknown"
"A....38748","H....62984",NA,2055,0,1958,1958,"Vlieland","222",53.280605,5.012417,"GREAT TIT",NA,NA,NA,NA,NA,"",NA,NA,NA,NA,NA,NA,NA,NA,NA,NA,NA,NA,NA,"Unknown"
"A....38749","H....62984",NA,2055,0,1958,1958,"Vlieland","222",53.280605,5.012417,"GREAT TIT",NA,NA,NA,NA,NA,"",NA,NA,NA,NA,NA,NA,NA,NA,NA,NA,NA,NA,NA,"Unknown"
"A....38750","H....62984",NA,2055,1,1958,1958,"Vlieland","222",53.280605,5.012417,"GREAT TIT",NA,NA,NA,NA,NA,"",NA,NA,NA,NA,NA,NA,NA,NA,NA,NA,NA,NA,NA,"Female"
"A....38751","H....62984",NA,2055,0,1958,1958,"Vlieland","222",53.280605,5.012417,"GREAT TIT",NA,NA,NA,NA,NA,"",NA,NA,NA,NA,NA,NA,NA,NA,NA,NA,NA,NA,NA,"Unknown"
"A....38752","H....62984",NA,2055,2,1958,1958,"Vlieland","222",53.280605,5.012417,"GREAT TIT",NA,NA,NA,NA,NA,"",NA,NA,NA,NA,NA,NA,NA,NA,NA,NA,NA,NA,NA,"Male"
"A....38753","H....62984",NA,2055,0,1958,1958,"Vlieland","222",53.280605,5.012417,"GREAT TIT",NA,NA,NA,NA,NA,"",NA,NA,NA,NA,NA,NA,NA,NA,NA,NA,NA,NA,NA,"Unknown"
"A....38754","H....62984",NA,2055,0,1958,1958,"Vlieland","222",53.280605,5.012417,"GREAT TIT",NA,NA,NA,NA,NA,"",NA,NA,NA,NA,NA,NA,NA,NA,NA,NA,NA,NA,NA,"Unknown"
"A....40069","A....38315",NA,2405,0,1958,1958,"Vlieland","680",53.30207,5.06711,"GREAT TIT",NA,NA,NA,NA,NA,"",NA,NA,NA,NA,NA,NA,NA,NA,NA,NA,NA,NA,NA,"Unknown"
"A....40070","A....38315",NA,2405,0,1958,1958,"Vlieland","680",53.30207,5.06711,"GREAT TIT",NA,NA,NA,NA,NA,"",NA,NA,NA,NA,NA,NA,NA,NA,NA,NA,NA,NA,NA,"Unknown"
"A....40071","A....38315",NA,2405,0,1958,1958,"Vlieland","680",53.30207,5.06711,"GREAT TIT",NA,NA,NA,NA,NA,"",NA,NA,NA,NA,NA,NA,NA,NA,NA,NA,NA,NA,NA,"Unknown"
"A....40072","A....38315",NA,2405,0,1958,1958,"Vlieland","680",53.30207,5.06711,"GREAT TIT",NA,NA,NA,NA,NA,"",NA,NA,NA,NA,NA,NA,NA,NA,NA,NA,NA,NA,NA,"Unknown"
"A....40095","A....38669","A....38670",2740,0,1958,1958,"Vlieland","811",53.29611,5.06619,"GREAT TIT",NA,NA,NA,NA,NA,"",NA,NA,NA,NA,NA,NA,NA,NA,NA,NA,NA,NA,NA,"Unknown"
"A....40097","A....38669","A....38670",2740,0,1958,1958,"Vlieland","811",53.29611,5.06619,"GREAT TIT",NA,NA,NA,NA,NA,"",NA,NA,NA,NA,NA,NA,NA,NA,NA,NA,NA,NA,NA,"Unknown"
"A....40098","A....38669","A....38670",2740,0,1958,1958,"Vlieland","811",53.29611,5.06619,"GREAT TIT",NA,NA,NA,NA,NA,"",NA,NA,NA,NA,NA,NA,NA,NA,NA,NA,NA,NA,NA,"Unknown"
"A....40099","A....38669","A....38670",2740,0,1958,1958,"Vlieland","811",53.29611,5.06619,"GREAT TIT",NA,NA,NA,NA,NA,"",NA,NA,NA,NA,NA,NA,NA,NA,NA,NA,NA,NA,NA,"Unknown"
"A....40100","A....38669","A....38670",2740,0,1958,1958,"Vlieland","811",53.29611,5.06619,"GREAT TIT",NA,NA,NA,NA,NA,"",NA,NA,NA,NA,NA,NA,NA,NA,NA,NA,NA,NA,NA,"Unknown"
"A....50058","A....40129","A....39545",2585,0,1959,1959,"Vlieland","-10",53.29611,5.06619,"GREAT TIT",NA,NA,NA,NA,NA,"",NA,NA,NA,NA,NA,NA,NA,NA,NA,NA,NA,NA,NA,"Unknown"
"A....50059","A....40129","A....39545",2585,0,1959,1959,"Vlieland","-10",53.29611,5.06619,"GREAT TIT",NA,NA,NA,NA,NA,"",NA,NA,NA,NA,NA,NA,NA,NA,NA,NA,NA,NA,NA,"Unknown"
"A....50060","A....40129","A....39545",2585,0,1959,1959,"Vlieland","-10",53.29611,5.06619,"GREAT TIT",NA,NA,NA,NA,NA,"",NA,NA,NA,NA,NA,NA,NA,NA,NA,NA,NA,NA,NA,"Unknown"
"A....50061","A....40129","A....39545",2585,0,1959,1959,"Vlieland","-10",53.29611,5.06619,"GREAT TIT",NA,NA,NA,NA,NA,"",NA,NA,NA,NA,NA,NA,NA,NA,NA,NA,NA,NA,NA,"Unknown"
"A....50062","A....40129","A....39545",2585,0,1959,1959,"Vlieland","-10",53.29611,5.06619,"GREAT TIT",NA,NA,NA,NA,NA,"",NA,NA,NA,NA,NA,NA,NA,NA,NA,NA,NA,NA,NA,"Unknown"
"A....50063","A....40129","A....39545",2585,0,1959,1959,"Vlieland","-10",53.29611,5.06619,"GREAT TIT",NA,NA,NA,NA,NA,"",NA,NA,NA,NA,NA,NA,NA,NA,NA,NA,NA,NA,NA,"Unknown"
"A....50163","A....38856",NA,8661,0,1959,1959,"Vlieland","957",53.29611,5.06619,"GREAT TIT",NA,NA,NA,NA,NA,"",NA,NA,NA,NA,NA,NA,NA,NA,NA,NA,NA,NA,NA,"Unknown"
"A....50165","A....38856",NA,8661,0,1959,1959,"Vlieland","957",53.29611,5.06619,"GREAT TIT",NA,NA,NA,NA,NA,"",NA,NA,NA,NA,NA,NA,NA,NA,NA,NA,NA,NA,NA,"Unknown"
"A....50166","A....38856",NA,8661,0,1959,1959,"Vlieland","957",53.29611,5.06619,"GREAT TIT",NA,NA,NA,NA,NA,"",NA,NA,NA,NA,NA,NA,NA,NA,NA,NA,NA,NA,NA,"Unknown"
"A....50167","A....38856",NA,8661,0,1959,1959,"Vlieland","957",53.29611,5.06619,"GREAT TIT",NA,NA,NA,NA,NA,"",NA,NA,NA,NA,NA,NA,NA,NA,NA,NA,NA,NA,NA,"Unknown"
"A....71326","A....71357","A....38556",2226,0,1959,1959,"Vlieland","428",53.302494,5.068413,"GREAT TIT",NA,NA,NA,NA,NA,"",NA,NA,NA,NA,NA,NA,NA,NA,NA,NA,NA,NA,NA,"Unknown"
"A....71327","A....71357","A....38556",2226,0,1959,1959,"Vlieland","428",53.302494,5.068413,"GREAT TIT",NA,NA,NA,NA,NA,"",NA,NA,NA,NA,NA,NA,NA,NA,NA,NA,NA,NA,NA,"Unknown"
"A....71328","A....71357","A....38556",2226,0,1959,1959,"Vlieland","428",53.302494,5.068413,"GREAT TIT",NA,NA,NA,NA,NA,"",NA,NA,NA,NA,NA,NA,NA,NA,NA,NA,NA,NA,NA,"Unknown"
"A....71329","A....71357","A....38556",2226,0,1959,1959,"Vlieland","428",53.302494,5.068413,"GREAT TIT",NA,NA,NA,NA,NA,"",NA,NA,NA,NA,NA,NA,NA,NA,NA,NA,NA,NA,NA,"Unknown"
"A....71330","A....71357","A....38556",2226,0,1959,1959,"Vlieland","428",53.302494,5.068413,"GREAT TIT",NA,NA,NA,NA,NA,"",NA,NA,NA,NA,NA,NA,NA,NA,NA,NA,NA,NA,NA,"Unknown"
"A....71331","A....71357","A....38556",2226,0,1959,1959,"Vlieland","428",53.302494,5.068413,"GREAT TIT",NA,NA,NA,NA,NA,"",NA,NA,NA,NA,NA,NA,NA,NA,NA,NA,NA,NA,NA,"Unknown"
"A....71332","A....71357","A....38556",2226,0,1959,1959,"Vlieland","428",53.302494,5.068413,"GREAT TIT",NA,NA,NA,NA,NA,"",NA,NA,NA,NA,NA,NA,NA,NA,NA,NA,NA,NA,NA,"Unknown"
"A....71333","A....71357","A....38556",2226,0,1959,1959,"Vlieland","428",53.302494,5.068413,"GREAT TIT",NA,NA,NA,NA,NA,"",NA,NA,NA,NA,NA,NA,NA,NA,NA,NA,NA,NA,NA,"Unknown"
"A....71334","A....71357","A....38556",2226,0,1959,1959,"Vlieland","428",53.302494,5.068413,"GREAT TIT",NA,NA,NA,NA,NA,"",NA,NA,NA,NA,NA,NA,NA,NA,NA,NA,NA,NA,NA,"Unknown"
"A....71335","A....71357","A....38556",2226,0,1959,1959,"Vlieland","428",53.302494,5.068413,"GREAT TIT",NA,NA,NA,NA,NA,"",NA,NA,NA,NA,NA,NA,NA,NA,NA,NA,NA,NA,NA,"Unknown"
"A....71336","A....71357","A....38556",2226,0,1959,1959,"Vlieland","428",53.302494,5.068413,"GREAT TIT",NA,NA,NA,NA,NA,"",NA,NA,NA,NA,NA,NA,NA,NA,NA,NA,NA,NA,NA,"Unknown"
"A....71348","A....38436","A....38407",2586,0,1959,1959,"Vlieland","-9",53.29611,5.06619,"GREAT TIT",NA,NA,NA,NA,NA,"",NA,NA,NA,NA,NA,NA,NA,NA,NA,NA,NA,NA,NA,"Unknown"
"A....71349","A....38436","A....38407",2586,0,1959,1959,"Vlieland","-9",53.29611,5.06619,"GREAT TIT",NA,NA,NA,NA,NA,"",NA,NA,NA,NA,NA,NA,NA,NA,NA,NA,NA,NA,NA,"Unknown"
"A....71350","A....38436","A....38407",2586,0,1959,1959,"Vlieland","-9",53.29611,5.06619,"GREAT TIT",NA,NA,NA,NA,NA,"",NA,NA,NA,NA,NA,NA,NA,NA,NA,NA,NA,NA,NA,"Unknown"
"A....71351","A....38436","A....38407",2586,0,1959,1959,"Vlieland","-9",53.29611,5.06619,"GREAT TIT",NA,NA,NA,NA,NA,"",NA,NA,NA,NA,NA,NA,NA,NA,NA,NA,NA,NA,NA,"Unknown"
"A....71352","A....38436","A....38407",2586,0,1959,1959,"Vlieland","-9",53.29611,5.06619,"GREAT TIT",NA,NA,NA,NA,NA,"",NA,NA,NA,NA,NA,NA,NA,NA,NA,NA,NA,NA,NA,"Unknown"
"A....71353","A....38436","A....38407",2586,0,1959,1959,"Vlieland","-9",53.29611,5.06619,"GREAT TIT",NA,NA,NA,NA,NA,"",NA,NA,NA,NA,NA,NA,NA,NA,NA,NA,NA,NA,NA,"Unknown"
"A....71354","A....38436","A....38407",2586,0,1959,1959,"Vlieland","-9",53.29611,5.06619,"GREAT TIT",NA,NA,NA,NA,NA,"",NA,NA,NA,NA,NA,NA,NA,NA,NA,NA,NA,NA,NA,"Unknown"
"A....71355","A....38436","A....38407",2586,0,1959,1959,"Vlieland","-9",53.29611,5.06619,"GREAT TIT",NA,NA,NA,NA,NA,"",NA,NA,NA,NA,NA,NA,NA,NA,NA,NA,NA,NA,NA,"Unknown"
"A....71356","A....38436","A....38407",2586,0,1959,1959,"Vlieland","-9",53.29611,5.06619,"GREAT TIT",NA,NA,NA,NA,NA,"",NA,NA,NA,NA,NA,NA,NA,NA,NA,NA,NA,NA,NA,"Unknown"
"A....71637","A....40127","A....39576",2225,0,1959,1959,"Vlieland","427",53.304517,5.067788,"GREAT TIT",NA,NA,NA,NA,NA,"",NA,NA,NA,NA,NA,NA,NA,NA,NA,NA,NA,NA,NA,"Unknown"
"A....71638","A....40127","A....39576",2225,0,1959,1959,"Vlieland","427",53.304517,5.067788,"GREAT TIT",NA,NA,NA,NA,NA,"",NA,NA,NA,NA,NA,NA,NA,NA,NA,NA,NA,NA,NA,"Unknown"
"A....71639","A....40127","A....39576",2225,0,1959,1959,"Vlieland","427",53.304517,5.067788,"GREAT TIT",NA,NA,NA,NA,NA,"",NA,NA,NA,NA,NA,NA,NA,NA,NA,NA,NA,NA,NA,"Unknown"
"A....71640","A....40127","A....39576",2225,0,1959,1959,"Vlieland","427",53.304517,5.067788,"GREAT TIT",NA,NA,NA,NA,NA,"",NA,NA,NA,NA,NA,NA,NA,NA,NA,NA,NA,NA,NA,"Unknown"
"A....71641","A....40127","A....39576",2225,0,1959,1959,"Vlieland","427",53.304517,5.067788,"GREAT TIT",NA,NA,NA,NA,NA,"",NA,NA,NA,NA,NA,NA,NA,NA,NA,NA,NA,NA,NA,"Unknown"
"A....71642","A....40127","A....39576",2225,0,1959,1959,"Vlieland","427",53.304517,5.067788,"GREAT TIT",NA,NA,NA,NA,NA,"",NA,NA,NA,NA,NA,NA,NA,NA,NA,NA,NA,NA,NA,"Unknown"
"A....71643","A....40127","A....39576",2225,0,1959,1959,"Vlieland","427",53.304517,5.067788,"GREAT TIT",NA,NA,NA,NA,NA,"",NA,NA,NA,NA,NA,NA,NA,NA,NA,NA,NA,NA,NA,"Unknown"
"A....71966","A....71915","A....39427",2406,0,1959,1959,"Vlieland","681",53.29611,5.06619,"GREAT TIT",NA,NA,NA,NA,NA,"",NA,NA,NA,NA,NA,NA,NA,NA,NA,NA,NA,NA,NA,"Unknown"
"A....71967","A....71915","A....39427",2406,0,1959,1959,"Vlieland","681",53.29611,5.06619,"GREAT TIT",NA,NA,NA,NA,NA,"",NA,NA,NA,NA,NA,NA,NA,NA,NA,NA,NA,NA,NA,"Unknown"
"A....71968","A....71915","A....39427",2406,0,1959,1959,"Vlieland","681",53.29611,5.06619,"GREAT TIT",NA,NA,NA,NA,NA,"",NA,NA,NA,NA,NA,NA,NA,NA,NA,NA,NA,NA,NA,"Unknown"
"A....71969","A....71915","A....39427",2406,0,1959,1959,"Vlieland","681",53.29611,5.06619,"GREAT TIT",NA,NA,NA,NA,NA,"",NA,NA,NA,NA,NA,NA,NA,NA,NA,NA,NA,NA,NA,"Unknown"
"A....71970","A....71915","A....39427",2406,0,1959,1959,"Vlieland","681",53.29611,5.06619,"GREAT TIT",NA,NA,NA,NA,NA,"",NA,NA,NA,NA,NA,NA,NA,NA,NA,NA,NA,NA,NA,"Unknown"
"A....71971","A....71915","A....39427",2406,0,1959,1959,"Vlieland","681",53.29611,5.06619,"GREAT TIT",NA,NA,NA,NA,NA,"",NA,NA,NA,NA,NA,NA,NA,NA,NA,NA,NA,NA,NA,"Unknown"
"A....71972","A....71915","A....39427",2406,0,1959,1959,"Vlieland","681",53.29611,5.06619,"GREAT TIT",NA,NA,NA,NA,NA,"",NA,NA,NA,NA,NA,NA,NA,NA,NA,NA,NA,NA,NA,"Unknown"
"A....71973","A....71915","A....39427",2406,0,1959,1959,"Vlieland","681",53.29611,5.06619,"GREAT TIT",NA,NA,NA,NA,NA,"",NA,NA,NA,NA,NA,NA,NA,NA,NA,NA,NA,NA,NA,"Unknown"
"A....71974","A....71915","A....39427",2406,0,1959,1959,"Vlieland","681",53.29611,5.06619,"GREAT TIT",NA,NA,NA,NA,NA,"",NA,NA,NA,NA,NA,NA,NA,NA,NA,NA,NA,NA,NA,"Unknown"
"A....71975","A....71915","A....39427",2406,0,1959,1959,"Vlieland","681",53.29611,5.06619,"GREAT TIT",NA,NA,NA,NA,NA,"",NA,NA,NA,NA,NA,NA,NA,NA,NA,NA,NA,NA,NA,"Unknown"
"A....71976","A....71915","A....39427",2406,0,1959,1959,"Vlieland","681",53.29611,5.06619,"GREAT TIT",NA,NA,NA,NA,NA,"",NA,NA,NA,NA,NA,NA,NA,NA,NA,NA,NA,NA,NA,"Unknown"
"A....71977","A....71915","A....39427",2406,0,1959,1959,"Vlieland","681",53.29611,5.06619,"GREAT TIT",NA,NA,NA,NA,NA,"",NA,NA,NA,NA,NA,NA,NA,NA,NA,NA,NA,NA,NA,"Unknown"
"A....79912","A....71357",NA,2407,0,1959,1959,"Vlieland","684",53.30207,5.06711,"GREAT TIT",NA,NA,NA,NA,NA,"",NA,NA,NA,NA,NA,NA,NA,NA,NA,NA,NA,NA,NA,"Unknown"
"A....79913","A....71357",NA,2407,0,1959,1959,"Vlieland","684",53.30207,5.06711,"GREAT TIT",NA,NA,NA,NA,NA,"",NA,NA,NA,NA,NA,NA,NA,NA,NA,NA,NA,NA,NA,"Unknown"
"A....80519","A....80702","A....71645",2058,0,1960,1960,"Vlieland","225",53.27969,5.016392,"GREAT TIT",NA,NA,NA,NA,NA,"",NA,NA,NA,NA,NA,NA,NA,NA,NA,NA,NA,NA,NA,"Unknown"
"A....80520","A....80702","A....71645",2058,1,1960,1960,"Vlieland","225",53.27969,5.016392,"GREAT TIT",NA,NA,NA,NA,NA,"",NA,NA,NA,NA,NA,NA,NA,NA,NA,NA,NA,NA,NA,"Female"
"A....80521","A....80702","A....71645",2058,1,1960,1960,"Vlieland","225",53.27969,5.016392,"GREAT TIT",NA,NA,NA,NA,NA,"",NA,NA,NA,NA,NA,NA,NA,NA,NA,NA,NA,NA,NA,"Female"
"A....80522","A....80702","A....71645",2058,0,1960,1960,"Vlieland","225",53.27969,5.016392,"GREAT TIT",NA,NA,NA,NA,NA,"",NA,NA,NA,NA,NA,NA,NA,NA,NA,NA,NA,NA,NA,"Unknown"
"A....80523","A....80702","A....71645",2058,0,1960,1960,"Vlieland","225",53.27969,5.016392,"GREAT TIT",NA,NA,NA,NA,NA,"",NA,NA,NA,NA,NA,NA,NA,NA,NA,NA,NA,NA,NA,"Unknown"
"A....80701","A....80702","A....71645",2058,0,1960,1960,"Vlieland","225",53.27969,5.016392,"GREAT TIT",NA,NA,NA,NA,NA,"",NA,NA,NA,NA,NA,NA,NA,NA,NA,NA,NA,NA,NA,"Unknown"
"A....80719","A....80702","A....71645",2058,2,1960,1960,"Vlieland","225",53.27969,5.016392,"GREAT TIT",NA,NA,NA,NA,NA,"",NA,NA,NA,NA,NA,NA,NA,NA,NA,NA,NA,NA,NA,"Male"
"A...153412","S...876608",NA,2448,0,1977,1977,"Vlieland","736",53.30207,5.06711,"BLUE TIT",NA,NA,NA,NA,NA,"",NA,NA,NA,NA,NA,NA,NA,NA,NA,NA,NA,NA,NA,"Unknown"
"A...153413","S...876608",NA,2448,0,1977,1977,"Vlieland","736",53.30207,5.06711,"BLUE TIT",NA,NA,NA,NA,NA,"",NA,NA,NA,NA,NA,NA,NA,NA,NA,NA,NA,NA,NA,"Unknown"
"A...153414","S...876608",NA,2448,0,1977,1977,"Vlieland","736",53.30207,5.06711,"BLUE TIT",NA,NA,NA,NA,NA,"",NA,NA,NA,NA,NA,NA,NA,NA,NA,NA,NA,NA,NA,"Unknown"
"A...153415","S...876608",NA,2448,0,1977,1977,"Vlieland","736",53.30207,5.06711,"BLUE TIT",NA,NA,NA,NA,NA,"",NA,NA,NA,NA,NA,NA,NA,NA,NA,NA,NA,NA,NA,"Unknown"
"A...153416","S...876608",NA,2448,0,1977,1977,"Vlieland","736",53.30207,5.06711,"BLUE TIT",NA,NA,NA,NA,NA,"",NA,NA,NA,NA,NA,NA,NA,NA,NA,NA,NA,NA,NA,"Unknown"
"A...154034","S...877051",NA,2281,0,1978,1978,"Vlieland","517",53.30207,5.06711,"BLUE TIT",NA,NA,NA,NA,NA,"",NA,NA,NA,NA,NA,NA,NA,NA,NA,NA,NA,NA,NA,"Unknown"
"A...154035","S...877051",NA,2281,0,1978,1978,"Vlieland","517",53.30207,5.06711,"BLUE TIT",NA,NA,NA,NA,NA,"",NA,NA,NA,NA,NA,NA,NA,NA,NA,NA,NA,NA,NA,"Unknown"
"A...154036","S...877051",NA,2281,0,1978,1978,"Vlieland","517",53.30207,5.06711,"BLUE TIT",NA,NA,NA,NA,NA,"",NA,NA,NA,NA,NA,NA,NA,NA,NA,NA,NA,NA,NA,"Unknown"
"A...154037","S...877051",NA,2281,0,1978,1978,"Vlieland","517",53.30207,5.06711,"BLUE TIT",NA,NA,NA,NA,NA,"",NA,NA,NA,NA,NA,NA,NA,NA,NA,NA,NA,NA,NA,"Unknown"
"A...154038","S...877051",NA,2281,0,1978,1978,"Vlieland","517",53.30207,5.06711,"BLUE TIT",NA,NA,NA,NA,NA,"",NA,NA,NA,NA,NA,NA,NA,NA,NA,NA,NA,NA,NA,"Unknown"
"A...173108","S...979798","A...173106",2276,0,1977,1977,"Vlieland","503",53.30207,5.06711,"GREAT TIT",NA,NA,NA,NA,NA,"",NA,NA,NA,NA,NA,NA,NA,NA,NA,NA,NA,NA,NA,"Unknown"
"A...173109","S...979798","A...173106",2276,0,1977,1977,"Vlieland","503",53.30207,5.06711,"GREAT TIT",NA,NA,NA,NA,NA,"",NA,NA,NA,NA,NA,NA,NA,NA,NA,NA,NA,NA,NA,"Unknown"
"A...173110","S...979798","A...173106",2276,0,1977,1977,"Vlieland","503",53.30207,5.06711,"GREAT TIT",NA,NA,NA,NA,NA,"",NA,NA,NA,NA,NA,NA,NA,NA,NA,NA,NA,NA,NA,"Unknown"
"A...173111","S...979798","A...173106",2276,0,1977,1977,"Vlieland","503",53.30207,5.06711,"GREAT TIT",NA,NA,NA,NA,NA,"",NA,NA,NA,NA,NA,NA,NA,NA,NA,NA,NA,NA,NA,"Unknown"
"A...173112","S...979798","A...173106",2276,0,1977,1977,"Vlieland","503",53.30207,5.06711,"GREAT TIT",NA,NA,NA,NA,NA,"",NA,NA,NA,NA,NA,NA,NA,NA,NA,NA,NA,NA,NA,"Unknown"
"A...173120","S...979946",NA,2445,0,1977,1977,"Vlieland","732",53.30207,5.06711,"GREAT TIT",NA,NA,NA,NA,NA,"",NA,NA,NA,NA,NA,NA,NA,NA,NA,NA,NA,NA,NA,"Unknown"
"A...177509","S...825552","S...996260",2444,0,1977,1977,"Vlieland","726",53.30207,5.06711,"GREAT TIT",NA,NA,NA,NA,NA,"",NA,NA,NA,NA,NA,NA,NA,NA,NA,NA,NA,NA,NA,"Unknown"
"A...177510","S...825552","S...996260",2444,0,1977,1977,"Vlieland","726",53.30207,5.06711,"GREAT TIT",NA,NA,NA,NA,NA,"",NA,NA,NA,NA,NA,NA,NA,NA,NA,NA,NA,NA,NA,"Unknown"
"A...177511","S...825552","S...996260",2444,1,1977,1977,"Vlieland","726",53.30207,5.06711,"GREAT TIT",NA,NA,NA,NA,NA,"",NA,NA,NA,NA,NA,NA,NA,NA,NA,NA,NA,NA,NA,"Female"
"A...177512","S...825552","S...996260",2444,1,1977,1977,"Vlieland","726",53.30207,5.06711,"GREAT TIT",NA,NA,NA,NA,NA,"",NA,NA,NA,NA,NA,NA,NA,NA,NA,NA,NA,NA,NA,"Female"
"A...177513","S...825552","S...996260",2444,2,1977,1977,"Vlieland","726",53.30207,5.06711,"GREAT TIT",NA,NA,NA,NA,NA,"",NA,NA,NA,NA,NA,NA,NA,NA,NA,NA,NA,NA,NA,"Male"
"A...177514","S...825552","S...996260",2444,2,1977,1977,"Vlieland","726",53.30207,5.06711,"GREAT TIT",NA,NA,NA,NA,NA,"",NA,NA,NA,NA,NA,NA,NA,NA,NA,NA,NA,NA,NA,"Male"
"A...177515","S...825552","S...996260",2444,0,1977,1977,"Vlieland","726",53.30207,5.06711,"GREAT TIT",NA,NA,NA,NA,NA,"",NA,NA,NA,NA,NA,NA,NA,NA,NA,NA,NA,NA,NA,"Unknown"
"A...177516","S...825552","S...996260",2444,2,1977,1977,"Vlieland","726",53.30207,5.06711,"GREAT TIT",NA,NA,NA,NA,NA,"",NA,NA,NA,NA,NA,NA,NA,NA,NA,NA,NA,NA,NA,"Male"
"A...177517","S...825552","S...996260",2444,1,1977,1977,"Vlieland","726",53.30207,5.06711,"GREAT TIT",NA,NA,NA,NA,NA,"",NA,NA,NA,NA,NA,NA,NA,NA,NA,NA,NA,NA,NA,"Female"
"A...243574","A...177168","S...996443",1926,2,1978,1978,"Vlieland","790",53.30035,5.06247,"GREAT TIT",NA,NA,NA,NA,NA,"",NA,NA,NA,NA,NA,NA,NA,NA,NA,NA,NA,NA,NA,"Male"
"A...243575","A...177168","S...996443",1926,2,1978,1978,"Vlieland","790",53.30035,5.06247,"GREAT TIT",NA,NA,NA,NA,NA,"",NA,NA,NA,NA,NA,NA,NA,NA,NA,NA,NA,NA,NA,"Male"
"A...243576","A...177168","S...996443",1926,1,1978,1978,"Vlieland","790",53.30035,5.06247,"GREAT TIT",NA,NA,NA,NA,NA,"",NA,NA,NA,NA,NA,NA,NA,NA,NA,NA,NA,NA,NA,"Female"
"A...243577","A...177168","S...996443",1926,2,1978,1978,"Vlieland","790",53.30035,5.06247,"GREAT TIT",NA,NA,NA,NA,NA,"",NA,NA,NA,NA,NA,NA,NA,NA,NA,NA,NA,NA,NA,"Male"
"A...243578","A...177168","S...996443",1926,2,1978,1978,"Vlieland","790",53.30035,5.06247,"GREAT TIT",NA,NA,NA,NA,NA,"",NA,NA,NA,NA,NA,NA,NA,NA,NA,NA,NA,NA,NA,"Male"
"A...243579","A...177168","S...996443",1926,2,1978,1978,"Vlieland","790",53.30035,5.06247,"GREAT TIT",NA,NA,NA,NA,NA,"",NA,NA,NA,NA,NA,NA,NA,NA,NA,NA,NA,NA,NA,"Male"
"A...243580","A...177168","S...996443",1926,1,1978,1978,"Vlieland","790",53.30035,5.06247,"GREAT TIT",NA,NA,NA,NA,NA,"",NA,NA,NA,NA,NA,NA,NA,NA,NA,NA,NA,NA,NA,"Female"
"A...243581","A...177168","S...996443",1926,2,1978,1978,"Vlieland","790",53.30035,5.06247,"GREAT TIT",NA,NA,NA,NA,NA,"",NA,NA,NA,NA,NA,NA,NA,NA,NA,NA,NA,NA,NA,"Male"
"A...245052",NA,NA,2279,0,1978,1978,"Vlieland","515",53.30207,5.06711,"GREAT TIT",NA,NA,NA,NA,NA,"",NA,NA,NA,NA,NA,NA,NA,NA,NA,NA,NA,NA,NA,"Unknown"
"A...245053",NA,NA,2279,0,1978,1978,"Vlieland","515",53.30207,5.06711,"GREAT TIT",NA,NA,NA,NA,NA,"",NA,NA,NA,NA,NA,NA,NA,NA,NA,NA,NA,NA,NA,"Unknown"
"A...245054",NA,NA,2279,0,1978,1978,"Vlieland","515",53.30207,5.06711,"GREAT TIT",NA,NA,NA,NA,NA,"",NA,NA,NA,NA,NA,NA,NA,NA,NA,NA,NA,NA,NA,"Unknown"
"A...245055",NA,NA,2279,0,1978,1978,"Vlieland","515",53.30207,5.06711,"GREAT TIT",NA,NA,NA,NA,NA,"",NA,NA,NA,NA,NA,NA,NA,NA,NA,NA,NA,NA,NA,"Unknown"
"A...245056",NA,NA,2279,0,1978,1978,"Vlieland","515",53.30207,5.06711,"GREAT TIT",NA,NA,NA,NA,NA,"",NA,NA,NA,NA,NA,NA,NA,NA,NA,NA,NA,NA,NA,"Unknown"
"A...245057",NA,NA,2279,0,1978,1978,"Vlieland","515",53.30207,5.06711,"GREAT TIT",NA,NA,NA,NA,NA,"",NA,NA,NA,NA,NA,NA,NA,NA,NA,NA,NA,NA,NA,"Unknown"
"A...245058",NA,NA,2279,0,1978,1978,"Vlieland","515",53.30207,5.06711,"GREAT TIT",NA,NA,NA,NA,NA,"",NA,NA,NA,NA,NA,NA,NA,NA,NA,NA,NA,NA,NA,"Unknown"
"A...245059",NA,NA,2451,0,1978,1978,"Vlieland","745",53.30207,5.06711,"GREAT TIT",NA,NA,NA,NA,NA,"",NA,NA,NA,NA,NA,NA,NA,NA,NA,NA,NA,NA,NA,"Unknown"
"A...245060",NA,NA,2451,0,1978,1978,"Vlieland","745",53.30207,5.06711,"GREAT TIT",NA,NA,NA,NA,NA,"",NA,NA,NA,NA,NA,NA,NA,NA,NA,NA,NA,NA,NA,"Unknown"
"A...245061",NA,NA,2451,1,1978,1978,"Vlieland","745",53.30207,5.06711,"GREAT TIT",NA,NA,NA,NA,NA,"",NA,NA,NA,NA,NA,NA,NA,NA,NA,NA,NA,NA,NA,"Female"
"A...245062",NA,NA,2451,0,1978,1978,"Vlieland","745",53.30207,5.06711,"GREAT TIT",NA,NA,NA,NA,NA,"",NA,NA,NA,NA,NA,NA,NA,NA,NA,NA,NA,NA,NA,"Unknown"
"A...245063",NA,NA,2451,0,1978,1978,"Vlieland","745",53.30207,5.06711,"GREAT TIT",NA,NA,NA,NA,NA,"",NA,NA,NA,NA,NA,NA,NA,NA,NA,NA,NA,NA,NA,"Unknown"
"A...245064",NA,NA,2451,0,1978,1978,"Vlieland","745",53.30207,5.06711,"GREAT TIT",NA,NA,NA,NA,NA,"",NA,NA,NA,NA,NA,NA,NA,NA,NA,NA,NA,NA,NA,"Unknown"
"A...245065",NA,NA,2451,0,1978,1978,"Vlieland","745",53.30207,5.06711,"GREAT TIT",NA,NA,NA,NA,NA,"",NA,NA,NA,NA,NA,NA,NA,NA,NA,NA,NA,NA,NA,"Unknown"
"A...245066",NA,NA,2451,0,1978,1978,"Vlieland","745",53.30207,5.06711,"GREAT TIT",NA,NA,NA,NA,NA,"",NA,NA,NA,NA,NA,NA,NA,NA,NA,NA,NA,NA,NA,"Unknown"
"A...245067",NA,NA,2451,0,1978,1978,"Vlieland","745",53.30207,5.06711,"GREAT TIT",NA,NA,NA,NA,NA,"",NA,NA,NA,NA,NA,NA,NA,NA,NA,NA,NA,NA,NA,"Unknown"
"A...245068",NA,NA,2451,0,1978,1978,"Vlieland","745",53.30207,5.06711,"GREAT TIT",NA,NA,NA,NA,NA,"",NA,NA,NA,NA,NA,NA,NA,NA,NA,NA,NA,NA,NA,"Unknown"
"A...245069",NA,NA,2451,0,1978,1978,"Vlieland","745",53.30207,5.06711,"GREAT TIT",NA,NA,NA,NA,NA,"",NA,NA,NA,NA,NA,NA,NA,NA,NA,NA,NA,NA,NA,"Unknown"
"A...245070",NA,NA,2451,1,1978,1978,"Vlieland","745",53.30207,5.06711,"GREAT TIT",NA,NA,NA,NA,NA,"",NA,NA,NA,NA,NA,NA,NA,NA,NA,NA,NA,NA,NA,"Female"
"A...245084",NA,NA,2109,0,1978,1978,"Vlieland","318",53.28482,5.02637,"GREAT TIT",NA,NA,NA,NA,NA,"",NA,NA,NA,NA,NA,NA,NA,NA,NA,NA,NA,NA,NA,"Unknown"
"A...245085",NA,NA,2109,0,1978,1978,"Vlieland","318",53.28482,5.02637,"GREAT TIT",NA,NA,NA,NA,NA,"",NA,NA,NA,NA,NA,NA,NA,NA,NA,NA,NA,NA,NA,"Unknown"
"A...245086",NA,NA,2109,0,1978,1978,"Vlieland","318",53.28482,5.02637,"GREAT TIT",NA,NA,NA,NA,NA,"",NA,NA,NA,NA,NA,NA,NA,NA,NA,NA,NA,NA,NA,"Unknown"
"A...245087",NA,NA,2109,0,1978,1978,"Vlieland","318",53.28482,5.02637,"GREAT TIT",NA,NA,NA,NA,NA,"",NA,NA,NA,NA,NA,NA,NA,NA,NA,NA,NA,NA,NA,"Unknown"
"A...245088",NA,NA,2109,0,1978,1978,"Vlieland","318",53.28482,5.02637,"GREAT TIT",NA,NA,NA,NA,NA,"",NA,NA,NA,NA,NA,NA,NA,NA,NA,NA,NA,NA,NA,"Unknown"
"A...245089",NA,NA,2109,0,1978,1978,"Vlieland","318",53.28482,5.02637,"GREAT TIT",NA,NA,NA,NA,NA,"",NA,NA,NA,NA,NA,NA,NA,NA,NA,NA,NA,NA,NA,"Unknown"
"A...245090",NA,NA,2109,0,1978,1978,"Vlieland","318",53.28482,5.02637,"GREAT TIT",NA,NA,NA,NA,NA,"",NA,NA,NA,NA,NA,NA,NA,NA,NA,NA,NA,NA,NA,"Unknown"
"A...245091",NA,NA,2109,0,1978,1978,"Vlieland","318",53.28482,5.02637,"GREAT TIT",NA,NA,NA,NA,NA,"",NA,NA,NA,NA,NA,NA,NA,NA,NA,NA,NA,NA,NA,"Unknown"
"A...245092",NA,NA,2109,0,1978,1978,"Vlieland","318",53.28482,5.02637,"GREAT TIT",NA,NA,NA,NA,NA,"",NA,NA,NA,NA,NA,NA,NA,NA,NA,NA,NA,NA,NA,"Unknown"
"A...245093",NA,NA,2109,0,1978,1978,"Vlieland","318",53.28482,5.02637,"GREAT TIT",NA,NA,NA,NA,NA,"",NA,NA,NA,NA,NA,NA,NA,NA,NA,NA,NA,NA,NA,"Unknown"
"A...245094",NA,NA,2109,0,1978,1978,"Vlieland","318",53.28482,5.02637,"GREAT TIT",NA,NA,NA,NA,NA,"",NA,NA,NA,NA,NA,NA,NA,NA,NA,NA,NA,NA,NA,"Unknown"
"A...245541","S...979740",NA,2449,0,1978,1978,"Vlieland","738",53.30207,5.06711,"GREAT TIT",NA,NA,NA,NA,NA,"",NA,NA,NA,NA,NA,NA,NA,NA,NA,NA,NA,NA,NA,"Unknown"
"A...245542","S...979740",NA,2449,0,1978,1978,"Vlieland","738",53.30207,5.06711,"GREAT TIT",NA,NA,NA,NA,NA,"",NA,NA,NA,NA,NA,NA,NA,NA,NA,NA,NA,NA,NA,"Unknown"
"A...245543","S...979740",NA,2449,0,1978,1978,"Vlieland","738",53.30207,5.06711,"GREAT TIT",NA,NA,NA,NA,NA,"",NA,NA,NA,NA,NA,NA,NA,NA,NA,NA,NA,NA,NA,"Unknown"
"A...245544","S...979740",NA,2449,0,1978,1978,"Vlieland","738",53.30207,5.06711,"GREAT TIT",NA,NA,NA,NA,NA,"",NA,NA,NA,NA,NA,NA,NA,NA,NA,NA,NA,NA,NA,"Unknown"
"A...245545","S...979740",NA,2449,0,1978,1978,"Vlieland","738",53.30207,5.06711,"GREAT TIT",NA,NA,NA,NA,NA,"",NA,NA,NA,NA,NA,NA,NA,NA,NA,NA,NA,NA,NA,"Unknown"
"A...245546","S...979740",NA,2449,0,1978,1978,"Vlieland","738",53.30207,5.06711,"GREAT TIT",NA,NA,NA,NA,NA,"",NA,NA,NA,NA,NA,NA,NA,NA,NA,NA,NA,NA,NA,"Unknown"
"A...245547","S...979740",NA,2449,0,1978,1978,"Vlieland","738",53.30207,5.06711,"GREAT TIT",NA,NA,NA,NA,NA,"",NA,NA,NA,NA,NA,NA,NA,NA,NA,NA,NA,NA,NA,"Unknown"
"A...245548","S...979740",NA,2449,0,1978,1978,"Vlieland","738",53.30207,5.06711,"GREAT TIT",NA,NA,NA,NA,NA,"",NA,NA,NA,NA,NA,NA,NA,NA,NA,NA,NA,NA,NA,"Unknown"
"A...245592","A...245591","A...245577",1927,0,1978,1978,"Vlieland","899",53.30035,5.06247,"GREAT TIT",NA,NA,NA,NA,NA,"",NA,NA,NA,NA,NA,NA,NA,NA,NA,NA,NA,NA,NA,"Unknown"
"A...245593","A...245591","A...245577",1927,0,1978,1978,"Vlieland","899",53.30035,5.06247,"GREAT TIT",NA,NA,NA,NA,NA,"",NA,NA,NA,NA,NA,NA,NA,NA,NA,NA,NA,NA,NA,"Unknown"
"A...245594","A...245591","A...245577",1927,0,1978,1978,"Vlieland","899",53.30035,5.06247,"GREAT TIT",NA,NA,NA,NA,NA,"",NA,NA,NA,NA,NA,NA,NA,NA,NA,NA,NA,NA,NA,"Unknown"
"A...245595","A...245591","A...245577",1927,0,1978,1978,"Vlieland","899",53.30035,5.06247,"GREAT TIT",NA,NA,NA,NA,NA,"",NA,NA,NA,NA,NA,NA,NA,NA,NA,NA,NA,NA,NA,"Unknown"
"A...245596","A...245591","A...245577",1927,0,1978,1978,"Vlieland","899",53.30035,5.06247,"GREAT TIT",NA,NA,NA,NA,NA,"",NA,NA,NA,NA,NA,NA,NA,NA,NA,NA,NA,NA,NA,"Unknown"
"A...245597","A...245591","A...245577",1927,0,1978,1978,"Vlieland","899",53.30035,5.06247,"GREAT TIT",NA,NA,NA,NA,NA,"",NA,NA,NA,NA,NA,NA,NA,NA,NA,NA,NA,NA,NA,"Unknown"
"A...245598","A...245591","A...245577",1927,0,1978,1978,"Vlieland","899",53.30035,5.06247,"GREAT TIT",NA,NA,NA,NA,NA,"",NA,NA,NA,NA,NA,NA,NA,NA,NA,NA,NA,NA,NA,"Unknown"
"A...245599","A...245591","A...245577",1927,0,1978,1978,"Vlieland","899",53.30035,5.06247,"GREAT TIT",NA,NA,NA,NA,NA,"",NA,NA,NA,NA,NA,NA,NA,NA,NA,NA,NA,NA,NA,"Unknown"
"A...245600","A...245591","A...245577",1927,0,1978,1978,"Vlieland","899",53.30035,5.06247,"GREAT TIT",NA,NA,NA,NA,NA,"",NA,NA,NA,NA,NA,NA,NA,NA,NA,NA,NA,NA,NA,"Unknown"
"A...311423","A...154288","A...154144",2115,0,1981,1981,"Vlieland","324",53.28482,5.02637,"BLUE TIT",NA,NA,NA,NA,NA,"",NA,NA,NA,NA,NA,NA,NA,NA,NA,NA,NA,NA,NA,"Unknown"
"A...311424","A...154288","A...154144",2115,0,1981,1981,"Vlieland","324",53.28482,5.02637,"BLUE TIT",NA,NA,NA,NA,NA,"",NA,NA,NA,NA,NA,NA,NA,NA,NA,NA,NA,NA,NA,"Unknown"
"A...318479","A...245871","A...245873",2282,0,1979,1979,"Vlieland","518",53.302637,5.071104,"GREAT TIT",NA,NA,NA,NA,NA,"",NA,NA,NA,NA,NA,NA,NA,NA,NA,NA,NA,NA,NA,"Unknown"
"A...318480","A...245871","A...245873",2282,0,1979,1979,"Vlieland","518",53.302637,5.071104,"GREAT TIT",NA,NA,NA,NA,NA,"",NA,NA,NA,NA,NA,NA,NA,NA,NA,NA,NA,NA,NA,"Unknown"
"A...318481","A...245871","A...245873",2282,0,1979,1979,"Vlieland","518",53.302637,5.071104,"GREAT TIT",NA,NA,NA,NA,NA,"",NA,NA,NA,NA,NA,NA,NA,NA,NA,NA,NA,NA,NA,"Unknown"
"A...318482","A...245871","A...245873",2282,0,1979,1979,"Vlieland","518",53.302637,5.071104,"GREAT TIT",NA,NA,NA,NA,NA,"",NA,NA,NA,NA,NA,NA,NA,NA,NA,NA,NA,NA,NA,"Unknown"
"A...318483","A...245871","A...245873",2282,0,1979,1979,"Vlieland","518",53.302637,5.071104,"GREAT TIT",NA,NA,NA,NA,NA,"",NA,NA,NA,NA,NA,NA,NA,NA,NA,NA,NA,NA,NA,"Unknown"
"A...318484","A...245871","A...245873",2282,0,1979,1979,"Vlieland","518",53.302637,5.071104,"GREAT TIT",NA,NA,NA,NA,NA,"",NA,NA,NA,NA,NA,NA,NA,NA,NA,NA,NA,NA,NA,"Unknown"
"A...318485","A...245871","A...245873",2282,0,1979,1979,"Vlieland","518",53.302637,5.071104,"GREAT TIT",NA,NA,NA,NA,NA,"",NA,NA,NA,NA,NA,NA,NA,NA,NA,NA,NA,NA,NA,"Unknown"
"A...318486","A...245871","A...245873",2282,0,1979,1979,"Vlieland","518",53.302637,5.071104,"GREAT TIT",NA,NA,NA,NA,NA,"",NA,NA,NA,NA,NA,NA,NA,NA,NA,NA,NA,NA,NA,"Unknown"
"A...318487","A...245871","A...245873",2282,0,1979,1979,"Vlieland","518",53.302637,5.071104,"GREAT TIT",NA,NA,NA,NA,NA,"",NA,NA,NA,NA,NA,NA,NA,NA,NA,NA,NA,NA,NA,"Unknown"
"A...318488","A...245871","A...245873",2282,0,1979,1979,"Vlieland","518",53.302637,5.071104,"GREAT TIT",NA,NA,NA,NA,NA,"",NA,NA,NA,NA,NA,NA,NA,NA,NA,NA,NA,NA,NA,"Unknown"
"A...318489","A...245871","A...245873",2282,0,1979,1979,"Vlieland","518",53.302637,5.071104,"GREAT TIT",NA,NA,NA,NA,NA,"",NA,NA,NA,NA,NA,NA,NA,NA,NA,NA,NA,NA,NA,"Unknown"
"A...318490","A...245871","A...245873",2282,0,1979,1979,"Vlieland","518",53.302637,5.071104,"GREAT TIT",NA,NA,NA,NA,NA,"",NA,NA,NA,NA,NA,NA,NA,NA,NA,NA,NA,NA,NA,"Unknown"
"A...319810","A...319809","S...995745",1931,1,1979,1979,"Vlieland","4",53.26959,4.975604,"GREAT TIT",NA,NA,NA,NA,NA,"",NA,NA,NA,NA,NA,NA,NA,NA,NA,NA,NA,NA,NA,"Female"
"A...319811","A...319809","S...995745",1931,2,1979,1979,"Vlieland","4",53.26959,4.975604,"GREAT TIT",NA,NA,NA,NA,NA,"",NA,NA,NA,NA,NA,NA,NA,NA,NA,NA,NA,NA,NA,"Male"
"A...319812","A...319809","S...995745",1931,1,1979,1979,"Vlieland","4",53.26959,4.975604,"GREAT TIT",NA,NA,NA,NA,NA,"",NA,NA,NA,NA,NA,NA,NA,NA,NA,NA,NA,NA,NA,"Female"
"A...319813","A...319809","S...995745",1931,2,1979,1979,"Vlieland","4",53.26959,4.975604,"GREAT TIT",NA,NA,NA,NA,NA,"",NA,NA,NA,NA,NA,NA,NA,NA,NA,NA,NA,NA,NA,"Male"
"A...319814","A...319809","S...995745",1931,2,1979,1979,"Vlieland","4",53.26959,4.975604,"GREAT TIT",NA,NA,NA,NA,NA,"",NA,NA,NA,NA,NA,NA,NA,NA,NA,NA,NA,NA,NA,"Male"
"A...319815","A...319809","S...995745",1931,2,1979,1979,"Vlieland","4",53.26959,4.975604,"GREAT TIT",NA,NA,NA,NA,NA,"",NA,NA,NA,NA,NA,NA,NA,NA,NA,NA,NA,NA,NA,"Male"
"A...319816","A...319809","S...995745",1931,2,1979,1979,"Vlieland","4",53.26959,4.975604,"GREAT TIT",NA,NA,NA,NA,NA,"",NA,NA,NA,NA,NA,NA,NA,NA,NA,NA,NA,NA,NA,"Male"
"A...319817","A...319809","S...995745",1931,2,1979,1979,"Vlieland","4",53.26959,4.975604,"GREAT TIT",NA,NA,NA,NA,NA,"",NA,NA,NA,NA,NA,NA,NA,NA,NA,NA,NA,NA,NA,"Male"
"A...319818","A...319809","S...995745",1931,1,1979,1979,"Vlieland","4",53.26959,4.975604,"GREAT TIT",NA,NA,NA,NA,NA,"",NA,NA,NA,NA,NA,NA,NA,NA,NA,NA,NA,NA,NA,"Female"
"A...320296",NA,NA,2283,0,1979,1979,"Vlieland","519",53.30207,5.06711,"GREAT TIT",NA,NA,NA,NA,NA,"",NA,NA,NA,NA,NA,NA,NA,NA,NA,NA,NA,NA,NA,"Unknown"
"A...320297",NA,NA,2283,2,1979,1979,"Vlieland","519",53.30207,5.06711,"GREAT TIT",NA,NA,NA,NA,NA,"",NA,NA,NA,NA,NA,NA,NA,NA,NA,NA,NA,NA,NA,"Male"
"A...320298",NA,NA,2283,0,1979,1979,"Vlieland","519",53.30207,5.06711,"GREAT TIT",NA,NA,NA,NA,NA,"",NA,NA,NA,NA,NA,NA,NA,NA,NA,NA,NA,NA,NA,"Unknown"
"A...320299",NA,NA,2283,0,1979,1979,"Vlieland","519",53.30207,5.06711,"GREAT TIT",NA,NA,NA,NA,NA,"",NA,NA,NA,NA,NA,NA,NA,NA,NA,NA,NA,NA,NA,"Unknown"
"A...320300",NA,NA,2283,2,1979,1979,"Vlieland","519",53.30207,5.06711,"GREAT TIT",NA,NA,NA,NA,NA,"",NA,NA,NA,NA,NA,NA,NA,NA,NA,NA,NA,NA,NA,"Male"
"A...320301",NA,NA,2283,0,1979,1979,"Vlieland","519",53.30207,5.06711,"GREAT TIT",NA,NA,NA,NA,NA,"",NA,NA,NA,NA,NA,NA,NA,NA,NA,NA,NA,NA,NA,"Unknown"
"A...320302",NA,NA,2283,0,1979,1979,"Vlieland","519",53.30207,5.06711,"GREAT TIT",NA,NA,NA,NA,NA,"",NA,NA,NA,NA,NA,NA,NA,NA,NA,NA,NA,NA,NA,"Unknown"
"A...320303",NA,NA,2283,0,1979,1979,"Vlieland","519",53.30207,5.06711,"GREAT TIT",NA,NA,NA,NA,NA,"",NA,NA,NA,NA,NA,NA,NA,NA,NA,NA,NA,NA,NA,"Unknown"
"A...320304",NA,NA,2283,0,1979,1979,"Vlieland","519",53.30207,5.06711,"GREAT TIT",NA,NA,NA,NA,NA,"",NA,NA,NA,NA,NA,NA,NA,NA,NA,NA,NA,NA,NA,"Unknown"
"A...320305",NA,NA,2283,2,1979,1979,"Vlieland","519",53.30207,5.06711,"GREAT TIT",NA,NA,NA,NA,NA,"",NA,NA,NA,NA,NA,NA,NA,NA,NA,NA,NA,NA,NA,"Male"
"A...320306",NA,NA,2283,0,1979,1979,"Vlieland","519",53.30207,5.06711,"GREAT TIT",NA,NA,NA,NA,NA,"",NA,NA,NA,NA,NA,NA,NA,NA,NA,NA,NA,NA,NA,"Unknown"
"A...333050",NA,NA,2453,0,1980,1980,"Vlieland","747",53.30207,5.06711,"BLUE TIT",NA,NA,NA,NA,NA,"",NA,NA,NA,NA,NA,NA,NA,NA,NA,NA,NA,NA,NA,"Unknown"
"A...333051",NA,NA,2453,0,1980,1980,"Vlieland","747",53.30207,5.06711,"BLUE TIT",NA,NA,NA,NA,NA,"",NA,NA,NA,NA,NA,NA,NA,NA,NA,NA,NA,NA,NA,"Unknown"
"A...333052",NA,NA,2453,0,1980,1980,"Vlieland","747",53.30207,5.06711,"BLUE TIT",NA,NA,NA,NA,NA,"",NA,NA,NA,NA,NA,NA,NA,NA,NA,NA,NA,NA,NA,"Unknown"
"A...333053",NA,NA,2453,0,1980,1980,"Vlieland","747",53.30207,5.06711,"BLUE TIT",NA,NA,NA,NA,NA,"",NA,NA,NA,NA,NA,NA,NA,NA,NA,NA,NA,NA,NA,"Unknown"
"A...333054",NA,NA,2453,0,1980,1980,"Vlieland","747",53.30207,5.06711,"BLUE TIT",NA,NA,NA,NA,NA,"",NA,NA,NA,NA,NA,NA,NA,NA,NA,NA,NA,NA,NA,"Unknown"
"A...333055",NA,NA,2453,0,1980,1980,"Vlieland","747",53.30207,5.06711,"BLUE TIT",NA,NA,NA,NA,NA,"",NA,NA,NA,NA,NA,NA,NA,NA,NA,NA,NA,NA,NA,"Unknown"
"A...333056",NA,NA,2453,0,1980,1980,"Vlieland","747",53.30207,5.06711,"BLUE TIT",NA,NA,NA,NA,NA,"",NA,NA,NA,NA,NA,NA,NA,NA,NA,NA,NA,NA,NA,"Unknown"
"A...333068",NA,NA,1940,0,1980,1980,"Vlieland","13",53.271392,4.983303,"BLUE TIT",NA,NA,NA,NA,NA,"",NA,NA,NA,NA,NA,NA,NA,NA,NA,NA,NA,NA,NA,"Unknown"
"A...333069",NA,NA,1940,0,1980,1980,"Vlieland","13",53.271392,4.983303,"BLUE TIT",NA,NA,NA,NA,NA,"",NA,NA,NA,NA,NA,NA,NA,NA,NA,NA,NA,NA,NA,"Unknown"
"A...333070",NA,NA,1940,0,1980,1980,"Vlieland","13",53.271392,4.983303,"BLUE TIT",NA,NA,NA,NA,NA,"",NA,NA,NA,NA,NA,NA,NA,NA,NA,NA,NA,NA,NA,"Unknown"
"A...333071",NA,NA,1940,0,1980,1980,"Vlieland","13",53.271392,4.983303,"BLUE TIT",NA,NA,NA,NA,NA,"",NA,NA,NA,NA,NA,NA,NA,NA,NA,NA,NA,NA,NA,"Unknown"
"A...333072",NA,NA,1940,0,1980,1980,"Vlieland","13",53.271392,4.983303,"BLUE TIT",NA,NA,NA,NA,NA,"",NA,NA,NA,NA,NA,NA,NA,NA,NA,NA,NA,NA,NA,"Unknown"
"A...333073",NA,NA,1940,0,1980,1980,"Vlieland","13",53.271392,4.983303,"BLUE TIT",NA,NA,NA,NA,NA,"",NA,NA,NA,NA,NA,NA,NA,NA,NA,NA,NA,NA,NA,"Unknown"
"A...333074",NA,NA,1940,0,1980,1980,"Vlieland","13",53.271392,4.983303,"BLUE TIT",NA,NA,NA,NA,NA,"",NA,NA,NA,NA,NA,NA,NA,NA,NA,NA,NA,NA,NA,"Unknown"
"A...333075",NA,NA,1940,0,1980,1980,"Vlieland","13",53.271392,4.983303,"BLUE TIT",NA,NA,NA,NA,NA,"",NA,NA,NA,NA,NA,NA,NA,NA,NA,NA,NA,NA,NA,"Unknown"
"A...333076",NA,NA,1940,0,1980,1980,"Vlieland","13",53.271392,4.983303,"BLUE TIT",NA,NA,NA,NA,NA,"",NA,NA,NA,NA,NA,NA,NA,NA,NA,NA,NA,NA,NA,"Unknown"
"A...333077",NA,NA,1940,0,1980,1980,"Vlieland","13",53.271392,4.983303,"BLUE TIT",NA,NA,NA,NA,NA,"",NA,NA,NA,NA,NA,NA,NA,NA,NA,NA,NA,NA,NA,"Unknown"
"A...333078",NA,NA,1940,0,1980,1980,"Vlieland","13",53.271392,4.983303,"BLUE TIT",NA,NA,NA,NA,NA,"",NA,NA,NA,NA,NA,NA,NA,NA,NA,NA,NA,NA,NA,"Unknown"
"A...333079",NA,NA,1940,1,1980,1980,"Vlieland","13",53.271392,4.983303,"BLUE TIT",NA,NA,NA,NA,NA,"",NA,NA,NA,NA,NA,NA,NA,NA,NA,NA,NA,NA,NA,"Female"
"A...333080",NA,NA,1940,0,1980,1980,"Vlieland","13",53.271392,4.983303,"BLUE TIT",NA,NA,NA,NA,NA,"",NA,NA,NA,NA,NA,NA,NA,NA,NA,NA,NA,NA,NA,"Unknown"
"A...333081",NA,NA,1940,0,1980,1980,"Vlieland","13",53.271392,4.983303,"BLUE TIT",NA,NA,NA,NA,NA,"",NA,NA,NA,NA,NA,NA,NA,NA,NA,NA,NA,NA,NA,"Unknown"
"A...333082",NA,NA,1940,0,1980,1980,"Vlieland","13",53.271392,4.983303,"BLUE TIT",NA,NA,NA,NA,NA,"",NA,NA,NA,NA,NA,NA,NA,NA,NA,NA,NA,NA,NA,"Unknown"
"A...333273",NA,NA,2630,0,1980,1980,"Vlieland","597",53.29611,5.06619,"BLUE TIT",NA,NA,NA,NA,NA,"",NA,NA,NA,NA,NA,NA,NA,NA,NA,NA,NA,NA,NA,"Unknown"
"A...333274",NA,NA,2630,0,1980,1980,"Vlieland","597",53.29611,5.06619,"BLUE TIT",NA,NA,NA,NA,NA,"",NA,NA,NA,NA,NA,NA,NA,NA,NA,NA,NA,NA,NA,"Unknown"
"A...333275",NA,NA,2630,0,1980,1980,"Vlieland","597",53.29611,5.06619,"BLUE TIT",NA,NA,NA,NA,NA,"",NA,NA,NA,NA,NA,NA,NA,NA,NA,NA,NA,NA,NA,"Unknown"
"A...333276",NA,NA,2630,0,1980,1980,"Vlieland","597",53.29611,5.06619,"BLUE TIT",NA,NA,NA,NA,NA,"",NA,NA,NA,NA,NA,NA,NA,NA,NA,NA,NA,NA,NA,"Unknown"
"A...333277",NA,NA,2630,0,1980,1980,"Vlieland","597",53.29611,5.06619,"BLUE TIT",NA,NA,NA,NA,NA,"",NA,NA,NA,NA,NA,NA,NA,NA,NA,NA,NA,NA,NA,"Unknown"
"A...333278",NA,NA,2630,0,1980,1980,"Vlieland","597",53.29611,5.06619,"BLUE TIT",NA,NA,NA,NA,NA,"",NA,NA,NA,NA,NA,NA,NA,NA,NA,NA,NA,NA,NA,"Unknown"
"A...333279",NA,NA,2630,0,1980,1980,"Vlieland","597",53.29611,5.06619,"BLUE TIT",NA,NA,NA,NA,NA,"",NA,NA,NA,NA,NA,NA,NA,NA,NA,NA,NA,NA,NA,"Unknown"
"A...333280",NA,NA,2630,0,1980,1980,"Vlieland","597",53.29611,5.06619,"BLUE TIT",NA,NA,NA,NA,NA,"",NA,NA,NA,NA,NA,NA,NA,NA,NA,NA,NA,NA,NA,"Unknown"
"A...333281",NA,NA,2630,0,1980,1980,"Vlieland","597",53.29611,5.06619,"BLUE TIT",NA,NA,NA,NA,NA,"",NA,NA,NA,NA,NA,NA,NA,NA,NA,NA,NA,NA,NA,"Unknown"
"A...333282",NA,NA,2630,0,1980,1980,"Vlieland","597",53.29611,5.06619,"BLUE TIT",NA,NA,NA,NA,NA,"",NA,NA,NA,NA,NA,NA,NA,NA,NA,NA,NA,NA,NA,"Unknown"
"A...333283",NA,NA,2630,0,1980,1980,"Vlieland","597",53.29611,5.06619,"BLUE TIT",NA,NA,NA,NA,NA,"",NA,NA,NA,NA,NA,NA,NA,NA,NA,NA,NA,NA,NA,"Unknown"
"A...333284",NA,NA,2630,0,1980,1980,"Vlieland","597",53.29611,5.06619,"BLUE TIT",NA,NA,NA,NA,NA,"",NA,NA,NA,NA,NA,NA,NA,NA,NA,NA,NA,NA,NA,"Unknown"
"A...333317","A...318223","A...318715",6922,0,1980,1980,"Vlieland","1025",53.298821,5.047545,"GREAT TIT",NA,NA,NA,NA,NA,"",NA,NA,NA,NA,NA,NA,NA,NA,NA,NA,NA,NA,NA,"Unknown"
"A...333318","A...318223","A...318715",6922,2,1980,1980,"Vlieland","1025",53.298821,5.047545,"GREAT TIT",NA,NA,NA,NA,NA,"",NA,NA,NA,NA,NA,NA,NA,NA,NA,NA,NA,NA,NA,"Male"
"A...333319","A...318223","A...318715",6922,0,1980,1980,"Vlieland","1025",53.298821,5.047545,"GREAT TIT",NA,NA,NA,NA,NA,"",NA,NA,NA,NA,NA,NA,NA,NA,NA,NA,NA,NA,NA,"Unknown"
"A...333320","A...318223","A...318715",6922,0,1980,1980,"Vlieland","1025",53.298821,5.047545,"GREAT TIT",NA,NA,NA,NA,NA,"",NA,NA,NA,NA,NA,NA,NA,NA,NA,NA,NA,NA,NA,"Unknown"
"A...333321","A...318223","A...318715",6922,0,1980,1980,"Vlieland","1025",53.298821,5.047545,"GREAT TIT",NA,NA,NA,NA,NA,"",NA,NA,NA,NA,NA,NA,NA,NA,NA,NA,NA,NA,NA,"Unknown"
"A...333322","A...318223","A...318715",6922,0,1980,1980,"Vlieland","1025",53.298821,5.047545,"GREAT TIT",NA,NA,NA,NA,NA,"",NA,NA,NA,NA,NA,NA,NA,NA,NA,NA,NA,NA,NA,"Unknown"
"A...333323","A...318223","A...318715",6922,0,1980,1980,"Vlieland","1025",53.298821,5.047545,"GREAT TIT",NA,NA,NA,NA,NA,"",NA,NA,NA,NA,NA,NA,NA,NA,NA,NA,NA,NA,NA,"Unknown"
"A...333324","A...318223","A...318715",6922,0,1980,1980,"Vlieland","1025",53.298821,5.047545,"GREAT TIT",NA,NA,NA,NA,NA,"",NA,NA,NA,NA,NA,NA,NA,NA,NA,NA,NA,NA,NA,"Unknown"
"A...333325","A...318223","A...318715",6922,2,1980,1980,"Vlieland","1025",53.298821,5.047545,"GREAT TIT",NA,NA,NA,NA,NA,"",NA,NA,NA,NA,NA,NA,NA,NA,NA,NA,NA,NA,NA,"Male"
"A...333338",NA,NA,2113,0,1980,1980,"Vlieland","322",53.28482,5.02637,"BLUE TIT",NA,NA,NA,NA,NA,"",NA,NA,NA,NA,NA,NA,NA,NA,NA,NA,NA,NA,NA,"Unknown"
"A...333339",NA,NA,2113,0,1980,1980,"Vlieland","322",53.28482,5.02637,"BLUE TIT",NA,NA,NA,NA,NA,"",NA,NA,NA,NA,NA,NA,NA,NA,NA,NA,NA,NA,NA,"Unknown"
"A...333340",NA,NA,2113,0,1980,1980,"Vlieland","322",53.28482,5.02637,"BLUE TIT",NA,NA,NA,NA,NA,"",NA,NA,NA,NA,NA,NA,NA,NA,NA,NA,NA,NA,NA,"Unknown"
"A...333341",NA,NA,2113,0,1980,1980,"Vlieland","322",53.28482,5.02637,"BLUE TIT",NA,NA,NA,NA,NA,"",NA,NA,NA,NA,NA,NA,NA,NA,NA,NA,NA,NA,NA,"Unknown"
"A...333342",NA,NA,2113,0,1980,1980,"Vlieland","322",53.28482,5.02637,"BLUE TIT",NA,NA,NA,NA,NA,"",NA,NA,NA,NA,NA,NA,NA,NA,NA,NA,NA,NA,NA,"Unknown"
"A...333343",NA,NA,2113,0,1980,1980,"Vlieland","322",53.28482,5.02637,"BLUE TIT",NA,NA,NA,NA,NA,"",NA,NA,NA,NA,NA,NA,NA,NA,NA,NA,NA,NA,NA,"Unknown"
"A...333344",NA,NA,2113,0,1980,1980,"Vlieland","322",53.28482,5.02637,"BLUE TIT",NA,NA,NA,NA,NA,"",NA,NA,NA,NA,NA,NA,NA,NA,NA,NA,NA,NA,NA,"Unknown"
"A...333345",NA,NA,2113,0,1980,1980,"Vlieland","322",53.28482,5.02637,"BLUE TIT",NA,NA,NA,NA,NA,"",NA,NA,NA,NA,NA,NA,NA,NA,NA,NA,NA,NA,NA,"Unknown"
"A...333346",NA,NA,2113,0,1980,1980,"Vlieland","322",53.28482,5.02637,"BLUE TIT",NA,NA,NA,NA,NA,"",NA,NA,NA,NA,NA,NA,NA,NA,NA,NA,NA,NA,NA,"Unknown"
"A...333347",NA,NA,2113,0,1980,1980,"Vlieland","322",53.28482,5.02637,"BLUE TIT",NA,NA,NA,NA,NA,"",NA,NA,NA,NA,NA,NA,NA,NA,NA,NA,NA,NA,NA,"Unknown"
"A...333461","A...333460",NA,2780,0,1980,1980,"Vlieland","865",53.29611,5.06619,"BLUE TIT",NA,NA,NA,NA,NA,"",NA,NA,NA,NA,NA,NA,NA,NA,NA,NA,NA,NA,NA,"Unknown"
"A...333462","A...333460",NA,2780,0,1980,1980,"Vlieland","865",53.29611,5.06619,"BLUE TIT",NA,NA,NA,NA,NA,"",NA,NA,NA,NA,NA,NA,NA,NA,NA,NA,NA,NA,NA,"Unknown"
"A...333463","A...333460",NA,2780,0,1980,1980,"Vlieland","865",53.29611,5.06619,"BLUE TIT",NA,NA,NA,NA,NA,"",NA,NA,NA,NA,NA,NA,NA,NA,NA,NA,NA,NA,NA,"Unknown"
"A...333464","A...333460",NA,2780,0,1980,1980,"Vlieland","865",53.29611,5.06619,"BLUE TIT",NA,NA,NA,NA,NA,"",NA,NA,NA,NA,NA,NA,NA,NA,NA,NA,NA,NA,NA,"Unknown"
"A...333465","A...333460",NA,2780,0,1980,1980,"Vlieland","865",53.29611,5.06619,"BLUE TIT",NA,NA,NA,NA,NA,"",NA,NA,NA,NA,NA,NA,NA,NA,NA,NA,NA,NA,NA,"Unknown"
"A...333466","A...333460",NA,2780,0,1980,1980,"Vlieland","865",53.29611,5.06619,"BLUE TIT",NA,NA,NA,NA,NA,"",NA,NA,NA,NA,NA,NA,NA,NA,NA,NA,NA,NA,NA,"Unknown"
"A...333467","A...333460",NA,2780,0,1980,1980,"Vlieland","865",53.29611,5.06619,"BLUE TIT",NA,NA,NA,NA,NA,"",NA,NA,NA,NA,NA,NA,NA,NA,NA,NA,NA,NA,NA,"Unknown"
"A...333468","A...333460",NA,2780,0,1980,1980,"Vlieland","865",53.29611,5.06619,"BLUE TIT",NA,NA,NA,NA,NA,"",NA,NA,NA,NA,NA,NA,NA,NA,NA,NA,NA,NA,NA,"Unknown"
"A...333469","A...333460",NA,2780,0,1980,1980,"Vlieland","865",53.29611,5.06619,"BLUE TIT",NA,NA,NA,NA,NA,"",NA,NA,NA,NA,NA,NA,NA,NA,NA,NA,NA,NA,NA,"Unknown"
"A...333470","A...333460",NA,2780,0,1980,1980,"Vlieland","865",53.29611,5.06619,"BLUE TIT",NA,NA,NA,NA,NA,"",NA,NA,NA,NA,NA,NA,NA,NA,NA,NA,NA,NA,NA,"Unknown"
"A...333471","A...333460",NA,2780,0,1980,1980,"Vlieland","865",53.29611,5.06619,"BLUE TIT",NA,NA,NA,NA,NA,"",NA,NA,NA,NA,NA,NA,NA,NA,NA,NA,NA,NA,NA,"Unknown"
"A...333472","A...333460",NA,2780,0,1980,1980,"Vlieland","865",53.29611,5.06619,"BLUE TIT",NA,NA,NA,NA,NA,"",NA,NA,NA,NA,NA,NA,NA,NA,NA,NA,NA,NA,NA,"Unknown"
"A...333473","A...333460",NA,2780,0,1980,1980,"Vlieland","865",53.29611,5.06619,"BLUE TIT",NA,NA,NA,NA,NA,"",NA,NA,NA,NA,NA,NA,NA,NA,NA,NA,NA,NA,NA,"Unknown"
"A...333484",NA,NA,2290,0,1980,1980,"Vlieland","525",53.302749,5.082373,"BLUE TIT",NA,NA,NA,NA,NA,"",NA,NA,NA,NA,NA,NA,NA,NA,NA,NA,NA,NA,NA,"Unknown"
"A...333485",NA,NA,2290,0,1980,1980,"Vlieland","525",53.302749,5.082373,"BLUE TIT",NA,NA,NA,NA,NA,"",NA,NA,NA,NA,NA,NA,NA,NA,NA,NA,NA,NA,NA,"Unknown"
"A...333486",NA,NA,2290,0,1980,1980,"Vlieland","525",53.302749,5.082373,"BLUE TIT",NA,NA,NA,NA,NA,"",NA,NA,NA,NA,NA,NA,NA,NA,NA,NA,NA,NA,NA,"Unknown"
"A...333487",NA,NA,2290,0,1980,1980,"Vlieland","525",53.302749,5.082373,"BLUE TIT",NA,NA,NA,NA,NA,"",NA,NA,NA,NA,NA,NA,NA,NA,NA,NA,NA,NA,NA,"Unknown"
"A...333488",NA,NA,2290,0,1980,1980,"Vlieland","525",53.302749,5.082373,"BLUE TIT",NA,NA,NA,NA,NA,"",NA,NA,NA,NA,NA,NA,NA,NA,NA,NA,NA,NA,NA,"Unknown"
"A...333489",NA,NA,2290,0,1980,1980,"Vlieland","525",53.302749,5.082373,"BLUE TIT",NA,NA,NA,NA,NA,"",NA,NA,NA,NA,NA,NA,NA,NA,NA,NA,NA,NA,NA,"Unknown"
"A...333490",NA,NA,2290,0,1980,1980,"Vlieland","525",53.302749,5.082373,"BLUE TIT",NA,NA,NA,NA,NA,"",NA,NA,NA,NA,NA,NA,NA,NA,NA,NA,NA,NA,NA,"Unknown"
"A...333491",NA,NA,2290,0,1980,1980,"Vlieland","525",53.302749,5.082373,"BLUE TIT",NA,NA,NA,NA,NA,"",NA,NA,NA,NA,NA,NA,NA,NA,NA,NA,NA,NA,NA,"Unknown"
"A...333492",NA,NA,2290,0,1980,1980,"Vlieland","525",53.302749,5.082373,"BLUE TIT",NA,NA,NA,NA,NA,"",NA,NA,NA,NA,NA,NA,NA,NA,NA,NA,NA,NA,NA,"Unknown"
"A...334196","A...334195","A...334193",2111,0,1980,1980,"Vlieland","320",53.28482,5.02637,"GREAT TIT",NA,NA,NA,NA,NA,"",NA,NA,NA,NA,NA,NA,NA,NA,NA,NA,NA,NA,NA,"Unknown"
"A...334197","A...334195","A...334193",2111,0,1980,1980,"Vlieland","320",53.28482,5.02637,"GREAT TIT",NA,NA,NA,NA,NA,"",NA,NA,NA,NA,NA,NA,NA,NA,NA,NA,NA,NA,NA,"Unknown"
"A...334198","A...334195","A...334193",2111,0,1980,1980,"Vlieland","320",53.28482,5.02637,"GREAT TIT",NA,NA,NA,NA,NA,"",NA,NA,NA,NA,NA,NA,NA,NA,NA,NA,NA,NA,NA,"Unknown"
"A...334199","A...334195","A...334193",2111,0,1980,1980,"Vlieland","320",53.28482,5.02637,"GREAT TIT",NA,NA,NA,NA,NA,"",NA,NA,NA,NA,NA,NA,NA,NA,NA,NA,NA,NA,NA,"Unknown"
"A...334200","A...334195","A...334193",2111,0,1980,1980,"Vlieland","320",53.28482,5.02637,"GREAT TIT",NA,NA,NA,NA,NA,"",NA,NA,NA,NA,NA,NA,NA,NA,NA,NA,NA,NA,NA,"Unknown"
"A...334201","A...334195","A...334193",2111,0,1980,1980,"Vlieland","320",53.28482,5.02637,"GREAT TIT",NA,NA,NA,NA,NA,"",NA,NA,NA,NA,NA,NA,NA,NA,NA,NA,NA,NA,NA,"Unknown"
"A...334202","A...334195","A...334193",2111,0,1980,1980,"Vlieland","320",53.28482,5.02637,"GREAT TIT",NA,NA,NA,NA,NA,"",NA,NA,NA,NA,NA,NA,NA,NA,NA,NA,NA,NA,NA,"Unknown"
"A...334203","A...334195","A...334193",2111,0,1980,1980,"Vlieland","320",53.28482,5.02637,"GREAT TIT",NA,NA,NA,NA,NA,"",NA,NA,NA,NA,NA,NA,NA,NA,NA,NA,NA,NA,NA,"Unknown"
"A...334204","A...334195","A...334193",2111,0,1980,1980,"Vlieland","320",53.28482,5.02637,"GREAT TIT",NA,NA,NA,NA,NA,"",NA,NA,NA,NA,NA,NA,NA,NA,NA,NA,NA,NA,NA,"Unknown"
"A...334205","A...334195","A...334193",2111,0,1980,1980,"Vlieland","320",53.28482,5.02637,"GREAT TIT",NA,NA,NA,NA,NA,"",NA,NA,NA,NA,NA,NA,NA,NA,NA,NA,NA,NA,NA,"Unknown"
"A...334206","A...334195","A...334193",2111,0,1980,1980,"Vlieland","320",53.28482,5.02637,"GREAT TIT",NA,NA,NA,NA,NA,"",NA,NA,NA,NA,NA,NA,NA,NA,NA,NA,NA,NA,NA,"Unknown"
"A...334207","A...245866","A...334096",2285,0,1980,1980,"Vlieland","521",53.30207,5.06711,"GREAT TIT",NA,NA,NA,NA,NA,"",NA,NA,NA,NA,NA,NA,NA,NA,NA,NA,NA,NA,NA,"Unknown"
"A...334208","A...245866","A...334096",2285,0,1980,1980,"Vlieland","521",53.30207,5.06711,"GREAT TIT",NA,NA,NA,NA,NA,"",NA,NA,NA,NA,NA,NA,NA,NA,NA,NA,NA,NA,NA,"Unknown"
"A...334209","A...245866","A...334096",2285,0,1980,1980,"Vlieland","521",53.30207,5.06711,"GREAT TIT",NA,NA,NA,NA,NA,"",NA,NA,NA,NA,NA,NA,NA,NA,NA,NA,NA,NA,NA,"Unknown"
"A...334210","A...245866","A...334096",2285,2,1980,1980,"Vlieland","521",53.30207,5.06711,"GREAT TIT",NA,NA,NA,NA,NA,"",NA,NA,NA,NA,NA,NA,NA,NA,NA,NA,NA,NA,NA,"Male"
"A...334211","A...245866","A...334096",2285,0,1980,1980,"Vlieland","521",53.30207,5.06711,"GREAT TIT",NA,NA,NA,NA,NA,"",NA,NA,NA,NA,NA,NA,NA,NA,NA,NA,NA,NA,NA,"Unknown"
"A...334212","A...245866","A...334096",2285,2,1980,1980,"Vlieland","521",53.30207,5.06711,"GREAT TIT",NA,NA,NA,NA,NA,"",NA,NA,NA,NA,NA,NA,NA,NA,NA,NA,NA,NA,NA,"Male"
"A...334213","A...245866","A...334096",2285,0,1980,1980,"Vlieland","521",53.30207,5.06711,"GREAT TIT",NA,NA,NA,NA,NA,"",NA,NA,NA,NA,NA,NA,NA,NA,NA,NA,NA,NA,NA,"Unknown"
"A...334214","A...245866","A...334096",2285,0,1980,1980,"Vlieland","521",53.30207,5.06711,"GREAT TIT",NA,NA,NA,NA,NA,"",NA,NA,NA,NA,NA,NA,NA,NA,NA,NA,NA,NA,NA,"Unknown"
"A...334302","A...334017","A...334301",2779,0,1980,1980,"Vlieland","864",53.29611,5.06619,"GREAT TIT",NA,NA,NA,NA,NA,"",NA,NA,NA,NA,NA,NA,NA,NA,NA,NA,NA,NA,NA,"Unknown"
"A...334303","A...334017","A...334301",2779,0,1980,1980,"Vlieland","864",53.29611,5.06619,"GREAT TIT",NA,NA,NA,NA,NA,"",NA,NA,NA,NA,NA,NA,NA,NA,NA,NA,NA,NA,NA,"Unknown"
"A...334304","A...334017","A...334301",2779,0,1980,1980,"Vlieland","864",53.29611,5.06619,"GREAT TIT",NA,NA,NA,NA,NA,"",NA,NA,NA,NA,NA,NA,NA,NA,NA,NA,NA,NA,NA,"Unknown"
"A...334305","A...334017","A...334301",2779,0,1980,1980,"Vlieland","864",53.29611,5.06619,"GREAT TIT",NA,NA,NA,NA,NA,"",NA,NA,NA,NA,NA,NA,NA,NA,NA,NA,NA,NA,NA,"Unknown"
"A...334306","A...334017","A...334301",2779,1,1980,1980,"Vlieland","864",53.29611,5.06619,"GREAT TIT",NA,NA,NA,NA,NA,"",NA,NA,NA,NA,NA,NA,NA,NA,NA,NA,NA,NA,NA,"Female"
"A...334307","A...334017","A...334301",2779,0,1980,1980,"Vlieland","864",53.29611,5.06619,"GREAT TIT",NA,NA,NA,NA,NA,"",NA,NA,NA,NA,NA,NA,NA,NA,NA,NA,NA,NA,NA,"Unknown"
"A...334308","A...334017","A...334301",2779,0,1980,1980,"Vlieland","864",53.29611,5.06619,"GREAT TIT",NA,NA,NA,NA,NA,"",NA,NA,NA,NA,NA,NA,NA,NA,NA,NA,NA,NA,NA,"Unknown"
"A...334309","A...334017","A...334301",2779,0,1980,1980,"Vlieland","864",53.29611,5.06619,"GREAT TIT",NA,NA,NA,NA,NA,"",NA,NA,NA,NA,NA,NA,NA,NA,NA,NA,NA,NA,NA,"Unknown"
"A...334310","A...334017","A...334301",2779,1,1980,1980,"Vlieland","864",53.29611,5.06619,"GREAT TIT",NA,NA,NA,NA,NA,"",NA,NA,NA,NA,NA,NA,NA,NA,NA,NA,NA,NA,NA,"Female"
"A...334311","A...334017","A...334301",2779,0,1980,1980,"Vlieland","864",53.29611,5.06619,"GREAT TIT",NA,NA,NA,NA,NA,"",NA,NA,NA,NA,NA,NA,NA,NA,NA,NA,NA,NA,NA,"Unknown"
"A...334312","A...334017","A...334301",2779,0,1980,1980,"Vlieland","864",53.29611,5.06619,"GREAT TIT",NA,NA,NA,NA,NA,"",NA,NA,NA,NA,NA,NA,NA,NA,NA,NA,NA,NA,NA,"Unknown"
"A...334316","A...334313",NA,2452,0,1980,1980,"Vlieland","746",53.30207,5.06711,"GREAT TIT",NA,NA,NA,NA,NA,"",NA,NA,NA,NA,NA,NA,NA,NA,NA,NA,NA,NA,NA,"Unknown"
"A...334317","A...334313",NA,2452,0,1980,1980,"Vlieland","746",53.30207,5.06711,"GREAT TIT",NA,NA,NA,NA,NA,"",NA,NA,NA,NA,NA,NA,NA,NA,NA,NA,NA,NA,NA,"Unknown"
"A...334318","A...334313",NA,2452,0,1980,1980,"Vlieland","746",53.30207,5.06711,"GREAT TIT",NA,NA,NA,NA,NA,"",NA,NA,NA,NA,NA,NA,NA,NA,NA,NA,NA,NA,NA,"Unknown"
"A...334319","A...334313",NA,2452,0,1980,1980,"Vlieland","746",53.30207,5.06711,"GREAT TIT",NA,NA,NA,NA,NA,"",NA,NA,NA,NA,NA,NA,NA,NA,NA,NA,NA,NA,NA,"Unknown"
"A...334320","A...334313",NA,2452,0,1980,1980,"Vlieland","746",53.30207,5.06711,"GREAT TIT",NA,NA,NA,NA,NA,"",NA,NA,NA,NA,NA,NA,NA,NA,NA,NA,NA,NA,NA,"Unknown"
"A...334321","A...334313",NA,2452,0,1980,1980,"Vlieland","746",53.30207,5.06711,"GREAT TIT",NA,NA,NA,NA,NA,"",NA,NA,NA,NA,NA,NA,NA,NA,NA,NA,NA,NA,NA,"Unknown"
"A...334322","A...334313",NA,2452,0,1980,1980,"Vlieland","746",53.30207,5.06711,"GREAT TIT",NA,NA,NA,NA,NA,"",NA,NA,NA,NA,NA,NA,NA,NA,NA,NA,NA,NA,NA,"Unknown"
"A...334323","A...334313",NA,2452,0,1980,1980,"Vlieland","746",53.30207,5.06711,"GREAT TIT",NA,NA,NA,NA,NA,"",NA,NA,NA,NA,NA,NA,NA,NA,NA,NA,NA,NA,NA,"Unknown"
"A...334494",NA,NA,2286,0,1980,1980,"Vlieland","521",53.30207,5.06711,"GREAT TIT",NA,NA,NA,NA,NA,"",NA,NA,NA,NA,NA,NA,NA,NA,NA,NA,NA,NA,NA,"Unknown"
"A...334495",NA,NA,2286,0,1980,1980,"Vlieland","521",53.30207,5.06711,"GREAT TIT",NA,NA,NA,NA,NA,"",NA,NA,NA,NA,NA,NA,NA,NA,NA,NA,NA,NA,NA,"Unknown"
"A...334496",NA,NA,2286,0,1980,1980,"Vlieland","521",53.30207,5.06711,"GREAT TIT",NA,NA,NA,NA,NA,"",NA,NA,NA,NA,NA,NA,NA,NA,NA,NA,NA,NA,NA,"Unknown"
"A...334497",NA,NA,2286,0,1980,1980,"Vlieland","521",53.30207,5.06711,"GREAT TIT",NA,NA,NA,NA,NA,"",NA,NA,NA,NA,NA,NA,NA,NA,NA,NA,NA,NA,NA,"Unknown"
"A...395135",NA,NA,1936,0,1980,1980,"Vlieland","9",53.270488,4.979171,"GREAT TIT",NA,NA,NA,NA,NA,"",NA,NA,NA,NA,NA,NA,NA,NA,NA,NA,NA,NA,NA,"Unknown"
"A...395136",NA,NA,1936,0,1980,1980,"Vlieland","9",53.270488,4.979171,"GREAT TIT",NA,NA,NA,NA,NA,"",NA,NA,NA,NA,NA,NA,NA,NA,NA,NA,NA,NA,NA,"Unknown"
"A...395137",NA,NA,1936,0,1980,1980,"Vlieland","9",53.270488,4.979171,"GREAT TIT",NA,NA,NA,NA,NA,"",NA,NA,NA,NA,NA,NA,NA,NA,NA,NA,NA,NA,NA,"Unknown"
"A...395138",NA,NA,1936,2,1980,1980,"Vlieland","9",53.270488,4.979171,"GREAT TIT",NA,NA,NA,NA,NA,"",NA,NA,NA,NA,NA,NA,NA,NA,NA,NA,NA,NA,NA,"Male"
"A...395139",NA,NA,1936,0,1980,1980,"Vlieland","9",53.270488,4.979171,"GREAT TIT",NA,NA,NA,NA,NA,"",NA,NA,NA,NA,NA,NA,NA,NA,NA,NA,NA,NA,NA,"Unknown"
"A...395140",NA,NA,1936,0,1980,1980,"Vlieland","9",53.270488,4.979171,"GREAT TIT",NA,NA,NA,NA,NA,"",NA,NA,NA,NA,NA,NA,NA,NA,NA,NA,NA,NA,NA,"Unknown"
"A...395141",NA,NA,1936,1,1980,1980,"Vlieland","9",53.270488,4.979171,"GREAT TIT",NA,NA,NA,NA,NA,"",NA,NA,NA,NA,NA,NA,NA,NA,NA,NA,NA,NA,NA,"Female"
"A...395142",NA,NA,1936,0,1980,1980,"Vlieland","9",53.270488,4.979171,"GREAT TIT",NA,NA,NA,NA,NA,"",NA,NA,NA,NA,NA,NA,NA,NA,NA,NA,NA,NA,NA,"Unknown"
"A...395143",NA,NA,1936,0,1980,1980,"Vlieland","9",53.270488,4.979171,"GREAT TIT",NA,NA,NA,NA,NA,"",NA,NA,NA,NA,NA,NA,NA,NA,NA,NA,NA,NA,NA,"Unknown"
"A...395612","A...333998",NA,2289,0,1980,1980,"Vlieland","524",53.30207,5.06711,"BLUE TIT",NA,NA,NA,NA,NA,"",NA,NA,NA,NA,NA,NA,NA,NA,NA,NA,NA,NA,NA,"Unknown"
"A...395613","A...333998",NA,2289,0,1980,1980,"Vlieland","524",53.30207,5.06711,"BLUE TIT",NA,NA,NA,NA,NA,"",NA,NA,NA,NA,NA,NA,NA,NA,NA,NA,NA,NA,NA,"Unknown"
"A...395614","A...333998",NA,2289,0,1980,1980,"Vlieland","524",53.30207,5.06711,"BLUE TIT",NA,NA,NA,NA,NA,"",NA,NA,NA,NA,NA,NA,NA,NA,NA,NA,NA,NA,NA,"Unknown"
"A...395615","A...333998",NA,2289,0,1980,1980,"Vlieland","524",53.30207,5.06711,"BLUE TIT",NA,NA,NA,NA,NA,"",NA,NA,NA,NA,NA,NA,NA,NA,NA,NA,NA,NA,NA,"Unknown"
"A...395616","A...333998",NA,2289,0,1980,1980,"Vlieland","524",53.30207,5.06711,"BLUE TIT",NA,NA,NA,NA,NA,"",NA,NA,NA,NA,NA,NA,NA,NA,NA,NA,NA,NA,NA,"Unknown"
"A...395617","A...333998",NA,2289,0,1980,1980,"Vlieland","524",53.30207,5.06711,"BLUE TIT",NA,NA,NA,NA,NA,"",NA,NA,NA,NA,NA,NA,NA,NA,NA,NA,NA,NA,NA,"Unknown"
"A...395618","A...333998",NA,2289,0,1980,1980,"Vlieland","524",53.30207,5.06711,"BLUE TIT",NA,NA,NA,NA,NA,"",NA,NA,NA,NA,NA,NA,NA,NA,NA,NA,NA,NA,NA,"Unknown"
"A...395619","A...333998",NA,2289,0,1980,1980,"Vlieland","524",53.30207,5.06711,"BLUE TIT",NA,NA,NA,NA,NA,"",NA,NA,NA,NA,NA,NA,NA,NA,NA,NA,NA,NA,NA,"Unknown"
"A...395967",NA,NA,6923,0,1980,1980,"Vlieland","1026",53.2981,5.045772,"GREAT TIT",NA,NA,NA,NA,NA,"",NA,NA,NA,NA,NA,NA,NA,NA,NA,NA,NA,NA,NA,"Unknown"
"A...395968",NA,NA,6923,0,1980,1980,"Vlieland","1026",53.2981,5.045772,"GREAT TIT",NA,NA,NA,NA,NA,"",NA,NA,NA,NA,NA,NA,NA,NA,NA,NA,NA,NA,NA,"Unknown"
"A...395969",NA,NA,6923,0,1980,1980,"Vlieland","1026",53.2981,5.045772,"GREAT TIT",NA,NA,NA,NA,NA,"",NA,NA,NA,NA,NA,NA,NA,NA,NA,NA,NA,NA,NA,"Unknown"
"A...395970",NA,NA,6923,0,1980,1980,"Vlieland","1026",53.2981,5.045772,"GREAT TIT",NA,NA,NA,NA,NA,"",NA,NA,NA,NA,NA,NA,NA,NA,NA,NA,NA,NA,NA,"Unknown"
"A...395971",NA,NA,6923,1,1980,1980,"Vlieland","1026",53.2981,5.045772,"GREAT TIT",NA,NA,NA,NA,NA,"",NA,NA,NA,NA,NA,NA,NA,NA,NA,NA,NA,NA,NA,"Female"
"A...395972",NA,NA,6923,0,1980,1980,"Vlieland","1026",53.2981,5.045772,"GREAT TIT",NA,NA,NA,NA,NA,"",NA,NA,NA,NA,NA,NA,NA,NA,NA,NA,NA,NA,NA,"Unknown"
"A...395973",NA,NA,6923,0,1980,1980,"Vlieland","1026",53.2981,5.045772,"GREAT TIT",NA,NA,NA,NA,NA,"",NA,NA,NA,NA,NA,NA,NA,NA,NA,NA,NA,NA,NA,"Unknown"
"A...395974",NA,NA,6923,0,1980,1980,"Vlieland","1026",53.2981,5.045772,"GREAT TIT",NA,NA,NA,NA,NA,"",NA,NA,NA,NA,NA,NA,NA,NA,NA,NA,NA,NA,NA,"Unknown"
"A...395975",NA,NA,6923,0,1980,1980,"Vlieland","1026",53.2981,5.045772,"GREAT TIT",NA,NA,NA,NA,NA,"",NA,NA,NA,NA,NA,NA,NA,NA,NA,NA,NA,NA,NA,"Unknown"
"A...395976",NA,NA,6923,0,1980,1980,"Vlieland","1026",53.2981,5.045772,"GREAT TIT",NA,NA,NA,NA,NA,"",NA,NA,NA,NA,NA,NA,NA,NA,NA,NA,NA,NA,NA,"Unknown"
"A...457187","A...457246","A...333242",2784,0,1981,1981,"Vlieland","869",53.29611,5.06619,"BLUE TIT",NA,NA,NA,NA,NA,"",NA,NA,NA,NA,NA,NA,NA,NA,NA,NA,NA,NA,NA,"Unknown"
"A...457188","A...457246","A...333242",2784,0,1981,1981,"Vlieland","869",53.29611,5.06619,"BLUE TIT",NA,NA,NA,NA,NA,"",NA,NA,NA,NA,NA,NA,NA,NA,NA,NA,NA,NA,NA,"Unknown"
"A...457189","A...457246","A...333242",2784,0,1981,1981,"Vlieland","869",53.29611,5.06619,"BLUE TIT",NA,NA,NA,NA,NA,"",NA,NA,NA,NA,NA,NA,NA,NA,NA,NA,NA,NA,NA,"Unknown"
"A...457190","A...457246","A...333242",2784,0,1981,1981,"Vlieland","869",53.29611,5.06619,"BLUE TIT",NA,NA,NA,NA,NA,"",NA,NA,NA,NA,NA,NA,NA,NA,NA,NA,NA,NA,NA,"Unknown"
"A...457191","A...457246","A...333242",2784,0,1981,1981,"Vlieland","869",53.29611,5.06619,"BLUE TIT",NA,NA,NA,NA,NA,"",NA,NA,NA,NA,NA,NA,NA,NA,NA,NA,NA,NA,NA,"Unknown"
"A...457192","A...457246","A...333242",2784,0,1981,1981,"Vlieland","869",53.29611,5.06619,"BLUE TIT",NA,NA,NA,NA,NA,"",NA,NA,NA,NA,NA,NA,NA,NA,NA,NA,NA,NA,NA,"Unknown"
"A...457193","A...457246","A...333242",2784,0,1981,1981,"Vlieland","869",53.29611,5.06619,"BLUE TIT",NA,NA,NA,NA,NA,"",NA,NA,NA,NA,NA,NA,NA,NA,NA,NA,NA,NA,NA,"Unknown"
"A...457194","A...457246","A...333242",2784,0,1981,1981,"Vlieland","869",53.29611,5.06619,"BLUE TIT",NA,NA,NA,NA,NA,"",NA,NA,NA,NA,NA,NA,NA,NA,NA,NA,NA,NA,NA,"Unknown"
"A...457195","A...457246","A...333242",2784,0,1981,1981,"Vlieland","869",53.29611,5.06619,"BLUE TIT",NA,NA,NA,NA,NA,"",NA,NA,NA,NA,NA,NA,NA,NA,NA,NA,NA,NA,NA,"Unknown"
"A...457196","A...457246","A...333242",2784,0,1981,1981,"Vlieland","869",53.29611,5.06619,"BLUE TIT",NA,NA,NA,NA,NA,"",NA,NA,NA,NA,NA,NA,NA,NA,NA,NA,NA,NA,NA,"Unknown"
"A...457197","A...457246","A...333242",2784,0,1981,1981,"Vlieland","869",53.29611,5.06619,"BLUE TIT",NA,NA,NA,NA,NA,"",NA,NA,NA,NA,NA,NA,NA,NA,NA,NA,NA,NA,NA,"Unknown"
"A...457236","A...397973","A...398000",2455,0,1981,1981,"Vlieland","749",53.30207,5.06711,"BLUE TIT",NA,NA,NA,NA,NA,"",NA,NA,NA,NA,NA,NA,NA,NA,NA,NA,NA,NA,NA,"Unknown"
"A...457237","A...397973","A...398000",2455,0,1981,1981,"Vlieland","749",53.30207,5.06711,"BLUE TIT",NA,NA,NA,NA,NA,"",NA,NA,NA,NA,NA,NA,NA,NA,NA,NA,NA,NA,NA,"Unknown"
"A...457238","A...397973","A...398000",2455,0,1981,1981,"Vlieland","749",53.30207,5.06711,"BLUE TIT",NA,NA,NA,NA,NA,"",NA,NA,NA,NA,NA,NA,NA,NA,NA,NA,NA,NA,NA,"Unknown"
"A...457239","A...397973","A...398000",2455,0,1981,1981,"Vlieland","749",53.30207,5.06711,"BLUE TIT",NA,NA,NA,NA,NA,"",NA,NA,NA,NA,NA,NA,NA,NA,NA,NA,NA,NA,NA,"Unknown"
"A...457240","A...397973","A...398000",2455,0,1981,1981,"Vlieland","749",53.30207,5.06711,"BLUE TIT",NA,NA,NA,NA,NA,"",NA,NA,NA,NA,NA,NA,NA,NA,NA,NA,NA,NA,NA,"Unknown"
"A...457241","A...397973","A...398000",2455,0,1981,1981,"Vlieland","749",53.30207,5.06711,"BLUE TIT",NA,NA,NA,NA,NA,"",NA,NA,NA,NA,NA,NA,NA,NA,NA,NA,NA,NA,NA,"Unknown"
"A...457242","A...397973","A...398000",2455,0,1981,1981,"Vlieland","749",53.30207,5.06711,"BLUE TIT",NA,NA,NA,NA,NA,"",NA,NA,NA,NA,NA,NA,NA,NA,NA,NA,NA,NA,NA,"Unknown"
"A...457243","A...397973","A...398000",2455,0,1981,1981,"Vlieland","749",53.30207,5.06711,"BLUE TIT",NA,NA,NA,NA,NA,"",NA,NA,NA,NA,NA,NA,NA,NA,NA,NA,NA,NA,NA,"Unknown"
"A...457244","A...397973","A...398000",2455,0,1981,1981,"Vlieland","749",53.30207,5.06711,"BLUE TIT",NA,NA,NA,NA,NA,"",NA,NA,NA,NA,NA,NA,NA,NA,NA,NA,NA,NA,NA,"Unknown"
"A...457245","A...397973","A...398000",2455,0,1981,1981,"Vlieland","749",53.30207,5.06711,"BLUE TIT",NA,NA,NA,NA,NA,"",NA,NA,NA,NA,NA,NA,NA,NA,NA,NA,NA,NA,NA,"Unknown"
"A...457471","A...334052","A...334236",6926,0,1981,1981,"Vlieland","1029",53.297175,5.050081,"GREAT TIT",NA,NA,NA,NA,NA,"",NA,NA,NA,NA,NA,NA,NA,NA,NA,NA,NA,NA,NA,"Unknown"
"A...457472","A...334052","A...334236",6926,0,1981,1981,"Vlieland","1029",53.297175,5.050081,"GREAT TIT",NA,NA,NA,NA,NA,"",NA,NA,NA,NA,NA,NA,NA,NA,NA,NA,NA,NA,NA,"Unknown"
"A...457473","A...334052","A...334236",6926,0,1981,1981,"Vlieland","1029",53.297175,5.050081,"GREAT TIT",NA,NA,NA,NA,NA,"",NA,NA,NA,NA,NA,NA,NA,NA,NA,NA,NA,NA,NA,"Unknown"
"A...457474","A...334052","A...334236",6926,0,1981,1981,"Vlieland","1029",53.297175,5.050081,"GREAT TIT",NA,NA,NA,NA,NA,"",NA,NA,NA,NA,NA,NA,NA,NA,NA,NA,NA,NA,NA,"Unknown"
"A...457475","A...334052","A...334236",6926,0,1981,1981,"Vlieland","1029",53.297175,5.050081,"GREAT TIT",NA,NA,NA,NA,NA,"",NA,NA,NA,NA,NA,NA,NA,NA,NA,NA,NA,NA,NA,"Unknown"
"A...457476","A...334052","A...334236",6926,0,1981,1981,"Vlieland","1029",53.297175,5.050081,"GREAT TIT",NA,NA,NA,NA,NA,"",NA,NA,NA,NA,NA,NA,NA,NA,NA,NA,NA,NA,NA,"Unknown"
"A...457477","A...334052","A...334236",6926,0,1981,1981,"Vlieland","1029",53.297175,5.050081,"GREAT TIT",NA,NA,NA,NA,NA,"",NA,NA,NA,NA,NA,NA,NA,NA,NA,NA,NA,NA,NA,"Unknown"
"A...457478","A...334052","A...334236",6926,1,1981,1981,"Vlieland","1029",53.297175,5.050081,"GREAT TIT",NA,NA,NA,NA,NA,"",NA,NA,NA,NA,NA,NA,NA,NA,NA,NA,NA,NA,NA,"Female"
"A...457479","A...334052","A...334236",6926,0,1981,1981,"Vlieland","1029",53.297175,5.050081,"GREAT TIT",NA,NA,NA,NA,NA,"",NA,NA,NA,NA,NA,NA,NA,NA,NA,NA,NA,NA,NA,"Unknown"
"A...457609","A...318028","A...334324",2114,0,1981,1981,"Vlieland","323",53.28482,5.02637,"GREAT TIT",NA,NA,NA,NA,NA,"",NA,NA,NA,NA,NA,NA,NA,NA,NA,NA,NA,NA,NA,"Unknown"
"A...457610","A...318028","A...334324",2114,0,1981,1981,"Vlieland","323",53.28482,5.02637,"GREAT TIT",NA,NA,NA,NA,NA,"",NA,NA,NA,NA,NA,NA,NA,NA,NA,NA,NA,NA,NA,"Unknown"
"A...457611","A...318028","A...334324",2114,0,1981,1981,"Vlieland","323",53.28482,5.02637,"GREAT TIT",NA,NA,NA,NA,NA,"",NA,NA,NA,NA,NA,NA,NA,NA,NA,NA,NA,NA,NA,"Unknown"
"A...457612","A...318028","A...334324",2114,0,1981,1981,"Vlieland","323",53.28482,5.02637,"GREAT TIT",NA,NA,NA,NA,NA,"",NA,NA,NA,NA,NA,NA,NA,NA,NA,NA,NA,NA,NA,"Unknown"
"A...457613","A...318028","A...334324",2114,0,1981,1981,"Vlieland","323",53.28482,5.02637,"GREAT TIT",NA,NA,NA,NA,NA,"",NA,NA,NA,NA,NA,NA,NA,NA,NA,NA,NA,NA,NA,"Unknown"
"A...457614","A...318028","A...334324",2114,2,1981,1981,"Vlieland","323",53.28482,5.02637,"GREAT TIT",NA,NA,NA,NA,NA,"",NA,NA,NA,NA,NA,NA,NA,NA,NA,NA,NA,NA,NA,"Male"
"A...457615","A...318028","A...334324",2114,0,1981,1981,"Vlieland","323",53.28482,5.02637,"GREAT TIT",NA,NA,NA,NA,NA,"",NA,NA,NA,NA,NA,NA,NA,NA,NA,NA,NA,NA,NA,"Unknown"
"A...457616","A...318028","A...334324",2114,0,1981,1981,"Vlieland","323",53.28482,5.02637,"GREAT TIT",NA,NA,NA,NA,NA,"",NA,NA,NA,NA,NA,NA,NA,NA,NA,NA,NA,NA,NA,"Unknown"
"A...457617","A...318028","A...334324",2114,0,1981,1981,"Vlieland","323",53.28482,5.02637,"GREAT TIT",NA,NA,NA,NA,NA,"",NA,NA,NA,NA,NA,NA,NA,NA,NA,NA,NA,NA,NA,"Unknown"
"A...458608","A...334018","A...334327",2291,0,1981,1981,"Vlieland","526",53.30207,5.06711,"GREAT TIT",NA,NA,NA,NA,NA,"",NA,NA,NA,NA,NA,NA,NA,NA,NA,NA,NA,NA,NA,"Unknown"
"A...458609","A...334018","A...334327",2291,0,1981,1981,"Vlieland","526",53.30207,5.06711,"GREAT TIT",NA,NA,NA,NA,NA,"",NA,NA,NA,NA,NA,NA,NA,NA,NA,NA,NA,NA,NA,"Unknown"
"A...458610","A...334018","A...334327",2291,0,1981,1981,"Vlieland","526",53.30207,5.06711,"GREAT TIT",NA,NA,NA,NA,NA,"",NA,NA,NA,NA,NA,NA,NA,NA,NA,NA,NA,NA,NA,"Unknown"
"A...458611","A...334018","A...334327",2291,0,1981,1981,"Vlieland","526",53.30207,5.06711,"GREAT TIT",NA,NA,NA,NA,NA,"",NA,NA,NA,NA,NA,NA,NA,NA,NA,NA,NA,NA,NA,"Unknown"
"A...458612","A...334018","A...334327",2291,0,1981,1981,"Vlieland","526",53.30207,5.06711,"GREAT TIT",NA,NA,NA,NA,NA,"",NA,NA,NA,NA,NA,NA,NA,NA,NA,NA,NA,NA,NA,"Unknown"
"A...458613","A...334018","A...334327",2291,0,1981,1981,"Vlieland","526",53.30207,5.06711,"GREAT TIT",NA,NA,NA,NA,NA,"",NA,NA,NA,NA,NA,NA,NA,NA,NA,NA,NA,NA,NA,"Unknown"
"A...458614","A...334018","A...334327",2291,0,1981,1981,"Vlieland","526",53.30207,5.06711,"GREAT TIT",NA,NA,NA,NA,NA,"",NA,NA,NA,NA,NA,NA,NA,NA,NA,NA,NA,NA,NA,"Unknown"
"A...458615","A...334018","A...334327",2291,0,1981,1981,"Vlieland","526",53.30207,5.06711,"GREAT TIT",NA,NA,NA,NA,NA,"",NA,NA,NA,NA,NA,NA,NA,NA,NA,NA,NA,NA,NA,"Unknown"
"A...458616","A...334018","A...334327",2291,0,1981,1981,"Vlieland","526",53.30207,5.06711,"GREAT TIT",NA,NA,NA,NA,NA,"",NA,NA,NA,NA,NA,NA,NA,NA,NA,NA,NA,NA,NA,"Unknown"
"A...458617","A...334018","A...334327",2291,0,1981,1981,"Vlieland","526",53.30207,5.06711,"GREAT TIT",NA,NA,NA,NA,NA,"",NA,NA,NA,NA,NA,NA,NA,NA,NA,NA,NA,NA,NA,"Unknown"
"A...459330",NA,NA,9176,0,1981,1981,"Vlieland","2020",53.2985787,5.0730957,"GREAT TIT",NA,NA,NA,NA,NA,"",NA,NA,NA,NA,NA,NA,NA,NA,NA,NA,NA,NA,NA,"Unknown"
"A...459331",NA,NA,9176,0,1981,1981,"Vlieland","2020",53.2985787,5.0730957,"GREAT TIT",NA,NA,NA,NA,NA,"",NA,NA,NA,NA,NA,NA,NA,NA,NA,NA,NA,NA,NA,"Unknown"
"A...459332",NA,NA,9176,0,1981,1981,"Vlieland","2020",53.2985787,5.0730957,"GREAT TIT",NA,NA,NA,NA,NA,"",NA,NA,NA,NA,NA,NA,NA,NA,NA,NA,NA,NA,NA,"Unknown"
"A...459333",NA,NA,9176,0,1981,1981,"Vlieland","2020",53.2985787,5.0730957,"GREAT TIT",NA,NA,NA,NA,NA,"",NA,NA,NA,NA,NA,NA,NA,NA,NA,NA,NA,NA,NA,"Unknown"
"A...459334",NA,NA,9176,0,1981,1981,"Vlieland","2020",53.2985787,5.0730957,"GREAT TIT",NA,NA,NA,NA,NA,"",NA,NA,NA,NA,NA,NA,NA,NA,NA,NA,NA,NA,NA,"Unknown"
"A...459335",NA,NA,9176,0,1981,1981,"Vlieland","2020",53.2985787,5.0730957,"GREAT TIT",NA,NA,NA,NA,NA,"",NA,NA,NA,NA,NA,NA,NA,NA,NA,NA,NA,NA,NA,"Unknown"
"A...459336",NA,NA,9176,0,1981,1981,"Vlieland","2020",53.2985787,5.0730957,"GREAT TIT",NA,NA,NA,NA,NA,"",NA,NA,NA,NA,NA,NA,NA,NA,NA,NA,NA,NA,NA,"Unknown"
"A...459337",NA,NA,9176,0,1981,1981,"Vlieland","2020",53.2985787,5.0730957,"GREAT TIT",NA,NA,NA,NA,NA,"",NA,NA,NA,NA,NA,NA,NA,NA,NA,NA,NA,NA,NA,"Unknown"
"A...459338",NA,NA,9176,0,1981,1981,"Vlieland","2020",53.2985787,5.0730957,"GREAT TIT",NA,NA,NA,NA,NA,"",NA,NA,NA,NA,NA,NA,NA,NA,NA,NA,NA,NA,NA,"Unknown"
"A...459339",NA,NA,9176,0,1981,1981,"Vlieland","2020",53.2985787,5.0730957,"GREAT TIT",NA,NA,NA,NA,NA,"",NA,NA,NA,NA,NA,NA,NA,NA,NA,NA,NA,NA,NA,"Unknown"
"A...474036","A...457489","A...334256",13238,0,1982,1982,"Vlieland","533",53.30207,5.06711,"GREAT TIT",NA,NA,NA,NA,NA,"",NA,NA,NA,NA,NA,NA,NA,NA,NA,NA,NA,NA,NA,"Unknown"
"A...474037","A...457489","A...334256",13238,2,1982,1982,"Vlieland","533",53.30207,5.06711,"GREAT TIT",NA,NA,NA,NA,NA,"",NA,NA,NA,NA,NA,NA,NA,NA,NA,NA,NA,NA,NA,"Male"
"A...474038","A...474049","A...334149",4896,1,1982,1982,"Vlieland","533",53.30207,5.06711,"GREAT TIT",NA,NA,NA,NA,NA,"",NA,NA,NA,NA,NA,NA,NA,NA,NA,NA,NA,NA,NA,"Female"
"A...474039","A...474049","A...334149",4896,2,1982,1982,"Vlieland","533",53.30207,5.06711,"GREAT TIT",NA,NA,NA,NA,NA,"",NA,NA,NA,NA,NA,NA,NA,NA,NA,NA,NA,NA,NA,"Male"
"A...474040","A...457489","A...334256",13238,2,1982,1982,"Vlieland","533",53.30207,5.06711,"GREAT TIT",NA,NA,NA,NA,NA,"",NA,NA,NA,NA,NA,NA,NA,NA,NA,NA,NA,NA,NA,"Male"
"A...474041","A...474049","A...334149",4896,2,1982,1982,"Vlieland","533",53.30207,5.06711,"GREAT TIT",NA,NA,NA,NA,NA,"",NA,NA,NA,NA,NA,NA,NA,NA,NA,NA,NA,NA,NA,"Male"
"A...474042","A...457489","A...334256",13238,1,1982,1982,"Vlieland","533",53.30207,5.06711,"GREAT TIT",NA,NA,NA,NA,NA,"",NA,NA,NA,NA,NA,NA,NA,NA,NA,NA,NA,NA,NA,"Female"
"A...474043","A...457489","A...334256",13238,1,1982,1982,"Vlieland","533",53.30207,5.06711,"GREAT TIT",NA,NA,NA,NA,NA,"",NA,NA,NA,NA,NA,NA,NA,NA,NA,NA,NA,NA,NA,"Female"
"A...474044","A...474049","A...334149",4896,2,1982,1982,"Vlieland","533",53.30207,5.06711,"GREAT TIT",NA,NA,NA,NA,NA,"",NA,NA,NA,NA,NA,NA,NA,NA,NA,NA,NA,NA,NA,"Male"
"A...474045","A...474049","A...334149",4896,0,1982,1982,"Vlieland","533",53.30207,5.06711,"GREAT TIT",NA,NA,NA,NA,NA,"",NA,NA,NA,NA,NA,NA,NA,NA,NA,NA,NA,NA,NA,"Unknown"
"A...474046","A...457489","A...334256",13238,2,1982,1982,"Vlieland","533",53.30207,5.06711,"GREAT TIT",NA,NA,NA,NA,NA,"",NA,NA,NA,NA,NA,NA,NA,NA,NA,NA,NA,NA,NA,"Male"
"A...474047","A...474049","A...334149",4896,2,1982,1982,"Vlieland","533",53.30207,5.06711,"GREAT TIT",NA,NA,NA,NA,NA,"",NA,NA,NA,NA,NA,NA,NA,NA,NA,NA,NA,NA,NA,"Male"
"A...474048","A...457489","A...334256",13238,1,1982,1982,"Vlieland","533",53.30207,5.06711,"GREAT TIT",NA,NA,NA,NA,NA,"",NA,NA,NA,NA,NA,NA,NA,NA,NA,NA,NA,NA,NA,"Female"
"A...474083","A...474096","A...474097",2634,2,1982,1982,"Vlieland","606",53.29611,5.06619,"GREAT TIT",NA,NA,NA,NA,NA,"",NA,NA,NA,NA,NA,NA,NA,NA,NA,NA,NA,NA,NA,"Male"
"A...474084","A...474096","A...474097",2634,2,1982,1982,"Vlieland","606",53.29611,5.06619,"GREAT TIT",NA,NA,NA,NA,NA,"",NA,NA,NA,NA,NA,NA,NA,NA,NA,NA,NA,NA,NA,"Male"
"A...474085","A...474096","A...474097",2634,2,1982,1982,"Vlieland","606",53.29611,5.06619,"GREAT TIT",NA,NA,NA,NA,NA,"",NA,NA,NA,NA,NA,NA,NA,NA,NA,NA,NA,NA,NA,"Male"
"A...474086","A...474096","A...474097",2634,1,1982,1982,"Vlieland","606",53.29611,5.06619,"GREAT TIT",NA,NA,NA,NA,NA,"",NA,NA,NA,NA,NA,NA,NA,NA,NA,NA,NA,NA,NA,"Female"
"A...474087",NA,"A...334280",7836,1,1982,1982,"Vlieland","606",53.29611,5.06619,"GREAT TIT",NA,NA,NA,NA,NA,"",NA,NA,NA,NA,NA,NA,NA,NA,NA,NA,NA,NA,NA,"Female"
"A...474088","A...474096","A...474097",2634,1,1982,1982,"Vlieland","606",53.29611,5.06619,"GREAT TIT",NA,NA,NA,NA,NA,"",NA,NA,NA,NA,NA,NA,NA,NA,NA,NA,NA,NA,NA,"Female"
"A...474089",NA,"A...334280",7836,2,1982,1982,"Vlieland","606",53.29611,5.06619,"GREAT TIT",NA,NA,NA,NA,NA,"",NA,NA,NA,NA,NA,NA,NA,NA,NA,NA,NA,NA,NA,"Male"
"A...474090","A...474096","A...474097",2634,2,1982,1982,"Vlieland","606",53.29611,5.06619,"GREAT TIT",NA,NA,NA,NA,NA,"",NA,NA,NA,NA,NA,NA,NA,NA,NA,NA,NA,NA,NA,"Male"
"A...474091","A...474096","A...474097",2634,1,1982,1982,"Vlieland","606",53.29611,5.06619,"GREAT TIT",NA,NA,NA,NA,NA,"",NA,NA,NA,NA,NA,NA,NA,NA,NA,NA,NA,NA,NA,"Female"
"A...474092",NA,"A...334280",7836,2,1982,1982,"Vlieland","606",53.29611,5.06619,"GREAT TIT",NA,NA,NA,NA,NA,"",NA,NA,NA,NA,NA,NA,NA,NA,NA,NA,NA,NA,NA,"Male"
"A...474093",NA,"A...334280",7836,1,1982,1982,"Vlieland","606",53.29611,5.06619,"GREAT TIT",NA,NA,NA,NA,NA,"",NA,NA,NA,NA,NA,NA,NA,NA,NA,NA,NA,NA,NA,"Female"
"A...474094",NA,"A...334280",7836,2,1982,1982,"Vlieland","606",53.29611,5.06619,"GREAT TIT",NA,NA,NA,NA,NA,"",NA,NA,NA,NA,NA,NA,NA,NA,NA,NA,NA,NA,NA,"Male"
"A...474095",NA,"A...334280",7836,2,1982,1982,"Vlieland","606",53.29611,5.06619,"GREAT TIT",NA,NA,NA,NA,NA,"",NA,NA,NA,NA,NA,NA,NA,NA,NA,NA,NA,NA,NA,"Male"
"A...474401",NA,"A...245863",6405,1,1982,1982,"Vlieland","751",53.30207,5.06711,"GREAT TIT",NA,NA,NA,NA,NA,"",NA,NA,NA,NA,NA,NA,NA,NA,NA,NA,NA,NA,NA,"Female"
"A...474402","A...457702","A...318018",7413,2,1982,1982,"Vlieland","751",53.30207,5.06711,"GREAT TIT",NA,NA,NA,NA,NA,"",NA,NA,NA,NA,NA,NA,NA,NA,NA,NA,NA,NA,NA,"Male"
"A...474403","A...457702","A...318018",7413,2,1982,1982,"Vlieland","751",53.30207,5.06711,"GREAT TIT",NA,NA,NA,NA,NA,"",NA,NA,NA,NA,NA,NA,NA,NA,NA,NA,NA,NA,NA,"Male"
"A...474404",NA,"A...245863",6405,1,1982,1982,"Vlieland","751",53.30207,5.06711,"GREAT TIT",NA,NA,NA,NA,NA,"",NA,NA,NA,NA,NA,NA,NA,NA,NA,NA,NA,NA,NA,"Female"
"A...474405",NA,"A...245863",6405,2,1982,1982,"Vlieland","751",53.30207,5.06711,"GREAT TIT",NA,NA,NA,NA,NA,"",NA,NA,NA,NA,NA,NA,NA,NA,NA,NA,NA,NA,NA,"Male"
"A...474406","A...457702","A...318018",7413,1,1982,1982,"Vlieland","751",53.30207,5.06711,"GREAT TIT",NA,NA,NA,NA,NA,"",NA,NA,NA,NA,NA,NA,NA,NA,NA,NA,NA,NA,NA,"Female"
"A...474526",NA,NA,2116,0,1982,1982,"Vlieland","325",53.285529,5.029233,"BLUE TIT",NA,NA,NA,NA,NA,"",NA,NA,NA,NA,NA,NA,NA,NA,NA,NA,NA,NA,NA,"Unknown"
"A...474527",NA,NA,2116,0,1982,1982,"Vlieland","325",53.285529,5.029233,"BLUE TIT",NA,NA,NA,NA,NA,"",NA,NA,NA,NA,NA,NA,NA,NA,NA,NA,NA,NA,NA,"Unknown"
"A...474528",NA,NA,2116,0,1982,1982,"Vlieland","325",53.285529,5.029233,"BLUE TIT",NA,NA,NA,NA,NA,"",NA,NA,NA,NA,NA,NA,NA,NA,NA,NA,NA,NA,NA,"Unknown"
"A...474529",NA,NA,2116,0,1982,1982,"Vlieland","325",53.285529,5.029233,"BLUE TIT",NA,NA,NA,NA,NA,"",NA,NA,NA,NA,NA,NA,NA,NA,NA,NA,NA,NA,NA,"Unknown"
"A...474530",NA,NA,2116,0,1982,1982,"Vlieland","325",53.285529,5.029233,"BLUE TIT",NA,NA,NA,NA,NA,"",NA,NA,NA,NA,NA,NA,NA,NA,NA,NA,NA,NA,NA,"Unknown"
"A...474531",NA,NA,2116,0,1982,1982,"Vlieland","325",53.285529,5.029233,"BLUE TIT",NA,NA,NA,NA,NA,"",NA,NA,NA,NA,NA,NA,NA,NA,NA,NA,NA,NA,NA,"Unknown"
"A...474532",NA,NA,2116,0,1982,1982,"Vlieland","325",53.285529,5.029233,"BLUE TIT",NA,NA,NA,NA,NA,"",NA,NA,NA,NA,NA,NA,NA,NA,NA,NA,NA,NA,NA,"Unknown"
"A...474533",NA,NA,2116,0,1982,1982,"Vlieland","325",53.285529,5.029233,"BLUE TIT",NA,NA,NA,NA,NA,"",NA,NA,NA,NA,NA,NA,NA,NA,NA,NA,NA,NA,NA,"Unknown"
"A...474534",NA,NA,2116,0,1982,1982,"Vlieland","325",53.285529,5.029233,"BLUE TIT",NA,NA,NA,NA,NA,"",NA,NA,NA,NA,NA,NA,NA,NA,NA,NA,NA,NA,NA,"Unknown"
"A...538123",NA,NA,6932,0,1982,1982,"Vlieland","1030",53.30207,5.06711,"BLUE TIT",NA,NA,NA,NA,NA,"",NA,NA,NA,NA,NA,NA,NA,NA,NA,NA,NA,NA,NA,"Unknown"
"A...538124",NA,NA,6932,0,1982,1982,"Vlieland","1030",53.30207,5.06711,"BLUE TIT",NA,NA,NA,NA,NA,"",NA,NA,NA,NA,NA,NA,NA,NA,NA,NA,NA,NA,NA,"Unknown"
"A...538125",NA,NA,6932,0,1982,1982,"Vlieland","1030",53.30207,5.06711,"BLUE TIT",NA,NA,NA,NA,NA,"",NA,NA,NA,NA,NA,NA,NA,NA,NA,NA,NA,NA,NA,"Unknown"
"A...538126",NA,NA,6932,0,1982,1982,"Vlieland","1030",53.30207,5.06711,"BLUE TIT",NA,NA,NA,NA,NA,"",NA,NA,NA,NA,NA,NA,NA,NA,NA,NA,NA,NA,NA,"Unknown"
"A...538127",NA,NA,6932,0,1982,1982,"Vlieland","1030",53.30207,5.06711,"BLUE TIT",NA,NA,NA,NA,NA,"",NA,NA,NA,NA,NA,NA,NA,NA,NA,NA,NA,NA,NA,"Unknown"
"A...538128",NA,NA,6932,0,1982,1982,"Vlieland","1030",53.30207,5.06711,"BLUE TIT",NA,NA,NA,NA,NA,"",NA,NA,NA,NA,NA,NA,NA,NA,NA,NA,NA,NA,NA,"Unknown"
"A...538129",NA,NA,6932,0,1982,1982,"Vlieland","1030",53.30207,5.06711,"BLUE TIT",NA,NA,NA,NA,NA,"",NA,NA,NA,NA,NA,NA,NA,NA,NA,NA,NA,NA,NA,"Unknown"
"A...538130",NA,NA,6932,0,1982,1982,"Vlieland","1030",53.30207,5.06711,"BLUE TIT",NA,NA,NA,NA,NA,"",NA,NA,NA,NA,NA,NA,NA,NA,NA,NA,NA,NA,NA,"Unknown"
"A...538131",NA,NA,6932,0,1982,1982,"Vlieland","1030",53.30207,5.06711,"BLUE TIT",NA,NA,NA,NA,NA,"",NA,NA,NA,NA,NA,NA,NA,NA,NA,NA,NA,NA,NA,"Unknown"
"A...538132",NA,NA,6932,0,1982,1982,"Vlieland","1030",53.30207,5.06711,"BLUE TIT",NA,NA,NA,NA,NA,"",NA,NA,NA,NA,NA,NA,NA,NA,NA,NA,NA,NA,NA,"Unknown"
"A...538561","A...459125","A...332503",1945,0,1982,1982,"Vlieland","18",53.27053,4.97819,"GREAT TIT",NA,NA,NA,NA,NA,"",NA,NA,NA,NA,NA,NA,NA,NA,NA,NA,NA,NA,NA,"Unknown"
"A...538562","A...459125","A...332503",1945,0,1982,1982,"Vlieland","18",53.27053,4.97819,"GREAT TIT",NA,NA,NA,NA,NA,"",NA,NA,NA,NA,NA,NA,NA,NA,NA,NA,NA,NA,NA,"Unknown"
"A...538563","A...459125","A...332503",1945,0,1982,1982,"Vlieland","18",53.27053,4.97819,"GREAT TIT",NA,NA,NA,NA,NA,"",NA,NA,NA,NA,NA,NA,NA,NA,NA,NA,NA,NA,NA,"Unknown"
"A...538564","A...459125","A...332503",1945,2,1982,1982,"Vlieland","18",53.27053,4.97819,"GREAT TIT",NA,NA,NA,NA,NA,"",NA,NA,NA,NA,NA,NA,NA,NA,NA,NA,NA,NA,NA,"Male"
"A...538565","A...459125","A...332503",1945,0,1982,1982,"Vlieland","18",53.27053,4.97819,"GREAT TIT",NA,NA,NA,NA,NA,"",NA,NA,NA,NA,NA,NA,NA,NA,NA,NA,NA,NA,NA,"Unknown"
"A...538566","A...459125","A...332503",1945,0,1982,1982,"Vlieland","18",53.27053,4.97819,"GREAT TIT",NA,NA,NA,NA,NA,"",NA,NA,NA,NA,NA,NA,NA,NA,NA,NA,NA,NA,NA,"Unknown"
"A...538567","A...459125","A...332503",1945,0,1982,1982,"Vlieland","18",53.27053,4.97819,"GREAT TIT",NA,NA,NA,NA,NA,"",NA,NA,NA,NA,NA,NA,NA,NA,NA,NA,NA,NA,NA,"Unknown"
"A...538568","A...459125","A...332503",1945,2,1982,1982,"Vlieland","18",53.27053,4.97819,"GREAT TIT",NA,NA,NA,NA,NA,"",NA,NA,NA,NA,NA,NA,NA,NA,NA,NA,NA,NA,NA,"Male"
"A...538569","A...459125","A...332503",1945,0,1982,1982,"Vlieland","18",53.27053,4.97819,"GREAT TIT",NA,NA,NA,NA,NA,"",NA,NA,NA,NA,NA,NA,NA,NA,NA,NA,NA,NA,NA,"Unknown"
"A...539882","A...539860","A...474149",2638,0,1983,1983,"Vlieland","612",53.29611,5.06619,"GREAT TIT",NA,NA,NA,NA,NA,"",NA,NA,NA,NA,NA,NA,NA,NA,NA,NA,NA,NA,NA,"Unknown"
"A...539883","A...539860","A...474149",2638,0,1983,1983,"Vlieland","612",53.29611,5.06619,"GREAT TIT",NA,NA,NA,NA,NA,"",NA,NA,NA,NA,NA,NA,NA,NA,NA,NA,NA,NA,NA,"Unknown"
"A...539884","A...539860","A...474149",2638,0,1983,1983,"Vlieland","612",53.29611,5.06619,"GREAT TIT",NA,NA,NA,NA,NA,"",NA,NA,NA,NA,NA,NA,NA,NA,NA,NA,NA,NA,NA,"Unknown"
"A...539885","A...539860","A...474149",2638,0,1983,1983,"Vlieland","612",53.29611,5.06619,"GREAT TIT",NA,NA,NA,NA,NA,"",NA,NA,NA,NA,NA,NA,NA,NA,NA,NA,NA,NA,NA,"Unknown"
"A...539886","A...539860","A...474149",2638,0,1983,1983,"Vlieland","612",53.29611,5.06619,"GREAT TIT",NA,NA,NA,NA,NA,"",NA,NA,NA,NA,NA,NA,NA,NA,NA,NA,NA,NA,NA,"Unknown"
"A...539887","A...539860","A...474149",2638,0,1983,1983,"Vlieland","612",53.29611,5.06619,"GREAT TIT",NA,NA,NA,NA,NA,"",NA,NA,NA,NA,NA,NA,NA,NA,NA,NA,NA,NA,NA,"Unknown"
"A...539888","A...539860","A...474149",2638,2,1983,1983,"Vlieland","612",53.29611,5.06619,"GREAT TIT",NA,NA,NA,NA,NA,"",NA,NA,NA,NA,NA,NA,NA,NA,NA,NA,NA,NA,NA,"Male"
"A...539889","A...539860","A...474149",2638,1,1983,1983,"Vlieland","612",53.29611,5.06619,"GREAT TIT",NA,NA,NA,NA,NA,"",NA,NA,NA,NA,NA,NA,NA,NA,NA,NA,NA,NA,NA,"Female"
"A...539890","A...539860","A...474149",2638,0,1983,1983,"Vlieland","612",53.29611,5.06619,"GREAT TIT",NA,NA,NA,NA,NA,"",NA,NA,NA,NA,NA,NA,NA,NA,NA,NA,NA,NA,NA,"Unknown"
"A...540691","A...473526","A...473580",9298,0,1983,1983,"Vlieland","1035",53.293062,5.059241,"GREAT TIT",NA,NA,NA,NA,NA,"",NA,NA,NA,NA,NA,NA,NA,NA,NA,NA,NA,NA,NA,"Unknown"
"A...540692","A...473526","A...473580",9298,0,1983,1983,"Vlieland","1035",53.293062,5.059241,"GREAT TIT",NA,NA,NA,NA,NA,"",NA,NA,NA,NA,NA,NA,NA,NA,NA,NA,NA,NA,NA,"Unknown"
"A...540693","A...473526","A...473580",9298,0,1983,1983,"Vlieland","1035",53.293062,5.059241,"GREAT TIT",NA,NA,NA,NA,NA,"",NA,NA,NA,NA,NA,NA,NA,NA,NA,NA,NA,NA,NA,"Unknown"
"A...540694","A...473526","A...473580",9298,0,1983,1983,"Vlieland","1035",53.293062,5.059241,"GREAT TIT",NA,NA,NA,NA,NA,"",NA,NA,NA,NA,NA,NA,NA,NA,NA,NA,NA,NA,NA,"Unknown"
"A...540695","A...473526","A...473580",9298,0,1983,1983,"Vlieland","1035",53.293062,5.059241,"GREAT TIT",NA,NA,NA,NA,NA,"",NA,NA,NA,NA,NA,NA,NA,NA,NA,NA,NA,NA,NA,"Unknown"
"A...540696","A...473526","A...473580",9298,0,1983,1983,"Vlieland","1035",53.293062,5.059241,"GREAT TIT",NA,NA,NA,NA,NA,"",NA,NA,NA,NA,NA,NA,NA,NA,NA,NA,NA,NA,NA,"Unknown"
"A...540697","A...473526","A...473580",9298,0,1983,1983,"Vlieland","1035",53.293062,5.059241,"GREAT TIT",NA,NA,NA,NA,NA,"",NA,NA,NA,NA,NA,NA,NA,NA,NA,NA,NA,NA,NA,"Unknown"
"A...540698","A...473526","A...473580",9298,0,1983,1983,"Vlieland","1035",53.293062,5.059241,"GREAT TIT",NA,NA,NA,NA,NA,"",NA,NA,NA,NA,NA,NA,NA,NA,NA,NA,NA,NA,NA,"Unknown"
"A...540699","A...473526","A...473580",9298,0,1983,1983,"Vlieland","1035",53.293062,5.059241,"GREAT TIT",NA,NA,NA,NA,NA,"",NA,NA,NA,NA,NA,NA,NA,NA,NA,NA,NA,NA,NA,"Unknown"
"A...540741",NA,NA,1952,0,1983,1983,"Vlieland","25",53.269921,4.9715,"BLUE TIT",NA,NA,NA,NA,NA,"",NA,NA,NA,NA,NA,NA,NA,NA,NA,NA,NA,NA,NA,"Unknown"
"A...540742",NA,NA,1952,0,1983,1983,"Vlieland","25",53.269921,4.9715,"BLUE TIT",NA,NA,NA,NA,NA,"",NA,NA,NA,NA,NA,NA,NA,NA,NA,NA,NA,NA,NA,"Unknown"
"A...540743",NA,NA,1952,0,1983,1983,"Vlieland","25",53.269921,4.9715,"BLUE TIT",NA,NA,NA,NA,NA,"",NA,NA,NA,NA,NA,NA,NA,NA,NA,NA,NA,NA,NA,"Unknown"
"A...540744",NA,NA,1952,0,1983,1983,"Vlieland","25",53.269921,4.9715,"BLUE TIT",NA,NA,NA,NA,NA,"",NA,NA,NA,NA,NA,NA,NA,NA,NA,NA,NA,NA,NA,"Unknown"
"A...540745",NA,NA,1952,0,1983,1983,"Vlieland","25",53.269921,4.9715,"BLUE TIT",NA,NA,NA,NA,NA,"",NA,NA,NA,NA,NA,NA,NA,NA,NA,NA,NA,NA,NA,"Unknown"
"A...540746",NA,NA,1952,0,1983,1983,"Vlieland","25",53.269921,4.9715,"BLUE TIT",NA,NA,NA,NA,NA,"",NA,NA,NA,NA,NA,NA,NA,NA,NA,NA,NA,NA,NA,"Unknown"
"A...540747",NA,NA,1952,0,1983,1983,"Vlieland","25",53.269921,4.9715,"BLUE TIT",NA,NA,NA,NA,NA,"",NA,NA,NA,NA,NA,NA,NA,NA,NA,NA,NA,NA,NA,"Unknown"
"A...540748",NA,NA,1952,0,1983,1983,"Vlieland","25",53.269921,4.9715,"BLUE TIT",NA,NA,NA,NA,NA,"",NA,NA,NA,NA,NA,NA,NA,NA,NA,NA,NA,NA,NA,"Unknown"
"A...540749",NA,NA,1952,0,1983,1983,"Vlieland","25",53.269921,4.9715,"BLUE TIT",NA,NA,NA,NA,NA,"",NA,NA,NA,NA,NA,NA,NA,NA,NA,NA,NA,NA,NA,"Unknown"
"A...540750",NA,NA,1952,0,1983,1983,"Vlieland","25",53.269921,4.9715,"BLUE TIT",NA,NA,NA,NA,NA,"",NA,NA,NA,NA,NA,NA,NA,NA,NA,NA,NA,NA,NA,"Unknown"
"A...540751",NA,NA,1952,0,1983,1983,"Vlieland","25",53.269921,4.9715,"BLUE TIT",NA,NA,NA,NA,NA,"",NA,NA,NA,NA,NA,NA,NA,NA,NA,NA,NA,NA,NA,"Unknown"
"A...540852","A...540851",NA,2790,0,1983,1983,"Vlieland","878",53.29611,5.06619,"BLUE TIT",NA,NA,NA,NA,NA,"",NA,NA,NA,NA,NA,NA,NA,NA,NA,NA,NA,NA,NA,"Unknown"
"A...540853","A...540851",NA,2790,0,1983,1983,"Vlieland","878",53.29611,5.06619,"BLUE TIT",NA,NA,NA,NA,NA,"",NA,NA,NA,NA,NA,NA,NA,NA,NA,NA,NA,NA,NA,"Unknown"
"A...540854","A...540851",NA,2790,0,1983,1983,"Vlieland","878",53.29611,5.06619,"BLUE TIT",NA,NA,NA,NA,NA,"",NA,NA,NA,NA,NA,NA,NA,NA,NA,NA,NA,NA,NA,"Unknown"
"A...540855","A...540851",NA,2790,0,1983,1983,"Vlieland","878",53.29611,5.06619,"BLUE TIT",NA,NA,NA,NA,NA,"",NA,NA,NA,NA,NA,NA,NA,NA,NA,NA,NA,NA,NA,"Unknown"
"A...540856","A...540851",NA,2790,0,1983,1983,"Vlieland","878",53.29611,5.06619,"BLUE TIT",NA,NA,NA,NA,NA,"",NA,NA,NA,NA,NA,NA,NA,NA,NA,NA,NA,NA,NA,"Unknown"
"A...540857","A...540851",NA,2790,0,1983,1983,"Vlieland","878",53.29611,5.06619,"BLUE TIT",NA,NA,NA,NA,NA,"",NA,NA,NA,NA,NA,NA,NA,NA,NA,NA,NA,NA,NA,"Unknown"
"A...540858","A...540851",NA,2790,0,1983,1983,"Vlieland","878",53.29611,5.06619,"BLUE TIT",NA,NA,NA,NA,NA,"",NA,NA,NA,NA,NA,NA,NA,NA,NA,NA,NA,NA,NA,"Unknown"
"A...540859","A...540851",NA,2790,0,1983,1983,"Vlieland","878",53.29611,5.06619,"BLUE TIT",NA,NA,NA,NA,NA,"",NA,NA,NA,NA,NA,NA,NA,NA,NA,NA,NA,NA,NA,"Unknown"
"A...540860","A...540851",NA,2790,0,1983,1983,"Vlieland","878",53.29611,5.06619,"BLUE TIT",NA,NA,NA,NA,NA,"",NA,NA,NA,NA,NA,NA,NA,NA,NA,NA,NA,NA,NA,"Unknown"
"A...540887",NA,NA,2464,0,1983,1983,"Vlieland","762",53.30207,5.06711,"BLUE TIT",NA,NA,NA,NA,NA,"",NA,NA,NA,NA,NA,NA,NA,NA,NA,NA,NA,NA,NA,"Unknown"
"A...540888",NA,NA,2464,0,1983,1983,"Vlieland","762",53.30207,5.06711,"BLUE TIT",NA,NA,NA,NA,NA,"",NA,NA,NA,NA,NA,NA,NA,NA,NA,NA,NA,NA,NA,"Unknown"
"A...540889",NA,NA,2464,0,1983,1983,"Vlieland","762",53.30207,5.06711,"BLUE TIT",NA,NA,NA,NA,NA,"",NA,NA,NA,NA,NA,NA,NA,NA,NA,NA,NA,NA,NA,"Unknown"
"A...540890",NA,NA,2464,0,1983,1983,"Vlieland","762",53.30207,5.06711,"BLUE TIT",NA,NA,NA,NA,NA,"",NA,NA,NA,NA,NA,NA,NA,NA,NA,NA,NA,NA,NA,"Unknown"
"A...540891",NA,NA,2464,0,1983,1983,"Vlieland","762",53.30207,5.06711,"BLUE TIT",NA,NA,NA,NA,NA,"",NA,NA,NA,NA,NA,NA,NA,NA,NA,NA,NA,NA,NA,"Unknown"
"A...540892",NA,NA,2464,0,1983,1983,"Vlieland","762",53.30207,5.06711,"BLUE TIT",NA,NA,NA,NA,NA,"",NA,NA,NA,NA,NA,NA,NA,NA,NA,NA,NA,NA,NA,"Unknown"
"A...540893",NA,NA,2464,0,1983,1983,"Vlieland","762",53.30207,5.06711,"BLUE TIT",NA,NA,NA,NA,NA,"",NA,NA,NA,NA,NA,NA,NA,NA,NA,NA,NA,NA,NA,"Unknown"
"A...540894",NA,NA,2464,0,1983,1983,"Vlieland","762",53.30207,5.06711,"BLUE TIT",NA,NA,NA,NA,NA,"",NA,NA,NA,NA,NA,NA,NA,NA,NA,NA,NA,NA,NA,"Unknown"
"A...540895",NA,NA,2464,0,1983,1983,"Vlieland","762",53.30207,5.06711,"BLUE TIT",NA,NA,NA,NA,NA,"",NA,NA,NA,NA,NA,NA,NA,NA,NA,NA,NA,NA,NA,"Unknown"
"A...540896",NA,NA,2464,0,1983,1983,"Vlieland","762",53.30207,5.06711,"BLUE TIT",NA,NA,NA,NA,NA,"",NA,NA,NA,NA,NA,NA,NA,NA,NA,NA,NA,NA,NA,"Unknown"
"A...540897",NA,NA,2464,0,1983,1983,"Vlieland","762",53.30207,5.06711,"BLUE TIT",NA,NA,NA,NA,NA,"",NA,NA,NA,NA,NA,NA,NA,NA,NA,NA,NA,NA,NA,"Unknown"
"A...540898",NA,NA,2464,0,1983,1983,"Vlieland","762",53.30207,5.06711,"BLUE TIT",NA,NA,NA,NA,NA,"",NA,NA,NA,NA,NA,NA,NA,NA,NA,NA,NA,NA,NA,"Unknown"
"A...611382",NA,NA,2462,0,1983,1983,"Vlieland","760",53.30207,5.06711,"BLUE TIT",NA,NA,NA,NA,NA,"",NA,NA,NA,NA,NA,NA,NA,NA,NA,NA,NA,NA,NA,"Unknown"
"A...611383",NA,NA,2462,0,1983,1983,"Vlieland","760",53.30207,5.06711,"BLUE TIT",NA,NA,NA,NA,NA,"",NA,NA,NA,NA,NA,NA,NA,NA,NA,NA,NA,NA,NA,"Unknown"
"A...611384",NA,NA,2462,0,1983,1983,"Vlieland","760",53.30207,5.06711,"BLUE TIT",NA,NA,NA,NA,NA,"",NA,NA,NA,NA,NA,NA,NA,NA,NA,NA,NA,NA,NA,"Unknown"
"A...611385",NA,NA,2462,0,1983,1983,"Vlieland","760",53.30207,5.06711,"BLUE TIT",NA,NA,NA,NA,NA,"",NA,NA,NA,NA,NA,NA,NA,NA,NA,NA,NA,NA,NA,"Unknown"
"A...611386",NA,NA,2462,0,1983,1983,"Vlieland","760",53.30207,5.06711,"BLUE TIT",NA,NA,NA,NA,NA,"",NA,NA,NA,NA,NA,NA,NA,NA,NA,NA,NA,NA,NA,"Unknown"
"A...611387",NA,NA,2462,0,1983,1983,"Vlieland","760",53.30207,5.06711,"BLUE TIT",NA,NA,NA,NA,NA,"",NA,NA,NA,NA,NA,NA,NA,NA,NA,NA,NA,NA,NA,"Unknown"
"A...611388",NA,NA,2462,0,1983,1983,"Vlieland","760",53.30207,5.06711,"BLUE TIT",NA,NA,NA,NA,NA,"",NA,NA,NA,NA,NA,NA,NA,NA,NA,NA,NA,NA,NA,"Unknown"
"A...611389",NA,NA,2462,0,1983,1983,"Vlieland","760",53.30207,5.06711,"BLUE TIT",NA,NA,NA,NA,NA,"",NA,NA,NA,NA,NA,NA,NA,NA,NA,NA,NA,NA,NA,"Unknown"
"A...611390",NA,NA,2462,1,1983,1983,"Vlieland","760",53.30207,5.06711,"BLUE TIT",NA,NA,NA,NA,NA,"",NA,NA,NA,NA,NA,NA,NA,NA,NA,NA,NA,NA,NA,"Female"
"A...612462","A...612301","A...474131",2297,0,1983,1983,"Vlieland","543",53.301236,5.060413,"GREAT TIT",NA,NA,NA,NA,NA,"",NA,NA,NA,NA,NA,NA,NA,NA,NA,NA,NA,NA,NA,"Unknown"
"A...612463","A...612301","A...474131",2297,0,1983,1983,"Vlieland","543",53.301236,5.060413,"GREAT TIT",NA,NA,NA,NA,NA,"",NA,NA,NA,NA,NA,NA,NA,NA,NA,NA,NA,NA,NA,"Unknown"
"A...612464","A...612301","A...474131",2297,0,1983,1983,"Vlieland","543",53.301236,5.060413,"GREAT TIT",NA,NA,NA,NA,NA,"",NA,NA,NA,NA,NA,NA,NA,NA,NA,NA,NA,NA,NA,"Unknown"
"A...612465","A...612301","A...474131",2297,0,1983,1983,"Vlieland","543",53.301236,5.060413,"GREAT TIT",NA,NA,NA,NA,NA,"",NA,NA,NA,NA,NA,NA,NA,NA,NA,NA,NA,NA,NA,"Unknown"
"A...612466","A...612301","A...474131",2297,0,1983,1983,"Vlieland","543",53.301236,5.060413,"GREAT TIT",NA,NA,NA,NA,NA,"",NA,NA,NA,NA,NA,NA,NA,NA,NA,NA,NA,NA,NA,"Unknown"
"A...612467","A...612301","A...474131",2297,0,1983,1983,"Vlieland","543",53.301236,5.060413,"GREAT TIT",NA,NA,NA,NA,NA,"",NA,NA,NA,NA,NA,NA,NA,NA,NA,NA,NA,NA,NA,"Unknown"
"A...612468","A...612301","A...474131",2297,2,1983,1983,"Vlieland","543",53.301236,5.060413,"GREAT TIT",NA,NA,NA,NA,NA,"",NA,NA,NA,NA,NA,NA,NA,NA,NA,NA,NA,NA,NA,"Male"
"A...612469","A...612301","A...474131",2297,0,1983,1983,"Vlieland","543",53.301236,5.060413,"GREAT TIT",NA,NA,NA,NA,NA,"",NA,NA,NA,NA,NA,NA,NA,NA,NA,NA,NA,NA,NA,"Unknown"
"A...612470","A...612301","A...474131",2297,0,1983,1983,"Vlieland","543",53.301236,5.060413,"GREAT TIT",NA,NA,NA,NA,NA,"",NA,NA,NA,NA,NA,NA,NA,NA,NA,NA,NA,NA,NA,"Unknown"
"A...612713","A...612707","A...474193",2459,0,1983,1983,"Vlieland","757",53.30207,5.06711,"GREAT TIT",NA,NA,NA,NA,NA,"",NA,NA,NA,NA,NA,NA,NA,NA,NA,NA,NA,NA,NA,"Unknown"
"A...612714","A...612707","A...474193",2459,0,1983,1983,"Vlieland","757",53.30207,5.06711,"GREAT TIT",NA,NA,NA,NA,NA,"",NA,NA,NA,NA,NA,NA,NA,NA,NA,NA,NA,NA,NA,"Unknown"
"A...612715","A...612707","A...474193",2459,0,1983,1983,"Vlieland","757",53.30207,5.06711,"GREAT TIT",NA,NA,NA,NA,NA,"",NA,NA,NA,NA,NA,NA,NA,NA,NA,NA,NA,NA,NA,"Unknown"
"A...612716","A...612707","A...474193",2459,0,1983,1983,"Vlieland","757",53.30207,5.06711,"GREAT TIT",NA,NA,NA,NA,NA,"",NA,NA,NA,NA,NA,NA,NA,NA,NA,NA,NA,NA,NA,"Unknown"
"A...612717","A...612707","A...474193",2459,0,1983,1983,"Vlieland","757",53.30207,5.06711,"GREAT TIT",NA,NA,NA,NA,NA,"",NA,NA,NA,NA,NA,NA,NA,NA,NA,NA,NA,NA,NA,"Unknown"
"A...612718","A...612707","A...474193",2459,0,1983,1983,"Vlieland","757",53.30207,5.06711,"GREAT TIT",NA,NA,NA,NA,NA,"",NA,NA,NA,NA,NA,NA,NA,NA,NA,NA,NA,NA,NA,"Unknown"
"A...612719","A...612707","A...474193",2459,0,1983,1983,"Vlieland","757",53.30207,5.06711,"GREAT TIT",NA,NA,NA,NA,NA,"",NA,NA,NA,NA,NA,NA,NA,NA,NA,NA,NA,NA,NA,"Unknown"
"A...612720","A...612707","A...474193",2459,0,1983,1983,"Vlieland","757",53.30207,5.06711,"GREAT TIT",NA,NA,NA,NA,NA,"",NA,NA,NA,NA,NA,NA,NA,NA,NA,NA,NA,NA,NA,"Unknown"
"A...612741","A...612740","A...612739",2119,0,1983,1983,"Vlieland","327",53.285215,5.026083,"GREAT TIT",NA,NA,NA,NA,NA,"",NA,NA,NA,NA,NA,NA,NA,NA,NA,NA,NA,NA,NA,"Unknown"
"A...612742","A...612740","A...612739",2119,0,1983,1983,"Vlieland","327",53.285215,5.026083,"GREAT TIT",NA,NA,NA,NA,NA,"",NA,NA,NA,NA,NA,NA,NA,NA,NA,NA,NA,NA,NA,"Unknown"
"A...612743","A...612740","A...612739",2119,0,1983,1983,"Vlieland","327",53.285215,5.026083,"GREAT TIT",NA,NA,NA,NA,NA,"",NA,NA,NA,NA,NA,NA,NA,NA,NA,NA,NA,NA,NA,"Unknown"
"A...612744","A...612740","A...612739",2119,0,1983,1983,"Vlieland","327",53.285215,5.026083,"GREAT TIT",NA,NA,NA,NA,NA,"",NA,NA,NA,NA,NA,NA,NA,NA,NA,NA,NA,NA,NA,"Unknown"
"A...612745","A...612740","A...612739",2119,0,1983,1983,"Vlieland","327",53.285215,5.026083,"GREAT TIT",NA,NA,NA,NA,NA,"",NA,NA,NA,NA,NA,NA,NA,NA,NA,NA,NA,NA,NA,"Unknown"
"A...612746","A...612740","A...612739",2119,0,1983,1983,"Vlieland","327",53.285215,5.026083,"GREAT TIT",NA,NA,NA,NA,NA,"",NA,NA,NA,NA,NA,NA,NA,NA,NA,NA,NA,NA,NA,"Unknown"
"A...612747","A...612740","A...612739",2119,2,1983,1983,"Vlieland","327",53.285215,5.026083,"GREAT TIT",NA,NA,NA,NA,NA,"",NA,NA,NA,NA,NA,NA,NA,NA,NA,NA,NA,NA,NA,"Male"
"A...612748","A...612740","A...612739",2119,0,1983,1983,"Vlieland","327",53.285215,5.026083,"GREAT TIT",NA,NA,NA,NA,NA,"",NA,NA,NA,NA,NA,NA,NA,NA,NA,NA,NA,NA,NA,"Unknown"
"A...613157",NA,NA,6936,0,1983,1983,"Vlieland","1034",53.30207,5.06711,"BLUE TIT",NA,NA,NA,NA,NA,"",NA,NA,NA,NA,NA,NA,NA,NA,NA,NA,NA,NA,NA,"Unknown"
"A...613158",NA,NA,6936,0,1983,1983,"Vlieland","1034",53.30207,5.06711,"BLUE TIT",NA,NA,NA,NA,NA,"",NA,NA,NA,NA,NA,NA,NA,NA,NA,NA,NA,NA,NA,"Unknown"
"A...613159",NA,NA,6936,0,1983,1983,"Vlieland","1034",53.30207,5.06711,"BLUE TIT",NA,NA,NA,NA,NA,"",NA,NA,NA,NA,NA,NA,NA,NA,NA,NA,NA,NA,NA,"Unknown"
"A...613160",NA,NA,6936,0,1983,1983,"Vlieland","1034",53.30207,5.06711,"BLUE TIT",NA,NA,NA,NA,NA,"",NA,NA,NA,NA,NA,NA,NA,NA,NA,NA,NA,NA,NA,"Unknown"
"A...613161",NA,NA,6936,0,1983,1983,"Vlieland","1034",53.30207,5.06711,"BLUE TIT",NA,NA,NA,NA,NA,"",NA,NA,NA,NA,NA,NA,NA,NA,NA,NA,NA,NA,NA,"Unknown"
"A...613162",NA,NA,6936,0,1983,1983,"Vlieland","1034",53.30207,5.06711,"BLUE TIT",NA,NA,NA,NA,NA,"",NA,NA,NA,NA,NA,NA,NA,NA,NA,NA,NA,NA,NA,"Unknown"
"A...613558","A...612301","A...474131",2298,0,1983,1983,"Vlieland","544",53.30207,5.06711,"GREAT TIT",NA,NA,NA,NA,NA,"",NA,NA,NA,NA,NA,NA,NA,NA,NA,NA,NA,NA,NA,"Unknown"
"A...613559","A...612301","A...474131",2298,0,1983,1983,"Vlieland","544",53.30207,5.06711,"GREAT TIT",NA,NA,NA,NA,NA,"",NA,NA,NA,NA,NA,NA,NA,NA,NA,NA,NA,NA,NA,"Unknown"
"A...613560","A...612301","A...474131",2298,0,1983,1983,"Vlieland","544",53.30207,5.06711,"GREAT TIT",NA,NA,NA,NA,NA,"",NA,NA,NA,NA,NA,NA,NA,NA,NA,NA,NA,NA,NA,"Unknown"
"A...613561","A...612301","A...474131",2298,0,1983,1983,"Vlieland","544",53.30207,5.06711,"GREAT TIT",NA,NA,NA,NA,NA,"",NA,NA,NA,NA,NA,NA,NA,NA,NA,NA,NA,NA,NA,"Unknown"
"A...613562","A...612301","A...474131",2298,0,1983,1983,"Vlieland","544",53.30207,5.06711,"GREAT TIT",NA,NA,NA,NA,NA,"",NA,NA,NA,NA,NA,NA,NA,NA,NA,NA,NA,NA,NA,"Unknown"
"A...613563","A...612301","A...474131",2298,0,1983,1983,"Vlieland","544",53.30207,5.06711,"GREAT TIT",NA,NA,NA,NA,NA,"",NA,NA,NA,NA,NA,NA,NA,NA,NA,NA,NA,NA,NA,"Unknown"
"A...613571","A...539860","A...474149",2639,1,1983,1983,"Vlieland","613",53.29611,5.06619,"GREAT TIT",NA,NA,NA,NA,NA,"",NA,NA,NA,NA,NA,NA,NA,NA,NA,NA,NA,NA,NA,"Female"
"A...613572","A...539860","A...474149",2639,0,1983,1983,"Vlieland","613",53.29611,5.06619,"GREAT TIT",NA,NA,NA,NA,NA,"",NA,NA,NA,NA,NA,NA,NA,NA,NA,NA,NA,NA,NA,"Unknown"
"A...613573","A...539860","A...474149",2639,0,1983,1983,"Vlieland","613",53.29611,5.06619,"GREAT TIT",NA,NA,NA,NA,NA,"",NA,NA,NA,NA,NA,NA,NA,NA,NA,NA,NA,NA,NA,"Unknown"
"A...613574","A...539860","A...474149",2639,0,1983,1983,"Vlieland","613",53.29611,5.06619,"GREAT TIT",NA,NA,NA,NA,NA,"",NA,NA,NA,NA,NA,NA,NA,NA,NA,NA,NA,NA,NA,"Unknown"
"A...613575","A...539860","A...474149",2639,0,1983,1983,"Vlieland","613",53.29611,5.06619,"GREAT TIT",NA,NA,NA,NA,NA,"",NA,NA,NA,NA,NA,NA,NA,NA,NA,NA,NA,NA,NA,"Unknown"
"A...613576","A...539860","A...474149",2639,0,1983,1983,"Vlieland","613",53.29611,5.06619,"GREAT TIT",NA,NA,NA,NA,NA,"",NA,NA,NA,NA,NA,NA,NA,NA,NA,NA,NA,NA,NA,"Unknown"
"A...613682","A...474644",NA,2637,0,1983,1983,"Vlieland","611",53.29611,5.06619,"GREAT TIT",NA,NA,NA,NA,NA,"",NA,NA,NA,NA,NA,NA,NA,NA,NA,NA,NA,NA,NA,"Unknown"
"A...613683","A...474644",NA,2637,0,1983,1983,"Vlieland","611",53.29611,5.06619,"GREAT TIT",NA,NA,NA,NA,NA,"",NA,NA,NA,NA,NA,NA,NA,NA,NA,NA,NA,NA,NA,"Unknown"
"A...615094","A...560501","A...560472",6934,2,1983,1983,"Vlieland","1032",53.300963,5.06245,"GREAT TIT",NA,NA,NA,NA,NA,"",NA,NA,NA,NA,NA,NA,NA,NA,NA,NA,NA,NA,NA,"Male"
"A...615095","A...560501","A...560472",6934,1,1983,1983,"Vlieland","1032",53.300963,5.06245,"GREAT TIT",NA,NA,NA,NA,NA,"",NA,NA,NA,NA,NA,NA,NA,NA,NA,NA,NA,NA,NA,"Female"
"A...615096","A...560501","A...560472",6934,1,1983,1983,"Vlieland","1032",53.300963,5.06245,"GREAT TIT",NA,NA,NA,NA,NA,"",NA,NA,NA,NA,NA,NA,NA,NA,NA,NA,NA,NA,NA,"Female"
"A...615097","A...560501","A...560472",6934,1,1983,1983,"Vlieland","1032",53.300963,5.06245,"GREAT TIT",NA,NA,NA,NA,NA,"",NA,NA,NA,NA,NA,NA,NA,NA,NA,NA,NA,NA,NA,"Female"
"A...615410","A...560793","A...560233",2301,1,1983,1983,"Vlieland","546",53.30207,5.06711,"GREAT TIT",NA,NA,NA,NA,NA,"",NA,NA,NA,NA,NA,NA,NA,NA,NA,NA,NA,NA,NA,"Female"
"A...615411","A...560793","A...560233",2301,1,1983,1983,"Vlieland","546",53.30207,5.06711,"GREAT TIT",NA,NA,NA,NA,NA,"",NA,NA,NA,NA,NA,NA,NA,NA,NA,NA,NA,NA,NA,"Female"
"A...615412","A...560793","A...560233",2301,2,1983,1983,"Vlieland","546",53.30207,5.06711,"GREAT TIT",NA,NA,NA,NA,NA,"",NA,NA,NA,NA,NA,NA,NA,NA,NA,NA,NA,NA,NA,"Male"
"A...615413","A...560793","A...560233",2301,2,1983,1983,"Vlieland","546",53.30207,5.06711,"GREAT TIT",NA,NA,NA,NA,NA,"",NA,NA,NA,NA,NA,NA,NA,NA,NA,NA,NA,NA,NA,"Male"
"A...615414","A...560793","A...560233",2301,2,1983,1983,"Vlieland","546",53.30207,5.06711,"GREAT TIT",NA,NA,NA,NA,NA,"",NA,NA,NA,NA,NA,NA,NA,NA,NA,NA,NA,NA,NA,"Male"
"A...615415","A...560793","A...560233",2301,2,1983,1983,"Vlieland","546",53.30207,5.06711,"GREAT TIT",NA,NA,NA,NA,NA,"",NA,NA,NA,NA,NA,NA,NA,NA,NA,NA,NA,NA,NA,"Male"
"A...615761",NA,NA,2122,0,1983,1983,"Vlieland","330",53.28124,5.031643,"BLUE TIT",NA,NA,NA,NA,NA,"",NA,NA,NA,NA,NA,NA,NA,NA,NA,NA,NA,NA,NA,"Unknown"
"A...615762",NA,NA,2122,0,1983,1983,"Vlieland","330",53.28124,5.031643,"BLUE TIT",NA,NA,NA,NA,NA,"",NA,NA,NA,NA,NA,NA,NA,NA,NA,NA,NA,NA,NA,"Unknown"
"A...615763",NA,NA,2122,0,1983,1983,"Vlieland","330",53.28124,5.031643,"BLUE TIT",NA,NA,NA,NA,NA,"",NA,NA,NA,NA,NA,NA,NA,NA,NA,NA,NA,NA,NA,"Unknown"
"A...615764",NA,NA,2122,0,1983,1983,"Vlieland","330",53.28124,5.031643,"BLUE TIT",NA,NA,NA,NA,NA,"",NA,NA,NA,NA,NA,NA,NA,NA,NA,NA,NA,NA,NA,"Unknown"
"A...615765",NA,NA,2122,0,1983,1983,"Vlieland","330",53.28124,5.031643,"BLUE TIT",NA,NA,NA,NA,NA,"",NA,NA,NA,NA,NA,NA,NA,NA,NA,NA,NA,NA,NA,"Unknown"
"A...615766",NA,NA,2122,0,1983,1983,"Vlieland","330",53.28124,5.031643,"BLUE TIT",NA,NA,NA,NA,NA,"",NA,NA,NA,NA,NA,NA,NA,NA,NA,NA,NA,NA,NA,"Unknown"
"A...615767",NA,NA,2122,0,1983,1983,"Vlieland","330",53.28124,5.031643,"BLUE TIT",NA,NA,NA,NA,NA,"",NA,NA,NA,NA,NA,NA,NA,NA,NA,NA,NA,NA,NA,"Unknown"
"A...615995","A...615964","A...560821",2640,2,1983,1983,"Vlieland","616",53.29611,5.06619,"GREAT TIT",NA,NA,NA,NA,NA,"",NA,NA,NA,NA,NA,NA,NA,NA,NA,NA,NA,NA,NA,"Male"
"A...615996","A...615964","A...560821",2640,2,1983,1983,"Vlieland","616",53.29611,5.06619,"GREAT TIT",NA,NA,NA,NA,NA,"",NA,NA,NA,NA,NA,NA,NA,NA,NA,NA,NA,NA,NA,"Male"
"A...615997","A...615964","A...560821",2640,1,1983,1983,"Vlieland","616",53.29611,5.06619,"GREAT TIT",NA,NA,NA,NA,NA,"",NA,NA,NA,NA,NA,NA,NA,NA,NA,NA,NA,NA,NA,"Female"
"A...615998","A...615964","A...560821",2640,2,1983,1983,"Vlieland","616",53.29611,5.06619,"GREAT TIT",NA,NA,NA,NA,NA,"",NA,NA,NA,NA,NA,NA,NA,NA,NA,NA,NA,NA,NA,"Male"
"A...615999","A...615964","A...560821",2640,1,1983,1983,"Vlieland","616",53.29611,5.06619,"GREAT TIT",NA,NA,NA,NA,NA,"",NA,NA,NA,NA,NA,NA,NA,NA,NA,NA,NA,NA,NA,"Female"
"A...616000","A...615964","A...560821",2640,2,1983,1983,"Vlieland","616",53.29611,5.06619,"GREAT TIT",NA,NA,NA,NA,NA,"",NA,NA,NA,NA,NA,NA,NA,NA,NA,NA,NA,NA,NA,"Male"
"A...617484","A...311688","A...311748",2472,0,1984,1984,"Vlieland","770",53.30207,5.06711,"BLUE TIT",NA,NA,NA,NA,NA,"",NA,NA,NA,NA,NA,NA,NA,NA,NA,NA,NA,NA,NA,"Unknown"
"A...617485","A...311688","A...311748",2472,1,1984,1984,"Vlieland","770",53.30207,5.06711,"BLUE TIT",NA,NA,NA,NA,NA,"",2,3,1985,1986,1,11.6666666666667,10,13,35,NA,NA,2515.12251981066,2603.3165936645,"Female"
"A...617486","A...311688","A...311748",2472,0,1984,1984,"Vlieland","770",53.30207,5.06711,"BLUE TIT",NA,NA,NA,NA,NA,"",NA,NA,NA,NA,NA,NA,NA,NA,NA,NA,NA,NA,NA,"Unknown"
"A...617487","A...311688","A...311748",2472,1,1984,1984,"Vlieland","770",53.30207,5.06711,"BLUE TIT",NA,NA,NA,NA,NA,"",3,4,1985,1986,1,11,10,12,44,NA,NA,3427.98963085688,3949.71104448431,"Female"
"A...617488","A...311688","A...311748",2472,2,1984,1984,"Vlieland","770",53.30207,5.06711,"BLUE TIT",NA,NA,NA,NA,NA,"",1,1,1985,1985,0,12,12,12,12,NA,NA,999.132429326371,999.132429326371,"Male"
"A...617489","A...311688","A...311748",2472,0,1984,1984,"Vlieland","770",53.30207,5.06711,"BLUE TIT",NA,NA,NA,NA,NA,"",NA,NA,NA,NA,NA,NA,NA,NA,NA,NA,NA,NA,NA,"Unknown"
"A...617490","A...311688","A...311748",2472,0,1984,1984,"Vlieland","770",53.30207,5.06711,"BLUE TIT",NA,NA,NA,NA,NA,"",NA,NA,NA,NA,NA,NA,NA,NA,NA,NA,NA,NA,NA,"Unknown"
"A...617491","A...311688","A...311748",2472,2,1984,1984,"Vlieland","770",53.30207,5.06711,"BLUE TIT",NA,NA,NA,NA,NA,"",2,3,1986,1988,2,11.6666666666667,10,13,35,NA,NA,2283.94087920386,2616.93435894228,"Male"
"A...617492","A...311688","A...311748",2472,0,1984,1984,"Vlieland","770",53.30207,5.06711,"BLUE TIT",NA,NA,NA,NA,NA,"",NA,NA,NA,NA,NA,NA,NA,NA,NA,NA,NA,NA,NA,"Unknown"
"A...617493","A...311918","A...311679",1958,0,1984,1984,"Vlieland","30",53.270035,4.973614,"BLUE TIT",NA,NA,NA,NA,NA,"",NA,NA,NA,NA,NA,NA,NA,NA,NA,NA,NA,NA,NA,"Unknown"
"A...617494","A...311918","A...311679",1958,0,1984,1984,"Vlieland","30",53.270035,4.973614,"BLUE TIT",NA,NA,NA,NA,NA,"",NA,NA,NA,NA,NA,NA,NA,NA,NA,NA,NA,NA,NA,"Unknown"
"A...617495","A...311918","A...311679",1958,0,1984,1984,"Vlieland","30",53.270035,4.973614,"BLUE TIT",NA,NA,NA,NA,NA,"",NA,NA,NA,NA,NA,NA,NA,NA,NA,NA,NA,NA,NA,"Unknown"
"A...617496","A...311918","A...311679",1958,0,1984,1984,"Vlieland","30",53.270035,4.973614,"BLUE TIT",NA,NA,NA,NA,NA,"",NA,NA,NA,NA,NA,NA,NA,NA,NA,NA,NA,NA,NA,"Unknown"
"A...617497","A...311918","A...311679",1958,0,1984,1984,"Vlieland","30",53.270035,4.973614,"BLUE TIT",NA,NA,NA,NA,NA,"",NA,NA,NA,NA,NA,NA,NA,NA,NA,NA,NA,NA,NA,"Unknown"
"A...617498","A...311918","A...311679",1958,0,1984,1984,"Vlieland","30",53.270035,4.973614,"BLUE TIT",NA,NA,NA,NA,NA,"",NA,NA,NA,NA,NA,NA,NA,NA,NA,NA,NA,NA,NA,"Unknown"
"A...617499","A...311918","A...311679",1958,0,1984,1984,"Vlieland","30",53.270035,4.973614,"BLUE TIT",NA,NA,NA,NA,NA,"",NA,NA,NA,NA,NA,NA,NA,NA,NA,NA,NA,NA,NA,"Unknown"
"A...617500","A...311918","A...311679",1958,0,1984,1984,"Vlieland","30",53.270035,4.973614,"BLUE TIT",NA,NA,NA,NA,NA,"",NA,NA,NA,NA,NA,NA,NA,NA,NA,NA,NA,NA,NA,"Unknown"
"A...629001","A...615964","A...560821",2640,2,1983,1983,"Vlieland","616",53.29611,5.06619,"GREAT TIT",NA,NA,NA,NA,NA,"",NA,NA,NA,NA,NA,NA,NA,NA,NA,NA,NA,NA,NA,"Male"
"A...629002","A...560833","A...560836",2787,2,1983,1983,"Vlieland","873",53.29611,5.06619,"GREAT TIT",NA,NA,NA,NA,NA,"",NA,NA,NA,NA,NA,NA,NA,NA,NA,NA,NA,NA,NA,"Male"
"A...629003","A...560833","A...560836",2787,2,1983,1983,"Vlieland","873",53.29611,5.06619,"GREAT TIT",NA,NA,NA,NA,NA,"",NA,NA,NA,NA,NA,NA,NA,NA,NA,NA,NA,NA,NA,"Male"
"A...629067","A...560501","A...560472",6935,1,1983,1983,"Vlieland","1033",53.30207,5.06711,"GREAT TIT",NA,NA,NA,NA,NA,"",NA,NA,NA,NA,NA,NA,NA,NA,NA,NA,NA,NA,NA,"Female"
"A...629068","A...560501","A...560472",6935,2,1983,1983,"Vlieland","1033",53.30207,5.06711,"GREAT TIT",NA,NA,NA,NA,NA,"",NA,NA,NA,NA,NA,NA,NA,NA,NA,NA,NA,NA,NA,"Male"
"A...629069","A...560501","A...560472",6935,1,1983,1983,"Vlieland","1033",53.30207,5.06711,"GREAT TIT",NA,NA,NA,NA,NA,"",NA,NA,NA,NA,NA,NA,NA,NA,NA,NA,NA,NA,NA,"Female"
"A...629070","A...560501","A...560472",6935,1,1983,1983,"Vlieland","1033",53.30207,5.06711,"GREAT TIT",NA,NA,NA,NA,NA,"",NA,NA,NA,NA,NA,NA,NA,NA,NA,NA,NA,NA,NA,"Female"
"A...629071","A...560501","A...560472",6935,2,1983,1983,"Vlieland","1033",53.30207,5.06711,"GREAT TIT",NA,NA,NA,NA,NA,"",NA,NA,NA,NA,NA,NA,NA,NA,NA,NA,NA,NA,NA,"Male"
"A...629072","A...560501","A...560472",6935,2,1983,1983,"Vlieland","1033",53.30207,5.06711,"GREAT TIT",NA,NA,NA,NA,NA,"",NA,NA,NA,NA,NA,NA,NA,NA,NA,NA,NA,NA,NA,"Male"
"A...629073","A...560501","A...560472",6935,1,1983,1983,"Vlieland","1033",53.30207,5.06711,"GREAT TIT",NA,NA,NA,NA,NA,"",NA,NA,NA,NA,NA,NA,NA,NA,NA,NA,NA,NA,NA,"Female"
"A...629074","A...560501","A...560472",6935,2,1983,1983,"Vlieland","1033",53.30207,5.06711,"GREAT TIT",NA,NA,NA,NA,NA,"",NA,NA,NA,NA,NA,NA,NA,NA,NA,NA,NA,NA,NA,"Male"
"A...643691","A...612301","A...612680",2468,0,1984,1984,"Vlieland","766",53.30207,5.06711,"GREAT TIT",NA,NA,NA,NA,NA,"",NA,NA,NA,NA,NA,NA,NA,NA,NA,NA,NA,NA,NA,"Unknown"
"A...643692","A...612301","A...612680",2468,0,1984,1984,"Vlieland","766",53.30207,5.06711,"GREAT TIT",NA,NA,NA,NA,NA,"",NA,NA,NA,NA,NA,NA,NA,NA,NA,NA,NA,NA,NA,"Unknown"
"A...643693","A...612301","A...612680",2468,0,1984,1984,"Vlieland","766",53.30207,5.06711,"GREAT TIT",NA,NA,NA,NA,NA,"",NA,NA,NA,NA,NA,NA,NA,NA,NA,NA,NA,NA,NA,"Unknown"
"A...643694","A...612301","A...612680",2468,0,1984,1984,"Vlieland","766",53.30207,5.06711,"GREAT TIT",NA,NA,NA,NA,NA,"",NA,NA,NA,NA,NA,NA,NA,NA,NA,NA,NA,NA,NA,"Unknown"
"A...643695","A...612301","A...612680",2468,0,1984,1984,"Vlieland","766",53.30207,5.06711,"GREAT TIT",NA,NA,NA,NA,NA,"",NA,NA,NA,NA,NA,NA,NA,NA,NA,NA,NA,NA,NA,"Unknown"
"A...643696","A...612301","A...612680",2468,0,1984,1984,"Vlieland","766",53.30207,5.06711,"GREAT TIT",NA,NA,NA,NA,NA,"",NA,NA,NA,NA,NA,NA,NA,NA,NA,NA,NA,NA,NA,"Unknown"
"A...643697","A...612301","A...612680",2468,0,1984,1984,"Vlieland","766",53.30207,5.06711,"GREAT TIT",NA,NA,NA,NA,NA,"",NA,NA,NA,NA,NA,NA,NA,NA,NA,NA,NA,NA,NA,"Unknown"
"A...643698","A...612301","A...612680",2468,0,1984,1984,"Vlieland","766",53.30207,5.06711,"GREAT TIT",NA,NA,NA,NA,NA,"",NA,NA,NA,NA,NA,NA,NA,NA,NA,NA,NA,NA,NA,"Unknown"
"A...643699","A...612301","A...612680",2468,0,1984,1984,"Vlieland","766",53.30207,5.06711,"GREAT TIT",NA,NA,NA,NA,NA,"",NA,NA,NA,NA,NA,NA,NA,NA,NA,NA,NA,NA,NA,"Unknown"
"A...643700","A...612301","A...612680",2468,0,1984,1984,"Vlieland","766",53.30207,5.06711,"GREAT TIT",NA,NA,NA,NA,NA,"",NA,NA,NA,NA,NA,NA,NA,NA,NA,NA,NA,NA,NA,"Unknown"
"A...643702","A...643701","A...474024",1955,0,1984,1984,"Vlieland","27",53.272592,4.974212,"GREAT TIT",NA,NA,NA,NA,NA,"",NA,NA,NA,NA,NA,NA,NA,NA,NA,NA,NA,NA,NA,"Unknown"
"A...643703","A...643701","A...474024",1955,0,1984,1984,"Vlieland","27",53.272592,4.974212,"GREAT TIT",NA,NA,NA,NA,NA,"",NA,NA,NA,NA,NA,NA,NA,NA,NA,NA,NA,NA,NA,"Unknown"
"A...643704","A...643701","A...474024",1955,0,1984,1984,"Vlieland","27",53.272592,4.974212,"GREAT TIT",NA,NA,NA,NA,NA,"",NA,NA,NA,NA,NA,NA,NA,NA,NA,NA,NA,NA,NA,"Unknown"
"A...643705","A...643701","A...474024",1955,0,1984,1984,"Vlieland","27",53.272592,4.974212,"GREAT TIT",NA,NA,NA,NA,NA,"",NA,NA,NA,NA,NA,NA,NA,NA,NA,NA,NA,NA,NA,"Unknown"
"A...643706","A...643701","A...474024",1955,0,1984,1984,"Vlieland","27",53.272592,4.974212,"GREAT TIT",NA,NA,NA,NA,NA,"",NA,NA,NA,NA,NA,NA,NA,NA,NA,NA,NA,NA,NA,"Unknown"
"A...643707","A...643701","A...474024",1955,0,1984,1984,"Vlieland","27",53.272592,4.974212,"GREAT TIT",NA,NA,NA,NA,NA,"",NA,NA,NA,NA,NA,NA,NA,NA,NA,NA,NA,NA,NA,"Unknown"
"A...643708","A...643701","A...474024",1955,0,1984,1984,"Vlieland","27",53.272592,4.974212,"GREAT TIT",NA,NA,NA,NA,NA,"",NA,NA,NA,NA,NA,NA,NA,NA,NA,NA,NA,NA,NA,"Unknown"
"A...643891","A...539860",NA,2791,0,1984,1984,"Vlieland","898",53.29611,5.06619,"GREAT TIT",NA,NA,NA,NA,NA,"",NA,NA,NA,NA,NA,NA,NA,NA,NA,NA,NA,NA,NA,"Unknown"
"A...643892","A...539860",NA,2791,0,1984,1984,"Vlieland","898",53.29611,5.06619,"GREAT TIT",NA,NA,NA,NA,NA,"",NA,NA,NA,NA,NA,NA,NA,NA,NA,NA,NA,NA,NA,"Unknown"
"A...643893","A...539860",NA,2791,0,1984,1984,"Vlieland","898",53.29611,5.06619,"GREAT TIT",NA,NA,NA,NA,NA,"",NA,NA,NA,NA,NA,NA,NA,NA,NA,NA,NA,NA,NA,"Unknown"
"A...643894","A...539860",NA,2791,1,1984,1984,"Vlieland","898",53.29611,5.06619,"GREAT TIT",NA,NA,NA,NA,NA,"",NA,NA,NA,NA,NA,NA,NA,NA,NA,NA,NA,NA,NA,"Female"
"A...643895","A...539860",NA,2791,0,1984,1984,"Vlieland","898",53.29611,5.06619,"GREAT TIT",NA,NA,NA,NA,NA,"",NA,NA,NA,NA,NA,NA,NA,NA,NA,NA,NA,NA,NA,"Unknown"
"A...643896","A...539860",NA,2791,0,1984,1984,"Vlieland","898",53.29611,5.06619,"GREAT TIT",NA,NA,NA,NA,NA,"",NA,NA,NA,NA,NA,NA,NA,NA,NA,NA,NA,NA,NA,"Unknown"
"A...643897","A...539860",NA,2791,0,1984,1984,"Vlieland","898",53.29611,5.06619,"GREAT TIT",NA,NA,NA,NA,NA,"",NA,NA,NA,NA,NA,NA,NA,NA,NA,NA,NA,NA,NA,"Unknown"
"A...643898","A...539860",NA,2791,0,1984,1984,"Vlieland","898",53.29611,5.06619,"GREAT TIT",NA,NA,NA,NA,NA,"",NA,NA,NA,NA,NA,NA,NA,NA,NA,NA,NA,NA,NA,"Unknown"
"A...643899","A...539860",NA,2791,0,1984,1984,"Vlieland","898",53.29611,5.06619,"GREAT TIT",NA,NA,NA,NA,NA,"",NA,NA,NA,NA,NA,NA,NA,NA,NA,NA,NA,NA,NA,"Unknown"
"A...643900","A...539860",NA,2791,0,1984,1984,"Vlieland","898",53.29611,5.06619,"GREAT TIT",NA,NA,NA,NA,NA,"",NA,NA,NA,NA,NA,NA,NA,NA,NA,NA,NA,NA,NA,"Unknown"
"A...643901","A...539860",NA,2791,0,1984,1984,"Vlieland","898",53.29611,5.06619,"GREAT TIT",NA,NA,NA,NA,NA,"",NA,NA,NA,NA,NA,NA,NA,NA,NA,NA,NA,NA,NA,"Unknown"
"A...643902","A...539860",NA,2791,1,1984,1984,"Vlieland","898",53.29611,5.06619,"GREAT TIT",NA,NA,NA,NA,NA,"",NA,NA,NA,NA,NA,NA,NA,NA,NA,NA,NA,NA,NA,"Female"
"A...644504",NA,NA,2127,0,1984,1984,"Vlieland","983",53.28482,5.02637,"BLUE TIT",NA,NA,NA,NA,NA,"",NA,NA,NA,NA,NA,NA,NA,NA,NA,NA,NA,NA,NA,"Unknown"
"A...644505",NA,NA,2127,0,1984,1984,"Vlieland","983",53.28482,5.02637,"BLUE TIT",NA,NA,NA,NA,NA,"",NA,NA,NA,NA,NA,NA,NA,NA,NA,NA,NA,NA,NA,"Unknown"
"A...644506",NA,NA,2127,0,1984,1984,"Vlieland","983",53.28482,5.02637,"BLUE TIT",NA,NA,NA,NA,NA,"",NA,NA,NA,NA,NA,NA,NA,NA,NA,NA,NA,NA,NA,"Unknown"
"A...644507",NA,NA,2127,0,1984,1984,"Vlieland","983",53.28482,5.02637,"BLUE TIT",NA,NA,NA,NA,NA,"",NA,NA,NA,NA,NA,NA,NA,NA,NA,NA,NA,NA,NA,"Unknown"
"A...644508",NA,NA,2127,0,1984,1984,"Vlieland","983",53.28482,5.02637,"BLUE TIT",NA,NA,NA,NA,NA,"",NA,NA,NA,NA,NA,NA,NA,NA,NA,NA,NA,NA,NA,"Unknown"
"A...644509",NA,NA,2127,0,1984,1984,"Vlieland","983",53.28482,5.02637,"BLUE TIT",NA,NA,NA,NA,NA,"",NA,NA,NA,NA,NA,NA,NA,NA,NA,NA,NA,NA,NA,"Unknown"
"A...644510",NA,NA,2127,0,1984,1984,"Vlieland","983",53.28482,5.02637,"BLUE TIT",NA,NA,NA,NA,NA,"",NA,NA,NA,NA,NA,NA,NA,NA,NA,NA,NA,NA,NA,"Unknown"
"A...644511",NA,NA,2127,0,1984,1984,"Vlieland","983",53.28482,5.02637,"BLUE TIT",NA,NA,NA,NA,NA,"",NA,NA,NA,NA,NA,NA,NA,NA,NA,NA,NA,NA,NA,"Unknown"
"A...644512",NA,NA,2127,0,1984,1984,"Vlieland","983",53.28482,5.02637,"BLUE TIT",NA,NA,NA,NA,NA,"",NA,NA,NA,NA,NA,NA,NA,NA,NA,NA,NA,NA,NA,"Unknown"
"A...644513",NA,NA,2127,0,1984,1984,"Vlieland","983",53.28482,5.02637,"BLUE TIT",NA,NA,NA,NA,NA,"",NA,NA,NA,NA,NA,NA,NA,NA,NA,NA,NA,NA,NA,"Unknown"
"A...644514",NA,NA,2127,0,1984,1984,"Vlieland","983",53.28482,5.02637,"BLUE TIT",NA,NA,NA,NA,NA,"",NA,NA,NA,NA,NA,NA,NA,NA,NA,NA,NA,NA,NA,"Unknown"
"A...644571",NA,NA,2305,0,1984,1984,"Vlieland","549",53.30207,5.06711,"BLUE TIT",NA,NA,NA,NA,NA,"",NA,NA,NA,NA,NA,NA,NA,NA,NA,NA,NA,NA,NA,"Unknown"
"A...644572",NA,NA,2305,0,1984,1984,"Vlieland","549",53.30207,5.06711,"BLUE TIT",NA,NA,NA,NA,NA,"",NA,NA,NA,NA,NA,NA,NA,NA,NA,NA,NA,NA,NA,"Unknown"
"A...644573",NA,NA,2305,0,1984,1984,"Vlieland","549",53.30207,5.06711,"BLUE TIT",NA,NA,NA,NA,NA,"",NA,NA,NA,NA,NA,NA,NA,NA,NA,NA,NA,NA,NA,"Unknown"
"A...644574",NA,NA,2305,0,1984,1984,"Vlieland","549",53.30207,5.06711,"BLUE TIT",NA,NA,NA,NA,NA,"",NA,NA,NA,NA,NA,NA,NA,NA,NA,NA,NA,NA,NA,"Unknown"
"A...644575",NA,NA,2305,0,1984,1984,"Vlieland","549",53.30207,5.06711,"BLUE TIT",NA,NA,NA,NA,NA,"",NA,NA,NA,NA,NA,NA,NA,NA,NA,NA,NA,NA,NA,"Unknown"
"A...644576",NA,NA,2305,0,1984,1984,"Vlieland","549",53.30207,5.06711,"BLUE TIT",NA,NA,NA,NA,NA,"",NA,NA,NA,NA,NA,NA,NA,NA,NA,NA,NA,NA,NA,"Unknown"
"A...644577",NA,NA,2305,0,1984,1984,"Vlieland","549",53.30207,5.06711,"BLUE TIT",NA,NA,NA,NA,NA,"",NA,NA,NA,NA,NA,NA,NA,NA,NA,NA,NA,NA,NA,"Unknown"
"A...644578",NA,NA,2305,0,1984,1984,"Vlieland","549",53.30207,5.06711,"BLUE TIT",NA,NA,NA,NA,NA,"",NA,NA,NA,NA,NA,NA,NA,NA,NA,NA,NA,NA,NA,"Unknown"
"A...644579",NA,NA,2305,0,1984,1984,"Vlieland","549",53.30207,5.06711,"BLUE TIT",NA,NA,NA,NA,NA,"",NA,NA,NA,NA,NA,NA,NA,NA,NA,NA,NA,NA,NA,"Unknown"
"A...644580",NA,NA,2305,0,1984,1984,"Vlieland","549",53.30207,5.06711,"BLUE TIT",NA,NA,NA,NA,NA,"",NA,NA,NA,NA,NA,NA,NA,NA,NA,NA,NA,NA,NA,"Unknown"
"A...644751","A...474644","A...642120",2303,0,1984,1984,"Vlieland","548",53.30207,5.06711,"GREAT TIT",NA,NA,NA,NA,NA,"",NA,NA,NA,NA,NA,NA,NA,NA,NA,NA,NA,NA,NA,"Unknown"
"A...644752","A...474644","A...642120",2303,0,1984,1984,"Vlieland","548",53.30207,5.06711,"GREAT TIT",NA,NA,NA,NA,NA,"",NA,NA,NA,NA,NA,NA,NA,NA,NA,NA,NA,NA,NA,"Unknown"
"A...644753","A...474644","A...642120",2303,1,1984,1984,"Vlieland","548",53.30207,5.06711,"GREAT TIT",NA,NA,NA,NA,NA,"",NA,NA,NA,NA,NA,NA,NA,NA,NA,NA,NA,NA,NA,"Female"
"A...644887","A...538269","A...611442",1954,0,1984,1984,"Vlieland","26",53.27053,4.97819,"GREAT TIT",NA,NA,NA,NA,NA,"",NA,NA,NA,NA,NA,NA,NA,NA,NA,NA,NA,NA,NA,"Unknown"
"A...644888","A...538269","A...611442",1954,0,1984,1984,"Vlieland","26",53.27053,4.97819,"GREAT TIT",NA,NA,NA,NA,NA,"",NA,NA,NA,NA,NA,NA,NA,NA,NA,NA,NA,NA,NA,"Unknown"
"A...644889","A...538269","A...611442",1954,0,1984,1984,"Vlieland","26",53.27053,4.97819,"GREAT TIT",NA,NA,NA,NA,NA,"",NA,NA,NA,NA,NA,NA,NA,NA,NA,NA,NA,NA,NA,"Unknown"
"A...644890","A...538269","A...611442",1954,0,1984,1984,"Vlieland","26",53.27053,4.97819,"GREAT TIT",NA,NA,NA,NA,NA,"",NA,NA,NA,NA,NA,NA,NA,NA,NA,NA,NA,NA,NA,"Unknown"
"A...644891","A...538269","A...611442",1954,0,1984,1984,"Vlieland","26",53.27053,4.97819,"GREAT TIT",NA,NA,NA,NA,NA,"",NA,NA,NA,NA,NA,NA,NA,NA,NA,NA,NA,NA,NA,"Unknown"
"A...644892","A...613628","A...459048",26762,0,1984,1984,"Vlieland","26",53.27053,4.97819,"GREAT TIT",NA,NA,NA,NA,NA,"",NA,NA,NA,NA,NA,NA,NA,NA,NA,NA,NA,NA,NA,"Unknown"
"A...644996","A...642558",NA,1056,1,1984,1984,"Vlieland","548",53.30207,5.06711,"GREAT TIT",NA,NA,NA,NA,NA,"",NA,NA,NA,NA,NA,NA,NA,NA,NA,NA,NA,NA,NA,"Female"
"A...644997","A...474644","A...642120",2303,0,1984,1984,"Vlieland","548",53.30207,5.06711,"GREAT TIT",NA,NA,NA,NA,NA,"",NA,NA,NA,NA,NA,NA,NA,NA,NA,NA,NA,NA,NA,"Unknown"
"A...644998","A...474644","A...642120",2303,0,1984,1984,"Vlieland","548",53.30207,5.06711,"GREAT TIT",NA,NA,NA,NA,NA,"",NA,NA,NA,NA,NA,NA,NA,NA,NA,NA,NA,NA,NA,"Unknown"
"A...644999","A...642558",NA,1056,0,1984,1984,"Vlieland","548",53.30207,5.06711,"GREAT TIT",NA,NA,NA,NA,NA,"",NA,NA,NA,NA,NA,NA,NA,NA,NA,NA,NA,NA,NA,"Unknown"
"A...645000","A...474644","A...642120",2303,0,1984,1984,"Vlieland","548",53.30207,5.06711,"GREAT TIT",NA,NA,NA,NA,NA,"",NA,NA,NA,NA,NA,NA,NA,NA,NA,NA,NA,NA,NA,"Unknown"
"A...679309","A...679275","A...654087",2470,0,1984,1984,"Vlieland","768",53.30207,5.06711,"GREAT TIT",NA,NA,NA,NA,NA,"",NA,NA,NA,NA,NA,NA,NA,NA,NA,NA,NA,NA,NA,"Unknown"
"A...679310","A...679275","A...654087",2470,2,1984,1984,"Vlieland","768",53.30207,5.06711,"GREAT TIT",NA,NA,NA,NA,NA,"",NA,NA,NA,NA,NA,NA,NA,NA,NA,NA,NA,NA,NA,"Male"
"A...679311","A...679275","A...654087",2470,1,1984,1984,"Vlieland","768",53.30207,5.06711,"GREAT TIT",NA,NA,NA,NA,NA,"",NA,NA,NA,NA,NA,NA,NA,NA,NA,NA,NA,NA,NA,"Female"
"A...679312","A...679275","A...654087",2470,1,1984,1984,"Vlieland","768",53.30207,5.06711,"GREAT TIT",NA,NA,NA,NA,NA,"",NA,NA,NA,NA,NA,NA,NA,NA,NA,NA,NA,NA,NA,"Female"
"A...679313","A...679275","A...654087",2470,2,1984,1984,"Vlieland","768",53.30207,5.06711,"GREAT TIT",NA,NA,NA,NA,NA,"",NA,NA,NA,NA,NA,NA,NA,NA,NA,NA,NA,NA,NA,"Male"
"A...679522","A...629178",NA,2792,1,1984,1984,"Vlieland","899",53.29611,5.06619,"GREAT TIT",NA,NA,NA,NA,NA,"",NA,NA,NA,NA,NA,NA,NA,NA,NA,NA,NA,NA,NA,"Female"
"A...679523","A...629178",NA,2792,2,1984,1984,"Vlieland","899",53.29611,5.06619,"GREAT TIT",NA,NA,NA,NA,NA,"",NA,NA,NA,NA,NA,NA,NA,NA,NA,NA,NA,NA,NA,"Male"
"A...679537","A...560501","A...560472",6942,2,1984,1984,"Vlieland","925",53.29611,5.06619,"GREAT TIT",NA,NA,NA,NA,NA,"",NA,NA,NA,NA,NA,NA,NA,NA,NA,NA,NA,NA,NA,"Male"
"A...679538","A...560501","A...560472",6942,1,1984,1984,"Vlieland","925",53.29611,5.06619,"GREAT TIT",NA,NA,NA,NA,NA,"",NA,NA,NA,NA,NA,NA,NA,NA,NA,NA,NA,NA,NA,"Female"
"A...679539","A...560501","A...560472",6942,1,1984,1984,"Vlieland","925",53.29611,5.06619,"GREAT TIT",NA,NA,NA,NA,NA,"",NA,NA,NA,NA,NA,NA,NA,NA,NA,NA,NA,NA,NA,"Female"
"A...679540","A...560501","A...560472",6942,2,1984,1984,"Vlieland","925",53.29611,5.06619,"GREAT TIT",NA,NA,NA,NA,NA,"",NA,NA,NA,NA,NA,NA,NA,NA,NA,NA,NA,NA,NA,"Male"
"A...679541","A...560501","A...560472",6942,2,1984,1984,"Vlieland","925",53.29611,5.06619,"GREAT TIT",NA,NA,NA,NA,NA,"",NA,NA,NA,NA,NA,NA,NA,NA,NA,NA,NA,NA,NA,"Male"
"A...679683","A...560013","A...560784",1956,0,1984,1984,"Vlieland","28",53.272504,4.97497,"GREAT TIT",NA,NA,NA,NA,NA,"",NA,NA,NA,NA,NA,NA,NA,NA,NA,NA,NA,NA,NA,"Unknown"
"A...679684","A...560013","A...560784",1956,2,1984,1984,"Vlieland","28",53.272504,4.97497,"GREAT TIT",NA,NA,NA,NA,NA,"",NA,NA,NA,NA,NA,NA,NA,NA,NA,NA,NA,NA,NA,"Male"
"A...679685","A...560013","A...560784",1956,1,1984,1984,"Vlieland","28",53.272504,4.97497,"GREAT TIT",NA,NA,NA,NA,NA,"",NA,NA,NA,NA,NA,NA,NA,NA,NA,NA,NA,NA,NA,"Female"
"A...679686","A...560013","A...560784",1956,1,1984,1984,"Vlieland","28",53.272504,4.97497,"GREAT TIT",NA,NA,NA,NA,NA,"",NA,NA,NA,NA,NA,NA,NA,NA,NA,NA,NA,NA,NA,"Female"
"A...679687","A...560013","A...560784",1956,2,1984,1984,"Vlieland","28",53.272504,4.97497,"GREAT TIT",NA,NA,NA,NA,NA,"",NA,NA,NA,NA,NA,NA,NA,NA,NA,NA,NA,NA,NA,"Male"
"A...679688","A...560013","A...560784",1956,0,1984,1984,"Vlieland","28",53.272504,4.97497,"GREAT TIT",NA,NA,NA,NA,NA,"",NA,NA,NA,NA,NA,NA,NA,NA,NA,NA,NA,NA,NA,"Unknown"
"A...679689","A...560013","A...560784",1956,1,1984,1984,"Vlieland","28",53.272504,4.97497,"GREAT TIT",NA,NA,NA,NA,NA,"",NA,NA,NA,NA,NA,NA,NA,NA,NA,NA,NA,NA,NA,"Female"
"A...679690","A...560013","A...560784",1956,1,1984,1984,"Vlieland","28",53.272504,4.97497,"GREAT TIT",NA,NA,NA,NA,NA,"",NA,NA,NA,NA,NA,NA,NA,NA,NA,NA,NA,NA,NA,"Female"
"A...679692","A...679189","A...679691",2643,0,1984,1984,"Vlieland","620",53.29611,5.06619,"GREAT TIT",NA,NA,NA,NA,NA,"",NA,NA,NA,NA,NA,NA,NA,NA,NA,NA,NA,NA,NA,"Unknown"
"A...679693","A...679189","A...679691",2643,1,1984,1984,"Vlieland","620",53.29611,5.06619,"GREAT TIT",NA,NA,NA,NA,NA,"",NA,NA,NA,NA,NA,NA,NA,NA,NA,NA,NA,NA,NA,"Female"
"A...679694","A...679189","A...679691",2643,2,1984,1984,"Vlieland","620",53.29611,5.06619,"GREAT TIT",NA,NA,NA,NA,NA,"",NA,NA,NA,NA,NA,NA,NA,NA,NA,NA,NA,NA,NA,"Male"
"A...679730","A...679252","A...615262",2125,0,1984,1984,"Vlieland","333",53.286624,5.027993,"GREAT TIT",NA,NA,NA,NA,NA,"",NA,NA,NA,NA,NA,NA,NA,NA,NA,NA,NA,NA,NA,"Unknown"
"A...679731","A...679252","A...615262",2125,1,1984,1984,"Vlieland","333",53.286624,5.027993,"GREAT TIT",NA,NA,NA,NA,NA,"",NA,NA,NA,NA,NA,NA,NA,NA,NA,NA,NA,NA,NA,"Female"
"A...679732","A...679252","A...615262",2125,1,1984,1984,"Vlieland","333",53.286624,5.027993,"GREAT TIT",NA,NA,NA,NA,NA,"",NA,NA,NA,NA,NA,NA,NA,NA,NA,NA,NA,NA,NA,"Female"
"A...679733","A...679252","A...615262",2125,2,1984,1984,"Vlieland","333",53.286624,5.027993,"GREAT TIT",NA,NA,NA,NA,NA,"",NA,NA,NA,NA,NA,NA,NA,NA,NA,NA,NA,NA,NA,"Male"
"A...679734","A...679252","A...615262",2125,2,1984,1984,"Vlieland","333",53.286624,5.027993,"GREAT TIT",NA,NA,NA,NA,NA,"",NA,NA,NA,NA,NA,NA,NA,NA,NA,NA,NA,NA,NA,"Male"
"A...679735","A...679252","A...615262",2125,2,1984,1984,"Vlieland","333",53.286624,5.027993,"GREAT TIT",NA,NA,NA,NA,NA,"",NA,NA,NA,NA,NA,NA,NA,NA,NA,NA,NA,NA,NA,"Male"
"A...679736","A...679252","A...615262",2125,2,1984,1984,"Vlieland","333",53.286624,5.027993,"GREAT TIT",NA,NA,NA,NA,NA,"",NA,NA,NA,NA,NA,NA,NA,NA,NA,NA,NA,NA,NA,"Male"
"A...679737","A...679252","A...615262",2125,2,1984,1984,"Vlieland","333",53.286624,5.027993,"GREAT TIT",NA,NA,NA,NA,NA,"",NA,NA,NA,NA,NA,NA,NA,NA,NA,NA,NA,NA,NA,"Male"
"A...687029","A...540806","A...473367",6941,0,1984,1984,"Vlieland","924",53.29611,5.06619,"GREAT TIT",NA,NA,NA,NA,NA,"",NA,NA,NA,NA,NA,NA,NA,NA,NA,NA,NA,NA,NA,"Unknown"
"A...687030","A...540806","A...473367",6941,0,1984,1984,"Vlieland","924",53.29611,5.06619,"GREAT TIT",NA,NA,NA,NA,NA,"",NA,NA,NA,NA,NA,NA,NA,NA,NA,NA,NA,NA,NA,"Unknown"
"A...687031","A...540806","A...473367",6941,0,1984,1984,"Vlieland","924",53.29611,5.06619,"GREAT TIT",NA,NA,NA,NA,NA,"",NA,NA,NA,NA,NA,NA,NA,NA,NA,NA,NA,NA,NA,"Unknown"
"A...687032","A...540806","A...473367",6941,0,1984,1984,"Vlieland","924",53.29611,5.06619,"GREAT TIT",NA,NA,NA,NA,NA,"",NA,NA,NA,NA,NA,NA,NA,NA,NA,NA,NA,NA,NA,"Unknown"
"A...687033","A...540806","A...473367",6941,0,1984,1984,"Vlieland","924",53.29611,5.06619,"GREAT TIT",NA,NA,NA,NA,NA,"",NA,NA,NA,NA,NA,NA,NA,NA,NA,NA,NA,NA,NA,"Unknown"
"A...687034","A...540806","A...473367",6941,2,1984,1984,"Vlieland","924",53.29611,5.06619,"GREAT TIT",NA,NA,NA,NA,NA,"",NA,NA,NA,NA,NA,NA,NA,NA,NA,NA,NA,NA,NA,"Male"
"A...687035","A...540806","A...473367",6941,0,1984,1984,"Vlieland","924",53.29611,5.06619,"GREAT TIT",NA,NA,NA,NA,NA,"",NA,NA,NA,NA,NA,NA,NA,NA,NA,NA,NA,NA,NA,"Unknown"
"A...687036","A...540806","A...473367",6941,0,1984,1984,"Vlieland","924",53.29611,5.06619,"GREAT TIT",NA,NA,NA,NA,NA,"",NA,NA,NA,NA,NA,NA,NA,NA,NA,NA,NA,NA,NA,"Unknown"
"A...687037","A...540806","A...473367",6941,0,1984,1984,"Vlieland","924",53.29611,5.06619,"GREAT TIT",NA,NA,NA,NA,NA,"",NA,NA,NA,NA,NA,NA,NA,NA,NA,NA,NA,NA,NA,"Unknown"
"A...687038","A...540806","A...473367",6941,0,1984,1984,"Vlieland","924",53.29611,5.06619,"GREAT TIT",NA,NA,NA,NA,NA,"",NA,NA,NA,NA,NA,NA,NA,NA,NA,NA,NA,NA,NA,"Unknown"
"A...687101",NA,NA,2471,0,1984,1984,"Vlieland","769",53.30207,5.06711,"BLUE TIT",NA,NA,NA,NA,NA,"",NA,NA,NA,NA,NA,NA,NA,NA,NA,NA,NA,NA,NA,"Unknown"
"A...687102",NA,NA,2471,0,1984,1984,"Vlieland","769",53.30207,5.06711,"BLUE TIT",NA,NA,NA,NA,NA,"",NA,NA,NA,NA,NA,NA,NA,NA,NA,NA,NA,NA,NA,"Unknown"
"A...687103",NA,NA,2471,0,1984,1984,"Vlieland","769",53.30207,5.06711,"BLUE TIT",NA,NA,NA,NA,NA,"",NA,NA,NA,NA,NA,NA,NA,NA,NA,NA,NA,NA,NA,"Unknown"
"A...687104",NA,NA,2471,0,1984,1984,"Vlieland","769",53.30207,5.06711,"BLUE TIT",NA,NA,NA,NA,NA,"",NA,NA,NA,NA,NA,NA,NA,NA,NA,NA,NA,NA,NA,"Unknown"
"A...687105",NA,NA,2471,0,1984,1984,"Vlieland","769",53.30207,5.06711,"BLUE TIT",NA,NA,NA,NA,NA,"",NA,NA,NA,NA,NA,NA,NA,NA,NA,NA,NA,NA,NA,"Unknown"
"A...687106",NA,NA,2471,0,1984,1984,"Vlieland","769",53.30207,5.06711,"BLUE TIT",NA,NA,NA,NA,NA,"",NA,NA,NA,NA,NA,NA,NA,NA,NA,NA,NA,NA,NA,"Unknown"
"A...687107",NA,NA,2471,0,1984,1984,"Vlieland","769",53.30207,5.06711,"BLUE TIT",NA,NA,NA,NA,NA,"",NA,NA,NA,NA,NA,NA,NA,NA,NA,NA,NA,NA,NA,"Unknown"
"A...687108",NA,NA,2471,0,1984,1984,"Vlieland","769",53.30207,5.06711,"BLUE TIT",NA,NA,NA,NA,NA,"",NA,NA,NA,NA,NA,NA,NA,NA,NA,NA,NA,NA,NA,"Unknown"
"A...687109",NA,NA,2471,0,1984,1984,"Vlieland","769",53.30207,5.06711,"BLUE TIT",NA,NA,NA,NA,NA,"",NA,NA,NA,NA,NA,NA,NA,NA,NA,NA,NA,NA,NA,"Unknown"
"A...687110",NA,NA,2794,0,1984,1984,"Vlieland","899",53.29611,5.06619,"BLUE TIT",NA,NA,NA,NA,NA,"",NA,NA,NA,NA,NA,NA,NA,NA,NA,NA,NA,NA,NA,"Unknown"
"A...687111",NA,NA,2794,0,1984,1984,"Vlieland","899",53.29611,5.06619,"BLUE TIT",NA,NA,NA,NA,NA,"",NA,NA,NA,NA,NA,NA,NA,NA,NA,NA,NA,NA,NA,"Unknown"
"A...687112",NA,NA,2794,0,1984,1984,"Vlieland","899",53.29611,5.06619,"BLUE TIT",NA,NA,NA,NA,NA,"",NA,NA,NA,NA,NA,NA,NA,NA,NA,NA,NA,NA,NA,"Unknown"
"A...687113",NA,NA,2794,0,1984,1984,"Vlieland","899",53.29611,5.06619,"BLUE TIT",NA,NA,NA,NA,NA,"",NA,NA,NA,NA,NA,NA,NA,NA,NA,NA,NA,NA,NA,"Unknown"
"A...687114",NA,NA,2794,0,1984,1984,"Vlieland","899",53.29611,5.06619,"BLUE TIT",NA,NA,NA,NA,NA,"",NA,NA,NA,NA,NA,NA,NA,NA,NA,NA,NA,NA,NA,"Unknown"
"A...687115",NA,NA,2794,0,1984,1984,"Vlieland","899",53.29611,5.06619,"BLUE TIT",NA,NA,NA,NA,NA,"",NA,NA,NA,NA,NA,NA,NA,NA,NA,NA,NA,NA,NA,"Unknown"
"A...687116",NA,NA,2794,2,1984,1984,"Vlieland","899",53.29611,5.06619,"BLUE TIT",NA,NA,NA,NA,NA,"",NA,NA,NA,NA,NA,NA,NA,NA,NA,NA,NA,NA,NA,"Male"
"A...687117",NA,NA,2794,0,1984,1984,"Vlieland","899",53.29611,5.06619,"BLUE TIT",NA,NA,NA,NA,NA,"",NA,NA,NA,NA,NA,NA,NA,NA,NA,NA,NA,NA,NA,"Unknown"
"A...687118",NA,NA,2794,0,1984,1984,"Vlieland","899",53.29611,5.06619,"BLUE TIT",NA,NA,NA,NA,NA,"",NA,NA,NA,NA,NA,NA,NA,NA,NA,NA,NA,NA,NA,"Unknown"
"A...687119",NA,NA,2794,0,1984,1984,"Vlieland","899",53.29611,5.06619,"BLUE TIT",NA,NA,NA,NA,NA,"",NA,NA,NA,NA,NA,NA,NA,NA,NA,NA,NA,NA,NA,"Unknown"
"A...687133",NA,NA,1957,0,1984,1984,"Vlieland","29",53.268998,4.972777,"BLUE TIT",NA,NA,NA,NA,NA,"",NA,NA,NA,NA,NA,NA,NA,NA,NA,NA,NA,NA,NA,"Unknown"
"A...687134",NA,NA,1957,0,1984,1984,"Vlieland","29",53.268998,4.972777,"BLUE TIT",NA,NA,NA,NA,NA,"",NA,NA,NA,NA,NA,NA,NA,NA,NA,NA,NA,NA,NA,"Unknown"
"A...687135",NA,NA,1957,0,1984,1984,"Vlieland","29",53.268998,4.972777,"BLUE TIT",NA,NA,NA,NA,NA,"",NA,NA,NA,NA,NA,NA,NA,NA,NA,NA,NA,NA,NA,"Unknown"
"A...687136",NA,NA,1957,0,1984,1984,"Vlieland","29",53.268998,4.972777,"BLUE TIT",NA,NA,NA,NA,NA,"",NA,NA,NA,NA,NA,NA,NA,NA,NA,NA,NA,NA,NA,"Unknown"
"A...687137",NA,NA,1957,0,1984,1984,"Vlieland","29",53.268998,4.972777,"BLUE TIT",NA,NA,NA,NA,NA,"",NA,NA,NA,NA,NA,NA,NA,NA,NA,NA,NA,NA,NA,"Unknown"
"A...687138",NA,NA,1957,0,1984,1984,"Vlieland","29",53.268998,4.972777,"BLUE TIT",NA,NA,NA,NA,NA,"",NA,NA,NA,NA,NA,NA,NA,NA,NA,NA,NA,NA,NA,"Unknown"
"A...687139",NA,NA,1957,0,1984,1984,"Vlieland","29",53.268998,4.972777,"BLUE TIT",NA,NA,NA,NA,NA,"",NA,NA,NA,NA,NA,NA,NA,NA,NA,NA,NA,NA,NA,"Unknown"
"A...687140",NA,NA,1957,0,1984,1984,"Vlieland","29",53.268998,4.972777,"BLUE TIT",NA,NA,NA,NA,NA,"",NA,NA,NA,NA,NA,NA,NA,NA,NA,NA,NA,NA,NA,"Unknown"
"A...687141",NA,NA,1957,0,1984,1984,"Vlieland","29",53.268998,4.972777,"BLUE TIT",NA,NA,NA,NA,NA,"",NA,NA,NA,NA,NA,NA,NA,NA,NA,NA,NA,NA,NA,"Unknown"
"A...687142",NA,NA,1957,0,1984,1984,"Vlieland","29",53.268998,4.972777,"BLUE TIT",NA,NA,NA,NA,NA,"",NA,NA,NA,NA,NA,NA,NA,NA,NA,NA,NA,NA,NA,"Unknown"
"A...687341",NA,NA,8315,0,1984,1984,"Vlieland","949",53.29611,5.06619,"GREAT TIT",NA,NA,NA,NA,NA,"",NA,NA,NA,NA,NA,NA,NA,NA,NA,NA,NA,NA,NA,"Unknown"
"A...687342",NA,NA,8315,0,1984,1984,"Vlieland","949",53.29611,5.06619,"GREAT TIT",NA,NA,NA,NA,NA,"",NA,NA,NA,NA,NA,NA,NA,NA,NA,NA,NA,NA,NA,"Unknown"
"A...687343",NA,NA,8315,0,1984,1984,"Vlieland","949",53.29611,5.06619,"GREAT TIT",NA,NA,NA,NA,NA,"",NA,NA,NA,NA,NA,NA,NA,NA,NA,NA,NA,NA,NA,"Unknown"
"A...687344",NA,NA,8315,0,1984,1984,"Vlieland","949",53.29611,5.06619,"GREAT TIT",NA,NA,NA,NA,NA,"",NA,NA,NA,NA,NA,NA,NA,NA,NA,NA,NA,NA,NA,"Unknown"
"A...687345",NA,NA,8315,0,1984,1984,"Vlieland","949",53.29611,5.06619,"GREAT TIT",NA,NA,NA,NA,NA,"",NA,NA,NA,NA,NA,NA,NA,NA,NA,NA,NA,NA,NA,"Unknown"
"A...687346",NA,NA,8315,0,1984,1984,"Vlieland","949",53.29611,5.06619,"GREAT TIT",NA,NA,NA,NA,NA,"",NA,NA,NA,NA,NA,NA,NA,NA,NA,NA,NA,NA,NA,"Unknown"
"A...687347",NA,NA,8315,0,1984,1984,"Vlieland","949",53.29611,5.06619,"GREAT TIT",NA,NA,NA,NA,NA,"",NA,NA,NA,NA,NA,NA,NA,NA,NA,NA,NA,NA,NA,"Unknown"
"A...687742","A...612521","A...612523",6940,0,1984,1984,"Vlieland","923",53.29611,5.06619,"GREAT TIT",NA,NA,NA,NA,NA,"",NA,NA,NA,NA,NA,NA,NA,NA,NA,NA,NA,NA,NA,"Unknown"
"A...687743","A...612521","A...612523",6940,0,1984,1984,"Vlieland","923",53.29611,5.06619,"GREAT TIT",NA,NA,NA,NA,NA,"",NA,NA,NA,NA,NA,NA,NA,NA,NA,NA,NA,NA,NA,"Unknown"
"A...687744","A...612521","A...612523",6940,0,1984,1984,"Vlieland","923",53.29611,5.06619,"GREAT TIT",NA,NA,NA,NA,NA,"",NA,NA,NA,NA,NA,NA,NA,NA,NA,NA,NA,NA,NA,"Unknown"
"A...687745","A...612521","A...612523",6940,0,1984,1984,"Vlieland","923",53.29611,5.06619,"GREAT TIT",NA,NA,NA,NA,NA,"",NA,NA,NA,NA,NA,NA,NA,NA,NA,NA,NA,NA,NA,"Unknown"
"A...687746","A...612521","A...612523",6940,0,1984,1984,"Vlieland","923",53.29611,5.06619,"GREAT TIT",NA,NA,NA,NA,NA,"",NA,NA,NA,NA,NA,NA,NA,NA,NA,NA,NA,NA,NA,"Unknown"
"A...687747","A...612521","A...612523",6940,0,1984,1984,"Vlieland","923",53.29611,5.06619,"GREAT TIT",NA,NA,NA,NA,NA,"",NA,NA,NA,NA,NA,NA,NA,NA,NA,NA,NA,NA,NA,"Unknown"
"A...687748","A...612521","A...612523",6940,0,1984,1984,"Vlieland","923",53.29611,5.06619,"GREAT TIT",NA,NA,NA,NA,NA,"",NA,NA,NA,NA,NA,NA,NA,NA,NA,NA,NA,NA,NA,"Unknown"
"A...687749","A...612521","A...612523",6940,0,1984,1984,"Vlieland","923",53.29611,5.06619,"GREAT TIT",NA,NA,NA,NA,NA,"",NA,NA,NA,NA,NA,NA,NA,NA,NA,NA,NA,NA,NA,"Unknown"
"A...687750","A...612521","A...612523",6940,0,1984,1984,"Vlieland","923",53.29611,5.06619,"GREAT TIT",NA,NA,NA,NA,NA,"",NA,NA,NA,NA,NA,NA,NA,NA,NA,NA,NA,NA,NA,"Unknown"
"A...687902",NA,NA,2645,0,1984,1984,"Vlieland","625",53.29611,5.06619,"BLUE TIT",NA,NA,NA,NA,NA,"",NA,NA,NA,NA,NA,NA,NA,NA,NA,NA,NA,NA,NA,"Unknown"
"A...687903",NA,NA,2645,0,1984,1984,"Vlieland","625",53.29611,5.06619,"BLUE TIT",NA,NA,NA,NA,NA,"",NA,NA,NA,NA,NA,NA,NA,NA,NA,NA,NA,NA,NA,"Unknown"
"A...687904",NA,NA,2645,0,1984,1984,"Vlieland","625",53.29611,5.06619,"BLUE TIT",NA,NA,NA,NA,NA,"",NA,NA,NA,NA,NA,NA,NA,NA,NA,NA,NA,NA,NA,"Unknown"
"A...687905",NA,NA,2645,0,1984,1984,"Vlieland","625",53.29611,5.06619,"BLUE TIT",NA,NA,NA,NA,NA,"",NA,NA,NA,NA,NA,NA,NA,NA,NA,NA,NA,NA,NA,"Unknown"
"A...687906",NA,NA,2645,0,1984,1984,"Vlieland","625",53.29611,5.06619,"BLUE TIT",NA,NA,NA,NA,NA,"",NA,NA,NA,NA,NA,NA,NA,NA,NA,NA,NA,NA,NA,"Unknown"
"A...687907",NA,NA,2645,0,1984,1984,"Vlieland","625",53.29611,5.06619,"BLUE TIT",NA,NA,NA,NA,NA,"",NA,NA,NA,NA,NA,NA,NA,NA,NA,NA,NA,NA,NA,"Unknown"
"A...687908",NA,NA,2645,0,1984,1984,"Vlieland","625",53.29611,5.06619,"BLUE TIT",NA,NA,NA,NA,NA,"",NA,NA,NA,NA,NA,NA,NA,NA,NA,NA,NA,NA,NA,"Unknown"
"A...688001","A...612521","A...612523",6940,0,1984,1984,"Vlieland","923",53.29611,5.06619,"GREAT TIT",NA,NA,NA,NA,NA,"",NA,NA,NA,NA,NA,NA,NA,NA,NA,NA,NA,NA,NA,"Unknown"
"A...688002","A...612521","A...612523",6940,0,1984,1984,"Vlieland","923",53.29611,5.06619,"GREAT TIT",NA,NA,NA,NA,NA,"",NA,NA,NA,NA,NA,NA,NA,NA,NA,NA,NA,NA,NA,"Unknown"
"A...688104","A...612301",NA,2469,0,1984,1984,"Vlieland","767",53.30207,5.06711,"GREAT TIT",NA,NA,NA,NA,NA,"",NA,NA,NA,NA,NA,NA,NA,NA,NA,NA,NA,NA,NA,"Unknown"
"A...688105","A...612301",NA,2469,0,1984,1984,"Vlieland","767",53.30207,5.06711,"GREAT TIT",NA,NA,NA,NA,NA,"",NA,NA,NA,NA,NA,NA,NA,NA,NA,NA,NA,NA,NA,"Unknown"
"A...688106","A...612301",NA,2469,0,1984,1984,"Vlieland","767",53.30207,5.06711,"GREAT TIT",NA,NA,NA,NA,NA,"",NA,NA,NA,NA,NA,NA,NA,NA,NA,NA,NA,NA,NA,"Unknown"
"A...688107","A...612301",NA,2469,0,1984,1984,"Vlieland","767",53.30207,5.06711,"GREAT TIT",NA,NA,NA,NA,NA,"",NA,NA,NA,NA,NA,NA,NA,NA,NA,NA,NA,NA,NA,"Unknown"
"A...688699","A...611742","A...538040",2123,0,1984,1984,"Vlieland","331",53.282063,5.034727,"GREAT TIT",NA,NA,NA,NA,NA,"",NA,NA,NA,NA,NA,NA,NA,NA,NA,NA,NA,NA,NA,"Unknown"
"A...688823","A...611742","A...538040",2123,0,1984,1984,"Vlieland","331",53.282063,5.034727,"GREAT TIT",NA,NA,NA,NA,NA,"",NA,NA,NA,NA,NA,NA,NA,NA,NA,NA,NA,NA,NA,"Unknown"
"A...688824","A...611742","A...538040",2123,0,1984,1984,"Vlieland","331",53.282063,5.034727,"GREAT TIT",NA,NA,NA,NA,NA,"",NA,NA,NA,NA,NA,NA,NA,NA,NA,NA,NA,NA,NA,"Unknown"
"A...688825","A...611742","A...538040",2123,1,1984,1984,"Vlieland","331",53.282063,5.034727,"GREAT TIT",NA,NA,NA,NA,NA,"",NA,NA,NA,NA,NA,NA,NA,NA,NA,NA,NA,NA,NA,"Female"
"A...688826","A...611742","A...538040",2123,0,1984,1984,"Vlieland","331",53.282063,5.034727,"GREAT TIT",NA,NA,NA,NA,NA,"",NA,NA,NA,NA,NA,NA,NA,NA,NA,NA,NA,NA,NA,"Unknown"
"A...688827","A...611742","A...538040",2123,1,1984,1984,"Vlieland","331",53.282063,5.034727,"GREAT TIT",NA,NA,NA,NA,NA,"",NA,NA,NA,NA,NA,NA,NA,NA,NA,NA,NA,NA,NA,"Female"
"A...688910","A...612093",NA,6939,2,1984,1984,"Vlieland","922",53.29611,5.06619,"GREAT TIT",NA,NA,NA,NA,NA,"",NA,NA,NA,NA,NA,NA,NA,NA,NA,NA,NA,NA,NA,"Male"
"A...688911","A...612093",NA,6939,0,1984,1984,"Vlieland","922",53.29611,5.06619,"GREAT TIT",NA,NA,NA,NA,NA,"",NA,NA,NA,NA,NA,NA,NA,NA,NA,NA,NA,NA,NA,"Unknown"
"A...688912","A...612093",NA,6939,0,1984,1984,"Vlieland","922",53.29611,5.06619,"GREAT TIT",NA,NA,NA,NA,NA,"",NA,NA,NA,NA,NA,NA,NA,NA,NA,NA,NA,NA,NA,"Unknown"
"A...688913","A...612093",NA,6939,0,1984,1984,"Vlieland","922",53.29611,5.06619,"GREAT TIT",NA,NA,NA,NA,NA,"",NA,NA,NA,NA,NA,NA,NA,NA,NA,NA,NA,NA,NA,"Unknown"
"A...689074",NA,NA,2793,0,1984,1984,"Vlieland","899",53.29611,5.06619,"BLUE TIT",NA,NA,NA,NA,NA,"",NA,NA,NA,NA,NA,NA,NA,NA,NA,NA,NA,NA,NA,"Unknown"
"A...689075",NA,NA,2793,0,1984,1984,"Vlieland","899",53.29611,5.06619,"BLUE TIT",NA,NA,NA,NA,NA,"",NA,NA,NA,NA,NA,NA,NA,NA,NA,NA,NA,NA,NA,"Unknown"
"A...689076",NA,NA,2793,0,1984,1984,"Vlieland","899",53.29611,5.06619,"BLUE TIT",NA,NA,NA,NA,NA,"",NA,NA,NA,NA,NA,NA,NA,NA,NA,NA,NA,NA,NA,"Unknown"
"A...689077",NA,NA,2793,0,1984,1984,"Vlieland","899",53.29611,5.06619,"BLUE TIT",NA,NA,NA,NA,NA,"",NA,NA,NA,NA,NA,NA,NA,NA,NA,NA,NA,NA,NA,"Unknown"
"A...689078",NA,NA,2793,0,1984,1984,"Vlieland","899",53.29611,5.06619,"BLUE TIT",NA,NA,NA,NA,NA,"",NA,NA,NA,NA,NA,NA,NA,NA,NA,NA,NA,NA,NA,"Unknown"
"A...689079",NA,NA,2793,0,1984,1984,"Vlieland","899",53.29611,5.06619,"BLUE TIT",NA,NA,NA,NA,NA,"",NA,NA,NA,NA,NA,NA,NA,NA,NA,NA,NA,NA,NA,"Unknown"
"A...689080",NA,NA,2793,0,1984,1984,"Vlieland","899",53.29611,5.06619,"BLUE TIT",NA,NA,NA,NA,NA,"",NA,NA,NA,NA,NA,NA,NA,NA,NA,NA,NA,NA,NA,"Unknown"
"A...689081",NA,NA,2793,0,1984,1984,"Vlieland","899",53.29611,5.06619,"BLUE TIT",NA,NA,NA,NA,NA,"",NA,NA,NA,NA,NA,NA,NA,NA,NA,NA,NA,NA,NA,"Unknown"
"A...748711",NA,NA,8318,0,1985,1985,"Vlieland","952",53.29611,5.06619,"BLUE TIT",NA,NA,NA,NA,NA,"",NA,NA,NA,NA,NA,NA,NA,NA,NA,NA,NA,NA,NA,"Unknown"
"A...748712",NA,NA,8318,0,1985,1985,"Vlieland","952",53.29611,5.06619,"BLUE TIT",NA,NA,NA,NA,NA,"",NA,NA,NA,NA,NA,NA,NA,NA,NA,NA,NA,NA,NA,"Unknown"
"A...748713",NA,NA,8318,0,1985,1985,"Vlieland","952",53.29611,5.06619,"BLUE TIT",NA,NA,NA,NA,NA,"",NA,NA,NA,NA,NA,NA,NA,NA,NA,NA,NA,NA,NA,"Unknown"
"A...748714",NA,NA,8318,0,1985,1985,"Vlieland","952",53.29611,5.06619,"BLUE TIT",NA,NA,NA,NA,NA,"",NA,NA,NA,NA,NA,NA,NA,NA,NA,NA,NA,NA,NA,"Unknown"
"A...748715",NA,NA,8318,0,1985,1985,"Vlieland","952",53.29611,5.06619,"BLUE TIT",NA,NA,NA,NA,NA,"",NA,NA,NA,NA,NA,NA,NA,NA,NA,NA,NA,NA,NA,"Unknown"
"A...748716",NA,NA,8318,0,1985,1985,"Vlieland","952",53.29611,5.06619,"BLUE TIT",NA,NA,NA,NA,NA,"",NA,NA,NA,NA,NA,NA,NA,NA,NA,NA,NA,NA,NA,"Unknown"
"A...748717",NA,NA,8318,0,1985,1985,"Vlieland","952",53.29611,5.06619,"BLUE TIT",NA,NA,NA,NA,NA,"",NA,NA,NA,NA,NA,NA,NA,NA,NA,NA,NA,NA,NA,"Unknown"
"A...748718",NA,NA,8318,0,1985,1985,"Vlieland","952",53.29611,5.06619,"BLUE TIT",NA,NA,NA,NA,NA,"",NA,NA,NA,NA,NA,NA,NA,NA,NA,NA,NA,NA,NA,"Unknown"
"A...748719",NA,NA,8318,0,1985,1985,"Vlieland","952",53.29611,5.06619,"BLUE TIT",NA,NA,NA,NA,NA,"",NA,NA,NA,NA,NA,NA,NA,NA,NA,NA,NA,NA,NA,"Unknown"
"A...748720",NA,NA,8318,0,1985,1985,"Vlieland","952",53.29611,5.06619,"BLUE TIT",NA,NA,NA,NA,NA,"",NA,NA,NA,NA,NA,NA,NA,NA,NA,NA,NA,NA,NA,"Unknown"
"A...748721",NA,NA,8318,0,1985,1985,"Vlieland","952",53.29611,5.06619,"BLUE TIT",NA,NA,NA,NA,NA,"",NA,NA,NA,NA,NA,NA,NA,NA,NA,NA,NA,NA,NA,"Unknown"
"A...748920","A...538269","A...474962",1959,0,1985,1985,"Vlieland","31",53.270812,4.974064,"GREAT TIT",NA,NA,NA,NA,NA,"",NA,NA,NA,NA,NA,NA,NA,NA,NA,NA,NA,NA,NA,"Unknown"
"A...748921","A...689555","A...612092",30699,0,1985,1985,"Vlieland","31",53.270812,4.974064,"GREAT TIT",NA,NA,NA,NA,NA,"",NA,NA,NA,NA,NA,NA,NA,NA,NA,NA,NA,NA,NA,"Unknown"
"A...748922","A...538269","A...474962",1959,0,1985,1985,"Vlieland","31",53.270812,4.974064,"GREAT TIT",NA,NA,NA,NA,NA,"",NA,NA,NA,NA,NA,NA,NA,NA,NA,NA,NA,NA,NA,"Unknown"
"A...748923","A...689555","A...612092",30699,0,1985,1985,"Vlieland","31",53.270812,4.974064,"GREAT TIT",NA,NA,NA,NA,NA,"",NA,NA,NA,NA,NA,NA,NA,NA,NA,NA,NA,NA,NA,"Unknown"
"A...748924","A...689555","A...612092",30699,0,1985,1985,"Vlieland","31",53.270812,4.974064,"GREAT TIT",NA,NA,NA,NA,NA,"",NA,NA,NA,NA,NA,NA,NA,NA,NA,NA,NA,NA,NA,"Unknown"
"A...748925","A...538269","A...474962",1959,0,1985,1985,"Vlieland","31",53.270812,4.974064,"GREAT TIT",NA,NA,NA,NA,NA,"",NA,NA,NA,NA,NA,NA,NA,NA,NA,NA,NA,NA,NA,"Unknown"
"A...748926","A...538269","A...474962",1959,0,1985,1985,"Vlieland","31",53.270812,4.974064,"GREAT TIT",NA,NA,NA,NA,NA,"",NA,NA,NA,NA,NA,NA,NA,NA,NA,NA,NA,NA,NA,"Unknown"
"A...748927","A...538269","A...474962",1959,0,1985,1985,"Vlieland","31",53.270812,4.974064,"GREAT TIT",NA,NA,NA,NA,NA,"",NA,NA,NA,NA,NA,NA,NA,NA,NA,NA,NA,NA,NA,"Unknown"
"A...748928","A...538269","A...474962",1959,0,1985,1985,"Vlieland","31",53.270812,4.974064,"GREAT TIT",NA,NA,NA,NA,NA,"",NA,NA,NA,NA,NA,NA,NA,NA,NA,NA,NA,NA,NA,"Unknown"
"A...748929","A...538269","A...474962",1959,0,1985,1985,"Vlieland","31",53.270812,4.974064,"GREAT TIT",NA,NA,NA,NA,NA,"",NA,NA,NA,NA,NA,NA,NA,NA,NA,NA,NA,NA,NA,"Unknown"
"A...748930","A...538269","A...474962",1959,0,1985,1985,"Vlieland","31",53.270812,4.974064,"GREAT TIT",NA,NA,NA,NA,NA,"",NA,NA,NA,NA,NA,NA,NA,NA,NA,NA,NA,NA,NA,"Unknown"
"A...748931","A...689555","A...612092",30699,0,1985,1985,"Vlieland","31",53.270812,4.974064,"GREAT TIT",NA,NA,NA,NA,NA,"",NA,NA,NA,NA,NA,NA,NA,NA,NA,NA,NA,NA,NA,"Unknown"
"A...748932","A...689555","A...612092",30699,0,1985,1985,"Vlieland","31",53.270812,4.974064,"GREAT TIT",NA,NA,NA,NA,NA,"",NA,NA,NA,NA,NA,NA,NA,NA,NA,NA,NA,NA,NA,"Unknown"
"A...748933","A...538269","A...474962",1959,0,1985,1985,"Vlieland","31",53.270812,4.974064,"GREAT TIT",NA,NA,NA,NA,NA,"",NA,NA,NA,NA,NA,NA,NA,NA,NA,NA,NA,NA,NA,"Unknown"
"A...748934","A...689555","A...612092",30699,0,1985,1985,"Vlieland","31",53.270812,4.974064,"GREAT TIT",NA,NA,NA,NA,NA,"",NA,NA,NA,NA,NA,NA,NA,NA,NA,NA,NA,NA,NA,"Unknown"
"A...748935","A...538269","A...474962",1959,0,1985,1985,"Vlieland","31",53.270812,4.974064,"GREAT TIT",NA,NA,NA,NA,NA,"",NA,NA,NA,NA,NA,NA,NA,NA,NA,NA,NA,NA,NA,"Unknown"
"A...749015","A...612097","A...642120",2474,1,1985,1985,"Vlieland","773",53.30207,5.06711,"GREAT TIT",NA,NA,NA,NA,NA,"",NA,NA,NA,NA,NA,NA,NA,NA,NA,NA,NA,NA,NA,"Female"
"A...749016","A...612097","A...642120",2474,0,1985,1985,"Vlieland","773",53.30207,5.06711,"GREAT TIT",NA,NA,NA,NA,NA,"",NA,NA,NA,NA,NA,NA,NA,NA,NA,NA,NA,NA,NA,"Unknown"
"A...749017","A...612097","A...642120",2474,0,1985,1985,"Vlieland","773",53.30207,5.06711,"GREAT TIT",NA,NA,NA,NA,NA,"",NA,NA,NA,NA,NA,NA,NA,NA,NA,NA,NA,NA,NA,"Unknown"
"A...749018","A...612097","A...642120",2474,0,1985,1985,"Vlieland","773",53.30207,5.06711,"GREAT TIT",NA,NA,NA,NA,NA,"",NA,NA,NA,NA,NA,NA,NA,NA,NA,NA,NA,NA,NA,"Unknown"
"A...749019","A...612097","A...642120",2474,2,1985,1985,"Vlieland","773",53.30207,5.06711,"GREAT TIT",NA,NA,NA,NA,NA,"",NA,NA,NA,NA,NA,NA,NA,NA,NA,NA,NA,NA,NA,"Male"
"A...749020","A...612097","A...642120",2474,0,1985,1985,"Vlieland","773",53.30207,5.06711,"GREAT TIT",NA,NA,NA,NA,NA,"",NA,NA,NA,NA,NA,NA,NA,NA,NA,NA,NA,NA,NA,"Unknown"
"A...749113","A...643625","A...643624",8317,0,1985,1985,"Vlieland","951",53.29611,5.06619,"GREAT TIT",NA,NA,NA,NA,NA,"",NA,NA,NA,NA,NA,NA,NA,NA,NA,NA,NA,NA,NA,"Unknown"
"A...749114","A...643625","A...643624",8317,0,1985,1985,"Vlieland","951",53.29611,5.06619,"GREAT TIT",NA,NA,NA,NA,NA,"",NA,NA,NA,NA,NA,NA,NA,NA,NA,NA,NA,NA,NA,"Unknown"
"A...749115","A...643625","A...643624",8317,0,1985,1985,"Vlieland","951",53.29611,5.06619,"GREAT TIT",NA,NA,NA,NA,NA,"",NA,NA,NA,NA,NA,NA,NA,NA,NA,NA,NA,NA,NA,"Unknown"
"A...749116","A...643625","A...643624",8317,0,1985,1985,"Vlieland","951",53.29611,5.06619,"GREAT TIT",NA,NA,NA,NA,NA,"",NA,NA,NA,NA,NA,NA,NA,NA,NA,NA,NA,NA,NA,"Unknown"
"A...749117","A...643625","A...643624",8317,0,1985,1985,"Vlieland","951",53.29611,5.06619,"GREAT TIT",NA,NA,NA,NA,NA,"",NA,NA,NA,NA,NA,NA,NA,NA,NA,NA,NA,NA,NA,"Unknown"
"A...749118","A...643625","A...643624",8317,0,1985,1985,"Vlieland","951",53.29611,5.06619,"GREAT TIT",NA,NA,NA,NA,NA,"",NA,NA,NA,NA,NA,NA,NA,NA,NA,NA,NA,NA,NA,"Unknown"
"A...749119","A...643625","A...643624",8317,0,1985,1985,"Vlieland","951",53.29611,5.06619,"GREAT TIT",NA,NA,NA,NA,NA,"",NA,NA,NA,NA,NA,NA,NA,NA,NA,NA,NA,NA,NA,"Unknown"
"A...749120","A...643625","A...643624",8317,0,1985,1985,"Vlieland","951",53.29611,5.06619,"GREAT TIT",NA,NA,NA,NA,NA,"",NA,NA,NA,NA,NA,NA,NA,NA,NA,NA,NA,NA,NA,"Unknown"
"A...749121","A...643625","A...643624",8317,0,1985,1985,"Vlieland","951",53.29611,5.06619,"GREAT TIT",NA,NA,NA,NA,NA,"",NA,NA,NA,NA,NA,NA,NA,NA,NA,NA,NA,NA,NA,"Unknown"
"A...749122","A...643625","A...643624",8317,0,1985,1985,"Vlieland","951",53.29611,5.06619,"GREAT TIT",NA,NA,NA,NA,NA,"",NA,NA,NA,NA,NA,NA,NA,NA,NA,NA,NA,NA,NA,"Unknown"
"A...749123","A...643625","A...643624",8317,0,1985,1985,"Vlieland","951",53.29611,5.06619,"GREAT TIT",NA,NA,NA,NA,NA,"",NA,NA,NA,NA,NA,NA,NA,NA,NA,NA,NA,NA,NA,"Unknown"
"A...749124","A...643625","A...643624",8317,0,1985,1985,"Vlieland","951",53.29611,5.06619,"GREAT TIT",NA,NA,NA,NA,NA,"",NA,NA,NA,NA,NA,NA,NA,NA,NA,NA,NA,NA,NA,"Unknown"
"A...749362",NA,NA,2797,0,1985,1985,"Vlieland","904",53.29611,5.06619,"BLUE TIT",NA,NA,NA,NA,NA,"",NA,NA,NA,NA,NA,NA,NA,NA,NA,NA,NA,NA,NA,"Unknown"
"A...749363",NA,NA,2797,0,1985,1985,"Vlieland","904",53.29611,5.06619,"BLUE TIT",NA,NA,NA,NA,NA,"",NA,NA,NA,NA,NA,NA,NA,NA,NA,NA,NA,NA,NA,"Unknown"
"A...749364",NA,NA,2797,0,1985,1985,"Vlieland","904",53.29611,5.06619,"BLUE TIT",NA,NA,NA,NA,NA,"",NA,NA,NA,NA,NA,NA,NA,NA,NA,NA,NA,NA,NA,"Unknown"
"A...749365",NA,NA,2797,0,1985,1985,"Vlieland","904",53.29611,5.06619,"BLUE TIT",NA,NA,NA,NA,NA,"",NA,NA,NA,NA,NA,NA,NA,NA,NA,NA,NA,NA,NA,"Unknown"
"A...749366",NA,NA,2797,0,1985,1985,"Vlieland","904",53.29611,5.06619,"BLUE TIT",NA,NA,NA,NA,NA,"",NA,NA,NA,NA,NA,NA,NA,NA,NA,NA,NA,NA,NA,"Unknown"
"A...749367",NA,NA,2797,0,1985,1985,"Vlieland","904",53.29611,5.06619,"BLUE TIT",NA,NA,NA,NA,NA,"",NA,NA,NA,NA,NA,NA,NA,NA,NA,NA,NA,NA,NA,"Unknown"
"A...749368",NA,NA,2797,0,1985,1985,"Vlieland","904",53.29611,5.06619,"BLUE TIT",NA,NA,NA,NA,NA,"",NA,NA,NA,NA,NA,NA,NA,NA,NA,NA,NA,NA,NA,"Unknown"
"A...749369",NA,NA,2797,0,1985,1985,"Vlieland","904",53.29611,5.06619,"BLUE TIT",NA,NA,NA,NA,NA,"",NA,NA,NA,NA,NA,NA,NA,NA,NA,NA,NA,NA,NA,"Unknown"
"A...749370",NA,NA,2797,0,1985,1985,"Vlieland","904",53.29611,5.06619,"BLUE TIT",NA,NA,NA,NA,NA,"",NA,NA,NA,NA,NA,NA,NA,NA,NA,NA,NA,NA,NA,"Unknown"
"A...749371",NA,NA,2797,0,1985,1985,"Vlieland","904",53.29611,5.06619,"BLUE TIT",NA,NA,NA,NA,NA,"",NA,NA,NA,NA,NA,NA,NA,NA,NA,NA,NA,NA,NA,"Unknown"
"A...749372",NA,NA,2797,0,1985,1985,"Vlieland","904",53.29611,5.06619,"BLUE TIT",NA,NA,NA,NA,NA,"",NA,NA,NA,NA,NA,NA,NA,NA,NA,NA,NA,NA,NA,"Unknown"
"A...749373",NA,NA,2797,0,1985,1985,"Vlieland","904",53.29611,5.06619,"BLUE TIT",NA,NA,NA,NA,NA,"",NA,NA,NA,NA,NA,NA,NA,NA,NA,NA,NA,NA,NA,"Unknown"
"A...749374",NA,NA,2797,0,1985,1985,"Vlieland","904",53.29611,5.06619,"BLUE TIT",NA,NA,NA,NA,NA,"",NA,NA,NA,NA,NA,NA,NA,NA,NA,NA,NA,NA,NA,"Unknown"
"A...749375",NA,NA,2129,0,1985,1985,"Vlieland","453",53.296891,5.049744,"BLUE TIT",NA,NA,NA,NA,NA,"",NA,NA,NA,NA,NA,NA,NA,NA,NA,NA,NA,NA,NA,"Unknown"
"A...749376",NA,NA,2129,0,1985,1985,"Vlieland","453",53.296891,5.049744,"BLUE TIT",NA,NA,NA,NA,NA,"",NA,NA,NA,NA,NA,NA,NA,NA,NA,NA,NA,NA,NA,"Unknown"
"A...749377",NA,NA,2129,0,1985,1985,"Vlieland","453",53.296891,5.049744,"BLUE TIT",NA,NA,NA,NA,NA,"",NA,NA,NA,NA,NA,NA,NA,NA,NA,NA,NA,NA,NA,"Unknown"
"A...749378",NA,NA,2129,0,1985,1985,"Vlieland","453",53.296891,5.049744,"BLUE TIT",NA,NA,NA,NA,NA,"",NA,NA,NA,NA,NA,NA,NA,NA,NA,NA,NA,NA,NA,"Unknown"
"A...749494",NA,NA,2311,0,1985,1985,"Vlieland","555",53.30207,5.06711,"GREAT TIT",NA,NA,NA,NA,NA,"",NA,NA,NA,NA,NA,NA,NA,NA,NA,NA,NA,NA,NA,"Unknown"
"A...749495",NA,NA,2311,0,1985,1985,"Vlieland","555",53.30207,5.06711,"GREAT TIT",NA,NA,NA,NA,NA,"",NA,NA,NA,NA,NA,NA,NA,NA,NA,NA,NA,NA,NA,"Unknown"
"A...749496",NA,NA,2311,0,1985,1985,"Vlieland","555",53.30207,5.06711,"GREAT TIT",NA,NA,NA,NA,NA,"",NA,NA,NA,NA,NA,NA,NA,NA,NA,NA,NA,NA,NA,"Unknown"
"A...749497",NA,NA,2311,0,1985,1985,"Vlieland","555",53.30207,5.06711,"GREAT TIT",NA,NA,NA,NA,NA,"",NA,NA,NA,NA,NA,NA,NA,NA,NA,NA,NA,NA,NA,"Unknown"
"A...749498",NA,NA,2311,0,1985,1985,"Vlieland","555",53.30207,5.06711,"GREAT TIT",NA,NA,NA,NA,NA,"",NA,NA,NA,NA,NA,NA,NA,NA,NA,NA,NA,NA,NA,"Unknown"
"A...749499",NA,NA,2311,1,1985,1985,"Vlieland","555",53.30207,5.06711,"GREAT TIT",NA,NA,NA,NA,NA,"",NA,NA,NA,NA,NA,NA,NA,NA,NA,NA,NA,NA,NA,"Female"
"A...749500",NA,NA,2311,0,1985,1985,"Vlieland","555",53.30207,5.06711,"GREAT TIT",NA,NA,NA,NA,NA,"",NA,NA,NA,NA,NA,NA,NA,NA,NA,NA,NA,NA,NA,"Unknown"
"A...749550","A...643748","A...643749",2796,1,1985,1985,"Vlieland","902",53.29611,5.06619,"GREAT TIT",NA,NA,NA,NA,NA,"",NA,NA,NA,NA,NA,NA,NA,NA,NA,NA,NA,NA,NA,"Female"
"A...749551","A...643748","A...643749",2796,0,1985,1985,"Vlieland","902",53.29611,5.06619,"GREAT TIT",NA,NA,NA,NA,NA,"",NA,NA,NA,NA,NA,NA,NA,NA,NA,NA,NA,NA,NA,"Unknown"
"A...749552","A...643748","A...643749",2796,0,1985,1985,"Vlieland","902",53.29611,5.06619,"GREAT TIT",NA,NA,NA,NA,NA,"",NA,NA,NA,NA,NA,NA,NA,NA,NA,NA,NA,NA,NA,"Unknown"
"A...749553","A...643748","A...643749",2796,0,1985,1985,"Vlieland","902",53.29611,5.06619,"GREAT TIT",NA,NA,NA,NA,NA,"",NA,NA,NA,NA,NA,NA,NA,NA,NA,NA,NA,NA,NA,"Unknown"
"A...749554","A...643748","A...643749",2796,0,1985,1985,"Vlieland","902",53.29611,5.06619,"GREAT TIT",NA,NA,NA,NA,NA,"",NA,NA,NA,NA,NA,NA,NA,NA,NA,NA,NA,NA,NA,"Unknown"
"A...749555","A...643748","A...643749",2796,0,1985,1985,"Vlieland","902",53.29611,5.06619,"GREAT TIT",NA,NA,NA,NA,NA,"",NA,NA,NA,NA,NA,NA,NA,NA,NA,NA,NA,NA,NA,"Unknown"
"A...749556","A...643748","A...643749",2796,0,1985,1985,"Vlieland","902",53.29611,5.06619,"GREAT TIT",NA,NA,NA,NA,NA,"",NA,NA,NA,NA,NA,NA,NA,NA,NA,NA,NA,NA,NA,"Unknown"
"A...749557","A...643748","A...643749",2796,0,1985,1985,"Vlieland","902",53.29611,5.06619,"GREAT TIT",NA,NA,NA,NA,NA,"",NA,NA,NA,NA,NA,NA,NA,NA,NA,NA,NA,NA,NA,"Unknown"
"A...749558","A...643748","A...643749",2796,0,1985,1985,"Vlieland","902",53.29611,5.06619,"GREAT TIT",NA,NA,NA,NA,NA,"",NA,NA,NA,NA,NA,NA,NA,NA,NA,NA,NA,NA,NA,"Unknown"
"A...749579","A...749703","A...612468",6944,0,1985,1985,"Vlieland","927",53.29611,5.06619,"GREAT TIT",NA,NA,NA,NA,NA,"",NA,NA,NA,NA,NA,NA,NA,NA,NA,NA,NA,NA,NA,"Unknown"
"A...749580","A...749703","A...612468",6944,0,1985,1985,"Vlieland","927",53.29611,5.06619,"GREAT TIT",NA,NA,NA,NA,NA,"",NA,NA,NA,NA,NA,NA,NA,NA,NA,NA,NA,NA,NA,"Unknown"
"A...749581","A...749703","A...612468",6944,0,1985,1985,"Vlieland","927",53.29611,5.06619,"GREAT TIT",NA,NA,NA,NA,NA,"",NA,NA,NA,NA,NA,NA,NA,NA,NA,NA,NA,NA,NA,"Unknown"
"A...749582","A...749703","A...612468",6944,0,1985,1985,"Vlieland","927",53.29611,5.06619,"GREAT TIT",NA,NA,NA,NA,NA,"",NA,NA,NA,NA,NA,NA,NA,NA,NA,NA,NA,NA,NA,"Unknown"
"A...749583","A...749703","A...612468",6944,0,1985,1985,"Vlieland","927",53.29611,5.06619,"GREAT TIT",NA,NA,NA,NA,NA,"",NA,NA,NA,NA,NA,NA,NA,NA,NA,NA,NA,NA,NA,"Unknown"
"A...749584","A...749703","A...612468",6944,0,1985,1985,"Vlieland","927",53.29611,5.06619,"GREAT TIT",NA,NA,NA,NA,NA,"",NA,NA,NA,NA,NA,NA,NA,NA,NA,NA,NA,NA,NA,"Unknown"
"A...749585","A...749703","A...612468",6944,0,1985,1985,"Vlieland","927",53.29611,5.06619,"GREAT TIT",NA,NA,NA,NA,NA,"",NA,NA,NA,NA,NA,NA,NA,NA,NA,NA,NA,NA,NA,"Unknown"
"A...749586","A...749703","A...612468",6944,0,1985,1985,"Vlieland","927",53.29611,5.06619,"GREAT TIT",NA,NA,NA,NA,NA,"",NA,NA,NA,NA,NA,NA,NA,NA,NA,NA,NA,NA,NA,"Unknown"
"A...749587","A...749703","A...612468",6944,0,1985,1985,"Vlieland","927",53.29611,5.06619,"GREAT TIT",NA,NA,NA,NA,NA,"",NA,NA,NA,NA,NA,NA,NA,NA,NA,NA,NA,NA,NA,"Unknown"
"A...749588","A...749703","A...612468",6944,0,1985,1985,"Vlieland","927",53.29611,5.06619,"GREAT TIT",NA,NA,NA,NA,NA,"",NA,NA,NA,NA,NA,NA,NA,NA,NA,NA,NA,NA,NA,"Unknown"
"A...749589","A...749703","A...612468",6944,0,1985,1985,"Vlieland","927",53.29611,5.06619,"GREAT TIT",NA,NA,NA,NA,NA,"",NA,NA,NA,NA,NA,NA,NA,NA,NA,NA,NA,NA,NA,"Unknown"
"A...749731",NA,NA,1960,0,1985,1985,"Vlieland","32",53.269785,4.977837,"BLUE TIT",NA,NA,NA,NA,NA,"",NA,NA,NA,NA,NA,NA,NA,NA,NA,NA,NA,NA,NA,"Unknown"
"A...749732",NA,NA,1960,0,1985,1985,"Vlieland","32",53.269785,4.977837,"BLUE TIT",NA,NA,NA,NA,NA,"",NA,NA,NA,NA,NA,NA,NA,NA,NA,NA,NA,NA,NA,"Unknown"
"A...749733",NA,NA,1960,0,1985,1985,"Vlieland","32",53.269785,4.977837,"BLUE TIT",NA,NA,NA,NA,NA,"",NA,NA,NA,NA,NA,NA,NA,NA,NA,NA,NA,NA,NA,"Unknown"
"A...749734",NA,NA,1960,0,1985,1985,"Vlieland","32",53.269785,4.977837,"BLUE TIT",NA,NA,NA,NA,NA,"",NA,NA,NA,NA,NA,NA,NA,NA,NA,NA,NA,NA,NA,"Unknown"
"A...749735",NA,NA,1960,0,1985,1985,"Vlieland","32",53.269785,4.977837,"BLUE TIT",NA,NA,NA,NA,NA,"",NA,NA,NA,NA,NA,NA,NA,NA,NA,NA,NA,NA,NA,"Unknown"
"A...749736",NA,NA,1960,0,1985,1985,"Vlieland","32",53.269785,4.977837,"BLUE TIT",NA,NA,NA,NA,NA,"",NA,NA,NA,NA,NA,NA,NA,NA,NA,NA,NA,NA,NA,"Unknown"
"A...749737",NA,NA,1960,0,1985,1985,"Vlieland","32",53.269785,4.977837,"BLUE TIT",NA,NA,NA,NA,NA,"",NA,NA,NA,NA,NA,NA,NA,NA,NA,NA,NA,NA,NA,"Unknown"
"A...749738",NA,NA,1960,0,1985,1985,"Vlieland","32",53.269785,4.977837,"BLUE TIT",NA,NA,NA,NA,NA,"",NA,NA,NA,NA,NA,NA,NA,NA,NA,NA,NA,NA,NA,"Unknown"
"A...749739",NA,NA,1960,0,1985,1985,"Vlieland","32",53.269785,4.977837,"BLUE TIT",NA,NA,NA,NA,NA,"",NA,NA,NA,NA,NA,NA,NA,NA,NA,NA,NA,NA,NA,"Unknown"
"A...749740",NA,NA,1960,0,1985,1985,"Vlieland","32",53.269785,4.977837,"BLUE TIT",NA,NA,NA,NA,NA,"",NA,NA,NA,NA,NA,NA,NA,NA,NA,NA,NA,NA,NA,"Unknown"
"A...749741",NA,NA,1960,0,1985,1985,"Vlieland","32",53.269785,4.977837,"BLUE TIT",NA,NA,NA,NA,NA,"",NA,NA,NA,NA,NA,NA,NA,NA,NA,NA,NA,NA,NA,"Unknown"
"A...749742",NA,NA,2646,0,1985,1985,"Vlieland","626",53.29611,5.06619,"BLUE TIT",NA,NA,NA,NA,NA,"",NA,NA,NA,NA,NA,NA,NA,NA,NA,NA,NA,NA,NA,"Unknown"
"A...749743",NA,NA,2646,0,1985,1985,"Vlieland","626",53.29611,5.06619,"BLUE TIT",NA,NA,NA,NA,NA,"",NA,NA,NA,NA,NA,NA,NA,NA,NA,NA,NA,NA,NA,"Unknown"
"A...749744",NA,NA,2646,0,1985,1985,"Vlieland","626",53.29611,5.06619,"BLUE TIT",NA,NA,NA,NA,NA,"",NA,NA,NA,NA,NA,NA,NA,NA,NA,NA,NA,NA,NA,"Unknown"
"A...749745",NA,NA,2646,0,1985,1985,"Vlieland","626",53.29611,5.06619,"BLUE TIT",NA,NA,NA,NA,NA,"",NA,NA,NA,NA,NA,NA,NA,NA,NA,NA,NA,NA,NA,"Unknown"
"A...749746",NA,NA,2646,0,1985,1985,"Vlieland","626",53.29611,5.06619,"BLUE TIT",NA,NA,NA,NA,NA,"",NA,NA,NA,NA,NA,NA,NA,NA,NA,NA,NA,NA,NA,"Unknown"
"A...749747",NA,NA,2646,0,1985,1985,"Vlieland","626",53.29611,5.06619,"BLUE TIT",NA,NA,NA,NA,NA,"",NA,NA,NA,NA,NA,NA,NA,NA,NA,NA,NA,NA,NA,"Unknown"
"A...749748",NA,NA,2646,0,1985,1985,"Vlieland","626",53.29611,5.06619,"BLUE TIT",NA,NA,NA,NA,NA,"",NA,NA,NA,NA,NA,NA,NA,NA,NA,NA,NA,NA,NA,"Unknown"
"A...749749",NA,NA,2646,0,1985,1985,"Vlieland","626",53.29611,5.06619,"BLUE TIT",NA,NA,NA,NA,NA,"",NA,NA,NA,NA,NA,NA,NA,NA,NA,NA,NA,NA,NA,"Unknown"
"A...749750",NA,NA,2646,0,1985,1985,"Vlieland","626",53.29611,5.06619,"BLUE TIT",NA,NA,NA,NA,NA,"",NA,NA,NA,NA,NA,NA,NA,NA,NA,NA,NA,NA,NA,"Unknown"
"A...749819",NA,NA,6946,0,1985,1985,"Vlieland","929",53.29611,5.06619,"BLUE TIT",NA,NA,NA,NA,NA,"",NA,NA,NA,NA,NA,NA,NA,NA,NA,NA,NA,NA,NA,"Unknown"
"A...749820",NA,NA,6946,0,1985,1985,"Vlieland","929",53.29611,5.06619,"BLUE TIT",NA,NA,NA,NA,NA,"",NA,NA,NA,NA,NA,NA,NA,NA,NA,NA,NA,NA,NA,"Unknown"
"A...749821",NA,NA,6946,0,1985,1985,"Vlieland","929",53.29611,5.06619,"BLUE TIT",NA,NA,NA,NA,NA,"",NA,NA,NA,NA,NA,NA,NA,NA,NA,NA,NA,NA,NA,"Unknown"
"A...749822",NA,NA,6946,0,1985,1985,"Vlieland","929",53.29611,5.06619,"BLUE TIT",NA,NA,NA,NA,NA,"",NA,NA,NA,NA,NA,NA,NA,NA,NA,NA,NA,NA,NA,"Unknown"
"A...749823",NA,NA,6946,0,1985,1985,"Vlieland","929",53.29611,5.06619,"BLUE TIT",NA,NA,NA,NA,NA,"",NA,NA,NA,NA,NA,NA,NA,NA,NA,NA,NA,NA,NA,"Unknown"
"A...749851",NA,NA,2311,0,1985,1985,"Vlieland","555",53.30207,5.06711,"GREAT TIT",NA,NA,NA,NA,NA,"",NA,NA,NA,NA,NA,NA,NA,NA,NA,NA,NA,NA,NA,"Unknown"
"A...750001",NA,NA,2646,0,1985,1985,"Vlieland","626",53.29611,5.06619,"BLUE TIT",NA,NA,NA,NA,NA,"",NA,NA,NA,NA,NA,NA,NA,NA,NA,NA,NA,NA,NA,"Unknown"
"A...750002",NA,NA,2646,0,1985,1985,"Vlieland","626",53.29611,5.06619,"BLUE TIT",NA,NA,NA,NA,NA,"",NA,NA,NA,NA,NA,NA,NA,NA,NA,NA,NA,NA,NA,"Unknown"
"A...750003",NA,NA,2646,0,1985,1985,"Vlieland","626",53.29611,5.06619,"BLUE TIT",NA,NA,NA,NA,NA,"",NA,NA,NA,NA,NA,NA,NA,NA,NA,NA,NA,NA,NA,"Unknown"
"A...750193","A...333526",NA,6945,0,1985,1985,"Vlieland","928",53.29611,5.06619,"GREAT TIT",NA,NA,NA,NA,NA,"",NA,NA,NA,NA,NA,NA,NA,NA,NA,NA,NA,NA,NA,"Unknown"
"A...750194","A...333526",NA,6945,0,1985,1985,"Vlieland","928",53.29611,5.06619,"GREAT TIT",NA,NA,NA,NA,NA,"",NA,NA,NA,NA,NA,NA,NA,NA,NA,NA,NA,NA,NA,"Unknown"
"A...750195","A...333526",NA,6945,0,1985,1985,"Vlieland","928",53.29611,5.06619,"GREAT TIT",NA,NA,NA,NA,NA,"",NA,NA,NA,NA,NA,NA,NA,NA,NA,NA,NA,NA,NA,"Unknown"
"A...750196","A...333526",NA,6945,0,1985,1985,"Vlieland","928",53.29611,5.06619,"GREAT TIT",NA,NA,NA,NA,NA,"",NA,NA,NA,NA,NA,NA,NA,NA,NA,NA,NA,NA,NA,"Unknown"
"A...750197","A...333526",NA,6945,0,1985,1985,"Vlieland","928",53.29611,5.06619,"GREAT TIT",NA,NA,NA,NA,NA,"",NA,NA,NA,NA,NA,NA,NA,NA,NA,NA,NA,NA,NA,"Unknown"
"A...750198","A...333526",NA,6945,0,1985,1985,"Vlieland","928",53.29611,5.06619,"GREAT TIT",NA,NA,NA,NA,NA,"",NA,NA,NA,NA,NA,NA,NA,NA,NA,NA,NA,NA,NA,"Unknown"
"A...750199","A...333526",NA,6945,0,1985,1985,"Vlieland","928",53.29611,5.06619,"GREAT TIT",NA,NA,NA,NA,NA,"",NA,NA,NA,NA,NA,NA,NA,NA,NA,NA,NA,NA,NA,"Unknown"
"A...750271",NA,NA,2477,0,1985,1985,"Vlieland","777",53.30207,5.06711,"BLUE TIT",NA,NA,NA,NA,NA,"",NA,NA,NA,NA,NA,NA,NA,NA,NA,NA,NA,NA,NA,"Unknown"
"A...750272",NA,NA,2477,0,1985,1985,"Vlieland","777",53.30207,5.06711,"BLUE TIT",NA,NA,NA,NA,NA,"",NA,NA,NA,NA,NA,NA,NA,NA,NA,NA,NA,NA,NA,"Unknown"
"A...750273",NA,NA,2477,0,1985,1985,"Vlieland","777",53.30207,5.06711,"BLUE TIT",NA,NA,NA,NA,NA,"",NA,NA,NA,NA,NA,NA,NA,NA,NA,NA,NA,NA,NA,"Unknown"
"A...750274",NA,NA,2477,0,1985,1985,"Vlieland","777",53.30207,5.06711,"BLUE TIT",NA,NA,NA,NA,NA,"",NA,NA,NA,NA,NA,NA,NA,NA,NA,NA,NA,NA,NA,"Unknown"
"A...750275",NA,NA,2477,1,1985,1985,"Vlieland","777",53.30207,5.06711,"BLUE TIT",NA,NA,NA,NA,NA,"",NA,NA,NA,NA,NA,NA,NA,NA,NA,NA,NA,NA,NA,"Female"
"A...750276",NA,NA,2477,0,1985,1985,"Vlieland","777",53.30207,5.06711,"BLUE TIT",NA,NA,NA,NA,NA,"",NA,NA,NA,NA,NA,NA,NA,NA,NA,NA,NA,NA,NA,"Unknown"
"A...750277",NA,NA,2477,0,1985,1985,"Vlieland","777",53.30207,5.06711,"BLUE TIT",NA,NA,NA,NA,NA,"",NA,NA,NA,NA,NA,NA,NA,NA,NA,NA,NA,NA,NA,"Unknown"
"A...750278",NA,NA,2477,0,1985,1985,"Vlieland","777",53.30207,5.06711,"BLUE TIT",NA,NA,NA,NA,NA,"",NA,NA,NA,NA,NA,NA,NA,NA,NA,NA,NA,NA,NA,"Unknown"
"A...750467","A...473733","A...687048",2310,0,1985,1985,"Vlieland","554",53.30207,5.06711,"GREAT TIT",NA,NA,NA,NA,NA,"",NA,NA,NA,NA,NA,NA,NA,NA,NA,NA,NA,NA,NA,"Unknown"
"A...750468","A...473733","A...687048",2310,0,1985,1985,"Vlieland","554",53.30207,5.06711,"GREAT TIT",NA,NA,NA,NA,NA,"",NA,NA,NA,NA,NA,NA,NA,NA,NA,NA,NA,NA,NA,"Unknown"
"A...750469","A...473733","A...687048",2310,0,1985,1985,"Vlieland","554",53.30207,5.06711,"GREAT TIT",NA,NA,NA,NA,NA,"",NA,NA,NA,NA,NA,NA,NA,NA,NA,NA,NA,NA,NA,"Unknown"
"A...750470","A...473733","A...687048",2310,0,1985,1985,"Vlieland","554",53.30207,5.06711,"GREAT TIT",NA,NA,NA,NA,NA,"",NA,NA,NA,NA,NA,NA,NA,NA,NA,NA,NA,NA,NA,"Unknown"
"A...750471","A...473733","A...687048",2310,0,1985,1985,"Vlieland","554",53.30207,5.06711,"GREAT TIT",NA,NA,NA,NA,NA,"",NA,NA,NA,NA,NA,NA,NA,NA,NA,NA,NA,NA,NA,"Unknown"
"A...750908",NA,NA,2475,1,1985,1985,"Vlieland","775",53.30207,5.06711,"GREAT TIT",NA,NA,NA,NA,NA,"",NA,NA,NA,NA,NA,NA,NA,NA,NA,NA,NA,NA,NA,"Female"
"A...750909",NA,NA,2475,0,1985,1985,"Vlieland","775",53.30207,5.06711,"GREAT TIT",NA,NA,NA,NA,NA,"",NA,NA,NA,NA,NA,NA,NA,NA,NA,NA,NA,NA,NA,"Unknown"
"A...750910",NA,NA,2475,0,1985,1985,"Vlieland","775",53.30207,5.06711,"GREAT TIT",NA,NA,NA,NA,NA,"",NA,NA,NA,NA,NA,NA,NA,NA,NA,NA,NA,NA,NA,"Unknown"
"A...750911",NA,NA,2475,0,1985,1985,"Vlieland","775",53.30207,5.06711,"GREAT TIT",NA,NA,NA,NA,NA,"",NA,NA,NA,NA,NA,NA,NA,NA,NA,NA,NA,NA,NA,"Unknown"
"A...750912",NA,NA,2475,0,1985,1985,"Vlieland","775",53.30207,5.06711,"GREAT TIT",NA,NA,NA,NA,NA,"",NA,NA,NA,NA,NA,NA,NA,NA,NA,NA,NA,NA,NA,"Unknown"
"A...750913",NA,NA,2475,0,1985,1985,"Vlieland","775",53.30207,5.06711,"GREAT TIT",NA,NA,NA,NA,NA,"",NA,NA,NA,NA,NA,NA,NA,NA,NA,NA,NA,NA,NA,"Unknown"
"A...750914",NA,NA,2475,0,1985,1985,"Vlieland","775",53.30207,5.06711,"GREAT TIT",NA,NA,NA,NA,NA,"",NA,NA,NA,NA,NA,NA,NA,NA,NA,NA,NA,NA,NA,"Unknown"
"A...750915",NA,NA,2475,0,1985,1985,"Vlieland","775",53.30207,5.06711,"GREAT TIT",NA,NA,NA,NA,NA,"",NA,NA,NA,NA,NA,NA,NA,NA,NA,NA,NA,NA,NA,"Unknown"
"A...750916",NA,NA,2475,0,1985,1985,"Vlieland","775",53.30207,5.06711,"GREAT TIT",NA,NA,NA,NA,NA,"",NA,NA,NA,NA,NA,NA,NA,NA,NA,NA,NA,NA,NA,"Unknown"
"A...766915","A...617605",NA,2312,0,1985,1985,"Vlieland","556",53.30207,5.06711,"BLUE TIT",NA,NA,NA,NA,NA,"",NA,NA,NA,NA,NA,NA,NA,NA,NA,NA,NA,NA,NA,"Unknown"
"A...766916","A...617605",NA,2312,0,1985,1985,"Vlieland","556",53.30207,5.06711,"BLUE TIT",NA,NA,NA,NA,NA,"",NA,NA,NA,NA,NA,NA,NA,NA,NA,NA,NA,NA,NA,"Unknown"
"A...767033","A...617866","A...617426",1963,0,1986,1986,"Vlieland","35",53.272983,4.987165,"BLUE TIT",NA,NA,NA,NA,NA,"",NA,NA,NA,NA,NA,NA,NA,NA,NA,NA,NA,NA,NA,"Unknown"
"A...767034","A...617866","A...617426",1963,2,1986,1986,"Vlieland","35",53.272983,4.987165,"BLUE TIT",NA,NA,NA,NA,NA,"",4,5,1987,1991,4,11.2,10,12,56,NA,NA,684.36648905758,1143.44624170126,"Male"
"A...767035","A...617866","A...617426",1963,1,1986,1986,"Vlieland","35",53.272983,4.987165,"BLUE TIT",NA,NA,NA,NA,NA,"",NA,NA,NA,NA,NA,NA,NA,NA,NA,NA,NA,NA,NA,"Female"
"A...767036","A...617866","A...617426",1963,2,1986,1986,"Vlieland","35",53.272983,4.987165,"BLUE TIT",NA,NA,NA,NA,NA,"",3,3,1988,1990,2,12.3333333333333,11,13,37,NA,NA,865.948210725088,1207.08786543385,"Male"
"A...767037","A...617866","A...617426",1963,0,1986,1986,"Vlieland","35",53.272983,4.987165,"BLUE TIT",NA,NA,NA,NA,NA,"",NA,NA,NA,NA,NA,NA,NA,NA,NA,NA,NA,NA,NA,"Unknown"
"A...767038","A...617866","A...617426",1963,0,1986,1986,"Vlieland","35",53.272983,4.987165,"BLUE TIT",NA,NA,NA,NA,NA,"",NA,NA,NA,NA,NA,NA,NA,NA,NA,NA,NA,NA,NA,"Unknown"
"A...767039","A...617866","A...617426",1963,1,1986,1986,"Vlieland","35",53.272983,4.987165,"BLUE TIT",NA,NA,NA,NA,NA,"",2,2,1987,1988,1,12,11,13,24,NA,NA,865.16556625706,976.166405453117,"Female"
"A...773054","A...689555",NA,2128,0,1985,1985,"Vlieland","452",53.297341,5.051362,"GREAT TIT",NA,NA,NA,NA,NA,"",NA,NA,NA,NA,NA,NA,NA,NA,NA,NA,NA,NA,NA,"Unknown"
"A...773055","A...689555",NA,2128,0,1985,1985,"Vlieland","452",53.297341,5.051362,"GREAT TIT",NA,NA,NA,NA,NA,"",NA,NA,NA,NA,NA,NA,NA,NA,NA,NA,NA,NA,NA,"Unknown"
"A...773056","A...689555",NA,2128,0,1985,1985,"Vlieland","452",53.297341,5.051362,"GREAT TIT",NA,NA,NA,NA,NA,"",NA,NA,NA,NA,NA,NA,NA,NA,NA,NA,NA,NA,NA,"Unknown"
"A...773057","A...689555",NA,2128,0,1985,1985,"Vlieland","452",53.297341,5.051362,"GREAT TIT",NA,NA,NA,NA,NA,"",NA,NA,NA,NA,NA,NA,NA,NA,NA,NA,NA,NA,NA,"Unknown"
"A...773058","A...689555",NA,2128,2,1985,1985,"Vlieland","452",53.297341,5.051362,"GREAT TIT",NA,NA,NA,NA,NA,"",NA,NA,NA,NA,NA,NA,NA,NA,NA,NA,NA,NA,NA,"Male"
"A...773059","A...689555",NA,2128,0,1985,1985,"Vlieland","452",53.297341,5.051362,"GREAT TIT",NA,NA,NA,NA,NA,"",NA,NA,NA,NA,NA,NA,NA,NA,NA,NA,NA,NA,NA,"Unknown"
"A...773060","A...689555",NA,2128,1,1985,1985,"Vlieland","452",53.297341,5.051362,"GREAT TIT",NA,NA,NA,NA,NA,"",NA,NA,NA,NA,NA,NA,NA,NA,NA,NA,NA,NA,NA,"Female"
"A...773061","A...689555",NA,2128,0,1985,1985,"Vlieland","452",53.297341,5.051362,"GREAT TIT",NA,NA,NA,NA,NA,"",NA,NA,NA,NA,NA,NA,NA,NA,NA,NA,NA,NA,NA,"Unknown"
"A...773062","A...689555",NA,2128,0,1985,1985,"Vlieland","452",53.297341,5.051362,"GREAT TIT",NA,NA,NA,NA,NA,"",NA,NA,NA,NA,NA,NA,NA,NA,NA,NA,NA,NA,NA,"Unknown"
"A...773063","A...689555",NA,2128,2,1985,1985,"Vlieland","452",53.297341,5.051362,"GREAT TIT",NA,NA,NA,NA,NA,"",NA,NA,NA,NA,NA,NA,NA,NA,NA,NA,NA,NA,NA,"Male"
"A...774855","A...774851","A...774854",2132,0,1986,1986,"Vlieland","456",53.295763,5.04627,"GREAT TIT",NA,NA,NA,NA,NA,"",NA,NA,NA,NA,NA,NA,NA,NA,NA,NA,NA,NA,NA,"Unknown"
"A...774856","A...774851","A...774854",2132,0,1986,1986,"Vlieland","456",53.295763,5.04627,"GREAT TIT",NA,NA,NA,NA,NA,"",NA,NA,NA,NA,NA,NA,NA,NA,NA,NA,NA,NA,NA,"Unknown"
"A...774857","A...774851","A...774854",2132,0,1986,1986,"Vlieland","456",53.295763,5.04627,"GREAT TIT",NA,NA,NA,NA,NA,"",NA,NA,NA,NA,NA,NA,NA,NA,NA,NA,NA,NA,NA,"Unknown"
"A...774858","A...774851","A...774854",2132,0,1986,1986,"Vlieland","456",53.295763,5.04627,"GREAT TIT",NA,NA,NA,NA,NA,"",NA,NA,NA,NA,NA,NA,NA,NA,NA,NA,NA,NA,NA,"Unknown"
"A...774859","A...774851","A...774854",2132,0,1986,1986,"Vlieland","456",53.295763,5.04627,"GREAT TIT",NA,NA,NA,NA,NA,"",NA,NA,NA,NA,NA,NA,NA,NA,NA,NA,NA,NA,NA,"Unknown"
"A...774860","A...774851","A...774854",2132,0,1986,1986,"Vlieland","456",53.295763,5.04627,"GREAT TIT",NA,NA,NA,NA,NA,"",NA,NA,NA,NA,NA,NA,NA,NA,NA,NA,NA,NA,NA,"Unknown"
"A...774861","A...774851","A...774854",2132,0,1986,1986,"Vlieland","456",53.295763,5.04627,"GREAT TIT",NA,NA,NA,NA,NA,"",NA,NA,NA,NA,NA,NA,NA,NA,NA,NA,NA,NA,NA,"Unknown"
"A...774862","A...774851","A...774854",2132,0,1986,1986,"Vlieland","456",53.295763,5.04627,"GREAT TIT",NA,NA,NA,NA,NA,"",NA,NA,NA,NA,NA,NA,NA,NA,NA,NA,NA,NA,NA,"Unknown"
"A...774863","A...774851","A...774854",2132,0,1986,1986,"Vlieland","456",53.295763,5.04627,"GREAT TIT",NA,NA,NA,NA,NA,"",NA,NA,NA,NA,NA,NA,NA,NA,NA,NA,NA,NA,NA,"Unknown"
"A...774865","A...774852","A...774864",2313,0,1986,1986,"Vlieland","557",53.30207,5.06711,"GREAT TIT",NA,NA,NA,NA,NA,"",NA,NA,NA,NA,NA,NA,NA,NA,NA,NA,NA,NA,NA,"Unknown"
"A...774866","A...774852","A...774864",2313,0,1986,1986,"Vlieland","557",53.30207,5.06711,"GREAT TIT",NA,NA,NA,NA,NA,"",NA,NA,NA,NA,NA,NA,NA,NA,NA,NA,NA,NA,NA,"Unknown"
"A...774867","A...774852","A...774864",2313,0,1986,1986,"Vlieland","557",53.30207,5.06711,"GREAT TIT",NA,NA,NA,NA,NA,"",NA,NA,NA,NA,NA,NA,NA,NA,NA,NA,NA,NA,NA,"Unknown"
"A...774868","A...774852","A...774864",2313,0,1986,1986,"Vlieland","557",53.30207,5.06711,"GREAT TIT",NA,NA,NA,NA,NA,"",NA,NA,NA,NA,NA,NA,NA,NA,NA,NA,NA,NA,NA,"Unknown"
"A...774869","A...774852","A...774864",2313,0,1986,1986,"Vlieland","557",53.30207,5.06711,"GREAT TIT",NA,NA,NA,NA,NA,"",NA,NA,NA,NA,NA,NA,NA,NA,NA,NA,NA,NA,NA,"Unknown"
"A...774870","A...774852","A...774864",2313,0,1986,1986,"Vlieland","557",53.30207,5.06711,"GREAT TIT",NA,NA,NA,NA,NA,"",NA,NA,NA,NA,NA,NA,NA,NA,NA,NA,NA,NA,NA,"Unknown"
"A...774871","A...774852","A...774864",2313,0,1986,1986,"Vlieland","557",53.30207,5.06711,"GREAT TIT",NA,NA,NA,NA,NA,"",NA,NA,NA,NA,NA,NA,NA,NA,NA,NA,NA,NA,NA,"Unknown"
"A...774872","A...774852","A...774864",2313,0,1986,1986,"Vlieland","557",53.30207,5.06711,"GREAT TIT",NA,NA,NA,NA,NA,"",NA,NA,NA,NA,NA,NA,NA,NA,NA,NA,NA,NA,NA,"Unknown"
"A...774873","A...774852","A...774864",2313,0,1986,1986,"Vlieland","557",53.30207,5.06711,"GREAT TIT",NA,NA,NA,NA,NA,"",NA,NA,NA,NA,NA,NA,NA,NA,NA,NA,NA,NA,NA,"Unknown"
"A...774874","A...774852","A...774864",2313,0,1986,1986,"Vlieland","557",53.30207,5.06711,"GREAT TIT",NA,NA,NA,NA,NA,"",NA,NA,NA,NA,NA,NA,NA,NA,NA,NA,NA,NA,NA,"Unknown"
"A...774875","A...774852","A...774864",2313,0,1986,1986,"Vlieland","557",53.30207,5.06711,"GREAT TIT",NA,NA,NA,NA,NA,"",NA,NA,NA,NA,NA,NA,NA,NA,NA,NA,NA,NA,NA,"Unknown"
"A...774876","A...774852","A...774864",2313,0,1986,1986,"Vlieland","557",53.30207,5.06711,"GREAT TIT",NA,NA,NA,NA,NA,"",NA,NA,NA,NA,NA,NA,NA,NA,NA,NA,NA,NA,NA,"Unknown"
"A...774901","A...774853","A...612739",1961,0,1986,1986,"Vlieland","33",53.272176,4.976809,"GREAT TIT",NA,NA,NA,NA,NA,"",NA,NA,NA,NA,NA,NA,NA,NA,NA,NA,NA,NA,NA,"Unknown"
"A...774902","A...774853","A...612739",1961,0,1986,1986,"Vlieland","33",53.272176,4.976809,"GREAT TIT",NA,NA,NA,NA,NA,"",NA,NA,NA,NA,NA,NA,NA,NA,NA,NA,NA,NA,NA,"Unknown"
"A...774903","A...774853","A...612739",1961,0,1986,1986,"Vlieland","33",53.272176,4.976809,"GREAT TIT",NA,NA,NA,NA,NA,"",NA,NA,NA,NA,NA,NA,NA,NA,NA,NA,NA,NA,NA,"Unknown"
"A...774904","A...774853","A...612739",1961,0,1986,1986,"Vlieland","33",53.272176,4.976809,"GREAT TIT",NA,NA,NA,NA,NA,"",NA,NA,NA,NA,NA,NA,NA,NA,NA,NA,NA,NA,NA,"Unknown"
"A...774905","A...774853","A...612739",1961,0,1986,1986,"Vlieland","33",53.272176,4.976809,"GREAT TIT",NA,NA,NA,NA,NA,"",NA,NA,NA,NA,NA,NA,NA,NA,NA,NA,NA,NA,NA,"Unknown"
"A...774906","A...774853","A...612739",1961,0,1986,1986,"Vlieland","33",53.272176,4.976809,"GREAT TIT",NA,NA,NA,NA,NA,"",NA,NA,NA,NA,NA,NA,NA,NA,NA,NA,NA,NA,NA,"Unknown"
"A...774907","A...774853","A...612739",1961,0,1986,1986,"Vlieland","33",53.272176,4.976809,"GREAT TIT",NA,NA,NA,NA,NA,"",NA,NA,NA,NA,NA,NA,NA,NA,NA,NA,NA,NA,NA,"Unknown"
"A...774909","A...643648","A...774908",2648,0,1986,1986,"Vlieland","628",53.29611,5.06619,"GREAT TIT",NA,NA,NA,NA,NA,"",NA,NA,NA,NA,NA,NA,NA,NA,NA,NA,NA,NA,NA,"Unknown"
"A...774910","A...643648","A...774908",2648,1,1986,1986,"Vlieland","628",53.29611,5.06619,"GREAT TIT",NA,NA,NA,NA,NA,"",NA,NA,NA,NA,NA,NA,NA,NA,NA,NA,NA,NA,NA,"Female"
"A...774911","A...643648","A...774908",2648,0,1986,1986,"Vlieland","628",53.29611,5.06619,"GREAT TIT",NA,NA,NA,NA,NA,"",NA,NA,NA,NA,NA,NA,NA,NA,NA,NA,NA,NA,NA,"Unknown"
"A...774912","A...643648","A...774908",2648,0,1986,1986,"Vlieland","628",53.29611,5.06619,"GREAT TIT",NA,NA,NA,NA,NA,"",NA,NA,NA,NA,NA,NA,NA,NA,NA,NA,NA,NA,NA,"Unknown"
"A...774913","A...643648","A...774908",2648,0,1986,1986,"Vlieland","628",53.29611,5.06619,"GREAT TIT",NA,NA,NA,NA,NA,"",NA,NA,NA,NA,NA,NA,NA,NA,NA,NA,NA,NA,NA,"Unknown"
"A...774914","A...643648","A...774908",2648,0,1986,1986,"Vlieland","628",53.29611,5.06619,"GREAT TIT",NA,NA,NA,NA,NA,"",NA,NA,NA,NA,NA,NA,NA,NA,NA,NA,NA,NA,NA,"Unknown"
"A...774915","A...643648","A...774908",2648,0,1986,1986,"Vlieland","628",53.29611,5.06619,"GREAT TIT",NA,NA,NA,NA,NA,"",NA,NA,NA,NA,NA,NA,NA,NA,NA,NA,NA,NA,NA,"Unknown"
"A...774916","A...643648","A...774908",2648,0,1986,1986,"Vlieland","628",53.29611,5.06619,"GREAT TIT",NA,NA,NA,NA,NA,"",NA,NA,NA,NA,NA,NA,NA,NA,NA,NA,NA,NA,NA,"Unknown"
"A...774917","A...643648","A...774908",2648,0,1986,1986,"Vlieland","628",53.29611,5.06619,"GREAT TIT",NA,NA,NA,NA,NA,"",NA,NA,NA,NA,NA,NA,NA,NA,NA,NA,NA,NA,NA,"Unknown"
"A...774918","A...643648","A...774908",2648,0,1986,1986,"Vlieland","628",53.29611,5.06619,"GREAT TIT",NA,NA,NA,NA,NA,"",NA,NA,NA,NA,NA,NA,NA,NA,NA,NA,NA,NA,NA,"Unknown"
"A...774919","A...643648","A...774908",2648,2,1986,1986,"Vlieland","628",53.29611,5.06619,"GREAT TIT",NA,NA,NA,NA,NA,"",NA,NA,NA,NA,NA,NA,NA,NA,NA,NA,NA,NA,NA,"Male"
"A...775093",NA,NA,2315,0,1986,1986,"Vlieland","559",53.30207,5.06711,"BLUE TIT",NA,NA,NA,NA,NA,"",NA,NA,NA,NA,NA,NA,NA,NA,NA,NA,NA,NA,NA,"Unknown"
"A...775094",NA,NA,2315,0,1986,1986,"Vlieland","559",53.30207,5.06711,"BLUE TIT",NA,NA,NA,NA,NA,"",NA,NA,NA,NA,NA,NA,NA,NA,NA,NA,NA,NA,NA,"Unknown"
"A...775095",NA,NA,2315,0,1986,1986,"Vlieland","559",53.30207,5.06711,"BLUE TIT",NA,NA,NA,NA,NA,"",NA,NA,NA,NA,NA,NA,NA,NA,NA,NA,NA,NA,NA,"Unknown"
"A...775096",NA,NA,2315,0,1986,1986,"Vlieland","559",53.30207,5.06711,"BLUE TIT",NA,NA,NA,NA,NA,"",NA,NA,NA,NA,NA,NA,NA,NA,NA,NA,NA,NA,NA,"Unknown"
"A...775097",NA,NA,2315,0,1986,1986,"Vlieland","559",53.30207,5.06711,"BLUE TIT",NA,NA,NA,NA,NA,"",NA,NA,NA,NA,NA,NA,NA,NA,NA,NA,NA,NA,NA,"Unknown"
"A...775098",NA,NA,2315,0,1986,1986,"Vlieland","559",53.30207,5.06711,"BLUE TIT",NA,NA,NA,NA,NA,"",NA,NA,NA,NA,NA,NA,NA,NA,NA,NA,NA,NA,NA,"Unknown"
"A...775099",NA,NA,2315,0,1986,1986,"Vlieland","559",53.30207,5.06711,"BLUE TIT",NA,NA,NA,NA,NA,"",NA,NA,NA,NA,NA,NA,NA,NA,NA,NA,NA,NA,NA,"Unknown"
"A...775100",NA,NA,2315,0,1986,1986,"Vlieland","559",53.30207,5.06711,"BLUE TIT",NA,NA,NA,NA,NA,"",NA,NA,NA,NA,NA,NA,NA,NA,NA,NA,NA,NA,NA,"Unknown"
"A...775148",NA,NA,2315,0,1986,1986,"Vlieland","559",53.30207,5.06711,"BLUE TIT",NA,NA,NA,NA,NA,"",NA,NA,NA,NA,NA,NA,NA,NA,NA,NA,NA,NA,NA,"Unknown"
"A...775151",NA,NA,2315,0,1986,1986,"Vlieland","559",53.30207,5.06711,"BLUE TIT",NA,NA,NA,NA,NA,"",NA,NA,NA,NA,NA,NA,NA,NA,NA,NA,NA,NA,NA,"Unknown"
"A...775152",NA,NA,2315,0,1986,1986,"Vlieland","559",53.30207,5.06711,"BLUE TIT",NA,NA,NA,NA,NA,"",NA,NA,NA,NA,NA,NA,NA,NA,NA,NA,NA,NA,NA,"Unknown"
"A...775153",NA,NA,2315,0,1986,1986,"Vlieland","559",53.30207,5.06711,"BLUE TIT",NA,NA,NA,NA,NA,"",NA,NA,NA,NA,NA,NA,NA,NA,NA,NA,NA,NA,NA,"Unknown"
"A...775175",NA,NA,2800,0,1986,1986,"Vlieland","",53.26087,4.95874,"BLUE TIT",NA,NA,NA,NA,NA,"",NA,NA,NA,NA,NA,NA,NA,NA,NA,NA,NA,NA,NA,"Unknown"
"A...775176",NA,NA,2800,0,1986,1986,"Vlieland","",53.26087,4.95874,"BLUE TIT",NA,NA,NA,NA,NA,"",NA,NA,NA,NA,NA,NA,NA,NA,NA,NA,NA,NA,NA,"Unknown"
"A...775177",NA,NA,2800,0,1986,1986,"Vlieland","",53.26087,4.95874,"BLUE TIT",NA,NA,NA,NA,NA,"",NA,NA,NA,NA,NA,NA,NA,NA,NA,NA,NA,NA,NA,"Unknown"
"A...775178",NA,NA,2800,0,1986,1986,"Vlieland","",53.26087,4.95874,"BLUE TIT",NA,NA,NA,NA,NA,"",NA,NA,NA,NA,NA,NA,NA,NA,NA,NA,NA,NA,NA,"Unknown"
"A...775179",NA,NA,2800,0,1986,1986,"Vlieland","",53.26087,4.95874,"BLUE TIT",NA,NA,NA,NA,NA,"",NA,NA,NA,NA,NA,NA,NA,NA,NA,NA,NA,NA,NA,"Unknown"
"A...775180",NA,NA,2800,0,1986,1986,"Vlieland","",53.26087,4.95874,"BLUE TIT",NA,NA,NA,NA,NA,"",NA,NA,NA,NA,NA,NA,NA,NA,NA,NA,NA,NA,NA,"Unknown"
"A...775181",NA,NA,2800,0,1986,1986,"Vlieland","",53.26087,4.95874,"BLUE TIT",NA,NA,NA,NA,NA,"",NA,NA,NA,NA,NA,NA,NA,NA,NA,NA,NA,NA,NA,"Unknown"
"A...775182",NA,NA,2800,0,1986,1986,"Vlieland","",53.26087,4.95874,"BLUE TIT",NA,NA,NA,NA,NA,"",NA,NA,NA,NA,NA,NA,NA,NA,NA,NA,NA,NA,NA,"Unknown"
"A...775183",NA,NA,2800,0,1986,1986,"Vlieland","",53.26087,4.95874,"BLUE TIT",NA,NA,NA,NA,NA,"",NA,NA,NA,NA,NA,NA,NA,NA,NA,NA,NA,NA,NA,"Unknown"
"A...775184",NA,NA,2800,0,1986,1986,"Vlieland","",53.26087,4.95874,"BLUE TIT",NA,NA,NA,NA,NA,"",NA,NA,NA,NA,NA,NA,NA,NA,NA,NA,NA,NA,NA,"Unknown"
"A...775185",NA,NA,2800,0,1986,1986,"Vlieland","",53.26087,4.95874,"BLUE TIT",NA,NA,NA,NA,NA,"",NA,NA,NA,NA,NA,NA,NA,NA,NA,NA,NA,NA,NA,"Unknown"
"A...775487","A...774910","A...775741",2137,0,1987,1987,"Vlieland","461",53.294979,5.047033,"GREAT TIT",NA,NA,NA,NA,NA,"",NA,NA,NA,NA,NA,NA,NA,NA,NA,NA,NA,NA,NA,"Unknown"
"A...775488","A...774910","A...775741",2137,0,1987,1987,"Vlieland","461",53.294979,5.047033,"GREAT TIT",NA,NA,NA,NA,NA,"",NA,NA,NA,NA,NA,NA,NA,NA,NA,NA,NA,NA,NA,"Unknown"
"A...775489","A...774910","A...775741",2137,0,1987,1987,"Vlieland","461",53.294979,5.047033,"GREAT TIT",NA,NA,NA,NA,NA,"",NA,NA,NA,NA,NA,NA,NA,NA,NA,NA,NA,NA,NA,"Unknown"
"A...775490","A...774910","A...775741",2137,0,1987,1987,"Vlieland","461",53.294979,5.047033,"GREAT TIT",NA,NA,NA,NA,NA,"",NA,NA,NA,NA,NA,NA,NA,NA,NA,NA,NA,NA,NA,"Unknown"
"A...775491","A...774910","A...775741",2137,0,1987,1987,"Vlieland","461",53.294979,5.047033,"GREAT TIT",NA,NA,NA,NA,NA,"",NA,NA,NA,NA,NA,NA,NA,NA,NA,NA,NA,NA,NA,"Unknown"
"A...775492","A...774910","A...775741",2137,0,1987,1987,"Vlieland","461",53.294979,5.047033,"GREAT TIT",NA,NA,NA,NA,NA,"",NA,NA,NA,NA,NA,NA,NA,NA,NA,NA,NA,NA,NA,"Unknown"
"A...775493","A...774910","A...775741",2137,0,1987,1987,"Vlieland","461",53.294979,5.047033,"GREAT TIT",NA,NA,NA,NA,NA,"",NA,NA,NA,NA,NA,NA,NA,NA,NA,NA,NA,NA,NA,"Unknown"
"A...775494","A...774910","A...775741",2137,0,1987,1987,"Vlieland","461",53.294979,5.047033,"GREAT TIT",NA,NA,NA,NA,NA,"",NA,NA,NA,NA,NA,NA,NA,NA,NA,NA,NA,NA,NA,"Unknown"
"A...775495","A...774910","A...775741",2137,0,1987,1987,"Vlieland","461",53.294979,5.047033,"GREAT TIT",NA,NA,NA,NA,NA,"",NA,NA,NA,NA,NA,NA,NA,NA,NA,NA,NA,NA,NA,"Unknown"
"A...775496","A...774910","A...775741",2137,0,1987,1987,"Vlieland","461",53.294979,5.047033,"GREAT TIT",NA,NA,NA,NA,NA,"",NA,NA,NA,NA,NA,NA,NA,NA,NA,NA,NA,NA,NA,"Unknown"
"A...775497","A...774910","A...775741",2137,0,1987,1987,"Vlieland","461",53.294979,5.047033,"GREAT TIT",NA,NA,NA,NA,NA,"",NA,NA,NA,NA,NA,NA,NA,NA,NA,NA,NA,NA,NA,"Unknown"
"A...775692",NA,NA,2649,0,1986,1986,"Vlieland","628",53.29611,5.06619,"BLUE TIT",NA,NA,NA,NA,NA,"",NA,NA,NA,NA,NA,NA,NA,NA,NA,NA,NA,NA,NA,"Unknown"
"A...775693",NA,NA,2649,0,1986,1986,"Vlieland","628",53.29611,5.06619,"BLUE TIT",NA,NA,NA,NA,NA,"",NA,NA,NA,NA,NA,NA,NA,NA,NA,NA,NA,NA,NA,"Unknown"
"A...775694",NA,NA,2649,0,1986,1986,"Vlieland","628",53.29611,5.06619,"BLUE TIT",NA,NA,NA,NA,NA,"",NA,NA,NA,NA,NA,NA,NA,NA,NA,NA,NA,NA,NA,"Unknown"
"A...775695",NA,NA,2649,0,1986,1986,"Vlieland","628",53.29611,5.06619,"BLUE TIT",NA,NA,NA,NA,NA,"",NA,NA,NA,NA,NA,NA,NA,NA,NA,NA,NA,NA,NA,"Unknown"
"A...775696",NA,NA,2649,0,1986,1986,"Vlieland","628",53.29611,5.06619,"BLUE TIT",NA,NA,NA,NA,NA,"",NA,NA,NA,NA,NA,NA,NA,NA,NA,NA,NA,NA,NA,"Unknown"
"A...775697",NA,NA,2649,0,1986,1986,"Vlieland","628",53.29611,5.06619,"BLUE TIT",NA,NA,NA,NA,NA,"",NA,NA,NA,NA,NA,NA,NA,NA,NA,NA,NA,NA,NA,"Unknown"
"A...775698",NA,NA,2649,0,1986,1986,"Vlieland","628",53.29611,5.06619,"BLUE TIT",NA,NA,NA,NA,NA,"",NA,NA,NA,NA,NA,NA,NA,NA,NA,NA,NA,NA,NA,"Unknown"
"A...775699",NA,NA,2649,0,1986,1986,"Vlieland","628",53.29611,5.06619,"BLUE TIT",NA,NA,NA,NA,NA,"",NA,NA,NA,NA,NA,NA,NA,NA,NA,NA,NA,NA,NA,"Unknown"
"A...775700",NA,NA,2649,0,1986,1986,"Vlieland","628",53.29611,5.06619,"BLUE TIT",NA,NA,NA,NA,NA,"",NA,NA,NA,NA,NA,NA,NA,NA,NA,NA,NA,NA,NA,"Unknown"
"A...775701",NA,NA,2649,0,1986,1986,"Vlieland","628",53.29611,5.06619,"BLUE TIT",NA,NA,NA,NA,NA,"",NA,NA,NA,NA,NA,NA,NA,NA,NA,NA,NA,NA,NA,"Unknown"
"A...775702",NA,NA,2649,0,1986,1986,"Vlieland","628",53.29611,5.06619,"BLUE TIT",NA,NA,NA,NA,NA,"",NA,NA,NA,NA,NA,NA,NA,NA,NA,NA,NA,NA,NA,"Unknown"
"A...775703",NA,NA,2649,0,1986,1986,"Vlieland","628",53.29611,5.06619,"BLUE TIT",NA,NA,NA,NA,NA,"",NA,NA,NA,NA,NA,NA,NA,NA,NA,NA,NA,NA,NA,"Unknown"
"A...775704",NA,NA,2649,0,1986,1986,"Vlieland","628",53.29611,5.06619,"BLUE TIT",NA,NA,NA,NA,NA,"",NA,NA,NA,NA,NA,NA,NA,NA,NA,NA,NA,NA,NA,"Unknown"
"A...775781","A...775754","A...643842",6948,0,1986,1986,"Vlieland","535",53.29754,5.05056,"GREAT TIT",NA,NA,NA,NA,NA,"",NA,NA,NA,NA,NA,NA,NA,NA,NA,NA,NA,NA,NA,"Unknown"
"A...775782","A...775754","A...643842",6948,0,1986,1986,"Vlieland","535",53.29754,5.05056,"GREAT TIT",NA,NA,NA,NA,NA,"",NA,NA,NA,NA,NA,NA,NA,NA,NA,NA,NA,NA,NA,"Unknown"
"A...775783","A...775754","A...643842",6948,0,1986,1986,"Vlieland","535",53.29754,5.05056,"GREAT TIT",NA,NA,NA,NA,NA,"",NA,NA,NA,NA,NA,NA,NA,NA,NA,NA,NA,NA,NA,"Unknown"
"A...775784","A...775754","A...643842",6948,0,1986,1986,"Vlieland","535",53.29754,5.05056,"GREAT TIT",NA,NA,NA,NA,NA,"",NA,NA,NA,NA,NA,NA,NA,NA,NA,NA,NA,NA,NA,"Unknown"
"A...775785","A...775754","A...643842",6948,0,1986,1986,"Vlieland","535",53.29754,5.05056,"GREAT TIT",NA,NA,NA,NA,NA,"",NA,NA,NA,NA,NA,NA,NA,NA,NA,NA,NA,NA,NA,"Unknown"
"A...775786","A...775754","A...643842",6948,0,1986,1986,"Vlieland","535",53.29754,5.05056,"GREAT TIT",NA,NA,NA,NA,NA,"",NA,NA,NA,NA,NA,NA,NA,NA,NA,NA,NA,NA,NA,"Unknown"
"A...775787","A...775754","A...643842",6948,0,1986,1986,"Vlieland","535",53.29754,5.05056,"GREAT TIT",NA,NA,NA,NA,NA,"",NA,NA,NA,NA,NA,NA,NA,NA,NA,NA,NA,NA,NA,"Unknown"
"A...775788","A...775754","A...643842",6948,0,1986,1986,"Vlieland","535",53.29754,5.05056,"GREAT TIT",NA,NA,NA,NA,NA,"",NA,NA,NA,NA,NA,NA,NA,NA,NA,NA,NA,NA,NA,"Unknown"
"A...775789","A...775754","A...643842",6948,0,1986,1986,"Vlieland","535",53.29754,5.05056,"GREAT TIT",NA,NA,NA,NA,NA,"",NA,NA,NA,NA,NA,NA,NA,NA,NA,NA,NA,NA,NA,"Unknown"
"A...775790","A...775754","A...643842",6948,0,1986,1986,"Vlieland","535",53.29754,5.05056,"GREAT TIT",NA,NA,NA,NA,NA,"",NA,NA,NA,NA,NA,NA,NA,NA,NA,NA,NA,NA,NA,"Unknown"
"A...775791","A...775754","A...643842",6949,0,1986,1986,"Vlieland","846",53.301755,5.054953,"BLUE TIT",NA,NA,NA,NA,NA,"",NA,NA,NA,NA,NA,NA,NA,NA,NA,NA,NA,NA,NA,"Unknown"
"A...803201","A...767021","A...766906",1969,1,1987,1987,"Vlieland","40",53.27053,4.97819,"BLUE TIT",NA,NA,NA,NA,NA,"",1,1,1988,1988,0,12,12,12,12,NA,NA,787.652004043243,787.652004043243,"Female"
"A...803202","A...767021","A...766906",1969,2,1987,1987,"Vlieland","40",53.27053,4.97819,"BLUE TIT",NA,NA,NA,NA,NA,"",NA,NA,NA,NA,NA,NA,NA,NA,NA,NA,NA,NA,NA,"Male"
"A...803203","A...767021","A...766906",1969,1,1987,1987,"Vlieland","40",53.27053,4.97819,"BLUE TIT",NA,NA,NA,NA,NA,"",2,2,1988,1988,0,10.5,8,13,21,NA,NA,3219.94351517226,3468.03498231695,"Female"
"A...803204","A...767021","A...766906",1969,0,1987,1987,"Vlieland","40",53.27053,4.97819,"BLUE TIT",NA,NA,NA,NA,NA,"",NA,NA,NA,NA,NA,NA,NA,NA,NA,NA,NA,NA,NA,"Unknown"
"A...803205","A...767021","A...766906",1969,0,1987,1987,"Vlieland","40",53.27053,4.97819,"BLUE TIT",NA,NA,NA,NA,NA,"",NA,NA,NA,NA,NA,NA,NA,NA,NA,NA,NA,NA,NA,"Unknown"
"A...803206","A...767021","A...766906",1969,0,1987,1987,"Vlieland","40",53.27053,4.97819,"BLUE TIT",NA,NA,NA,NA,NA,"",NA,NA,NA,NA,NA,NA,NA,NA,NA,NA,NA,NA,NA,"Unknown"
"A...803207","A...767021","A...766906",1969,0,1987,1987,"Vlieland","40",53.27053,4.97819,"BLUE TIT",NA,NA,NA,NA,NA,"",NA,NA,NA,NA,NA,NA,NA,NA,NA,NA,NA,NA,NA,"Unknown"
"A...803208","A...767021","A...766906",1969,0,1987,1987,"Vlieland","40",53.27053,4.97819,"BLUE TIT",NA,NA,NA,NA,NA,"",NA,NA,NA,NA,NA,NA,NA,NA,NA,NA,NA,NA,NA,"Unknown"
"A...803209","A...617503","A...311483",2318,2,1987,1987,"Vlieland","562",53.30207,5.06711,"BLUE TIT",NA,NA,NA,NA,NA,"",3,4,1988,1991,3,8.25,0,14,33,NA,NA,6137.26519806037,6741.91850468677,"Male"
"A...803210","A...617503","A...311483",2318,1,1987,1987,"Vlieland","562",53.30207,5.06711,"BLUE TIT",NA,NA,NA,NA,NA,"",2,2,1988,1989,1,12.5,12,13,25,NA,NA,2326.32927359846,2504.20353958652,"Female"
"A...803211","A...617503","A...311483",2318,0,1987,1987,"Vlieland","562",53.30207,5.06711,"BLUE TIT",NA,NA,NA,NA,NA,"",NA,NA,NA,NA,NA,NA,NA,NA,NA,NA,NA,NA,NA,"Unknown"
"A...803212","A...617503","A...311483",2318,1,1987,1987,"Vlieland","562",53.30207,5.06711,"BLUE TIT",NA,NA,NA,NA,NA,"",NA,NA,NA,NA,NA,NA,NA,NA,NA,NA,NA,NA,NA,"Female"
"A...803213","A...617503","A...311483",2318,1,1987,1987,"Vlieland","562",53.30207,5.06711,"BLUE TIT",NA,NA,NA,NA,NA,"",NA,NA,NA,NA,NA,NA,NA,NA,NA,NA,NA,NA,NA,"Female"
"A...803214","A...617503","A...311483",2318,2,1987,1987,"Vlieland","562",53.30207,5.06711,"BLUE TIT",NA,NA,NA,NA,NA,"",NA,NA,NA,NA,NA,NA,NA,NA,NA,NA,NA,NA,NA,"Male"
"A...803215","A...617503","A...311483",2318,1,1987,1987,"Vlieland","562",53.30207,5.06711,"BLUE TIT",NA,NA,NA,NA,NA,"",NA,NA,NA,NA,NA,NA,NA,NA,NA,NA,NA,NA,NA,"Female"
"A...803216","A...617503","A...311483",2318,1,1987,1987,"Vlieland","562",53.30207,5.06711,"BLUE TIT",NA,NA,NA,NA,NA,"",NA,NA,NA,NA,NA,NA,NA,NA,NA,NA,NA,NA,NA,"Female"
"A...803217","A...617503","A...311483",2318,0,1987,1987,"Vlieland","562",53.30207,5.06711,"BLUE TIT",NA,NA,NA,NA,NA,"",NA,NA,NA,NA,NA,NA,NA,NA,NA,NA,NA,NA,NA,"Unknown"
"A...808633",NA,NA,2801,0,1986,1986,"Vlieland","",53.26087,4.95874,"BLUE TIT",NA,NA,NA,NA,NA,"",NA,NA,NA,NA,NA,NA,NA,NA,NA,NA,NA,NA,NA,"Unknown"
"A...808634",NA,NA,2801,0,1986,1986,"Vlieland","",53.26087,4.95874,"BLUE TIT",NA,NA,NA,NA,NA,"",NA,NA,NA,NA,NA,NA,NA,NA,NA,NA,NA,NA,NA,"Unknown"
"A...808635",NA,NA,2801,0,1986,1986,"Vlieland","",53.26087,4.95874,"BLUE TIT",NA,NA,NA,NA,NA,"",NA,NA,NA,NA,NA,NA,NA,NA,NA,NA,NA,NA,NA,"Unknown"
"A...808636",NA,NA,2801,0,1986,1986,"Vlieland","",53.26087,4.95874,"BLUE TIT",NA,NA,NA,NA,NA,"",NA,NA,NA,NA,NA,NA,NA,NA,NA,NA,NA,NA,NA,"Unknown"
"A...817090","A...817089","A...773778",2131,1,1986,1986,"Vlieland","455",53.296262,5.046452,"GREAT TIT",NA,NA,NA,NA,NA,"",NA,NA,NA,NA,NA,NA,NA,NA,NA,NA,NA,NA,NA,"Female"
"A...817091","A...817089","A...773778",2131,1,1986,1986,"Vlieland","455",53.296262,5.046452,"GREAT TIT",NA,NA,NA,NA,NA,"",NA,NA,NA,NA,NA,NA,NA,NA,NA,NA,NA,NA,NA,"Female"
"A...817092","A...817089","A...773778",2131,0,1986,1986,"Vlieland","455",53.296262,5.046452,"GREAT TIT",NA,NA,NA,NA,NA,"",NA,NA,NA,NA,NA,NA,NA,NA,NA,NA,NA,NA,NA,"Unknown"
"A...817093","A...817089","A...773778",2131,0,1986,1986,"Vlieland","455",53.296262,5.046452,"GREAT TIT",NA,NA,NA,NA,NA,"",NA,NA,NA,NA,NA,NA,NA,NA,NA,NA,NA,NA,NA,"Unknown"
"A...817094","A...817089","A...773778",2131,2,1986,1986,"Vlieland","455",53.296262,5.046452,"GREAT TIT",NA,NA,NA,NA,NA,"",NA,NA,NA,NA,NA,NA,NA,NA,NA,NA,NA,NA,NA,"Male"
"A...817095","A...817089","A...773778",2131,2,1986,1986,"Vlieland","455",53.296262,5.046452,"GREAT TIT",NA,NA,NA,NA,NA,"",NA,NA,NA,NA,NA,NA,NA,NA,NA,NA,NA,NA,NA,"Male"
"A...817096","A...817089","A...773778",2131,0,1986,1986,"Vlieland","455",53.296262,5.046452,"GREAT TIT",NA,NA,NA,NA,NA,"",NA,NA,NA,NA,NA,NA,NA,NA,NA,NA,NA,NA,NA,"Unknown"
"A...817097","A...817089","A...773778",2131,0,1986,1986,"Vlieland","455",53.296262,5.046452,"GREAT TIT",NA,NA,NA,NA,NA,"",NA,NA,NA,NA,NA,NA,NA,NA,NA,NA,NA,NA,NA,"Unknown"
"A...817098","A...817089","A...773778",2131,2,1986,1986,"Vlieland","455",53.296262,5.046452,"GREAT TIT",NA,NA,NA,NA,NA,"",NA,NA,NA,NA,NA,NA,NA,NA,NA,NA,NA,NA,NA,"Male"
"A...817099","A...817089","A...773778",2131,0,1986,1986,"Vlieland","455",53.296262,5.046452,"GREAT TIT",NA,NA,NA,NA,NA,"",NA,NA,NA,NA,NA,NA,NA,NA,NA,NA,NA,NA,NA,"Unknown"
"A...817100","A...817089","A...773778",2131,0,1986,1986,"Vlieland","455",53.296262,5.046452,"GREAT TIT",NA,NA,NA,NA,NA,"",NA,NA,NA,NA,NA,NA,NA,NA,NA,NA,NA,NA,NA,"Unknown"
"A...817144","A...773515","A...642120",2479,2,1986,1986,"Vlieland","779",53.30207,5.06711,"GREAT TIT",NA,NA,NA,NA,NA,"",NA,NA,NA,NA,NA,NA,NA,NA,NA,NA,NA,NA,NA,"Male"
"A...817145","A...773515","A...642120",2479,2,1986,1986,"Vlieland","779",53.30207,5.06711,"GREAT TIT",NA,NA,NA,NA,NA,"",NA,NA,NA,NA,NA,NA,NA,NA,NA,NA,NA,NA,NA,"Male"
"A...817146","A...773515","A...642120",2479,2,1986,1986,"Vlieland","779",53.30207,5.06711,"GREAT TIT",NA,NA,NA,NA,NA,"",NA,NA,NA,NA,NA,NA,NA,NA,NA,NA,NA,NA,NA,"Male"
"A...817147","A...773515","A...642120",2479,1,1986,1986,"Vlieland","779",53.30207,5.06711,"GREAT TIT",NA,NA,NA,NA,NA,"",NA,NA,NA,NA,NA,NA,NA,NA,NA,NA,NA,NA,NA,"Female"
"A...817148","A...773515","A...642120",2479,2,1986,1986,"Vlieland","779",53.30207,5.06711,"GREAT TIT",NA,NA,NA,NA,NA,"",NA,NA,NA,NA,NA,NA,NA,NA,NA,NA,NA,NA,NA,"Male"
"A...817149","A...773515","A...642120",2479,1,1986,1986,"Vlieland","779",53.30207,5.06711,"GREAT TIT",NA,NA,NA,NA,NA,"",NA,NA,NA,NA,NA,NA,NA,NA,NA,NA,NA,NA,NA,"Female"
"A...818401",NA,NA,8320,0,1986,1986,"Vlieland","954",53.29611,5.06619,"BLUE TIT",NA,NA,NA,NA,NA,"",NA,NA,NA,NA,NA,NA,NA,NA,NA,NA,NA,NA,NA,"Unknown"
"A...818402",NA,NA,8320,0,1986,1986,"Vlieland","954",53.29611,5.06619,"BLUE TIT",NA,NA,NA,NA,NA,"",NA,NA,NA,NA,NA,NA,NA,NA,NA,NA,NA,NA,NA,"Unknown"
"A...818403",NA,NA,8320,0,1986,1986,"Vlieland","954",53.29611,5.06619,"BLUE TIT",NA,NA,NA,NA,NA,"",NA,NA,NA,NA,NA,NA,NA,NA,NA,NA,NA,NA,NA,"Unknown"
"A...818404",NA,NA,8320,0,1986,1986,"Vlieland","954",53.29611,5.06619,"BLUE TIT",NA,NA,NA,NA,NA,"",NA,NA,NA,NA,NA,NA,NA,NA,NA,NA,NA,NA,NA,"Unknown"
"A...818405",NA,NA,8320,0,1986,1986,"Vlieland","954",53.29611,5.06619,"BLUE TIT",NA,NA,NA,NA,NA,"",NA,NA,NA,NA,NA,NA,NA,NA,NA,NA,NA,NA,NA,"Unknown"
"A...818406",NA,NA,8320,0,1986,1986,"Vlieland","954",53.29611,5.06619,"BLUE TIT",NA,NA,NA,NA,NA,"",NA,NA,NA,NA,NA,NA,NA,NA,NA,NA,NA,NA,NA,"Unknown"
"A...818407",NA,NA,8320,0,1986,1986,"Vlieland","954",53.29611,5.06619,"BLUE TIT",NA,NA,NA,NA,NA,"",NA,NA,NA,NA,NA,NA,NA,NA,NA,NA,NA,NA,NA,"Unknown"
"A...818408",NA,NA,8320,0,1986,1986,"Vlieland","954",53.29611,5.06619,"BLUE TIT",NA,NA,NA,NA,NA,"",NA,NA,NA,NA,NA,NA,NA,NA,NA,NA,NA,NA,NA,"Unknown"
"A...818409",NA,NA,8320,0,1986,1986,"Vlieland","954",53.29611,5.06619,"BLUE TIT",NA,NA,NA,NA,NA,"",NA,NA,NA,NA,NA,NA,NA,NA,NA,NA,NA,NA,NA,"Unknown"
"A...818410",NA,NA,8320,0,1986,1986,"Vlieland","954",53.29611,5.06619,"BLUE TIT",NA,NA,NA,NA,NA,"",NA,NA,NA,NA,NA,NA,NA,NA,NA,NA,NA,NA,NA,"Unknown"
"A...818411",NA,NA,8320,0,1986,1986,"Vlieland","954",53.29611,5.06619,"BLUE TIT",NA,NA,NA,NA,NA,"",NA,NA,NA,NA,NA,NA,NA,NA,NA,NA,NA,NA,NA,"Unknown"
"A...818412",NA,NA,8320,0,1986,1986,"Vlieland","954",53.29611,5.06619,"BLUE TIT",NA,NA,NA,NA,NA,"",NA,NA,NA,NA,NA,NA,NA,NA,NA,NA,NA,NA,NA,"Unknown"
"A...818451","A...773262","A...773045",2798,2,1986,1986,"Vlieland","999",53.29611,5.06619,"GREAT TIT",NA,NA,NA,NA,NA,"",NA,NA,NA,NA,NA,NA,NA,NA,NA,NA,NA,NA,NA,"Male"
"A...818452","A...773262","A...773045",2798,2,1986,1986,"Vlieland","999",53.29611,5.06619,"GREAT TIT",NA,NA,NA,NA,NA,"",NA,NA,NA,NA,NA,NA,NA,NA,NA,NA,NA,NA,NA,"Male"
"A...818453","A...773262","A...773045",2798,1,1986,1986,"Vlieland","999",53.29611,5.06619,"GREAT TIT",NA,NA,NA,NA,NA,"",NA,NA,NA,NA,NA,NA,NA,NA,NA,NA,NA,NA,NA,"Female"
"A...818454","A...773262","A...773045",2798,2,1986,1986,"Vlieland","999",53.29611,5.06619,"GREAT TIT",NA,NA,NA,NA,NA,"",NA,NA,NA,NA,NA,NA,NA,NA,NA,NA,NA,NA,NA,"Male"
"A...818455","A...773262","A...773045",2798,0,1986,1986,"Vlieland","999",53.29611,5.06619,"GREAT TIT",NA,NA,NA,NA,NA,"",NA,NA,NA,NA,NA,NA,NA,NA,NA,NA,NA,NA,NA,"Unknown"
"A...818456","A...773262","A...773045",2798,1,1986,1986,"Vlieland","999",53.29611,5.06619,"GREAT TIT",NA,NA,NA,NA,NA,"",NA,NA,NA,NA,NA,NA,NA,NA,NA,NA,NA,NA,NA,"Female"
"A...818457","A...773262","A...773045",2798,1,1986,1986,"Vlieland","999",53.29611,5.06619,"GREAT TIT",NA,NA,NA,NA,NA,"",NA,NA,NA,NA,NA,NA,NA,NA,NA,NA,NA,NA,NA,"Female"
"A...818458","A...773262","A...773045",2798,2,1986,1986,"Vlieland","999",53.29611,5.06619,"GREAT TIT",NA,NA,NA,NA,NA,"",NA,NA,NA,NA,NA,NA,NA,NA,NA,NA,NA,NA,NA,"Male"
"A...818459","A...773262","A...773045",2798,0,1986,1986,"Vlieland","999",53.29611,5.06619,"GREAT TIT",NA,NA,NA,NA,NA,"",NA,NA,NA,NA,NA,NA,NA,NA,NA,NA,NA,NA,NA,"Unknown"
"A...818460","A...773262","A...773045",2798,2,1986,1986,"Vlieland","999",53.29611,5.06619,"GREAT TIT",NA,NA,NA,NA,NA,"",NA,NA,NA,NA,NA,NA,NA,NA,NA,NA,NA,NA,NA,"Male"
"A...818461","A...773262","A...773045",2798,2,1986,1986,"Vlieland","999",53.29611,5.06619,"GREAT TIT",NA,NA,NA,NA,NA,"",NA,NA,NA,NA,NA,NA,NA,NA,NA,NA,NA,NA,NA,"Male"
"A...818462","A...773262","A...773045",2798,0,1986,1986,"Vlieland","999",53.29611,5.06619,"GREAT TIT",NA,NA,NA,NA,NA,"",NA,NA,NA,NA,NA,NA,NA,NA,NA,NA,NA,NA,NA,"Unknown"
"A...818792",NA,NA,8320,0,1986,1986,"Vlieland","954",53.29611,5.06619,"BLUE TIT",NA,NA,NA,NA,NA,"",NA,NA,NA,NA,NA,NA,NA,NA,NA,NA,NA,NA,NA,"Unknown"
"A...820098","A...820004","A...808447",1962,1,1986,1986,"Vlieland","34",53.272063,4.984582,"GREAT TIT",NA,NA,NA,NA,NA,"",NA,NA,NA,NA,NA,NA,NA,NA,NA,NA,NA,NA,NA,"Female"
"A...820099","A...820004","A...808447",1962,2,1986,1986,"Vlieland","34",53.272063,4.984582,"GREAT TIT",NA,NA,NA,NA,NA,"",NA,NA,NA,NA,NA,NA,NA,NA,NA,NA,NA,NA,NA,"Male"
"A...820100","A...820004","A...808447",1962,2,1986,1986,"Vlieland","34",53.272063,4.984582,"GREAT TIT",NA,NA,NA,NA,NA,"",NA,NA,NA,NA,NA,NA,NA,NA,NA,NA,NA,NA,NA,"Male"
"A...820101","A...820004","A...808447",1962,2,1986,1986,"Vlieland","34",53.272063,4.984582,"GREAT TIT",NA,NA,NA,NA,NA,"",NA,NA,NA,NA,NA,NA,NA,NA,NA,NA,NA,NA,NA,"Male"
"A...820102","A...820004","A...808447",1962,1,1986,1986,"Vlieland","34",53.272063,4.984582,"GREAT TIT",NA,NA,NA,NA,NA,"",NA,NA,NA,NA,NA,NA,NA,NA,NA,NA,NA,NA,NA,"Female"
"A...820279","A...560606","A...762757",2480,2,1986,1986,"Vlieland","780",53.30207,5.06711,"GREAT TIT",NA,NA,NA,NA,NA,"",NA,NA,NA,NA,NA,NA,NA,NA,NA,NA,NA,NA,NA,"Male"
"A...820280","A...560606","A...762757",2480,2,1986,1986,"Vlieland","780",53.30207,5.06711,"GREAT TIT",NA,NA,NA,NA,NA,"",NA,NA,NA,NA,NA,NA,NA,NA,NA,NA,NA,NA,NA,"Male"
"A...820281","A...560606","A...762757",2480,0,1986,1986,"Vlieland","780",53.30207,5.06711,"GREAT TIT",NA,NA,NA,NA,NA,"",NA,NA,NA,NA,NA,NA,NA,NA,NA,NA,NA,NA,NA,"Unknown"
"A...820282","A...560606","A...762757",2480,2,1986,1986,"Vlieland","780",53.30207,5.06711,"GREAT TIT",NA,NA,NA,NA,NA,"",NA,NA,NA,NA,NA,NA,NA,NA,NA,NA,NA,NA,NA,"Male"
"A...820283","A...820264","A...781290",2134,1,1986,1986,"Vlieland","458",53.29808,5.047727,"GREAT TIT",NA,NA,NA,NA,NA,"",NA,NA,NA,NA,NA,NA,NA,NA,NA,NA,NA,NA,NA,"Female"
"A...820284","A...820264","A...781290",2134,2,1986,1986,"Vlieland","458",53.29808,5.047727,"GREAT TIT",NA,NA,NA,NA,NA,"",NA,NA,NA,NA,NA,NA,NA,NA,NA,NA,NA,NA,NA,"Male"
"A...820285","A...820264","A...781290",2134,1,1986,1986,"Vlieland","458",53.29808,5.047727,"GREAT TIT",NA,NA,NA,NA,NA,"",NA,NA,NA,NA,NA,NA,NA,NA,NA,NA,NA,NA,NA,"Female"
"A...820586","A...560606","A...762757",2480,2,1986,1986,"Vlieland","780",53.30207,5.06711,"GREAT TIT",NA,NA,NA,NA,NA,"",NA,NA,NA,NA,NA,NA,NA,NA,NA,NA,NA,NA,NA,"Male"
"A...820587","A...560606","A...762757",2480,1,1986,1986,"Vlieland","780",53.30207,5.06711,"GREAT TIT",NA,NA,NA,NA,NA,"",NA,NA,NA,NA,NA,NA,NA,NA,NA,NA,NA,NA,NA,"Female"
"A...820588","A...560606","A...762757",2480,1,1986,1986,"Vlieland","780",53.30207,5.06711,"GREAT TIT",NA,NA,NA,NA,NA,"",NA,NA,NA,NA,NA,NA,NA,NA,NA,NA,NA,NA,NA,"Female"
"A...820589","A...560606","A...762757",2480,2,1986,1986,"Vlieland","780",53.30207,5.06711,"GREAT TIT",NA,NA,NA,NA,NA,"",NA,NA,NA,NA,NA,NA,NA,NA,NA,NA,NA,NA,NA,"Male"
"A...820590","A...560606","A...762757",2480,1,1986,1986,"Vlieland","780",53.30207,5.06711,"GREAT TIT",NA,NA,NA,NA,NA,"",NA,NA,NA,NA,NA,NA,NA,NA,NA,NA,NA,NA,NA,"Female"
"A...820591","A...560606","A...762757",2480,2,1986,1986,"Vlieland","780",53.30207,5.06711,"GREAT TIT",NA,NA,NA,NA,NA,"",NA,NA,NA,NA,NA,NA,NA,NA,NA,NA,NA,NA,NA,"Male"
"A...820592","A...820264","A...781290",2134,1,1986,1986,"Vlieland","458",53.29808,5.047727,"GREAT TIT",NA,NA,NA,NA,NA,"",NA,NA,NA,NA,NA,NA,NA,NA,NA,NA,NA,NA,NA,"Female"
"A...820593","A...820264","A...781290",2134,1,1986,1986,"Vlieland","458",53.29808,5.047727,"GREAT TIT",NA,NA,NA,NA,NA,"",NA,NA,NA,NA,NA,NA,NA,NA,NA,NA,NA,NA,NA,"Female"
"A...820594","A...820264","A...781290",2134,2,1986,1986,"Vlieland","458",53.29808,5.047727,"GREAT TIT",NA,NA,NA,NA,NA,"",NA,NA,NA,NA,NA,NA,NA,NA,NA,NA,NA,NA,NA,"Male"
"A...820595","A...820264","A...781290",2134,1,1986,1986,"Vlieland","458",53.29808,5.047727,"GREAT TIT",NA,NA,NA,NA,NA,"",NA,NA,NA,NA,NA,NA,NA,NA,NA,NA,NA,NA,NA,"Female"
"A...820596","A...820264","A...781290",2134,1,1986,1986,"Vlieland","458",53.29808,5.047727,"GREAT TIT",NA,NA,NA,NA,NA,"",NA,NA,NA,NA,NA,NA,NA,NA,NA,NA,NA,NA,NA,"Female"
"A...841700","A...841046","A...841688",8323,0,1987,1987,"Vlieland","942",53.29611,5.06619,"GREAT TIT",NA,NA,NA,NA,NA,"",NA,NA,NA,NA,NA,NA,NA,NA,NA,NA,NA,NA,NA,"Unknown"
"A...841701","A...841046","A...841688",8323,0,1987,1987,"Vlieland","942",53.29611,5.06619,"GREAT TIT",NA,NA,NA,NA,NA,"",NA,NA,NA,NA,NA,NA,NA,NA,NA,NA,NA,NA,NA,"Unknown"
"A...841702","A...841046","A...841688",8323,0,1987,1987,"Vlieland","942",53.29611,5.06619,"GREAT TIT",NA,NA,NA,NA,NA,"",NA,NA,NA,NA,NA,NA,NA,NA,NA,NA,NA,NA,NA,"Unknown"
"A...841703","A...841046","A...841688",8323,0,1987,1987,"Vlieland","942",53.29611,5.06619,"GREAT TIT",NA,NA,NA,NA,NA,"",NA,NA,NA,NA,NA,NA,NA,NA,NA,NA,NA,NA,NA,"Unknown"
"A...841704","A...841046","A...841688",8323,0,1987,1987,"Vlieland","942",53.29611,5.06619,"GREAT TIT",NA,NA,NA,NA,NA,"",NA,NA,NA,NA,NA,NA,NA,NA,NA,NA,NA,NA,NA,"Unknown"
"A...841705","A...841046","A...841688",8323,0,1987,1987,"Vlieland","942",53.29611,5.06619,"GREAT TIT",NA,NA,NA,NA,NA,"",NA,NA,NA,NA,NA,NA,NA,NA,NA,NA,NA,NA,NA,"Unknown"
"A...841706","A...841046","A...841688",8323,0,1987,1987,"Vlieland","942",53.29611,5.06619,"GREAT TIT",NA,NA,NA,NA,NA,"",NA,NA,NA,NA,NA,NA,NA,NA,NA,NA,NA,NA,NA,"Unknown"
"A...841707","A...841046","A...841688",8323,0,1987,1987,"Vlieland","942",53.29611,5.06619,"GREAT TIT",NA,NA,NA,NA,NA,"",NA,NA,NA,NA,NA,NA,NA,NA,NA,NA,NA,NA,NA,"Unknown"
"A...842135","A...842198","A...774938",2483,0,1987,1987,"Vlieland","783",53.30207,5.06711,"GREAT TIT",NA,NA,NA,NA,NA,"",NA,NA,NA,NA,NA,NA,NA,NA,NA,NA,NA,NA,NA,"Unknown"
"A...842136","A...842198","A...774938",2483,0,1987,1987,"Vlieland","783",53.30207,5.06711,"GREAT TIT",NA,NA,NA,NA,NA,"",NA,NA,NA,NA,NA,NA,NA,NA,NA,NA,NA,NA,NA,"Unknown"
"A...842137","A...842198","A...774938",2483,0,1987,1987,"Vlieland","783",53.30207,5.06711,"GREAT TIT",NA,NA,NA,NA,NA,"",NA,NA,NA,NA,NA,NA,NA,NA,NA,NA,NA,NA,NA,"Unknown"
"A...842138","A...842198","A...774938",2483,0,1987,1987,"Vlieland","783",53.30207,5.06711,"GREAT TIT",NA,NA,NA,NA,NA,"",NA,NA,NA,NA,NA,NA,NA,NA,NA,NA,NA,NA,NA,"Unknown"
"A...842139","A...842198","A...774938",2483,0,1987,1987,"Vlieland","783",53.30207,5.06711,"GREAT TIT",NA,NA,NA,NA,NA,"",NA,NA,NA,NA,NA,NA,NA,NA,NA,NA,NA,NA,NA,"Unknown"
"A...842140","A...842198","A...774938",2483,0,1987,1987,"Vlieland","783",53.30207,5.06711,"GREAT TIT",NA,NA,NA,NA,NA,"",NA,NA,NA,NA,NA,NA,NA,NA,NA,NA,NA,NA,NA,"Unknown"
"A...842141","A...842198","A...774938",2483,0,1987,1987,"Vlieland","783",53.30207,5.06711,"GREAT TIT",NA,NA,NA,NA,NA,"",NA,NA,NA,NA,NA,NA,NA,NA,NA,NA,NA,NA,NA,"Unknown"
"A...842142","A...842198","A...774938",2483,0,1987,1987,"Vlieland","783",53.30207,5.06711,"GREAT TIT",NA,NA,NA,NA,NA,"",NA,NA,NA,NA,NA,NA,NA,NA,NA,NA,NA,NA,NA,"Unknown"
"A...842143","A...842198","A...774938",2483,0,1987,1987,"Vlieland","783",53.30207,5.06711,"GREAT TIT",NA,NA,NA,NA,NA,"",NA,NA,NA,NA,NA,NA,NA,NA,NA,NA,NA,NA,NA,"Unknown"
"A...842144","A...842198","A...774938",2483,0,1987,1987,"Vlieland","783",53.30207,5.06711,"GREAT TIT",NA,NA,NA,NA,NA,"",NA,NA,NA,NA,NA,NA,NA,NA,NA,NA,NA,NA,NA,"Unknown"
"A...842145","A...842198","A...774938",2483,0,1987,1987,"Vlieland","783",53.30207,5.06711,"GREAT TIT",NA,NA,NA,NA,NA,"",NA,NA,NA,NA,NA,NA,NA,NA,NA,NA,NA,NA,NA,"Unknown"
"A...842334","A...842331","A...842333",2139,0,1987,1987,"Vlieland","507",53.29754,5.05056,"BLUE TIT",NA,NA,NA,NA,NA,"",NA,NA,NA,NA,NA,NA,NA,NA,NA,NA,NA,NA,NA,"Unknown"
"A...842335","A...842331","A...842333",2139,0,1987,1987,"Vlieland","507",53.29754,5.05056,"BLUE TIT",NA,NA,NA,NA,NA,"",NA,NA,NA,NA,NA,NA,NA,NA,NA,NA,NA,NA,NA,"Unknown"
"A...842336","A...842331","A...842333",2139,0,1987,1987,"Vlieland","507",53.29754,5.05056,"BLUE TIT",NA,NA,NA,NA,NA,"",NA,NA,NA,NA,NA,NA,NA,NA,NA,NA,NA,NA,NA,"Unknown"
"A...842337","A...842331","A...842333",2139,0,1987,1987,"Vlieland","507",53.29754,5.05056,"BLUE TIT",NA,NA,NA,NA,NA,"",NA,NA,NA,NA,NA,NA,NA,NA,NA,NA,NA,NA,NA,"Unknown"
"A...842338","A...842331","A...842333",2139,0,1987,1987,"Vlieland","507",53.29754,5.05056,"BLUE TIT",NA,NA,NA,NA,NA,"",NA,NA,NA,NA,NA,NA,NA,NA,NA,NA,NA,NA,NA,"Unknown"
"A...842339","A...842331","A...842333",2139,0,1987,1987,"Vlieland","507",53.29754,5.05056,"BLUE TIT",NA,NA,NA,NA,NA,"",NA,NA,NA,NA,NA,NA,NA,NA,NA,NA,NA,NA,NA,"Unknown"
"A...842340","A...842331","A...842333",2139,0,1987,1987,"Vlieland","507",53.29754,5.05056,"BLUE TIT",NA,NA,NA,NA,NA,"",NA,NA,NA,NA,NA,NA,NA,NA,NA,NA,NA,NA,NA,"Unknown"
"A...842341","A...842331","A...842333",2139,0,1987,1987,"Vlieland","507",53.29754,5.05056,"BLUE TIT",NA,NA,NA,NA,NA,"",NA,NA,NA,NA,NA,NA,NA,NA,NA,NA,NA,NA,NA,"Unknown"
"A...842342","A...842331","A...842333",2139,0,1987,1987,"Vlieland","507",53.29754,5.05056,"BLUE TIT",NA,NA,NA,NA,NA,"",NA,NA,NA,NA,NA,NA,NA,NA,NA,NA,NA,NA,NA,"Unknown"
"A...842343","A...842331","A...842333",2139,0,1987,1987,"Vlieland","507",53.29754,5.05056,"BLUE TIT",NA,NA,NA,NA,NA,"",NA,NA,NA,NA,NA,NA,NA,NA,NA,NA,NA,NA,NA,"Unknown"
"A...842344","A...842331","A...842333",2139,0,1987,1987,"Vlieland","507",53.29754,5.05056,"BLUE TIT",NA,NA,NA,NA,NA,"",NA,NA,NA,NA,NA,NA,NA,NA,NA,NA,NA,NA,NA,"Unknown"
"A...842501","A...842331","A...842333",2139,0,1987,1987,"Vlieland","507",53.29754,5.05056,"BLUE TIT",NA,NA,NA,NA,NA,"",NA,NA,NA,NA,NA,NA,NA,NA,NA,NA,NA,NA,NA,"Unknown"
"A...842635","A...842660","A...842630",2317,0,1987,1987,"Vlieland","561",53.30207,5.06711,"BLUE TIT",NA,NA,NA,NA,NA,"",NA,NA,NA,NA,NA,NA,NA,NA,NA,NA,NA,NA,NA,"Unknown"
"A...842636","A...842660","A...842630",2317,0,1987,1987,"Vlieland","561",53.30207,5.06711,"BLUE TIT",NA,NA,NA,NA,NA,"",NA,NA,NA,NA,NA,NA,NA,NA,NA,NA,NA,NA,NA,"Unknown"
"A...842637","A...842660","A...842630",2317,0,1987,1987,"Vlieland","561",53.30207,5.06711,"BLUE TIT",NA,NA,NA,NA,NA,"",NA,NA,NA,NA,NA,NA,NA,NA,NA,NA,NA,NA,NA,"Unknown"
"A...842638","A...842660","A...842630",2317,0,1987,1987,"Vlieland","561",53.30207,5.06711,"BLUE TIT",NA,NA,NA,NA,NA,"",NA,NA,NA,NA,NA,NA,NA,NA,NA,NA,NA,NA,NA,"Unknown"
"A...842639","A...842660","A...842630",2317,0,1987,1987,"Vlieland","561",53.30207,5.06711,"BLUE TIT",NA,NA,NA,NA,NA,"",NA,NA,NA,NA,NA,NA,NA,NA,NA,NA,NA,NA,NA,"Unknown"
"A...842640","A...842660","A...842630",2317,0,1987,1987,"Vlieland","561",53.30207,5.06711,"BLUE TIT",NA,NA,NA,NA,NA,"",NA,NA,NA,NA,NA,NA,NA,NA,NA,NA,NA,NA,NA,"Unknown"
"A...842641","A...842660","A...842630",2317,0,1987,1987,"Vlieland","561",53.30207,5.06711,"BLUE TIT",NA,NA,NA,NA,NA,"",NA,NA,NA,NA,NA,NA,NA,NA,NA,NA,NA,NA,NA,"Unknown"
"A...842642","A...842660","A...842630",2317,0,1987,1987,"Vlieland","561",53.30207,5.06711,"BLUE TIT",NA,NA,NA,NA,NA,"",NA,NA,NA,NA,NA,NA,NA,NA,NA,NA,NA,NA,NA,"Unknown"
"A...842643","A...842660","A...842630",2317,0,1987,1987,"Vlieland","561",53.30207,5.06711,"BLUE TIT",NA,NA,NA,NA,NA,"",NA,NA,NA,NA,NA,NA,NA,NA,NA,NA,NA,NA,NA,"Unknown"
"A...842644","A...842660","A...842630",2317,0,1987,1987,"Vlieland","561",53.30207,5.06711,"BLUE TIT",NA,NA,NA,NA,NA,"",NA,NA,NA,NA,NA,NA,NA,NA,NA,NA,NA,NA,NA,"Unknown"
"A...842645","A...842660","A...842630",2317,0,1987,1987,"Vlieland","561",53.30207,5.06711,"BLUE TIT",NA,NA,NA,NA,NA,"",NA,NA,NA,NA,NA,NA,NA,NA,NA,NA,NA,NA,NA,"Unknown"
"A...842646","A...842660","A...842630",2317,0,1987,1987,"Vlieland","561",53.30207,5.06711,"BLUE TIT",NA,NA,NA,NA,NA,"",NA,NA,NA,NA,NA,NA,NA,NA,NA,NA,NA,NA,NA,"Unknown"
"A...842670","A...842658","A...775635",2650,0,1987,1987,"Vlieland","647",53.29611,5.06619,"BLUE TIT",NA,NA,NA,NA,NA,"",NA,NA,NA,NA,NA,NA,NA,NA,NA,NA,NA,NA,NA,"Unknown"
"A...842671","A...842658","A...775635",2650,0,1987,1987,"Vlieland","647",53.29611,5.06619,"BLUE TIT",NA,NA,NA,NA,NA,"",NA,NA,NA,NA,NA,NA,NA,NA,NA,NA,NA,NA,NA,"Unknown"
"A...842672","A...842658","A...775635",2650,0,1987,1987,"Vlieland","647",53.29611,5.06619,"BLUE TIT",NA,NA,NA,NA,NA,"",NA,NA,NA,NA,NA,NA,NA,NA,NA,NA,NA,NA,NA,"Unknown"
"A...842673","A...842658","A...775635",2650,0,1987,1987,"Vlieland","647",53.29611,5.06619,"BLUE TIT",NA,NA,NA,NA,NA,"",NA,NA,NA,NA,NA,NA,NA,NA,NA,NA,NA,NA,NA,"Unknown"
"A...842674","A...842658","A...775635",2650,0,1987,1987,"Vlieland","647",53.29611,5.06619,"BLUE TIT",NA,NA,NA,NA,NA,"",NA,NA,NA,NA,NA,NA,NA,NA,NA,NA,NA,NA,NA,"Unknown"
"A...842675","A...842658","A...775635",2650,0,1987,1987,"Vlieland","647",53.29611,5.06619,"BLUE TIT",NA,NA,NA,NA,NA,"",NA,NA,NA,NA,NA,NA,NA,NA,NA,NA,NA,NA,NA,"Unknown"
"A...842676","A...842658","A...775635",2650,0,1987,1987,"Vlieland","647",53.29611,5.06619,"BLUE TIT",NA,NA,NA,NA,NA,"",NA,NA,NA,NA,NA,NA,NA,NA,NA,NA,NA,NA,NA,"Unknown"
"A...842677","A...842658","A...775635",2650,0,1987,1987,"Vlieland","647",53.29611,5.06619,"BLUE TIT",NA,NA,NA,NA,NA,"",NA,NA,NA,NA,NA,NA,NA,NA,NA,NA,NA,NA,NA,"Unknown"
"A...842678","A...842658","A...775635",2650,0,1987,1987,"Vlieland","647",53.29611,5.06619,"BLUE TIT",NA,NA,NA,NA,NA,"",NA,NA,NA,NA,NA,NA,NA,NA,NA,NA,NA,NA,NA,"Unknown"
"A...842679","A...842658","A...775635",2650,0,1987,1987,"Vlieland","647",53.29611,5.06619,"BLUE TIT",NA,NA,NA,NA,NA,"",NA,NA,NA,NA,NA,NA,NA,NA,NA,NA,NA,NA,NA,"Unknown"
"A...900010","A...900001","A...900002",1966,2,1987,1987,"Vlieland","38",53.27053,4.97819,"GREAT TIT",NA,NA,NA,NA,NA,"",NA,NA,NA,NA,NA,NA,NA,NA,NA,NA,NA,NA,NA,"Male"
"A...900011","A...900001","A...900002",1966,2,1987,1987,"Vlieland","38",53.27053,4.97819,"GREAT TIT",NA,NA,NA,NA,NA,"",NA,NA,NA,NA,NA,NA,NA,NA,NA,NA,NA,NA,NA,"Male"
"A...900012","A...900001","A...900002",1966,1,1987,1987,"Vlieland","38",53.27053,4.97819,"GREAT TIT",NA,NA,NA,NA,NA,"",NA,NA,NA,NA,NA,NA,NA,NA,NA,NA,NA,NA,NA,"Female"
"A...900013","A...900001","A...900002",1966,2,1987,1987,"Vlieland","38",53.27053,4.97819,"GREAT TIT",NA,NA,NA,NA,NA,"",NA,NA,NA,NA,NA,NA,NA,NA,NA,NA,NA,NA,NA,"Male"
"A...900359","A...900001","A...900002",1966,2,1987,1987,"Vlieland","38",53.27053,4.97819,"GREAT TIT",NA,NA,NA,NA,NA,"",NA,NA,NA,NA,NA,NA,NA,NA,NA,NA,NA,NA,NA,"Male"
"A...900360","A...900001","A...900002",1966,2,1987,1987,"Vlieland","38",53.27053,4.97819,"GREAT TIT",NA,NA,NA,NA,NA,"",NA,NA,NA,NA,NA,NA,NA,NA,NA,NA,NA,NA,NA,"Male"
"A...900361","A...900001","A...900002",1966,2,1987,1987,"Vlieland","38",53.27053,4.97819,"GREAT TIT",NA,NA,NA,NA,NA,"",NA,NA,NA,NA,NA,NA,NA,NA,NA,NA,NA,NA,NA,"Male"
"A...900362","A...900001","A...900002",1966,2,1987,1987,"Vlieland","38",53.27053,4.97819,"GREAT TIT",NA,NA,NA,NA,NA,"",NA,NA,NA,NA,NA,NA,NA,NA,NA,NA,NA,NA,NA,"Male"
"A...900363","A...900001","A...900002",1966,2,1987,1987,"Vlieland","38",53.27053,4.97819,"GREAT TIT",NA,NA,NA,NA,NA,"",NA,NA,NA,NA,NA,NA,NA,NA,NA,NA,NA,NA,NA,"Male"
"A...900364","A...900001","A...900002",1966,1,1987,1987,"Vlieland","38",53.27053,4.97819,"GREAT TIT",NA,NA,NA,NA,NA,"",NA,NA,NA,NA,NA,NA,NA,NA,NA,NA,NA,NA,NA,"Female"
"A...900626","A...820266","A...820455",6955,2,1987,1987,"Vlieland","930",53.29611,5.06619,"GREAT TIT",NA,NA,NA,NA,NA,"",NA,NA,NA,NA,NA,NA,NA,NA,NA,NA,NA,NA,NA,"Male"
"A...900627","A...820266","A...820455",6955,2,1987,1987,"Vlieland","930",53.29611,5.06619,"GREAT TIT",NA,NA,NA,NA,NA,"",NA,NA,NA,NA,NA,NA,NA,NA,NA,NA,NA,NA,NA,"Male"
"A...900628","A...820266","A...820455",6955,2,1987,1987,"Vlieland","930",53.29611,5.06619,"GREAT TIT",NA,NA,NA,NA,NA,"",NA,NA,NA,NA,NA,NA,NA,NA,NA,NA,NA,NA,NA,"Male"
"A...901722","A...901035",NA,10319,2,1988,1988,"Vlieland","2028",53.30041648,5.074568027,"GREAT TIT",NA,NA,NA,NA,NA,"",NA,NA,NA,NA,NA,NA,NA,NA,NA,NA,NA,NA,NA,"Male"
"A...901723","A...901035",NA,10319,2,1988,1988,"Vlieland","2028",53.30041648,5.074568027,"GREAT TIT",NA,NA,NA,NA,NA,"",NA,NA,NA,NA,NA,NA,NA,NA,NA,NA,NA,NA,NA,"Male"
"A...901724","A...901035",NA,10319,2,1988,1988,"Vlieland","2028",53.30041648,5.074568027,"GREAT TIT",NA,NA,NA,NA,NA,"",NA,NA,NA,NA,NA,NA,NA,NA,NA,NA,NA,NA,NA,"Male"
"A...901725","A...901035",NA,10319,0,1988,1988,"Vlieland","2028",53.30041648,5.074568027,"GREAT TIT",NA,NA,NA,NA,NA,"",NA,NA,NA,NA,NA,NA,NA,NA,NA,NA,NA,NA,NA,"Unknown"
"A...901791","A...821135","A...762197",2654,1,1988,1988,"Vlieland","660",53.29611,5.06619,"GREAT TIT",NA,NA,NA,NA,NA,"",NA,NA,NA,NA,NA,NA,NA,NA,NA,NA,NA,NA,NA,"Female"
"A...901792","A...821135","A...762197",2654,0,1988,1988,"Vlieland","660",53.29611,5.06619,"GREAT TIT",NA,NA,NA,NA,NA,"",NA,NA,NA,NA,NA,NA,NA,NA,NA,NA,NA,NA,NA,"Unknown"
"A...901793","A...821135","A...762197",2654,2,1988,1988,"Vlieland","660",53.29611,5.06619,"GREAT TIT",NA,NA,NA,NA,NA,"",NA,NA,NA,NA,NA,NA,NA,NA,NA,NA,NA,NA,NA,"Male"
"A...901794","A...821135","A...762197",2654,2,1988,1988,"Vlieland","660",53.29611,5.06619,"GREAT TIT",NA,NA,NA,NA,NA,"",NA,NA,NA,NA,NA,NA,NA,NA,NA,NA,NA,NA,NA,"Male"
"A...901795","A...821135","A...762197",2654,2,1988,1988,"Vlieland","660",53.29611,5.06619,"GREAT TIT",NA,NA,NA,NA,NA,"",NA,NA,NA,NA,NA,NA,NA,NA,NA,NA,NA,NA,NA,"Male"
"A...901796","A...821135","A...762197",2654,2,1988,1988,"Vlieland","660",53.29611,5.06619,"GREAT TIT",NA,NA,NA,NA,NA,"",NA,NA,NA,NA,NA,NA,NA,NA,NA,NA,NA,NA,NA,"Male"
"A...901797","A...821135","A...762197",2654,1,1988,1988,"Vlieland","660",53.29611,5.06619,"GREAT TIT",NA,NA,NA,NA,NA,"",NA,NA,NA,NA,NA,NA,NA,NA,NA,NA,NA,NA,NA,"Female"
"A...901798","A...821135","A...762197",2654,1,1988,1988,"Vlieland","660",53.29611,5.06619,"GREAT TIT",NA,NA,NA,NA,NA,"",NA,NA,NA,NA,NA,NA,NA,NA,NA,NA,NA,NA,NA,"Female"
"A...904326","A...773262","A...817170",2482,1,1987,1987,"Vlieland","782",53.30207,5.06711,"GREAT TIT",NA,NA,NA,NA,NA,"",NA,NA,NA,NA,NA,NA,NA,NA,NA,NA,NA,NA,NA,"Female"
"A...904327","A...773262","A...817170",2482,1,1987,1987,"Vlieland","782",53.30207,5.06711,"GREAT TIT",NA,NA,NA,NA,NA,"",NA,NA,NA,NA,NA,NA,NA,NA,NA,NA,NA,NA,NA,"Female"
"A...904328","A...773262","A...817170",2482,2,1987,1987,"Vlieland","782",53.30207,5.06711,"GREAT TIT",NA,NA,NA,NA,NA,"",NA,NA,NA,NA,NA,NA,NA,NA,NA,NA,NA,NA,NA,"Male"
"A...904329","A...773262","A...817170",2482,2,1987,1987,"Vlieland","782",53.30207,5.06711,"GREAT TIT",NA,NA,NA,NA,NA,"",NA,NA,NA,NA,NA,NA,NA,NA,NA,NA,NA,NA,NA,"Male"
"A...904330","A...773262","A...817170",2482,1,1987,1987,"Vlieland","782",53.30207,5.06711,"GREAT TIT",NA,NA,NA,NA,NA,"",NA,NA,NA,NA,NA,NA,NA,NA,NA,NA,NA,NA,NA,"Female"
"A...904331","A...773262","A...817170",2482,0,1987,1987,"Vlieland","782",53.30207,5.06711,"GREAT TIT",NA,NA,NA,NA,NA,"",NA,NA,NA,NA,NA,NA,NA,NA,NA,NA,NA,NA,NA,"Unknown"
"A...904332","A...773262","A...817170",2482,2,1987,1987,"Vlieland","782",53.30207,5.06711,"GREAT TIT",NA,NA,NA,NA,NA,"",NA,NA,NA,NA,NA,NA,NA,NA,NA,NA,NA,NA,NA,"Male"
"A...904333","A...773262","A...817170",2482,2,1987,1987,"Vlieland","782",53.30207,5.06711,"GREAT TIT",NA,NA,NA,NA,NA,"",NA,NA,NA,NA,NA,NA,NA,NA,NA,NA,NA,NA,NA,"Male"
"A...904334","A...773262","A...817170",2482,0,1987,1987,"Vlieland","782",53.30207,5.06711,"GREAT TIT",NA,NA,NA,NA,NA,"",NA,NA,NA,NA,NA,NA,NA,NA,NA,NA,NA,NA,NA,"Unknown"
"A...905083",NA,NA,1967,0,1987,1987,"Vlieland","39",53.270012,4.973725,"BLUE TIT",NA,NA,NA,NA,NA,"",NA,NA,NA,NA,NA,NA,NA,NA,NA,NA,NA,NA,NA,"Unknown"
"A...905084",NA,NA,1967,0,1987,1987,"Vlieland","39",53.270012,4.973725,"BLUE TIT",NA,NA,NA,NA,NA,"",NA,NA,NA,NA,NA,NA,NA,NA,NA,NA,NA,NA,NA,"Unknown"
"A...905085",NA,NA,1967,0,1987,1987,"Vlieland","39",53.270012,4.973725,"BLUE TIT",NA,NA,NA,NA,NA,"",NA,NA,NA,NA,NA,NA,NA,NA,NA,NA,NA,NA,NA,"Unknown"
"A...905086",NA,NA,1967,0,1987,1987,"Vlieland","39",53.270012,4.973725,"BLUE TIT",NA,NA,NA,NA,NA,"",NA,NA,NA,NA,NA,NA,NA,NA,NA,NA,NA,NA,NA,"Unknown"
"A...905087",NA,NA,1967,0,1987,1987,"Vlieland","39",53.270012,4.973725,"BLUE TIT",NA,NA,NA,NA,NA,"",NA,NA,NA,NA,NA,NA,NA,NA,NA,NA,NA,NA,NA,"Unknown"
"A...905088",NA,NA,1967,0,1987,1987,"Vlieland","39",53.270012,4.973725,"BLUE TIT",NA,NA,NA,NA,NA,"",NA,NA,NA,NA,NA,NA,NA,NA,NA,NA,NA,NA,NA,"Unknown"
"A...905089",NA,NA,1967,0,1987,1987,"Vlieland","39",53.270012,4.973725,"BLUE TIT",NA,NA,NA,NA,NA,"",NA,NA,NA,NA,NA,NA,NA,NA,NA,NA,NA,NA,NA,"Unknown"
"A...905090",NA,NA,1967,0,1987,1987,"Vlieland","39",53.270012,4.973725,"BLUE TIT",NA,NA,NA,NA,NA,"",NA,NA,NA,NA,NA,NA,NA,NA,NA,NA,NA,NA,NA,"Unknown"
"A...905091",NA,NA,1967,0,1987,1987,"Vlieland","39",53.270012,4.973725,"BLUE TIT",NA,NA,NA,NA,NA,"",NA,NA,NA,NA,NA,NA,NA,NA,NA,NA,NA,NA,NA,"Unknown"
"A...971284","A...842819","A...842381",6957,2,1988,1988,"Vlieland","932",53.300635,5.04857,"GREAT TIT",NA,NA,NA,NA,NA,"",NA,NA,NA,NA,NA,NA,NA,NA,NA,NA,NA,NA,NA,"Male"
"A...971285","A...842819","A...842381",6957,0,1988,1988,"Vlieland","932",53.300635,5.04857,"GREAT TIT",NA,NA,NA,NA,NA,"",NA,NA,NA,NA,NA,NA,NA,NA,NA,NA,NA,NA,NA,"Unknown"
"A...971286","A...842819","A...842381",6957,0,1988,1988,"Vlieland","932",53.300635,5.04857,"GREAT TIT",NA,NA,NA,NA,NA,"",NA,NA,NA,NA,NA,NA,NA,NA,NA,NA,NA,NA,NA,"Unknown"
"AA...84439",NA,NA,2693,1,1998,1998,"Vlieland","739",53.29611,5.06619,"GREAT TIT",NA,NA,NA,NA,NA,"",NA,NA,NA,NA,NA,NA,NA,NA,NA,NA,NA,NA,NA,"Female"
"AA...84440",NA,NA,2693,1,1998,1998,"Vlieland","739",53.29611,5.06619,"GREAT TIT",NA,NA,NA,NA,NA,"",NA,NA,NA,NA,NA,NA,NA,NA,NA,NA,NA,NA,NA,"Female"
"AA...84441",NA,NA,2693,2,1998,1998,"Vlieland","739",53.29611,5.06619,"GREAT TIT",NA,NA,NA,NA,NA,"",NA,NA,NA,NA,NA,NA,NA,NA,NA,NA,NA,NA,NA,"Male"
"AA...84442",NA,NA,58690,2,1998,1998,"Vlieland","739",53.29611,5.06619,"GREAT TIT",NA,NA,NA,NA,NA,"",NA,NA,NA,NA,NA,NA,NA,NA,NA,NA,NA,NA,NA,"Male"
"AA...84591",NA,NA,2371,0,1999,1999,"Vlieland","622",53.30207,5.06711,"BLUE TIT",NA,NA,NA,NA,NA,"",NA,NA,NA,NA,NA,NA,NA,NA,NA,NA,NA,NA,NA,"Unknown"
"AA...84592",NA,NA,2371,0,1999,1999,"Vlieland","622",53.30207,5.06711,"BLUE TIT",NA,NA,NA,NA,NA,"",NA,NA,NA,NA,NA,NA,NA,NA,NA,NA,NA,NA,NA,"Unknown"
"AA...84593",NA,NA,2371,0,1999,1999,"Vlieland","622",53.30207,5.06711,"BLUE TIT",NA,NA,NA,NA,NA,"",NA,NA,NA,NA,NA,NA,NA,NA,NA,NA,NA,NA,NA,"Unknown"
"AA...84594",NA,NA,2371,0,1999,1999,"Vlieland","622",53.30207,5.06711,"BLUE TIT",NA,NA,NA,NA,NA,"",NA,NA,NA,NA,NA,NA,NA,NA,NA,NA,NA,NA,NA,"Unknown"
"AA...84595",NA,NA,2371,0,1999,1999,"Vlieland","622",53.30207,5.06711,"BLUE TIT",NA,NA,NA,NA,NA,"",NA,NA,NA,NA,NA,NA,NA,NA,NA,NA,NA,NA,NA,"Unknown"
"AA...84596",NA,NA,2371,0,1999,1999,"Vlieland","622",53.30207,5.06711,"BLUE TIT",NA,NA,NA,NA,NA,"",NA,NA,NA,NA,NA,NA,NA,NA,NA,NA,NA,NA,NA,"Unknown"
"AA...84597",NA,NA,2371,0,1999,1999,"Vlieland","622",53.30207,5.06711,"BLUE TIT",NA,NA,NA,NA,NA,"",NA,NA,NA,NA,NA,NA,NA,NA,NA,NA,NA,NA,NA,"Unknown"
"AA...89281","F...802724","F...800897",6194,0,1998,1998,"Vlieland","822",53.29611,5.06619,"BLUE TIT",NA,NA,NA,NA,NA,"",NA,NA,NA,NA,NA,NA,NA,NA,NA,NA,NA,NA,NA,"Unknown"
"AA...89282","F...802724","F...800897",6194,0,1998,1998,"Vlieland","822",53.29611,5.06619,"BLUE TIT",NA,NA,NA,NA,NA,"",NA,NA,NA,NA,NA,NA,NA,NA,NA,NA,NA,NA,NA,"Unknown"
"AA...90042","F...800996","F...802305",6701,1,1998,1998,"Vlieland","890",53.29611,5.06619,"GREAT TIT",NA,NA,NA,NA,NA,"",NA,NA,NA,NA,NA,NA,NA,NA,NA,NA,NA,NA,NA,"Female"
"AA...90043","F...800996","F...802305",6701,1,1998,1998,"Vlieland","890",53.29611,5.06619,"GREAT TIT",NA,NA,NA,NA,NA,"",NA,NA,NA,NA,NA,NA,NA,NA,NA,NA,NA,NA,NA,"Female"
"AA...90044","F...800996","F...802305",6701,1,1998,1998,"Vlieland","890",53.29611,5.06619,"GREAT TIT",NA,NA,NA,NA,NA,"",NA,NA,NA,NA,NA,NA,NA,NA,NA,NA,NA,NA,NA,"Female"
"AA...90045","F...800996","F...802305",6701,1,1998,1998,"Vlieland","890",53.29611,5.06619,"GREAT TIT",NA,NA,NA,NA,NA,"",NA,NA,NA,NA,NA,NA,NA,NA,NA,NA,NA,NA,NA,"Female"
"AA...90046","F...800996","F...802305",6701,1,1998,1998,"Vlieland","890",53.29611,5.06619,"GREAT TIT",NA,NA,NA,NA,NA,"",NA,NA,NA,NA,NA,NA,NA,NA,NA,NA,NA,NA,NA,"Female"
"AA...90318","F...802306","F...799289",6845,2,1998,1998,"Vlieland","910",53.29611,5.06619,"GREAT TIT",NA,NA,NA,NA,NA,"",NA,NA,NA,NA,NA,NA,NA,NA,NA,NA,NA,NA,NA,"Male"
"AA...90319","F...802306","F...799289",6845,1,1998,1998,"Vlieland","910",53.29611,5.06619,"GREAT TIT",NA,NA,NA,NA,NA,"",NA,NA,NA,NA,NA,NA,NA,NA,NA,NA,NA,NA,NA,"Female"
"AA...90320","F...802306","F...799289",6845,2,1998,1998,"Vlieland","910",53.29611,5.06619,"GREAT TIT",NA,NA,NA,NA,NA,"",NA,NA,NA,NA,NA,NA,NA,NA,NA,NA,NA,NA,NA,"Male"
"AA...90321","F...802306","F...799289",6845,2,1998,1998,"Vlieland","910",53.29611,5.06619,"GREAT TIT",NA,NA,NA,NA,NA,"",NA,NA,NA,NA,NA,NA,NA,NA,NA,NA,NA,NA,NA,"Male"
"AA...90322","F...802306","F...799289",6845,2,1998,1998,"Vlieland","910",53.29611,5.06619,"GREAT TIT",NA,NA,NA,NA,NA,"",NA,NA,NA,NA,NA,NA,NA,NA,NA,NA,NA,NA,NA,"Male"
"AA...90323","F...802306","F...799289",6845,2,1998,1998,"Vlieland","910",53.29611,5.06619,"GREAT TIT",NA,NA,NA,NA,NA,"",NA,NA,NA,NA,NA,NA,NA,NA,NA,NA,NA,NA,NA,"Male"
"AA...90324","F...802306","F...799289",6845,1,1998,1998,"Vlieland","910",53.29611,5.06619,"GREAT TIT",NA,NA,NA,NA,NA,"",NA,NA,NA,NA,NA,NA,NA,NA,NA,NA,NA,NA,NA,"Female"
"AA...90325","F...802306","F...799289",6845,1,1998,1998,"Vlieland","910",53.29611,5.06619,"GREAT TIT",NA,NA,NA,NA,NA,"",NA,NA,NA,NA,NA,NA,NA,NA,NA,NA,NA,NA,NA,"Female"
"AA...90326","F...802306","F...799289",6845,1,1998,1998,"Vlieland","910",53.29611,5.06619,"GREAT TIT",NA,NA,NA,NA,NA,"",NA,NA,NA,NA,NA,NA,NA,NA,NA,NA,NA,NA,NA,"Female"
"AA...90327","F...802306","F...799289",6845,2,1998,1998,"Vlieland","910",53.29611,5.06619,"GREAT TIT",NA,NA,NA,NA,NA,"",NA,NA,NA,NA,NA,NA,NA,NA,NA,NA,NA,NA,NA,"Male"
"AA...90328","F...802306","F...799289",6845,2,1998,1998,"Vlieland","910",53.29611,5.06619,"GREAT TIT",NA,NA,NA,NA,NA,"",NA,NA,NA,NA,NA,NA,NA,NA,NA,NA,NA,NA,NA,"Male"
"AA...92263","AA...92153","F...837550",2543,0,1999,1999,"Vlieland","-81",53.29611,5.06619,"GREAT TIT",NA,NA,NA,NA,NA,"",NA,NA,NA,NA,NA,NA,NA,NA,NA,NA,NA,NA,NA,"Unknown"
"AA...92264","AA...92153","F...837550",2543,0,1999,1999,"Vlieland","-81",53.29611,5.06619,"GREAT TIT",NA,NA,NA,NA,NA,"",NA,NA,NA,NA,NA,NA,NA,NA,NA,NA,NA,NA,NA,"Unknown"
"AA...92265","AA...92153","F...837550",2543,0,1999,1999,"Vlieland","-81",53.29611,5.06619,"GREAT TIT",NA,NA,NA,NA,NA,"",NA,NA,NA,NA,NA,NA,NA,NA,NA,NA,NA,NA,NA,"Unknown"
"AA...92266","AA...92153","F...837550",2543,0,1999,1999,"Vlieland","-81",53.29611,5.06619,"GREAT TIT",NA,NA,NA,NA,NA,"",NA,NA,NA,NA,NA,NA,NA,NA,NA,NA,NA,NA,NA,"Unknown"
"AA...92267","AA...92153","F...837550",2543,0,1999,1999,"Vlieland","-81",53.29611,5.06619,"GREAT TIT",NA,NA,NA,NA,NA,"",NA,NA,NA,NA,NA,NA,NA,NA,NA,NA,NA,NA,NA,"Unknown"
"AA...92268","AA...92153","F...837550",2543,0,1999,1999,"Vlieland","-81",53.29611,5.06619,"GREAT TIT",NA,NA,NA,NA,NA,"",NA,NA,NA,NA,NA,NA,NA,NA,NA,NA,NA,NA,NA,"Unknown"
"AA...92269","AA...92153","F...837550",2543,1,1999,1999,"Vlieland","-81",53.29611,5.06619,"GREAT TIT","wh bl - ye al","white","blue","yellow","metal","white-blue-yellow-metal",NA,NA,NA,NA,NA,NA,NA,NA,NA,NA,NA,NA,NA,"Female"
"AA...92337",NA,NA,2699,0,1999,1999,"Vlieland","747",53.29611,5.06619,"BLUE TIT",NA,NA,NA,NA,NA,"",NA,NA,NA,NA,NA,NA,NA,NA,NA,NA,NA,NA,NA,"Unknown"
"AA...92338",NA,NA,2699,0,1999,1999,"Vlieland","747",53.29611,5.06619,"BLUE TIT",NA,NA,NA,NA,NA,"",NA,NA,NA,NA,NA,NA,NA,NA,NA,NA,NA,NA,NA,"Unknown"
"AA...92339",NA,NA,2699,0,1999,1999,"Vlieland","747",53.29611,5.06619,"BLUE TIT",NA,NA,NA,NA,NA,"",NA,NA,NA,NA,NA,NA,NA,NA,NA,NA,NA,NA,NA,"Unknown"
"AA...92340",NA,NA,2699,0,1999,1999,"Vlieland","747",53.29611,5.06619,"BLUE TIT",NA,NA,NA,NA,NA,"",NA,NA,NA,NA,NA,NA,NA,NA,NA,NA,NA,NA,NA,"Unknown"
"AA...92341",NA,NA,2699,0,1999,1999,"Vlieland","747",53.29611,5.06619,"BLUE TIT",NA,NA,NA,NA,NA,"",NA,NA,NA,NA,NA,NA,NA,NA,NA,NA,NA,NA,NA,"Unknown"
"AA...92342",NA,NA,2699,0,1999,1999,"Vlieland","747",53.29611,5.06619,"BLUE TIT",NA,NA,NA,NA,NA,"",NA,NA,NA,NA,NA,NA,NA,NA,NA,NA,NA,NA,NA,"Unknown"
"AA...92343",NA,NA,2699,0,1999,1999,"Vlieland","747",53.29611,5.06619,"BLUE TIT",NA,NA,NA,NA,NA,"",NA,NA,NA,NA,NA,NA,NA,NA,NA,NA,NA,NA,NA,"Unknown"
"AA...92344",NA,NA,2699,0,1999,1999,"Vlieland","747",53.29611,5.06619,"BLUE TIT",NA,NA,NA,NA,NA,"",NA,NA,NA,NA,NA,NA,NA,NA,NA,NA,NA,NA,NA,"Unknown"
"AA...92345",NA,NA,2699,0,1999,1999,"Vlieland","747",53.29611,5.06619,"BLUE TIT",NA,NA,NA,NA,NA,"",NA,NA,NA,NA,NA,NA,NA,NA,NA,NA,NA,NA,NA,"Unknown"
"AA...92375",NA,NA,2369,0,1999,1999,"Vlieland","618",53.30105,5.07708,"BLUE TIT",NA,NA,NA,NA,NA,"",NA,NA,NA,NA,NA,NA,NA,NA,NA,NA,NA,NA,NA,"Unknown"
"AA...92376",NA,NA,2369,0,1999,1999,"Vlieland","618",53.30105,5.07708,"BLUE TIT",NA,NA,NA,NA,NA,"",NA,NA,NA,NA,NA,NA,NA,NA,NA,NA,NA,NA,NA,"Unknown"
"AA...92377",NA,NA,2369,0,1999,1999,"Vlieland","618",53.30105,5.07708,"BLUE TIT",NA,NA,NA,NA,NA,"",NA,NA,NA,NA,NA,NA,NA,NA,NA,NA,NA,NA,NA,"Unknown"
"AA...92378",NA,NA,2369,0,1999,1999,"Vlieland","618",53.30105,5.07708,"BLUE TIT",NA,NA,NA,NA,NA,"",NA,NA,NA,NA,NA,NA,NA,NA,NA,NA,NA,NA,NA,"Unknown"
"AA...92379",NA,NA,2369,0,1999,1999,"Vlieland","618",53.30105,5.07708,"BLUE TIT",NA,NA,NA,NA,NA,"",NA,NA,NA,NA,NA,NA,NA,NA,NA,NA,NA,NA,NA,"Unknown"
"AA...92380",NA,NA,2369,0,1999,1999,"Vlieland","618",53.30105,5.07708,"BLUE TIT",NA,NA,NA,NA,NA,"",NA,NA,NA,NA,NA,NA,NA,NA,NA,NA,NA,NA,NA,"Unknown"
"AA...92381",NA,NA,2369,0,1999,1999,"Vlieland","618",53.30105,5.07708,"BLUE TIT",NA,NA,NA,NA,NA,"",NA,NA,NA,NA,NA,NA,NA,NA,NA,NA,NA,NA,NA,"Unknown"
"AA...92382",NA,NA,2369,0,1999,1999,"Vlieland","618",53.30105,5.07708,"BLUE TIT",NA,NA,NA,NA,NA,"",NA,NA,NA,NA,NA,NA,NA,NA,NA,NA,NA,NA,NA,"Unknown"
"AA...92460",NA,NA,2025,0,1999,1999,"Vlieland","119",53.27509,4.99745,"BLUE TIT",NA,NA,NA,NA,NA,"",NA,NA,NA,NA,NA,NA,NA,NA,NA,NA,NA,NA,NA,"Unknown"
"AA...92461",NA,NA,2025,0,1999,1999,"Vlieland","119",53.27509,4.99745,"BLUE TIT",NA,NA,NA,NA,NA,"",NA,NA,NA,NA,NA,NA,NA,NA,NA,NA,NA,NA,NA,"Unknown"
"AA...92462",NA,NA,2025,0,1999,1999,"Vlieland","119",53.27509,4.99745,"BLUE TIT",NA,NA,NA,NA,NA,"",NA,NA,NA,NA,NA,NA,NA,NA,NA,NA,NA,NA,NA,"Unknown"
"AA...92463",NA,NA,2025,0,1999,1999,"Vlieland","119",53.27509,4.99745,"BLUE TIT",NA,NA,NA,NA,NA,"",NA,NA,NA,NA,NA,NA,NA,NA,NA,NA,NA,NA,NA,"Unknown"
"AA...92464",NA,NA,2025,0,1999,1999,"Vlieland","119",53.27509,4.99745,"BLUE TIT",NA,NA,NA,NA,NA,"",NA,NA,NA,NA,NA,NA,NA,NA,NA,NA,NA,NA,NA,"Unknown"
"AA...92465",NA,NA,2025,0,1999,1999,"Vlieland","119",53.27509,4.99745,"BLUE TIT",NA,NA,NA,NA,NA,"",NA,NA,NA,NA,NA,NA,NA,NA,NA,NA,NA,NA,NA,"Unknown"
"AA...92466",NA,NA,2025,0,1999,1999,"Vlieland","119",53.27509,4.99745,"BLUE TIT",NA,NA,NA,NA,NA,"",NA,NA,NA,NA,NA,NA,NA,NA,NA,NA,NA,NA,NA,"Unknown"
"AA...92467",NA,NA,2025,0,1999,1999,"Vlieland","119",53.27509,4.99745,"BLUE TIT",NA,NA,NA,NA,NA,"",NA,NA,NA,NA,NA,NA,NA,NA,NA,NA,NA,NA,NA,"Unknown"
"AA...92468",NA,NA,2025,0,1999,1999,"Vlieland","119",53.27509,4.99745,"BLUE TIT",NA,NA,NA,NA,NA,"",NA,NA,NA,NA,NA,NA,NA,NA,NA,NA,NA,NA,NA,"Unknown"
"AA...92469",NA,NA,2025,0,1999,1999,"Vlieland","119",53.27509,4.99745,"BLUE TIT",NA,NA,NA,NA,NA,"",NA,NA,NA,NA,NA,NA,NA,NA,NA,NA,NA,NA,NA,"Unknown"
"AA...92470",NA,NA,2025,0,1999,1999,"Vlieland","119",53.27509,4.99745,"BLUE TIT",NA,NA,NA,NA,NA,"",NA,NA,NA,NA,NA,NA,NA,NA,NA,NA,NA,NA,NA,"Unknown"
"AA...97694","AA...97693","AA...97374",6853,0,1999,1999,"Vlieland","918",53.29611,5.06619,"BLUE TIT",NA,NA,NA,NA,NA,"",NA,NA,NA,NA,NA,NA,NA,NA,NA,NA,NA,NA,NA,"Unknown"
"AA...97695","AA...97693","AA...97374",6853,0,1999,1999,"Vlieland","918",53.29611,5.06619,"BLUE TIT",NA,NA,NA,NA,NA,"",NA,NA,NA,NA,NA,NA,NA,NA,NA,NA,NA,NA,NA,"Unknown"
"AA...97696","AA...97693","AA...97374",6853,0,1999,1999,"Vlieland","918",53.29611,5.06619,"BLUE TIT",NA,NA,NA,NA,NA,"",NA,NA,NA,NA,NA,NA,NA,NA,NA,NA,NA,NA,NA,"Unknown"
"AA...97697","AA...97693","AA...97374",6853,0,1999,1999,"Vlieland","918",53.29611,5.06619,"BLUE TIT",NA,NA,NA,NA,NA,"",NA,NA,NA,NA,NA,NA,NA,NA,NA,NA,NA,NA,NA,"Unknown"
"AA...97698","AA...97693","AA...97374",6853,0,1999,1999,"Vlieland","918",53.29611,5.06619,"BLUE TIT",NA,NA,NA,NA,NA,"",NA,NA,NA,NA,NA,NA,NA,NA,NA,NA,NA,NA,NA,"Unknown"
"AA...97699","AA...97693","AA...97374",6853,0,1999,1999,"Vlieland","918",53.29611,5.06619,"BLUE TIT",NA,NA,NA,NA,NA,"",NA,NA,NA,NA,NA,NA,NA,NA,NA,NA,NA,NA,NA,"Unknown"
"AA...97700","AA...97693","AA...97374",6853,0,1999,1999,"Vlieland","918",53.29611,5.06619,"BLUE TIT",NA,NA,NA,NA,NA,"",NA,NA,NA,NA,NA,NA,NA,NA,NA,NA,NA,NA,NA,"Unknown"
"AA...97701","AA...97693","AA...97374",6853,2,1999,1999,"Vlieland","918",53.29611,5.06619,"BLUE TIT",NA,NA,NA,NA,NA,"",2,2,2000,2001,1,12.5,12,13,25,NA,NA,5551.77524872567,6263.29548891403,"Male"
"AA...97702","AA...97693","AA...97374",6853,2,1999,1999,"Vlieland","918",53.29611,5.06619,"BLUE TIT",NA,NA,NA,NA,NA,"",1,1,2000,2000,0,14,14,14,14,NA,NA,0,0,"Male"
"AA...97703","AA...97693","AA...97374",6853,0,1999,1999,"Vlieland","918",53.29611,5.06619,"BLUE TIT",NA,NA,NA,NA,NA,"",NA,NA,NA,NA,NA,NA,NA,NA,NA,NA,NA,NA,NA,"Unknown"
"AA...97704","AA...97693","AA...97374",6853,0,1999,1999,"Vlieland","918",53.29611,5.06619,"BLUE TIT",NA,NA,NA,NA,NA,"",NA,NA,NA,NA,NA,NA,NA,NA,NA,NA,NA,NA,NA,"Unknown"
"AA...97796","F...741458","F...999793",2370,0,1999,1999,"Vlieland","621",53.301172,5.083878,"BLUE TIT",NA,NA,NA,NA,NA,"",NA,NA,NA,NA,NA,NA,NA,NA,NA,NA,NA,NA,NA,"Unknown"
"AA...97797","F...741458","F...999793",2370,2,1999,1999,"Vlieland","621",53.301172,5.083878,"BLUE TIT",NA,NA,NA,NA,NA,"",NA,NA,NA,NA,NA,NA,NA,NA,NA,NA,NA,NA,NA,"Male"
"AA...97798","F...741458","F...999793",2370,0,1999,1999,"Vlieland","621",53.301172,5.083878,"BLUE TIT",NA,NA,NA,NA,NA,"",NA,NA,NA,NA,NA,NA,NA,NA,NA,NA,NA,NA,NA,"Unknown"
"AA...97799","F...741458","F...999793",2370,1,1999,1999,"Vlieland","621",53.301172,5.083878,"BLUE TIT",NA,NA,NA,NA,NA,"",1,1,2000,2000,0,13,13,13,13,NA,NA,5216.20229804394,5216.20229804394,"Female"
"AA...97800","F...741458","F...999793",2370,0,1999,1999,"Vlieland","621",53.301172,5.083878,"BLUE TIT",NA,NA,NA,NA,NA,"",NA,NA,NA,NA,NA,NA,NA,NA,NA,NA,NA,NA,NA,"Unknown"
"AA...97801","F...741458","F...999793",2370,0,1999,1999,"Vlieland","621",53.301172,5.083878,"BLUE TIT",NA,NA,NA,NA,NA,"",NA,NA,NA,NA,NA,NA,NA,NA,NA,NA,NA,NA,NA,"Unknown"
"AA...97802","F...741458","F...999793",2370,0,1999,1999,"Vlieland","621",53.301172,5.083878,"BLUE TIT",NA,NA,NA,NA,NA,"",NA,NA,NA,NA,NA,NA,NA,NA,NA,NA,NA,NA,NA,"Unknown"
"AA...97803","F...741458","F...999793",2370,0,1999,1999,"Vlieland","621",53.301172,5.083878,"BLUE TIT",NA,NA,NA,NA,NA,"",NA,NA,NA,NA,NA,NA,NA,NA,NA,NA,NA,NA,NA,"Unknown"
"AA...97804","F...741458","F...999793",2370,0,1999,1999,"Vlieland","621",53.301172,5.083878,"BLUE TIT",NA,NA,NA,NA,NA,"",NA,NA,NA,NA,NA,NA,NA,NA,NA,NA,NA,NA,NA,"Unknown"
"AA...97805","F...741458","F...999793",2370,2,1999,1999,"Vlieland","621",53.301172,5.083878,"BLUE TIT",NA,NA,NA,NA,NA,"",NA,NA,NA,NA,NA,NA,NA,NA,NA,NA,NA,NA,NA,"Male"
"AA...97806","F...741458","F...999793",2370,2,1999,1999,"Vlieland","621",53.301172,5.083878,"BLUE TIT",NA,NA,NA,NA,NA,"",NA,NA,NA,NA,NA,NA,NA,NA,NA,NA,NA,NA,NA,"Male"
"AB...53104","F...947486","F...947485",2550,0,2000,2000,"Vlieland","-70",53.29611,5.06619,"BLUE TIT",NA,NA,NA,NA,NA,"",NA,NA,NA,NA,NA,NA,NA,NA,NA,NA,NA,NA,NA,"Unknown"
"AB...53105","F...947486","F...947485",2550,0,2000,2000,"Vlieland","-70",53.29611,5.06619,"BLUE TIT",NA,NA,NA,NA,NA,"",NA,NA,NA,NA,NA,NA,NA,NA,NA,NA,NA,NA,NA,"Unknown"
"AB...53106","F...947486","F...947485",2550,0,2000,2000,"Vlieland","-70",53.29611,5.06619,"BLUE TIT",NA,NA,NA,NA,NA,"",NA,NA,NA,NA,NA,NA,NA,NA,NA,NA,NA,NA,NA,"Unknown"
"AB...53107","F...947486","F...947485",2550,0,2000,2000,"Vlieland","-70",53.29611,5.06619,"BLUE TIT",NA,NA,NA,NA,NA,"",NA,NA,NA,NA,NA,NA,NA,NA,NA,NA,NA,NA,NA,"Unknown"
"AB...53108","F...947486","F...947485",2550,0,2000,2000,"Vlieland","-70",53.29611,5.06619,"BLUE TIT",NA,NA,NA,NA,NA,"",NA,NA,NA,NA,NA,NA,NA,NA,NA,NA,NA,NA,NA,"Unknown"
"AB...53109","F...947486","F...947485",2550,0,2000,2000,"Vlieland","-70",53.29611,5.06619,"BLUE TIT",NA,NA,NA,NA,NA,"",NA,NA,NA,NA,NA,NA,NA,NA,NA,NA,NA,NA,NA,"Unknown"
"AB...53110","F...947486","F...947485",2550,0,2000,2000,"Vlieland","-70",53.29611,5.06619,"BLUE TIT",NA,NA,NA,NA,NA,"",NA,NA,NA,NA,NA,NA,NA,NA,NA,NA,NA,NA,NA,"Unknown"
"AB...53111","F...947486","F...947485",2550,0,2000,2000,"Vlieland","-70",53.29611,5.06619,"BLUE TIT",NA,NA,NA,NA,NA,"",NA,NA,NA,NA,NA,NA,NA,NA,NA,NA,NA,NA,NA,"Unknown"
"AB...53112","F...947486","F...947485",2550,0,2000,2000,"Vlieland","-70",53.29611,5.06619,"BLUE TIT",NA,NA,NA,NA,NA,"",NA,NA,NA,NA,NA,NA,NA,NA,NA,NA,NA,NA,NA,"Unknown"
"AB...53113","F...947486","F...947485",2550,0,2000,2000,"Vlieland","-70",53.29611,5.06619,"BLUE TIT",NA,NA,NA,NA,NA,"",NA,NA,NA,NA,NA,NA,NA,NA,NA,NA,NA,NA,NA,"Unknown"
"AB...53114","F...947486","F...947485",2550,0,2000,2000,"Vlieland","-70",53.29611,5.06619,"BLUE TIT",NA,NA,NA,NA,NA,"",NA,NA,NA,NA,NA,NA,NA,NA,NA,NA,NA,NA,NA,"Unknown"
"AB...53137","F...946249","F...946469",6199,0,2000,2000,"Vlieland","814",53.26087,4.95874,"GREAT TIT",NA,NA,NA,NA,NA,"",NA,NA,NA,NA,NA,NA,NA,NA,NA,NA,NA,NA,NA,"Unknown"
"AB...53138","F...946249","F...946469",6199,0,2000,2000,"Vlieland","814",53.26087,4.95874,"GREAT TIT",NA,NA,NA,NA,NA,"",NA,NA,NA,NA,NA,NA,NA,NA,NA,NA,NA,NA,NA,"Unknown"
"AB...53139","F...946249","F...946469",6199,0,2000,2000,"Vlieland","814",53.26087,4.95874,"GREAT TIT",NA,NA,NA,NA,NA,"",NA,NA,NA,NA,NA,NA,NA,NA,NA,NA,NA,NA,NA,"Unknown"
"AB...53140","F...946249","F...946469",6199,0,2000,2000,"Vlieland","814",53.26087,4.95874,"GREAT TIT",NA,NA,NA,NA,NA,"",NA,NA,NA,NA,NA,NA,NA,NA,NA,NA,NA,NA,NA,"Unknown"
"AB...53141","F...946249","F...946469",6199,0,2000,2000,"Vlieland","814",53.26087,4.95874,"GREAT TIT",NA,NA,NA,NA,NA,"",NA,NA,NA,NA,NA,NA,NA,NA,NA,NA,NA,NA,NA,"Unknown"
"AB...53142","F...946249","F...946469",6199,0,2000,2000,"Vlieland","814",53.26087,4.95874,"GREAT TIT",NA,NA,NA,NA,NA,"",NA,NA,NA,NA,NA,NA,NA,NA,NA,NA,NA,NA,NA,"Unknown"
"AB...53143","F...946249","F...946469",6199,0,2000,2000,"Vlieland","814",53.26087,4.95874,"GREAT TIT",NA,NA,NA,NA,NA,"",NA,NA,NA,NA,NA,NA,NA,NA,NA,NA,NA,NA,NA,"Unknown"
"AB...53144","F...946249","F...946469",6199,0,2000,2000,"Vlieland","814",53.26087,4.95874,"GREAT TIT",NA,NA,NA,NA,NA,"",NA,NA,NA,NA,NA,NA,NA,NA,NA,NA,NA,NA,NA,"Unknown"
"AB...53145","F...946249","F...946469",6199,0,2000,2000,"Vlieland","814",53.26087,4.95874,"GREAT TIT",NA,NA,NA,NA,NA,"",NA,NA,NA,NA,NA,NA,NA,NA,NA,NA,NA,NA,NA,"Unknown"
"AB...53419","AB...53398",NA,2197,0,2000,2000,"Vlieland","",53.30207,5.06711,"GREAT TIT",NA,NA,NA,NA,NA,"",NA,NA,NA,NA,NA,NA,NA,NA,NA,NA,NA,NA,NA,"Unknown"
"AB...53420","AB...53398",NA,2197,0,2000,2000,"Vlieland","",53.30207,5.06711,"GREAT TIT",NA,NA,NA,NA,NA,"",NA,NA,NA,NA,NA,NA,NA,NA,NA,NA,NA,NA,NA,"Unknown"
"AB...53421","AB...53398",NA,2197,0,2000,2000,"Vlieland","",53.30207,5.06711,"GREAT TIT",NA,NA,NA,NA,NA,"",NA,NA,NA,NA,NA,NA,NA,NA,NA,NA,NA,NA,NA,"Unknown"
"AB...53422","AB...53398",NA,2197,0,2000,2000,"Vlieland","",53.30207,5.06711,"GREAT TIT",NA,NA,NA,NA,NA,"",NA,NA,NA,NA,NA,NA,NA,NA,NA,NA,NA,NA,NA,"Unknown"
"AB...53423","AB...53398",NA,2197,0,2000,2000,"Vlieland","",53.30207,5.06711,"GREAT TIT",NA,NA,NA,NA,NA,"",NA,NA,NA,NA,NA,NA,NA,NA,NA,NA,NA,NA,NA,"Unknown"
"AB...53424","AB...53398",NA,2197,0,2000,2000,"Vlieland","",53.30207,5.06711,"GREAT TIT",NA,NA,NA,NA,NA,"",NA,NA,NA,NA,NA,NA,NA,NA,NA,NA,NA,NA,NA,"Unknown"
"AB...64621","F...802866","F...949905",2024,0,1999,1999,"Vlieland","119",53.275495,4.996602,"GREAT TIT",NA,NA,NA,NA,NA,"",NA,NA,NA,NA,NA,NA,NA,NA,NA,NA,NA,NA,NA,"Unknown"
"AB...64622","F...802866","F...949905",2024,0,1999,1999,"Vlieland","119",53.275495,4.996602,"GREAT TIT",NA,NA,NA,NA,NA,"",NA,NA,NA,NA,NA,NA,NA,NA,NA,NA,NA,NA,NA,"Unknown"
"AB...64623","F...802866","F...949905",2024,0,1999,1999,"Vlieland","119",53.275495,4.996602,"GREAT TIT",NA,NA,NA,NA,NA,"",NA,NA,NA,NA,NA,NA,NA,NA,NA,NA,NA,NA,NA,"Unknown"
"AB...64624","F...802866","F...949905",2024,0,1999,1999,"Vlieland","119",53.275495,4.996602,"GREAT TIT",NA,NA,NA,NA,NA,"",NA,NA,NA,NA,NA,NA,NA,NA,NA,NA,NA,NA,NA,"Unknown"
"AB...64625","F...802866","F...949905",2024,0,1999,1999,"Vlieland","119",53.275495,4.996602,"GREAT TIT",NA,NA,NA,NA,NA,"",NA,NA,NA,NA,NA,NA,NA,NA,NA,NA,NA,NA,NA,"Unknown"
"AB...64626","F...802866","F...949905",2024,0,1999,1999,"Vlieland","119",53.275495,4.996602,"GREAT TIT",NA,NA,NA,NA,NA,"",NA,NA,NA,NA,NA,NA,NA,NA,NA,NA,NA,NA,NA,"Unknown"
"AB...64627","F...802866","F...949905",2024,0,1999,1999,"Vlieland","119",53.275495,4.996602,"GREAT TIT",NA,NA,NA,NA,NA,"",NA,NA,NA,NA,NA,NA,NA,NA,NA,NA,NA,NA,NA,"Unknown"
"AB...64628","F...802866","F...949905",2024,0,1999,1999,"Vlieland","119",53.275495,4.996602,"GREAT TIT",NA,NA,NA,NA,NA,"",NA,NA,NA,NA,NA,NA,NA,NA,NA,NA,NA,NA,NA,"Unknown"
"AB...64978","F...802867","AB...64608",2196,0,1999,1999,"Vlieland","-66",53.30207,5.06711,"GREAT TIT",NA,NA,NA,NA,NA,"",NA,NA,NA,NA,NA,NA,NA,NA,NA,NA,NA,NA,NA,"Unknown"
"AB...64979","F...802867","AB...64608",2196,0,1999,1999,"Vlieland","-66",53.30207,5.06711,"GREAT TIT",NA,NA,NA,NA,NA,"",NA,NA,NA,NA,NA,NA,NA,NA,NA,NA,NA,NA,NA,"Unknown"
"AB...64980","F...802867","AB...64608",2196,0,1999,1999,"Vlieland","-66",53.30207,5.06711,"GREAT TIT",NA,NA,NA,NA,NA,"",NA,NA,NA,NA,NA,NA,NA,NA,NA,NA,NA,NA,NA,"Unknown"
"AB...64981","F...802867","AB...64608",2196,0,1999,1999,"Vlieland","-66",53.30207,5.06711,"GREAT TIT",NA,NA,NA,NA,NA,"",NA,NA,NA,NA,NA,NA,NA,NA,NA,NA,NA,NA,NA,"Unknown"
"AB...64982","F...802867","AB...64608",2196,0,1999,1999,"Vlieland","-66",53.30207,5.06711,"GREAT TIT",NA,NA,NA,NA,NA,"",NA,NA,NA,NA,NA,NA,NA,NA,NA,NA,NA,NA,NA,"Unknown"
"AB...65809","AA...90036","AA...90085",2192,0,1999,1999,"Vlieland","899",53.29754,5.05056,"GREAT TIT",NA,NA,NA,NA,NA,"",NA,NA,NA,NA,NA,NA,NA,NA,NA,NA,NA,NA,NA,"Unknown"
"AB...65810","AA...90036","AA...90085",2192,0,1999,1999,"Vlieland","899",53.29754,5.05056,"GREAT TIT",NA,NA,NA,NA,NA,"",NA,NA,NA,NA,NA,NA,NA,NA,NA,NA,NA,NA,NA,"Unknown"
"AB...65811","AA...90036","AA...90085",2192,0,1999,1999,"Vlieland","899",53.29754,5.05056,"GREAT TIT",NA,NA,NA,NA,NA,"",NA,NA,NA,NA,NA,NA,NA,NA,NA,NA,NA,NA,NA,"Unknown"
"AB...65812","AA...90036","AA...90085",2192,0,1999,1999,"Vlieland","899",53.29754,5.05056,"GREAT TIT",NA,NA,NA,NA,NA,"",NA,NA,NA,NA,NA,NA,NA,NA,NA,NA,NA,NA,NA,"Unknown"
"AB...65813","AA...90036","AA...90085",2192,2,1999,1999,"Vlieland","899",53.29754,5.05056,"GREAT TIT","gr al - wh rw","green","metal","white","red/white","green-metal-white-red/white",NA,NA,NA,NA,NA,NA,NA,NA,NA,NA,NA,NA,NA,"Male"
"AB...65814","AA...90036","AA...90085",2192,0,1999,1999,"Vlieland","899",53.29754,5.05056,"GREAT TIT",NA,NA,NA,NA,NA,"",NA,NA,NA,NA,NA,NA,NA,NA,NA,NA,NA,NA,NA,"Unknown"
"AB...65815","AA...90036","AA...90085",2192,0,1999,1999,"Vlieland","899",53.29754,5.05056,"GREAT TIT",NA,NA,NA,NA,NA,"",NA,NA,NA,NA,NA,NA,NA,NA,NA,NA,NA,NA,NA,"Unknown"
"AB...76791","AA...84549","AB...76837",2549,1,2000,2000,"Vlieland","-72",53.29611,5.06619,"GREAT TIT",NA,NA,NA,NA,NA,"",NA,NA,NA,NA,NA,NA,NA,NA,NA,NA,NA,NA,NA,"Female"
"AB...76792","AA...84549","AB...76837",2549,2,2000,2000,"Vlieland","-72",53.29611,5.06619,"GREAT TIT",NA,NA,NA,NA,NA,"",NA,NA,NA,NA,NA,NA,NA,NA,NA,NA,NA,NA,NA,"Male"
"AB...76793","AA...84549","AB...76837",2549,0,2000,2000,"Vlieland","-72",53.29611,5.06619,"GREAT TIT",NA,NA,NA,NA,NA,"",NA,NA,NA,NA,NA,NA,NA,NA,NA,NA,NA,NA,NA,"Unknown"
"AB...76794","AA...84549","AB...76837",2549,2,2000,2000,"Vlieland","-72",53.29611,5.06619,"GREAT TIT",NA,NA,NA,NA,NA,"",NA,NA,NA,NA,NA,NA,NA,NA,NA,NA,NA,NA,NA,"Male"
"AB...76795","AA...84549","AB...76837",2549,1,2000,2000,"Vlieland","-72",53.29611,5.06619,"GREAT TIT",NA,NA,NA,NA,NA,"",NA,NA,NA,NA,NA,NA,NA,NA,NA,NA,NA,NA,NA,"Female"
"AB...76796","AA...84549","AB...76837",2549,2,2000,2000,"Vlieland","-72",53.29611,5.06619,"GREAT TIT",NA,NA,NA,NA,NA,"",NA,NA,NA,NA,NA,NA,NA,NA,NA,NA,NA,NA,NA,"Male"
"AB...76797","AA...84549","AB...76837",2549,0,2000,2000,"Vlieland","-72",53.29611,5.06619,"GREAT TIT",NA,NA,NA,NA,NA,"",NA,NA,NA,NA,NA,NA,NA,NA,NA,NA,NA,NA,NA,"Unknown"
"AB...76798","AA...84513","AA...83904",20188,1,2000,2000,"Vlieland","-72",53.29611,5.06619,"GREAT TIT",NA,NA,NA,NA,NA,"",NA,NA,NA,NA,NA,NA,NA,NA,NA,NA,NA,NA,NA,"Female"
"AB...76799","AA...84513","AA...83904",20188,0,2000,2000,"Vlieland","-72",53.29611,5.06619,"GREAT TIT",NA,NA,NA,NA,NA,"",NA,NA,NA,NA,NA,NA,NA,NA,NA,NA,NA,NA,NA,"Unknown"
"AB...76800","AA...84549","AB...76837",2549,2,2000,2000,"Vlieland","-72",53.29611,5.06619,"GREAT TIT",NA,NA,NA,NA,NA,"",NA,NA,NA,NA,NA,NA,NA,NA,NA,NA,NA,NA,NA,"Male"
"AC...60159","F...804431","AA...97719",2376,1,2000,2000,"Vlieland","629",53.298882,5.081035,"BLUE TIT",NA,NA,NA,NA,NA,"",NA,NA,NA,NA,NA,NA,NA,NA,NA,NA,NA,NA,NA,"Female"
"AC...60160","F...804431","AA...97719",2376,1,2000,2000,"Vlieland","629",53.298882,5.081035,"BLUE TIT",NA,NA,NA,NA,NA,"",4,4,2001,2002,1,9,6,11,36,NA,NA,1027.79364811787,2095.48998586446,"Female"
"AC...60161","F...804431","AA...97719",2376,2,2000,2000,"Vlieland","629",53.298882,5.081035,"BLUE TIT",NA,NA,NA,NA,NA,"",1,2,2001,2002,1,9,7,11,18,NA,NA,2192.60933560382,2192.60933560382,"Male"
"AC...60162","F...804431","AA...97719",2376,0,2000,2000,"Vlieland","629",53.298882,5.081035,"BLUE TIT",NA,NA,NA,NA,NA,"",NA,NA,NA,NA,NA,NA,NA,NA,NA,NA,NA,NA,NA,"Unknown"
"AC...60163","F...804431","AA...97719",2376,0,2000,2000,"Vlieland","629",53.298882,5.081035,"BLUE TIT",NA,NA,NA,NA,NA,"",NA,NA,NA,NA,NA,NA,NA,NA,NA,NA,NA,NA,NA,"Unknown"
"AC...60164","F...804431","AA...97719",2376,0,2000,2000,"Vlieland","629",53.298882,5.081035,"BLUE TIT",NA,NA,NA,NA,NA,"",NA,NA,NA,NA,NA,NA,NA,NA,NA,NA,NA,NA,NA,"Unknown"
"AC...60165","F...804431","AA...97719",2376,0,2000,2000,"Vlieland","629",53.298882,5.081035,"BLUE TIT",NA,NA,NA,NA,NA,"",NA,NA,NA,NA,NA,NA,NA,NA,NA,NA,NA,NA,NA,"Unknown"
"AC...60166","F...804431","AA...97719",2376,2,2000,2000,"Vlieland","629",53.298882,5.081035,"BLUE TIT",NA,NA,NA,NA,NA,"",1,1,2001,2001,0,9,9,9,9,NA,NA,353.652500814998,353.652500814998,"Male"
"AC...60167","F...804431","AA...97719",2376,0,2000,2000,"Vlieland","629",53.298882,5.081035,"BLUE TIT",NA,NA,NA,NA,NA,"",NA,NA,NA,NA,NA,NA,NA,NA,NA,NA,NA,NA,NA,"Unknown"
"AC...60168","F...804431","AA...97719",2376,1,2000,2000,"Vlieland","629",53.298882,5.081035,"BLUE TIT",NA,NA,NA,NA,NA,"",1,1,2001,2001,0,9,9,9,9,NA,NA,1824.30858951349,1824.30858951349,"Female"
"AC...60169","F...804431","AA...97719",2376,1,2000,2000,"Vlieland","629",53.298882,5.081035,"BLUE TIT",NA,NA,NA,NA,NA,"",1,1,2001,2001,0,9,9,9,9,NA,NA,2096.09509155981,2096.09509155981,"Female"
"AC...60170","F...804431","AA...97719",2376,2,2000,2000,"Vlieland","629",53.298882,5.081035,"BLUE TIT",NA,NA,NA,NA,NA,"",NA,NA,NA,NA,NA,NA,NA,NA,NA,NA,NA,NA,NA,"Male"
"AC...84041","F...859652",NA,2704,2,2000,2000,"Vlieland","757",53.29611,5.06619,"GREAT TIT",NA,NA,NA,NA,NA,"",NA,NA,NA,NA,NA,NA,NA,NA,NA,NA,NA,NA,NA,"Male"
"AC...84042","F...859652",NA,2704,2,2000,2000,"Vlieland","757",53.29611,5.06619,"GREAT TIT",NA,NA,NA,NA,NA,"",NA,NA,NA,NA,NA,NA,NA,NA,NA,NA,NA,NA,NA,"Male"
"AC...84043","F...859652",NA,2704,1,2000,2000,"Vlieland","757",53.29611,5.06619,"GREAT TIT",NA,NA,NA,NA,NA,"",NA,NA,NA,NA,NA,NA,NA,NA,NA,NA,NA,NA,NA,"Female"
"AC...84044","F...859652",NA,2704,2,2000,2000,"Vlieland","757",53.29611,5.06619,"GREAT TIT",NA,NA,NA,NA,NA,"",NA,NA,NA,NA,NA,NA,NA,NA,NA,NA,NA,NA,NA,"Male"
"AC...84045","F...859652",NA,2704,0,2000,2000,"Vlieland","757",53.29611,5.06619,"GREAT TIT",NA,NA,NA,NA,NA,"",NA,NA,NA,NA,NA,NA,NA,NA,NA,NA,NA,NA,NA,"Unknown"
"AC...84046","F...859652",NA,2704,2,2000,2000,"Vlieland","757",53.29611,5.06619,"GREAT TIT",NA,NA,NA,NA,NA,"",NA,NA,NA,NA,NA,NA,NA,NA,NA,NA,NA,NA,NA,"Male"
"AC...84047","F...859652",NA,2704,1,2000,2000,"Vlieland","757",53.29611,5.06619,"GREAT TIT","or al - re re","orange","metal","red","red","orange-metal-red-red",NA,NA,NA,NA,NA,NA,NA,NA,NA,NA,NA,NA,NA,"Female"
"AC...84751","AC...97428","AE...13655",2035,1,2001,2001,"Vlieland","202",53.27917,5.01198,"GREAT TIT",NA,NA,NA,NA,NA,"",NA,NA,NA,NA,NA,NA,NA,NA,NA,NA,NA,NA,NA,"Female"
"AC...84752","AC...97428","AE...13655",2035,1,2001,2001,"Vlieland","202",53.27917,5.01198,"GREAT TIT",NA,NA,NA,NA,NA,"",NA,NA,NA,NA,NA,NA,NA,NA,NA,NA,NA,NA,NA,"Female"
"AC...84753","AC...97428","AE...13655",2035,2,2001,2001,"Vlieland","202",53.27917,5.01198,"GREAT TIT","al or - re wh","metal","orange","red","white","metal-orange-red-white",NA,NA,NA,NA,NA,NA,NA,NA,NA,NA,NA,NA,NA,"Male"
"AC...84754","AC...97428","AE...13655",2035,1,2001,2001,"Vlieland","202",53.27917,5.01198,"GREAT TIT",NA,NA,NA,NA,NA,"",NA,NA,NA,NA,NA,NA,NA,NA,NA,NA,NA,NA,NA,"Female"
"AC...84755","AC...97428","AE...13655",2035,2,2001,2001,"Vlieland","202",53.27917,5.01198,"GREAT TIT",NA,NA,NA,NA,NA,"",NA,NA,NA,NA,NA,NA,NA,NA,NA,NA,NA,NA,NA,"Male"
"AC...84756","AC...97428","AE...13655",2035,1,2001,2001,"Vlieland","202",53.27917,5.01198,"GREAT TIT",NA,NA,NA,NA,NA,"",NA,NA,NA,NA,NA,NA,NA,NA,NA,NA,NA,NA,NA,"Female"
"AC...84757","AC...97428","AE...13655",2035,2,2001,2001,"Vlieland","202",53.27917,5.01198,"GREAT TIT",NA,NA,NA,NA,NA,"",NA,NA,NA,NA,NA,NA,NA,NA,NA,NA,NA,NA,NA,"Male"
"AC...85417","AA...89934",NA,2701,1,2000,2000,"Vlieland","754",53.29611,5.06619,"GREAT TIT",NA,NA,NA,NA,NA,"",NA,NA,NA,NA,NA,NA,NA,NA,NA,NA,NA,NA,NA,"Female"
"AC...85418","AA...89934",NA,2701,0,2000,2000,"Vlieland","754",53.29611,5.06619,"GREAT TIT",NA,NA,NA,NA,NA,"",NA,NA,NA,NA,NA,NA,NA,NA,NA,NA,NA,NA,NA,"Unknown"
"AC...85419","AA...89934",NA,2701,0,2000,2000,"Vlieland","754",53.29611,5.06619,"GREAT TIT",NA,NA,NA,NA,NA,"",NA,NA,NA,NA,NA,NA,NA,NA,NA,NA,NA,NA,NA,"Unknown"
"AC...85420","AA...89934",NA,2701,0,2000,2000,"Vlieland","754",53.29611,5.06619,"GREAT TIT",NA,NA,NA,NA,NA,"",NA,NA,NA,NA,NA,NA,NA,NA,NA,NA,NA,NA,NA,"Unknown"
"AC...85421","AA...89934",NA,2701,2,2000,2000,"Vlieland","754",53.29611,5.06619,"GREAT TIT",NA,NA,NA,NA,NA,"",NA,NA,NA,NA,NA,NA,NA,NA,NA,NA,NA,NA,NA,"Male"
"AC...85422","AA...89934",NA,2701,0,2000,2000,"Vlieland","754",53.29611,5.06619,"GREAT TIT",NA,NA,NA,NA,NA,"",NA,NA,NA,NA,NA,NA,NA,NA,NA,NA,NA,NA,NA,"Unknown"
"AC...85423","AA...89934",NA,2701,0,2000,2000,"Vlieland","754",53.29611,5.06619,"GREAT TIT",NA,NA,NA,NA,NA,"",NA,NA,NA,NA,NA,NA,NA,NA,NA,NA,NA,NA,NA,"Unknown"
"AC...85424","AA...89934",NA,2701,0,2000,2000,"Vlieland","754",53.29611,5.06619,"GREAT TIT",NA,NA,NA,NA,NA,"",NA,NA,NA,NA,NA,NA,NA,NA,NA,NA,NA,NA,NA,"Unknown"
"AC...85425","AA...89934",NA,2701,0,2000,2000,"Vlieland","754",53.29611,5.06619,"GREAT TIT",NA,NA,NA,NA,NA,"",NA,NA,NA,NA,NA,NA,NA,NA,NA,NA,NA,NA,NA,"Unknown"
"AC...85751","AA...90241","AB...66656",8811,1,2000,2000,"Vlieland","2016",53.29611,5.06619,"GREAT TIT",NA,NA,NA,NA,NA,"",NA,NA,NA,NA,NA,NA,NA,NA,NA,NA,NA,NA,NA,"Female"
"AC...85752","AA...90241","AB...66656",8811,1,2000,2000,"Vlieland","2016",53.29611,5.06619,"GREAT TIT",NA,NA,NA,NA,NA,"",NA,NA,NA,NA,NA,NA,NA,NA,NA,NA,NA,NA,NA,"Female"
"AC...85753","AA...90241","AB...66656",8811,1,2000,2000,"Vlieland","2016",53.29611,5.06619,"GREAT TIT",NA,NA,NA,NA,NA,"",NA,NA,NA,NA,NA,NA,NA,NA,NA,NA,NA,NA,NA,"Female"
"AC...85754","AA...90241","AB...66656",8811,2,2000,2000,"Vlieland","2016",53.29611,5.06619,"GREAT TIT",NA,NA,NA,NA,NA,"",NA,NA,NA,NA,NA,NA,NA,NA,NA,NA,NA,NA,NA,"Male"
"AC...85755","AA...90241","AB...66656",8811,1,2000,2000,"Vlieland","2016",53.29611,5.06619,"GREAT TIT",NA,NA,NA,NA,NA,"",NA,NA,NA,NA,NA,NA,NA,NA,NA,NA,NA,NA,NA,"Female"
"AC...85756","AA...90241","AB...66656",8811,1,2000,2000,"Vlieland","2016",53.29611,5.06619,"GREAT TIT",NA,NA,NA,NA,NA,"",NA,NA,NA,NA,NA,NA,NA,NA,NA,NA,NA,NA,NA,"Female"
"AC...85757","AA...90241","AB...66656",8811,2,2000,2000,"Vlieland","2016",53.29611,5.06619,"GREAT TIT",NA,NA,NA,NA,NA,"",NA,NA,NA,NA,NA,NA,NA,NA,NA,NA,NA,NA,NA,"Male"
"AC...85758","AA...90241","AB...66656",8811,1,2000,2000,"Vlieland","2016",53.29611,5.06619,"GREAT TIT",NA,NA,NA,NA,NA,"",NA,NA,NA,NA,NA,NA,NA,NA,NA,NA,NA,NA,NA,"Female"
"AC...85759","AA...90241","AB...66656",8811,2,2000,2000,"Vlieland","2016",53.29611,5.06619,"GREAT TIT",NA,NA,NA,NA,NA,"",NA,NA,NA,NA,NA,NA,NA,NA,NA,NA,NA,NA,NA,"Male"
"AC...85760","AA...90241","AB...66656",8811,1,2000,2000,"Vlieland","2016",53.29611,5.06619,"GREAT TIT",NA,NA,NA,NA,NA,"",NA,NA,NA,NA,NA,NA,NA,NA,NA,NA,NA,NA,NA,"Female"
"AC...85761","AA...90241","AB...66656",8811,1,2000,2000,"Vlieland","2016",53.29611,5.06619,"GREAT TIT",NA,NA,NA,NA,NA,"",NA,NA,NA,NA,NA,NA,NA,NA,NA,NA,NA,NA,NA,"Female"
"AC...97148",NA,NA,2030,0,2000,2000,"Vlieland","122",53.27509,4.99745,"BLUE TIT",NA,NA,NA,NA,NA,"",NA,NA,NA,NA,NA,NA,NA,NA,NA,NA,NA,NA,NA,"Unknown"
"AC...97149",NA,NA,2030,0,2000,2000,"Vlieland","122",53.27509,4.99745,"BLUE TIT",NA,NA,NA,NA,NA,"",NA,NA,NA,NA,NA,NA,NA,NA,NA,NA,NA,NA,NA,"Unknown"
"AC...97150",NA,NA,2030,0,2000,2000,"Vlieland","122",53.27509,4.99745,"BLUE TIT",NA,NA,NA,NA,NA,"",NA,NA,NA,NA,NA,NA,NA,NA,NA,NA,NA,NA,NA,"Unknown"
"AC...97151",NA,NA,2030,0,2000,2000,"Vlieland","122",53.27509,4.99745,"BLUE TIT",NA,NA,NA,NA,NA,"",NA,NA,NA,NA,NA,NA,NA,NA,NA,NA,NA,NA,NA,"Unknown"
"AC...97152",NA,NA,2030,0,2000,2000,"Vlieland","122",53.27509,4.99745,"BLUE TIT",NA,NA,NA,NA,NA,"",NA,NA,NA,NA,NA,NA,NA,NA,NA,NA,NA,NA,NA,"Unknown"
"AC...97153",NA,NA,2030,0,2000,2000,"Vlieland","122",53.27509,4.99745,"BLUE TIT",NA,NA,NA,NA,NA,"",NA,NA,NA,NA,NA,NA,NA,NA,NA,NA,NA,NA,NA,"Unknown"
"AC...97154",NA,NA,2030,0,2000,2000,"Vlieland","122",53.27509,4.99745,"BLUE TIT",NA,NA,NA,NA,NA,"",NA,NA,NA,NA,NA,NA,NA,NA,NA,NA,NA,NA,NA,"Unknown"
"AC...97155",NA,NA,2030,0,2000,2000,"Vlieland","122",53.27509,4.99745,"BLUE TIT",NA,NA,NA,NA,NA,"",NA,NA,NA,NA,NA,NA,NA,NA,NA,NA,NA,NA,NA,"Unknown"
"AC...97170",NA,NA,2706,0,2000,2000,"Vlieland","759",53.29611,5.06619,"BLUE TIT",NA,NA,NA,NA,NA,"",NA,NA,NA,NA,NA,NA,NA,NA,NA,NA,NA,NA,NA,"Unknown"
"AC...97171",NA,NA,2706,0,2000,2000,"Vlieland","759",53.29611,5.06619,"BLUE TIT",NA,NA,NA,NA,NA,"",NA,NA,NA,NA,NA,NA,NA,NA,NA,NA,NA,NA,NA,"Unknown"
"AC...97172",NA,NA,2706,0,2000,2000,"Vlieland","759",53.29611,5.06619,"BLUE TIT",NA,NA,NA,NA,NA,"",NA,NA,NA,NA,NA,NA,NA,NA,NA,NA,NA,NA,NA,"Unknown"
"AC...97173",NA,NA,2706,0,2000,2000,"Vlieland","759",53.29611,5.06619,"BLUE TIT",NA,NA,NA,NA,NA,"",NA,NA,NA,NA,NA,NA,NA,NA,NA,NA,NA,NA,NA,"Unknown"
"AC...97174",NA,NA,2706,0,2000,2000,"Vlieland","759",53.29611,5.06619,"BLUE TIT",NA,NA,NA,NA,NA,"",NA,NA,NA,NA,NA,NA,NA,NA,NA,NA,NA,NA,NA,"Unknown"
"AC...97175",NA,NA,2706,0,2000,2000,"Vlieland","759",53.29611,5.06619,"BLUE TIT",NA,NA,NA,NA,NA,"",NA,NA,NA,NA,NA,NA,NA,NA,NA,NA,NA,NA,NA,"Unknown"
"AC...97176",NA,NA,2706,0,2000,2000,"Vlieland","759",53.29611,5.06619,"BLUE TIT",NA,NA,NA,NA,NA,"",NA,NA,NA,NA,NA,NA,NA,NA,NA,NA,NA,NA,NA,"Unknown"
"AC...97177",NA,NA,2706,0,2000,2000,"Vlieland","759",53.29611,5.06619,"BLUE TIT",NA,NA,NA,NA,NA,"",NA,NA,NA,NA,NA,NA,NA,NA,NA,NA,NA,NA,NA,"Unknown"
"AC...97178",NA,NA,2706,0,2000,2000,"Vlieland","759",53.29611,5.06619,"BLUE TIT",NA,NA,NA,NA,NA,"",NA,NA,NA,NA,NA,NA,NA,NA,NA,NA,NA,NA,NA,"Unknown"
"AC...97179",NA,NA,2706,0,2000,2000,"Vlieland","759",53.29611,5.06619,"BLUE TIT",NA,NA,NA,NA,NA,"",NA,NA,NA,NA,NA,NA,NA,NA,NA,NA,NA,NA,NA,"Unknown"
"AC...97180",NA,NA,2706,0,2000,2000,"Vlieland","759",53.29611,5.06619,"BLUE TIT",NA,NA,NA,NA,NA,"",NA,NA,NA,NA,NA,NA,NA,NA,NA,NA,NA,NA,NA,"Unknown"
"AC...97181",NA,NA,2706,0,2000,2000,"Vlieland","759",53.29611,5.06619,"BLUE TIT",NA,NA,NA,NA,NA,"",NA,NA,NA,NA,NA,NA,NA,NA,NA,NA,NA,NA,NA,"Unknown"
"AC...97264","AA...92153","AC...97263",2373,0,2000,2000,"Vlieland","624",53.30207,5.06711,"GREAT TIT",NA,NA,NA,NA,NA,"",NA,NA,NA,NA,NA,NA,NA,NA,NA,NA,NA,NA,NA,"Unknown"
"AC...97265","AA...92153","AC...97263",2373,0,2000,2000,"Vlieland","624",53.30207,5.06711,"GREAT TIT",NA,NA,NA,NA,NA,"",NA,NA,NA,NA,NA,NA,NA,NA,NA,NA,NA,NA,NA,"Unknown"
"AC...97266","AA...92153","AC...97263",2373,0,2000,2000,"Vlieland","624",53.30207,5.06711,"GREAT TIT",NA,NA,NA,NA,NA,"",NA,NA,NA,NA,NA,NA,NA,NA,NA,NA,NA,NA,NA,"Unknown"
"AC...97267","AA...92153","AC...97263",2373,0,2000,2000,"Vlieland","624",53.30207,5.06711,"GREAT TIT",NA,NA,NA,NA,NA,"",NA,NA,NA,NA,NA,NA,NA,NA,NA,NA,NA,NA,NA,"Unknown"
"AC...97268","AA...92153","AC...97263",2373,0,2000,2000,"Vlieland","624",53.30207,5.06711,"GREAT TIT",NA,NA,NA,NA,NA,"",NA,NA,NA,NA,NA,NA,NA,NA,NA,NA,NA,NA,NA,"Unknown"
"AC...97269","AA...92153","AC...97263",2373,0,2000,2000,"Vlieland","624",53.30207,5.06711,"GREAT TIT",NA,NA,NA,NA,NA,"",NA,NA,NA,NA,NA,NA,NA,NA,NA,NA,NA,NA,NA,"Unknown"
"AC...97270","AA...92153","AC...97263",2373,0,2000,2000,"Vlieland","624",53.30207,5.06711,"GREAT TIT",NA,NA,NA,NA,NA,"",NA,NA,NA,NA,NA,NA,NA,NA,NA,NA,NA,NA,NA,"Unknown"
"AC...97271","AA...92153","AC...97263",2373,0,2000,2000,"Vlieland","624",53.30207,5.06711,"GREAT TIT",NA,NA,NA,NA,NA,"",NA,NA,NA,NA,NA,NA,NA,NA,NA,NA,NA,NA,NA,"Unknown"
"AC...97617",NA,NA,2711,0,2001,2001,"Vlieland","768",53.29611,5.06619,"BLUE TIT",NA,NA,NA,NA,NA,"",NA,NA,NA,NA,NA,NA,NA,NA,NA,NA,NA,NA,NA,"Unknown"
"AC...97618",NA,NA,2711,0,2001,2001,"Vlieland","768",53.29611,5.06619,"BLUE TIT",NA,NA,NA,NA,NA,"",NA,NA,NA,NA,NA,NA,NA,NA,NA,NA,NA,NA,NA,"Unknown"
"AC...97619",NA,NA,2711,0,2001,2001,"Vlieland","768",53.29611,5.06619,"BLUE TIT",NA,NA,NA,NA,NA,"",NA,NA,NA,NA,NA,NA,NA,NA,NA,NA,NA,NA,NA,"Unknown"
"AC...97620",NA,NA,2711,0,2001,2001,"Vlieland","768",53.29611,5.06619,"BLUE TIT",NA,NA,NA,NA,NA,"",NA,NA,NA,NA,NA,NA,NA,NA,NA,NA,NA,NA,NA,"Unknown"
"AC...97621",NA,NA,2711,0,2001,2001,"Vlieland","768",53.29611,5.06619,"BLUE TIT",NA,NA,NA,NA,NA,"",NA,NA,NA,NA,NA,NA,NA,NA,NA,NA,NA,NA,NA,"Unknown"
"AC...97622",NA,NA,2711,0,2001,2001,"Vlieland","768",53.29611,5.06619,"BLUE TIT",NA,NA,NA,NA,NA,"",NA,NA,NA,NA,NA,NA,NA,NA,NA,NA,NA,NA,NA,"Unknown"
"AC...97623",NA,NA,2711,0,2001,2001,"Vlieland","768",53.29611,5.06619,"BLUE TIT",NA,NA,NA,NA,NA,"",NA,NA,NA,NA,NA,NA,NA,NA,NA,NA,NA,NA,NA,"Unknown"
"AC...97624",NA,NA,2711,0,2001,2001,"Vlieland","768",53.29611,5.06619,"BLUE TIT",NA,NA,NA,NA,NA,"",NA,NA,NA,NA,NA,NA,NA,NA,NA,NA,NA,NA,NA,"Unknown"
"AC...97625",NA,NA,2711,0,2001,2001,"Vlieland","768",53.29611,5.06619,"BLUE TIT",NA,NA,NA,NA,NA,"",NA,NA,NA,NA,NA,NA,NA,NA,NA,NA,NA,NA,NA,"Unknown"
"AC...97715","AC...97477","AC...97247",2553,0,2001,2001,"Vlieland","-64",53.29611,5.06619,"GREAT TIT",NA,NA,NA,NA,NA,"",NA,NA,NA,NA,NA,NA,NA,NA,NA,NA,NA,NA,NA,"Unknown"
"AC...97716","AC...97477","AC...97247",2553,0,2001,2001,"Vlieland","-64",53.29611,5.06619,"GREAT TIT",NA,NA,NA,NA,NA,"",NA,NA,NA,NA,NA,NA,NA,NA,NA,NA,NA,NA,NA,"Unknown"
"AC...97717","AC...97477","AC...97247",2553,0,2001,2001,"Vlieland","-64",53.29611,5.06619,"GREAT TIT",NA,NA,NA,NA,NA,"",NA,NA,NA,NA,NA,NA,NA,NA,NA,NA,NA,NA,NA,"Unknown"
"AC...97718","AC...97477","AC...97247",2553,0,2001,2001,"Vlieland","-64",53.29611,5.06619,"GREAT TIT",NA,NA,NA,NA,NA,"",NA,NA,NA,NA,NA,NA,NA,NA,NA,NA,NA,NA,NA,"Unknown"
"AC...97719","AC...97477","AC...97247",2553,0,2001,2001,"Vlieland","-64",53.29611,5.06619,"GREAT TIT",NA,NA,NA,NA,NA,"",NA,NA,NA,NA,NA,NA,NA,NA,NA,NA,NA,NA,NA,"Unknown"
"AC...97720","AC...97477","AC...97247",2553,0,2001,2001,"Vlieland","-64",53.29611,5.06619,"GREAT TIT",NA,NA,NA,NA,NA,"",NA,NA,NA,NA,NA,NA,NA,NA,NA,NA,NA,NA,NA,"Unknown"
"AC...97733",NA,NA,2036,0,2001,2001,"Vlieland","203",53.278665,5.008086,"BLUE TIT",NA,NA,NA,NA,NA,"",NA,NA,NA,NA,NA,NA,NA,NA,NA,NA,NA,NA,NA,"Unknown"
"AC...97734",NA,NA,2036,0,2001,2001,"Vlieland","203",53.278665,5.008086,"BLUE TIT",NA,NA,NA,NA,NA,"",NA,NA,NA,NA,NA,NA,NA,NA,NA,NA,NA,NA,NA,"Unknown"
"AC...97735",NA,NA,2036,0,2001,2001,"Vlieland","203",53.278665,5.008086,"BLUE TIT",NA,NA,NA,NA,NA,"",NA,NA,NA,NA,NA,NA,NA,NA,NA,NA,NA,NA,NA,"Unknown"
"AC...97736",NA,NA,2036,0,2001,2001,"Vlieland","203",53.278665,5.008086,"BLUE TIT",NA,NA,NA,NA,NA,"",NA,NA,NA,NA,NA,NA,NA,NA,NA,NA,NA,NA,NA,"Unknown"
"AC...97737",NA,NA,2036,0,2001,2001,"Vlieland","203",53.278665,5.008086,"BLUE TIT",NA,NA,NA,NA,NA,"",NA,NA,NA,NA,NA,NA,NA,NA,NA,NA,NA,NA,NA,"Unknown"
"AC...97738",NA,NA,2036,0,2001,2001,"Vlieland","203",53.278665,5.008086,"BLUE TIT",NA,NA,NA,NA,NA,"",NA,NA,NA,NA,NA,NA,NA,NA,NA,NA,NA,NA,NA,"Unknown"
"AC...97739",NA,NA,2036,0,2001,2001,"Vlieland","203",53.278665,5.008086,"BLUE TIT",NA,NA,NA,NA,NA,"",NA,NA,NA,NA,NA,NA,NA,NA,NA,NA,NA,NA,NA,"Unknown"
"AC...97740",NA,NA,2036,2,2001,2001,"Vlieland","203",53.278665,5.008086,"BLUE TIT",NA,NA,NA,NA,NA,"",NA,NA,NA,NA,NA,NA,NA,NA,NA,NA,NA,NA,NA,"Male"
"AC...97741",NA,NA,2036,0,2001,2001,"Vlieland","203",53.278665,5.008086,"BLUE TIT",NA,NA,NA,NA,NA,"",NA,NA,NA,NA,NA,NA,NA,NA,NA,NA,NA,NA,NA,"Unknown"
"AC...97742",NA,NA,2036,0,2001,2001,"Vlieland","203",53.278665,5.008086,"BLUE TIT",NA,NA,NA,NA,NA,"",NA,NA,NA,NA,NA,NA,NA,NA,NA,NA,NA,NA,NA,"Unknown"
"AD...01617","AB...77356",NA,2029,0,2000,2000,"Vlieland","121",53.27509,4.99745,"GREAT TIT",NA,NA,NA,NA,NA,"",NA,NA,NA,NA,NA,NA,NA,NA,NA,NA,NA,NA,NA,"Unknown"
"AD...01618","AB...77356",NA,2029,0,2000,2000,"Vlieland","121",53.27509,4.99745,"GREAT TIT",NA,NA,NA,NA,NA,"",NA,NA,NA,NA,NA,NA,NA,NA,NA,NA,NA,NA,NA,"Unknown"
"AD...01619","AB...77356",NA,2029,0,2000,2000,"Vlieland","121",53.27509,4.99745,"GREAT TIT",NA,NA,NA,NA,NA,"",NA,NA,NA,NA,NA,NA,NA,NA,NA,NA,NA,NA,NA,"Unknown"
"AD...01620","AB...77356",NA,2029,0,2000,2000,"Vlieland","121",53.27509,4.99745,"GREAT TIT",NA,NA,NA,NA,NA,"",NA,NA,NA,NA,NA,NA,NA,NA,NA,NA,NA,NA,NA,"Unknown"
"AD...01621","AB...77356",NA,2029,0,2000,2000,"Vlieland","121",53.27509,4.99745,"GREAT TIT",NA,NA,NA,NA,NA,"",NA,NA,NA,NA,NA,NA,NA,NA,NA,NA,NA,NA,NA,"Unknown"
"AD...38084","AD...38083","AD...38079",2033,0,2001,2001,"Vlieland","899",53.27509,4.99745,"GREAT TIT",NA,NA,NA,NA,NA,"",NA,NA,NA,NA,NA,NA,NA,NA,NA,NA,NA,NA,NA,"Unknown"
"AD...38085","AD...38083","AD...38079",2033,0,2001,2001,"Vlieland","899",53.27509,4.99745,"GREAT TIT",NA,NA,NA,NA,NA,"",NA,NA,NA,NA,NA,NA,NA,NA,NA,NA,NA,NA,NA,"Unknown"
"AD...38086","AD...38083","AD...38079",2033,0,2001,2001,"Vlieland","899",53.27509,4.99745,"GREAT TIT",NA,NA,NA,NA,NA,"",NA,NA,NA,NA,NA,NA,NA,NA,NA,NA,NA,NA,NA,"Unknown"
"AD...38087","AD...38083","AD...38079",2033,0,2001,2001,"Vlieland","899",53.27509,4.99745,"GREAT TIT",NA,NA,NA,NA,NA,"",NA,NA,NA,NA,NA,NA,NA,NA,NA,NA,NA,NA,NA,"Unknown"
"AD...38088","AD...38083","AD...38079",2033,0,2001,2001,"Vlieland","899",53.27509,4.99745,"GREAT TIT",NA,NA,NA,NA,NA,"",NA,NA,NA,NA,NA,NA,NA,NA,NA,NA,NA,NA,NA,"Unknown"
"AD...38089","AD...38083","AD...38079",2033,0,2001,2001,"Vlieland","899",53.27509,4.99745,"GREAT TIT",NA,NA,NA,NA,NA,"",NA,NA,NA,NA,NA,NA,NA,NA,NA,NA,NA,NA,NA,"Unknown"
"AD...38090","AD...38083","AD...38079",2033,0,2001,2001,"Vlieland","899",53.27509,4.99745,"GREAT TIT",NA,NA,NA,NA,NA,"",NA,NA,NA,NA,NA,NA,NA,NA,NA,NA,NA,NA,NA,"Unknown"
"AD...38091","AD...38083","AD...38079",2033,0,2001,2001,"Vlieland","899",53.27509,4.99745,"GREAT TIT",NA,NA,NA,NA,NA,"",NA,NA,NA,NA,NA,NA,NA,NA,NA,NA,NA,NA,NA,"Unknown"
"AD...38092","AD...38083","AD...38079",2033,0,2001,2001,"Vlieland","899",53.27509,4.99745,"GREAT TIT",NA,NA,NA,NA,NA,"",NA,NA,NA,NA,NA,NA,NA,NA,NA,NA,NA,NA,NA,"Unknown"
"AD...38093","AD...38083","AD...38079",2033,0,2001,2001,"Vlieland","899",53.27509,4.99745,"GREAT TIT",NA,NA,NA,NA,NA,"",NA,NA,NA,NA,NA,NA,NA,NA,NA,NA,NA,NA,NA,"Unknown"
"AD...38094","AD...38083","AD...38079",2033,0,2001,2001,"Vlieland","899",53.27509,4.99745,"GREAT TIT",NA,NA,NA,NA,NA,"",NA,NA,NA,NA,NA,NA,NA,NA,NA,NA,NA,NA,NA,"Unknown"
"AD...38151","AD...38098",NA,2709,0,2001,2001,"Vlieland","767",53.29611,5.06619,"GREAT TIT",NA,NA,NA,NA,NA,"",NA,NA,NA,NA,NA,NA,NA,NA,NA,NA,NA,NA,NA,"Unknown"
"AD...38152","AD...38098",NA,2709,0,2001,2001,"Vlieland","767",53.29611,5.06619,"GREAT TIT",NA,NA,NA,NA,NA,"",NA,NA,NA,NA,NA,NA,NA,NA,NA,NA,NA,NA,NA,"Unknown"
"AD...38153","AD...38098",NA,2709,0,2001,2001,"Vlieland","767",53.29611,5.06619,"GREAT TIT",NA,NA,NA,NA,NA,"",NA,NA,NA,NA,NA,NA,NA,NA,NA,NA,NA,NA,NA,"Unknown"
"AD...38154","AD...38098",NA,2709,0,2001,2001,"Vlieland","767",53.29611,5.06619,"GREAT TIT",NA,NA,NA,NA,NA,"",NA,NA,NA,NA,NA,NA,NA,NA,NA,NA,NA,NA,NA,"Unknown"
"AD...38438","AD...38437",NA,2378,0,2001,2001,"Vlieland","631",53.30207,5.06711,"GREAT TIT",NA,NA,NA,NA,NA,"",NA,NA,NA,NA,NA,NA,NA,NA,NA,NA,NA,NA,NA,"Unknown"
"AD...38439","AD...38437",NA,2378,0,2001,2001,"Vlieland","631",53.30207,5.06711,"GREAT TIT",NA,NA,NA,NA,NA,"",NA,NA,NA,NA,NA,NA,NA,NA,NA,NA,NA,NA,NA,"Unknown"
"AD...38440","AD...38437",NA,2378,0,2001,2001,"Vlieland","631",53.30207,5.06711,"GREAT TIT",NA,NA,NA,NA,NA,"",NA,NA,NA,NA,NA,NA,NA,NA,NA,NA,NA,NA,NA,"Unknown"
"AD...38441",NA,NA,2381,0,2001,2001,"Vlieland","634",53.30207,5.06711,"BLUE TIT",NA,NA,NA,NA,NA,"",NA,NA,NA,NA,NA,NA,NA,NA,NA,NA,NA,NA,NA,"Unknown"
"AD...39101","AD...39051",NA,2204,0,2002,2002,"Vlieland","406",53.30207,5.06711,"BLUE TIT",NA,NA,NA,NA,NA,"",NA,NA,NA,NA,NA,NA,NA,NA,NA,NA,NA,NA,NA,"Unknown"
"AD...39102","AD...39051",NA,2204,1,2002,2002,"Vlieland","406",53.30207,5.06711,"BLUE TIT",NA,NA,NA,NA,NA,"",NA,NA,NA,NA,NA,NA,NA,NA,NA,NA,NA,NA,NA,"Female"
"AD...39103","AD...39051",NA,2204,0,2002,2002,"Vlieland","406",53.30207,5.06711,"BLUE TIT",NA,NA,NA,NA,NA,"",NA,NA,NA,NA,NA,NA,NA,NA,NA,NA,NA,NA,NA,"Unknown"
"AD...39104","AD...39051",NA,2204,0,2002,2002,"Vlieland","406",53.30207,5.06711,"BLUE TIT",NA,NA,NA,NA,NA,"",NA,NA,NA,NA,NA,NA,NA,NA,NA,NA,NA,NA,NA,"Unknown"
"AD...39105","AD...39051",NA,2204,0,2002,2002,"Vlieland","406",53.30207,5.06711,"BLUE TIT",NA,NA,NA,NA,NA,"",NA,NA,NA,NA,NA,NA,NA,NA,NA,NA,NA,NA,NA,"Unknown"
"AD...39106","AD...39051",NA,2204,0,2002,2002,"Vlieland","406",53.30207,5.06711,"BLUE TIT",NA,NA,NA,NA,NA,"",NA,NA,NA,NA,NA,NA,NA,NA,NA,NA,NA,NA,NA,"Unknown"
"AD...39107","AD...39051",NA,2204,0,2002,2002,"Vlieland","406",53.30207,5.06711,"BLUE TIT",NA,NA,NA,NA,NA,"",NA,NA,NA,NA,NA,NA,NA,NA,NA,NA,NA,NA,NA,"Unknown"
"AD...39108","AD...39051",NA,2204,0,2002,2002,"Vlieland","406",53.30207,5.06711,"BLUE TIT",NA,NA,NA,NA,NA,"",NA,NA,NA,NA,NA,NA,NA,NA,NA,NA,NA,NA,NA,"Unknown"
"AD...39109","AD...39051",NA,2204,0,2002,2002,"Vlieland","406",53.30207,5.06711,"BLUE TIT",NA,NA,NA,NA,NA,"",NA,NA,NA,NA,NA,NA,NA,NA,NA,NA,NA,NA,NA,"Unknown"
"AD...39110","AD...39051",NA,2204,0,2002,2002,"Vlieland","406",53.30207,5.06711,"BLUE TIT",NA,NA,NA,NA,NA,"",NA,NA,NA,NA,NA,NA,NA,NA,NA,NA,NA,NA,NA,"Unknown"
"AD...39123",NA,"AD...39093",2714,0,2002,2002,"Vlieland","775",53.29611,5.06619,"GREAT TIT",NA,NA,NA,NA,NA,"",NA,NA,NA,NA,NA,NA,NA,NA,NA,NA,NA,NA,NA,"Unknown"
"AD...39124",NA,"AD...39093",2714,0,2002,2002,"Vlieland","775",53.29611,5.06619,"GREAT TIT",NA,NA,NA,NA,NA,"",NA,NA,NA,NA,NA,NA,NA,NA,NA,NA,NA,NA,NA,"Unknown"
"AD...39125",NA,"AD...39093",2714,0,2002,2002,"Vlieland","775",53.29611,5.06619,"GREAT TIT",NA,NA,NA,NA,NA,"",NA,NA,NA,NA,NA,NA,NA,NA,NA,NA,NA,NA,NA,"Unknown"
"AD...39126",NA,"AD...39093",2714,0,2002,2002,"Vlieland","775",53.29611,5.06619,"GREAT TIT",NA,NA,NA,NA,NA,"",NA,NA,NA,NA,NA,NA,NA,NA,NA,NA,NA,NA,NA,"Unknown"
"AD...39127",NA,"AD...39093",2714,0,2002,2002,"Vlieland","775",53.29611,5.06619,"GREAT TIT",NA,NA,NA,NA,NA,"",NA,NA,NA,NA,NA,NA,NA,NA,NA,NA,NA,NA,NA,"Unknown"
"AD...39128",NA,"AD...39093",2714,0,2002,2002,"Vlieland","775",53.29611,5.06619,"GREAT TIT",NA,NA,NA,NA,NA,"",NA,NA,NA,NA,NA,NA,NA,NA,NA,NA,NA,NA,NA,"Unknown"
"AD...39129",NA,"AD...39093",2714,0,2002,2002,"Vlieland","775",53.29611,5.06619,"GREAT TIT",NA,NA,NA,NA,NA,"",NA,NA,NA,NA,NA,NA,NA,NA,NA,NA,NA,NA,NA,"Unknown"
"AD...39130",NA,"AD...39093",2714,0,2002,2002,"Vlieland","775",53.29611,5.06619,"GREAT TIT",NA,NA,NA,NA,NA,"",NA,NA,NA,NA,NA,NA,NA,NA,NA,NA,NA,NA,NA,"Unknown"
"AD...39131",NA,"AD...39093",2714,0,2002,2002,"Vlieland","775",53.29611,5.06619,"GREAT TIT",NA,NA,NA,NA,NA,"",NA,NA,NA,NA,NA,NA,NA,NA,NA,NA,NA,NA,NA,"Unknown"
"AD...39401","AD...38435","AD...38397",2385,0,2002,2002,"Vlieland","638",53.303033,5.080891,"GREAT TIT",NA,NA,NA,NA,NA,"",NA,NA,NA,NA,NA,NA,NA,NA,NA,NA,NA,NA,NA,"Unknown"
"AD...39402","AD...38435","AD...38397",2385,0,2002,2002,"Vlieland","638",53.303033,5.080891,"GREAT TIT",NA,NA,NA,NA,NA,"",NA,NA,NA,NA,NA,NA,NA,NA,NA,NA,NA,NA,NA,"Unknown"
"AD...39403","AD...38435","AD...38397",2385,0,2002,2002,"Vlieland","638",53.303033,5.080891,"GREAT TIT",NA,NA,NA,NA,NA,"",NA,NA,NA,NA,NA,NA,NA,NA,NA,NA,NA,NA,NA,"Unknown"
"AD...39404","AD...38435","AD...38397",2385,0,2002,2002,"Vlieland","638",53.303033,5.080891,"GREAT TIT",NA,NA,NA,NA,NA,"",NA,NA,NA,NA,NA,NA,NA,NA,NA,NA,NA,NA,NA,"Unknown"
"AD...39405","AD...38435","AD...38397",2385,0,2002,2002,"Vlieland","638",53.303033,5.080891,"GREAT TIT",NA,NA,NA,NA,NA,"",NA,NA,NA,NA,NA,NA,NA,NA,NA,NA,NA,NA,NA,"Unknown"
"AD...39406","AD...38435","AD...38397",2385,0,2002,2002,"Vlieland","638",53.303033,5.080891,"GREAT TIT",NA,NA,NA,NA,NA,"",NA,NA,NA,NA,NA,NA,NA,NA,NA,NA,NA,NA,NA,"Unknown"
"AD...39407","AD...38435","AD...38397",2385,1,2002,2002,"Vlieland","638",53.303033,5.080891,"GREAT TIT",NA,NA,NA,NA,NA,"",NA,NA,NA,NA,NA,NA,NA,NA,NA,NA,NA,NA,NA,"Female"
"AD...39408","AD...38435","AD...38397",2385,0,2002,2002,"Vlieland","638",53.303033,5.080891,"GREAT TIT",NA,NA,NA,NA,NA,"",NA,NA,NA,NA,NA,NA,NA,NA,NA,NA,NA,NA,NA,"Unknown"
"AD...39409","AD...38435","AD...38397",2385,0,2002,2002,"Vlieland","638",53.303033,5.080891,"GREAT TIT",NA,NA,NA,NA,NA,"",NA,NA,NA,NA,NA,NA,NA,NA,NA,NA,NA,NA,NA,"Unknown"
"AD...39410",NA,NA,2388,0,2002,2002,"Vlieland","641",53.304462,5.072156,"BLUE TIT",NA,NA,NA,NA,NA,"",NA,NA,NA,NA,NA,NA,NA,NA,NA,NA,NA,NA,NA,"Unknown"
"AD...39609","AD...39599","AD...39600",2556,0,2002,2002,"Vlieland","-58",53.29611,5.06619,"GREAT TIT",NA,NA,NA,NA,NA,"",NA,NA,NA,NA,NA,NA,NA,NA,NA,NA,NA,NA,NA,"Unknown"
"AD...39610","AD...39599","AD...39600",2556,0,2002,2002,"Vlieland","-58",53.29611,5.06619,"GREAT TIT",NA,NA,NA,NA,NA,"",NA,NA,NA,NA,NA,NA,NA,NA,NA,NA,NA,NA,NA,"Unknown"
"AD...39611","AD...39599","AD...39600",2556,0,2002,2002,"Vlieland","-58",53.29611,5.06619,"GREAT TIT",NA,NA,NA,NA,NA,"",NA,NA,NA,NA,NA,NA,NA,NA,NA,NA,NA,NA,NA,"Unknown"
"AD...39612","AD...39599","AD...39600",2556,0,2002,2002,"Vlieland","-58",53.29611,5.06619,"GREAT TIT",NA,NA,NA,NA,NA,"",NA,NA,NA,NA,NA,NA,NA,NA,NA,NA,NA,NA,NA,"Unknown"
"AD...39613","AD...39599","AD...39600",2556,0,2002,2002,"Vlieland","-58",53.29611,5.06619,"GREAT TIT",NA,NA,NA,NA,NA,"",NA,NA,NA,NA,NA,NA,NA,NA,NA,NA,NA,NA,NA,"Unknown"
"AD...39614","AD...39599","AD...39600",2556,0,2002,2002,"Vlieland","-58",53.29611,5.06619,"GREAT TIT",NA,NA,NA,NA,NA,"",NA,NA,NA,NA,NA,NA,NA,NA,NA,NA,NA,NA,NA,"Unknown"
"AD...39615","AD...39599","AD...39600",2556,0,2002,2002,"Vlieland","-58",53.29611,5.06619,"GREAT TIT",NA,NA,NA,NA,NA,"",NA,NA,NA,NA,NA,NA,NA,NA,NA,NA,NA,NA,NA,"Unknown"
"AD...39616","AD...39599","AD...39600",2556,0,2002,2002,"Vlieland","-58",53.29611,5.06619,"GREAT TIT",NA,NA,NA,NA,NA,"",NA,NA,NA,NA,NA,NA,NA,NA,NA,NA,NA,NA,NA,"Unknown"
"AD...73649","AC...61385","AC...60016",2389,0,2002,2002,"Vlieland","642",53.304529,5.070963,"BLUE TIT",NA,NA,NA,NA,NA,"",NA,NA,NA,NA,NA,NA,NA,NA,NA,NA,NA,NA,NA,"Unknown"
"AD...73650","AC...61385","AC...60016",2389,0,2002,2002,"Vlieland","642",53.304529,5.070963,"BLUE TIT",NA,NA,NA,NA,NA,"",NA,NA,NA,NA,NA,NA,NA,NA,NA,NA,NA,NA,NA,"Unknown"
"AD...73799","AC...61385","AC...60016",2389,0,2002,2002,"Vlieland","642",53.304529,5.070963,"BLUE TIT",NA,NA,NA,NA,NA,"",NA,NA,NA,NA,NA,NA,NA,NA,NA,NA,NA,NA,NA,"Unknown"
"AD...73805","AE...48034",NA,3366,2,2002,2002,"Vlieland","-57",53.29611,5.06619,"GREAT TIT",NA,NA,NA,NA,NA,"",NA,NA,NA,NA,NA,NA,NA,NA,NA,NA,NA,NA,NA,"Male"
"AD...73806","AE...48034",NA,3366,0,2002,2002,"Vlieland","-57",53.29611,5.06619,"GREAT TIT",NA,NA,NA,NA,NA,"",NA,NA,NA,NA,NA,NA,NA,NA,NA,NA,NA,NA,NA,"Unknown"
"AD...73807","AE...48034",NA,3366,1,2002,2002,"Vlieland","-57",53.29611,5.06619,"GREAT TIT","bw or - al rw","blue/white","orange","metal","red/white","blue/white-orange-metal-red/white",NA,NA,NA,NA,NA,NA,NA,NA,NA,NA,NA,NA,NA,"Female"
"AD...73808","AE...48034",NA,3366,1,2002,2002,"Vlieland","-57",53.29611,5.06619,"GREAT TIT",NA,NA,NA,NA,NA,"",NA,NA,NA,NA,NA,NA,NA,NA,NA,NA,NA,NA,NA,"Female"
"AD...73809","AE...48034",NA,3366,0,2002,2002,"Vlieland","-57",53.29611,5.06619,"GREAT TIT",NA,NA,NA,NA,NA,"",NA,NA,NA,NA,NA,NA,NA,NA,NA,NA,NA,NA,NA,"Unknown"
"AD...73810","AE...48034",NA,3366,1,2002,2002,"Vlieland","-57",53.29611,5.06619,"GREAT TIT",NA,NA,NA,NA,NA,"",NA,NA,NA,NA,NA,NA,NA,NA,NA,NA,NA,NA,NA,"Female"
"AD...73811","AE...48034",NA,3366,1,2002,2002,"Vlieland","-57",53.29611,5.06619,"GREAT TIT",NA,NA,NA,NA,NA,"",NA,NA,NA,NA,NA,NA,NA,NA,NA,NA,NA,NA,NA,"Female"
"AD...73812","AE...48034",NA,3366,2,2002,2002,"Vlieland","-57",53.29611,5.06619,"GREAT TIT",NA,NA,NA,NA,NA,"",NA,NA,NA,NA,NA,NA,NA,NA,NA,NA,NA,NA,NA,"Male"
"AD...73813","AE...48034",NA,3366,1,2002,2002,"Vlieland","-57",53.29611,5.06619,"GREAT TIT",NA,NA,NA,NA,NA,"",NA,NA,NA,NA,NA,NA,NA,NA,NA,NA,NA,NA,NA,"Female"
"AD...99489",NA,NA,2202,0,2001,2001,"Vlieland","404",53.30207,5.06711,"BLUE TIT",NA,NA,NA,NA,NA,"",NA,NA,NA,NA,NA,NA,NA,NA,NA,NA,NA,NA,NA,"Unknown"
"AD...99490",NA,NA,2202,0,2001,2001,"Vlieland","404",53.30207,5.06711,"BLUE TIT",NA,NA,NA,NA,NA,"",NA,NA,NA,NA,NA,NA,NA,NA,NA,NA,NA,NA,NA,"Unknown"
"AD...99491",NA,NA,2202,0,2001,2001,"Vlieland","404",53.30207,5.06711,"BLUE TIT",NA,NA,NA,NA,NA,"",NA,NA,NA,NA,NA,NA,NA,NA,NA,NA,NA,NA,NA,"Unknown"
"AD...99492",NA,NA,2202,0,2001,2001,"Vlieland","404",53.30207,5.06711,"BLUE TIT",NA,NA,NA,NA,NA,"",NA,NA,NA,NA,NA,NA,NA,NA,NA,NA,NA,NA,NA,"Unknown"
"AD...99493",NA,NA,2202,0,2001,2001,"Vlieland","404",53.30207,5.06711,"BLUE TIT",NA,NA,NA,NA,NA,"",NA,NA,NA,NA,NA,NA,NA,NA,NA,NA,NA,NA,NA,"Unknown"
"AD...99494",NA,NA,2202,0,2001,2001,"Vlieland","404",53.30207,5.06711,"BLUE TIT",NA,NA,NA,NA,NA,"",NA,NA,NA,NA,NA,NA,NA,NA,NA,NA,NA,NA,NA,"Unknown"
"AD...99495",NA,NA,2202,0,2001,2001,"Vlieland","404",53.30207,5.06711,"BLUE TIT",NA,NA,NA,NA,NA,"",NA,NA,NA,NA,NA,NA,NA,NA,NA,NA,NA,NA,NA,"Unknown"
"AD...99496",NA,NA,2202,0,2001,2001,"Vlieland","404",53.30207,5.06711,"BLUE TIT",NA,NA,NA,NA,NA,"",NA,NA,NA,NA,NA,NA,NA,NA,NA,NA,NA,NA,NA,"Unknown"
"AD...99497",NA,NA,2202,0,2001,2001,"Vlieland","404",53.30207,5.06711,"BLUE TIT",NA,NA,NA,NA,NA,"",NA,NA,NA,NA,NA,NA,NA,NA,NA,NA,NA,NA,NA,"Unknown"
"AE...02099","AA...89934","AB...65928",2552,0,2001,2001,"Vlieland","-65",53.29611,5.06619,"GREAT TIT",NA,NA,NA,NA,NA,"",NA,NA,NA,NA,NA,NA,NA,NA,NA,NA,NA,NA,NA,"Unknown"
"AE...02100","AA...89934","AB...65928",2552,0,2001,2001,"Vlieland","-65",53.29611,5.06619,"GREAT TIT",NA,NA,NA,NA,NA,"",NA,NA,NA,NA,NA,NA,NA,NA,NA,NA,NA,NA,NA,"Unknown"
"AE...02101","AA...89934","AB...65928",2552,0,2001,2001,"Vlieland","-65",53.29611,5.06619,"GREAT TIT",NA,NA,NA,NA,NA,"",NA,NA,NA,NA,NA,NA,NA,NA,NA,NA,NA,NA,NA,"Unknown"
"AE...02102","AA...89934","AB...65928",2552,2,2001,2001,"Vlieland","-65",53.29611,5.06619,"GREAT TIT","bw or - wh al","blue/white","orange","white","metal","blue/white-orange-white-metal",NA,NA,NA,NA,NA,NA,NA,NA,NA,NA,NA,NA,NA,"Male"
"AE...02103","AA...89934","AB...65928",2552,0,2001,2001,"Vlieland","-65",53.29611,5.06619,"GREAT TIT",NA,NA,NA,NA,NA,"",NA,NA,NA,NA,NA,NA,NA,NA,NA,NA,NA,NA,NA,"Unknown"
"AE...02104","AA...89934","AB...65928",2552,0,2001,2001,"Vlieland","-65",53.29611,5.06619,"GREAT TIT",NA,NA,NA,NA,NA,"",NA,NA,NA,NA,NA,NA,NA,NA,NA,NA,NA,NA,NA,"Unknown"
"AE...02105","AA...89934","AB...65928",2552,0,2001,2001,"Vlieland","-65",53.29611,5.06619,"GREAT TIT",NA,NA,NA,NA,NA,"",NA,NA,NA,NA,NA,NA,NA,NA,NA,NA,NA,NA,NA,"Unknown"
"AE...02106","AA...89934","AB...65928",2552,2,2001,2001,"Vlieland","-65",53.29611,5.06619,"GREAT TIT",NA,NA,NA,NA,NA,"",NA,NA,NA,NA,NA,NA,NA,NA,NA,NA,NA,NA,NA,"Male"
"AE...02107","AA...89934","AB...65928",2552,0,2001,2001,"Vlieland","-65",53.29611,5.06619,"GREAT TIT",NA,NA,NA,NA,NA,"",NA,NA,NA,NA,NA,NA,NA,NA,NA,NA,NA,NA,NA,"Unknown"
"AE...02108","AA...89934","AB...65928",2552,0,2001,2001,"Vlieland","-65",53.29611,5.06619,"GREAT TIT",NA,NA,NA,NA,NA,"",NA,NA,NA,NA,NA,NA,NA,NA,NA,NA,NA,NA,NA,"Unknown"
"AE...02109","AA...89934","AB...65928",2552,0,2001,2001,"Vlieland","-65",53.29611,5.06619,"GREAT TIT",NA,NA,NA,NA,NA,"",NA,NA,NA,NA,NA,NA,NA,NA,NA,NA,NA,NA,NA,"Unknown"
"AE...02117","AB...65271","AB...65025",2032,0,2001,2001,"Vlieland","124",53.274102,4.997713,"GREAT TIT",NA,NA,NA,NA,NA,"",NA,NA,NA,NA,NA,NA,NA,NA,NA,NA,NA,NA,NA,"Unknown"
"AE...02118","AB...65271","AB...65025",2032,0,2001,2001,"Vlieland","124",53.274102,4.997713,"GREAT TIT",NA,NA,NA,NA,NA,"",NA,NA,NA,NA,NA,NA,NA,NA,NA,NA,NA,NA,NA,"Unknown"
"AE...02119","AB...65271","AB...65025",2032,1,2001,2001,"Vlieland","124",53.274102,4.997713,"GREAT TIT",NA,NA,NA,NA,NA,"",NA,NA,NA,NA,NA,NA,NA,NA,NA,NA,NA,NA,NA,"Female"
"AE...02120","AB...65271","AB...65025",2032,0,2001,2001,"Vlieland","124",53.274102,4.997713,"GREAT TIT",NA,NA,NA,NA,NA,"",NA,NA,NA,NA,NA,NA,NA,NA,NA,NA,NA,NA,NA,"Unknown"
"AE...02121","AB...65271","AB...65025",2032,0,2001,2001,"Vlieland","124",53.274102,4.997713,"GREAT TIT",NA,NA,NA,NA,NA,"",NA,NA,NA,NA,NA,NA,NA,NA,NA,NA,NA,NA,NA,"Unknown"
"AE...02122","AB...65271","AB...65025",2032,0,2001,2001,"Vlieland","124",53.274102,4.997713,"GREAT TIT",NA,NA,NA,NA,NA,"",NA,NA,NA,NA,NA,NA,NA,NA,NA,NA,NA,NA,NA,"Unknown"
"AE...02123","AB...65271","AB...65025",2032,0,2001,2001,"Vlieland","124",53.274102,4.997713,"GREAT TIT",NA,NA,NA,NA,NA,"",NA,NA,NA,NA,NA,NA,NA,NA,NA,NA,NA,NA,NA,"Unknown"
"AE...02124","AB...65271","AB...65025",2032,0,2001,2001,"Vlieland","124",53.274102,4.997713,"GREAT TIT",NA,NA,NA,NA,NA,"",NA,NA,NA,NA,NA,NA,NA,NA,NA,NA,NA,NA,NA,"Unknown"
"AE...02656","AB...65147","AC...85750",2708,0,2001,2001,"Vlieland","766",53.29611,5.06619,"GREAT TIT",NA,NA,NA,NA,NA,"",NA,NA,NA,NA,NA,NA,NA,NA,NA,NA,NA,NA,NA,"Unknown"
"AE...02657","AB...65147","AC...85750",2708,0,2001,2001,"Vlieland","766",53.29611,5.06619,"GREAT TIT",NA,NA,NA,NA,NA,"",NA,NA,NA,NA,NA,NA,NA,NA,NA,NA,NA,NA,NA,"Unknown"
"AE...02658","AB...65147","AC...85750",2708,2,2001,2001,"Vlieland","766",53.29611,5.06619,"GREAT TIT","gr al - wh bl","green","metal","white","blue","green-metal-white-blue",NA,NA,NA,NA,NA,NA,NA,NA,NA,NA,NA,NA,NA,"Male"
"AE...02659","AB...65147","AC...85750",2708,0,2001,2001,"Vlieland","766",53.29611,5.06619,"GREAT TIT",NA,NA,NA,NA,NA,"",NA,NA,NA,NA,NA,NA,NA,NA,NA,NA,NA,NA,NA,"Unknown"
"AE...02660","AB...65147","AC...85750",2708,0,2001,2001,"Vlieland","766",53.29611,5.06619,"GREAT TIT",NA,NA,NA,NA,NA,"",NA,NA,NA,NA,NA,NA,NA,NA,NA,NA,NA,NA,NA,"Unknown"
"AE...02661","AB...65147","AC...85750",2708,0,2001,2001,"Vlieland","766",53.29611,5.06619,"GREAT TIT",NA,NA,NA,NA,NA,"",NA,NA,NA,NA,NA,NA,NA,NA,NA,NA,NA,NA,NA,"Unknown"
"AE...16564","F...859652","AC...86730",2201,0,2001,2001,"Vlieland","403",53.30207,5.06711,"GREAT TIT",NA,NA,NA,NA,NA,"",NA,NA,NA,NA,NA,NA,NA,NA,NA,NA,NA,NA,NA,"Unknown"
"AE...16565","F...859652","AC...86730",2201,0,2001,2001,"Vlieland","403",53.30207,5.06711,"GREAT TIT",NA,NA,NA,NA,NA,"",NA,NA,NA,NA,NA,NA,NA,NA,NA,NA,NA,NA,NA,"Unknown"
"AE...16566","F...859652","AC...86730",2201,0,2001,2001,"Vlieland","403",53.30207,5.06711,"GREAT TIT",NA,NA,NA,NA,NA,"",NA,NA,NA,NA,NA,NA,NA,NA,NA,NA,NA,NA,NA,"Unknown"
"AE...16567","F...859652","AC...86730",2201,0,2001,2001,"Vlieland","403",53.30207,5.06711,"GREAT TIT",NA,NA,NA,NA,NA,"",NA,NA,NA,NA,NA,NA,NA,NA,NA,NA,NA,NA,NA,"Unknown"
"AE...16568","F...859652","AC...86730",2201,0,2001,2001,"Vlieland","403",53.30207,5.06711,"GREAT TIT",NA,NA,NA,NA,NA,"",NA,NA,NA,NA,NA,NA,NA,NA,NA,NA,NA,NA,NA,"Unknown"
"AE...16569","F...859652","AC...86730",2201,0,2001,2001,"Vlieland","403",53.30207,5.06711,"GREAT TIT",NA,NA,NA,NA,NA,"",NA,NA,NA,NA,NA,NA,NA,NA,NA,NA,NA,NA,NA,"Unknown"
"AE...16841","AB...65983","AB...65984",2554,0,2001,2001,"Vlieland","-62",53.29611,5.06619,"BLUE TIT",NA,NA,NA,NA,NA,"",NA,NA,NA,NA,NA,NA,NA,NA,NA,NA,NA,NA,NA,"Unknown"
"AE...16842","AB...65983","AB...65984",2554,0,2001,2001,"Vlieland","-62",53.29611,5.06619,"BLUE TIT",NA,NA,NA,NA,NA,"",NA,NA,NA,NA,NA,NA,NA,NA,NA,NA,NA,NA,NA,"Unknown"
"AE...16843","AB...65983","AB...65984",2554,0,2001,2001,"Vlieland","-62",53.29611,5.06619,"BLUE TIT",NA,NA,NA,NA,NA,"",NA,NA,NA,NA,NA,NA,NA,NA,NA,NA,NA,NA,NA,"Unknown"
"AE...16844","AB...65983","AB...65984",2554,0,2001,2001,"Vlieland","-62",53.29611,5.06619,"BLUE TIT",NA,NA,NA,NA,NA,"",NA,NA,NA,NA,NA,NA,NA,NA,NA,NA,NA,NA,NA,"Unknown"
"AE...16845","AB...65983","AB...65984",2554,0,2001,2001,"Vlieland","-62",53.29611,5.06619,"BLUE TIT",NA,NA,NA,NA,NA,"",NA,NA,NA,NA,NA,NA,NA,NA,NA,NA,NA,NA,NA,"Unknown"
"AE...16846","AB...65983","AB...65984",2554,0,2001,2001,"Vlieland","-62",53.29611,5.06619,"BLUE TIT",NA,NA,NA,NA,NA,"",NA,NA,NA,NA,NA,NA,NA,NA,NA,NA,NA,NA,NA,"Unknown"
"AE...16847","AB...65983","AB...65984",2554,0,2001,2001,"Vlieland","-62",53.29611,5.06619,"BLUE TIT",NA,NA,NA,NA,NA,"",NA,NA,NA,NA,NA,NA,NA,NA,NA,NA,NA,NA,NA,"Unknown"
"AE...16848","AB...65983","AB...65984",2554,0,2001,2001,"Vlieland","-62",53.29611,5.06619,"BLUE TIT",NA,NA,NA,NA,NA,"",NA,NA,NA,NA,NA,NA,NA,NA,NA,NA,NA,NA,NA,"Unknown"
"AE...16849","AB...65983","AB...65984",2554,0,2001,2001,"Vlieland","-62",53.29611,5.06619,"BLUE TIT",NA,NA,NA,NA,NA,"",NA,NA,NA,NA,NA,NA,NA,NA,NA,NA,NA,NA,NA,"Unknown"
"AE...16929","F...859652","AC...86730",2201,0,2001,2001,"Vlieland","403",53.30207,5.06711,"GREAT TIT",NA,NA,NA,NA,NA,"",NA,NA,NA,NA,NA,NA,NA,NA,NA,NA,NA,NA,NA,"Unknown"
"AE...17253","AE...17252","AC...86743",2560,0,2002,2002,"Vlieland","-50",53.29611,5.06619,"GREAT TIT",NA,NA,NA,NA,NA,"",NA,NA,NA,NA,NA,NA,NA,NA,NA,NA,NA,NA,NA,"Unknown"
"AE...17254","AE...17252","AC...86743",2560,0,2002,2002,"Vlieland","-50",53.29611,5.06619,"GREAT TIT",NA,NA,NA,NA,NA,"",NA,NA,NA,NA,NA,NA,NA,NA,NA,NA,NA,NA,NA,"Unknown"
"AE...17255","AE...17252","AC...86743",2560,2,2002,2002,"Vlieland","-50",53.29611,5.06619,"GREAT TIT","al ye - bw ye","metal","yellow","blue/white","yellow","metal-yellow-blue/white-yellow",NA,NA,NA,NA,NA,NA,NA,NA,NA,NA,NA,NA,NA,"Male"
"AE...17256","AE...17252","AC...86743",2560,0,2002,2002,"Vlieland","-50",53.29611,5.06619,"GREAT TIT",NA,NA,NA,NA,NA,"",NA,NA,NA,NA,NA,NA,NA,NA,NA,NA,NA,NA,NA,"Unknown"
"AE...17257","AE...17252","AC...86743",2560,0,2002,2002,"Vlieland","-50",53.29611,5.06619,"GREAT TIT",NA,NA,NA,NA,NA,"",NA,NA,NA,NA,NA,NA,NA,NA,NA,NA,NA,NA,NA,"Unknown"
"AE...17258","AE...17252","AC...86743",2560,0,2002,2002,"Vlieland","-50",53.29611,5.06619,"GREAT TIT",NA,NA,NA,NA,NA,"",NA,NA,NA,NA,NA,NA,NA,NA,NA,NA,NA,NA,NA,"Unknown"
"AE...17259","AE...17252","AC...86743",2560,0,2002,2002,"Vlieland","-50",53.29611,5.06619,"GREAT TIT",NA,NA,NA,NA,NA,"",NA,NA,NA,NA,NA,NA,NA,NA,NA,NA,NA,NA,NA,"Unknown"
"AE...17260","AE...17252","AC...86743",2560,0,2002,2002,"Vlieland","-50",53.29611,5.06619,"GREAT TIT",NA,NA,NA,NA,NA,"",NA,NA,NA,NA,NA,NA,NA,NA,NA,NA,NA,NA,NA,"Unknown"
"AE...17269","AE...17251",NA,2717,0,2002,2002,"Vlieland","780",53.29611,5.06619,"GREAT TIT",NA,NA,NA,NA,NA,"",NA,NA,NA,NA,NA,NA,NA,NA,NA,NA,NA,NA,NA,"Unknown"
"AE...17270","AE...17251",NA,2717,0,2002,2002,"Vlieland","780",53.29611,5.06619,"GREAT TIT",NA,NA,NA,NA,NA,"",NA,NA,NA,NA,NA,NA,NA,NA,NA,NA,NA,NA,NA,"Unknown"
"AE...17271","AE...17251",NA,2717,0,2002,2002,"Vlieland","780",53.29611,5.06619,"GREAT TIT",NA,NA,NA,NA,NA,"",NA,NA,NA,NA,NA,NA,NA,NA,NA,NA,NA,NA,NA,"Unknown"
"AE...17272","AE...17251",NA,2717,0,2002,2002,"Vlieland","780",53.29611,5.06619,"GREAT TIT",NA,NA,NA,NA,NA,"",NA,NA,NA,NA,NA,NA,NA,NA,NA,NA,NA,NA,NA,"Unknown"
"AE...17273","AE...17251",NA,2717,0,2002,2002,"Vlieland","780",53.29611,5.06619,"GREAT TIT",NA,NA,NA,NA,NA,"",NA,NA,NA,NA,NA,NA,NA,NA,NA,NA,NA,NA,NA,"Unknown"
"AE...17274","AE...17251",NA,2717,0,2002,2002,"Vlieland","780",53.29611,5.06619,"GREAT TIT",NA,NA,NA,NA,NA,"",NA,NA,NA,NA,NA,NA,NA,NA,NA,NA,NA,NA,NA,"Unknown"
"AE...17730","AB...65965","AE...17630",2387,0,2002,2002,"Vlieland","640",53.304121,5.0784,"GREAT TIT",NA,NA,NA,NA,NA,"",NA,NA,NA,NA,NA,NA,NA,NA,NA,NA,NA,NA,NA,"Unknown"
"AE...17731","AB...65965","AE...17630",2387,0,2002,2002,"Vlieland","640",53.304121,5.0784,"GREAT TIT",NA,NA,NA,NA,NA,"",NA,NA,NA,NA,NA,NA,NA,NA,NA,NA,NA,NA,NA,"Unknown"
"AE...17732","AB...65965","AE...17630",2387,0,2002,2002,"Vlieland","640",53.304121,5.0784,"GREAT TIT",NA,NA,NA,NA,NA,"",NA,NA,NA,NA,NA,NA,NA,NA,NA,NA,NA,NA,NA,"Unknown"
"AE...17733","AB...65965","AE...17630",2387,0,2002,2002,"Vlieland","640",53.304121,5.0784,"GREAT TIT",NA,NA,NA,NA,NA,"",NA,NA,NA,NA,NA,NA,NA,NA,NA,NA,NA,NA,NA,"Unknown"
"AE...17734","AB...65965","AE...17630",2387,0,2002,2002,"Vlieland","640",53.304121,5.0784,"GREAT TIT",NA,NA,NA,NA,NA,"",NA,NA,NA,NA,NA,NA,NA,NA,NA,NA,NA,NA,NA,"Unknown"
"AE...17735","AB...65965","AE...17630",2387,0,2002,2002,"Vlieland","640",53.304121,5.0784,"GREAT TIT",NA,NA,NA,NA,NA,"",NA,NA,NA,NA,NA,NA,NA,NA,NA,NA,NA,NA,NA,"Unknown"
"AE...17736","AB...65965","AE...17630",2387,0,2002,2002,"Vlieland","640",53.304121,5.0784,"GREAT TIT",NA,NA,NA,NA,NA,"",NA,NA,NA,NA,NA,NA,NA,NA,NA,NA,NA,NA,NA,"Unknown"
"AE...17737","AB...65965","AE...17630",2387,2,2002,2002,"Vlieland","640",53.304121,5.0784,"GREAT TIT",NA,NA,NA,NA,NA,"",NA,NA,NA,NA,NA,NA,NA,NA,NA,NA,NA,NA,NA,"Male"
"AE...17738","AB...65965","AE...17630",2387,2,2002,2002,"Vlieland","640",53.304121,5.0784,"GREAT TIT","gr gr - al ye","green","green","metal","yellow","green-green-metal-yellow",NA,NA,NA,NA,NA,NA,NA,NA,NA,NA,NA,NA,NA,"Male"
"AE...17819","AE...17252","AE...17818",2208,1,2003,2003,"Vlieland","410",53.30207,5.06711,"GREAT TIT",NA,NA,NA,NA,NA,"",NA,NA,NA,NA,NA,NA,NA,NA,NA,NA,NA,NA,NA,"Female"
"AE...17820","AE...17252","AE...17818",2208,0,2003,2003,"Vlieland","410",53.30207,5.06711,"GREAT TIT",NA,NA,NA,NA,NA,"",NA,NA,NA,NA,NA,NA,NA,NA,NA,NA,NA,NA,NA,"Unknown"
"AE...17821","AE...17252","AE...17818",2208,0,2003,2003,"Vlieland","410",53.30207,5.06711,"GREAT TIT",NA,NA,NA,NA,NA,"",NA,NA,NA,NA,NA,NA,NA,NA,NA,NA,NA,NA,NA,"Unknown"
"AE...18455","AE...13472","AE...13443",2716,2,2002,2002,"Vlieland","778",53.29611,5.06619,"GREAT TIT",NA,NA,NA,NA,NA,"",NA,NA,NA,NA,NA,NA,NA,NA,NA,NA,NA,NA,NA,"Male"
"AE...18456","AE...13472","AE...13443",2716,2,2002,2002,"Vlieland","778",53.29611,5.06619,"GREAT TIT",NA,NA,NA,NA,NA,"",NA,NA,NA,NA,NA,NA,NA,NA,NA,NA,NA,NA,NA,"Male"
"AE...18457","AE...13472","AE...13443",2716,2,2002,2002,"Vlieland","778",53.29611,5.06619,"GREAT TIT","al bl - bl ye","metal","blue","blue","yellow","metal-blue-blue-yellow",NA,NA,NA,NA,NA,NA,NA,NA,NA,NA,NA,NA,NA,"Male"
"AE...18458","AE...13472","AE...13443",2716,1,2002,2002,"Vlieland","778",53.29611,5.06619,"GREAT TIT",NA,NA,NA,NA,NA,"",NA,NA,NA,NA,NA,NA,NA,NA,NA,NA,NA,NA,NA,"Female"
"AE...18459","AE...13472","AE...13443",2716,2,2002,2002,"Vlieland","778",53.29611,5.06619,"GREAT TIT",NA,NA,NA,NA,NA,"",NA,NA,NA,NA,NA,NA,NA,NA,NA,NA,NA,NA,NA,"Male"
"AE...18460","AE...13472","AE...13443",2716,1,2002,2002,"Vlieland","778",53.29611,5.06619,"GREAT TIT",NA,NA,NA,NA,NA,"",NA,NA,NA,NA,NA,NA,NA,NA,NA,NA,NA,NA,NA,"Female"
"AE...18461","AE...13472","AE...13443",2716,1,2002,2002,"Vlieland","778",53.29611,5.06619,"GREAT TIT",NA,NA,NA,NA,NA,"",NA,NA,NA,NA,NA,NA,NA,NA,NA,NA,NA,NA,NA,"Female"
"AE...18483",NA,NA,2040,0,2002,2002,"Vlieland","207",53.277094,5.011597,"BLUE TIT",NA,NA,NA,NA,NA,"",NA,NA,NA,NA,NA,NA,NA,NA,NA,NA,NA,NA,NA,"Unknown"
"AE...18484",NA,NA,2040,0,2002,2002,"Vlieland","207",53.277094,5.011597,"BLUE TIT",NA,NA,NA,NA,NA,"",NA,NA,NA,NA,NA,NA,NA,NA,NA,NA,NA,NA,NA,"Unknown"
"AE...18485",NA,NA,2040,0,2002,2002,"Vlieland","207",53.277094,5.011597,"BLUE TIT",NA,NA,NA,NA,NA,"",NA,NA,NA,NA,NA,NA,NA,NA,NA,NA,NA,NA,NA,"Unknown"
"AE...18486",NA,NA,2040,0,2002,2002,"Vlieland","207",53.277094,5.011597,"BLUE TIT",NA,NA,NA,NA,NA,"",NA,NA,NA,NA,NA,NA,NA,NA,NA,NA,NA,NA,NA,"Unknown"
"AE...18487",NA,NA,2040,0,2002,2002,"Vlieland","207",53.277094,5.011597,"BLUE TIT",NA,NA,NA,NA,NA,"",NA,NA,NA,NA,NA,NA,NA,NA,NA,NA,NA,NA,NA,"Unknown"
"AE...18488",NA,NA,2040,0,2002,2002,"Vlieland","207",53.277094,5.011597,"BLUE TIT",NA,NA,NA,NA,NA,"",NA,NA,NA,NA,NA,NA,NA,NA,NA,NA,NA,NA,NA,"Unknown"
"AE...18489",NA,NA,2040,0,2002,2002,"Vlieland","207",53.277094,5.011597,"BLUE TIT",NA,NA,NA,NA,NA,"",NA,NA,NA,NA,NA,NA,NA,NA,NA,NA,NA,NA,NA,"Unknown"
"AE...18490",NA,NA,2040,0,2002,2002,"Vlieland","207",53.277094,5.011597,"BLUE TIT",NA,NA,NA,NA,NA,"",NA,NA,NA,NA,NA,NA,NA,NA,NA,NA,NA,NA,NA,"Unknown"
"AE...27205","AB...66201","AB...65928",2383,0,2002,2002,"Vlieland","636",53.30207,5.06711,"GREAT TIT",NA,NA,NA,NA,NA,"",NA,NA,NA,NA,NA,NA,NA,NA,NA,NA,NA,NA,NA,"Unknown"
"AE...27206","AB...66201","AB...65928",2383,0,2002,2002,"Vlieland","636",53.30207,5.06711,"GREAT TIT",NA,NA,NA,NA,NA,"",NA,NA,NA,NA,NA,NA,NA,NA,NA,NA,NA,NA,NA,"Unknown"
"AE...27207","AB...66201","AB...65928",2383,0,2002,2002,"Vlieland","636",53.30207,5.06711,"GREAT TIT",NA,NA,NA,NA,NA,"",NA,NA,NA,NA,NA,NA,NA,NA,NA,NA,NA,NA,NA,"Unknown"
"AE...27208","AB...66201","AB...65928",2383,0,2002,2002,"Vlieland","636",53.30207,5.06711,"GREAT TIT",NA,NA,NA,NA,NA,"",NA,NA,NA,NA,NA,NA,NA,NA,NA,NA,NA,NA,NA,"Unknown"
"AE...27209","AB...66201","AB...65928",2383,0,2002,2002,"Vlieland","636",53.30207,5.06711,"GREAT TIT",NA,NA,NA,NA,NA,"",NA,NA,NA,NA,NA,NA,NA,NA,NA,NA,NA,NA,NA,"Unknown"
"AE...27210","AB...66201","AB...65928",2383,0,2002,2002,"Vlieland","636",53.30207,5.06711,"GREAT TIT",NA,NA,NA,NA,NA,"",NA,NA,NA,NA,NA,NA,NA,NA,NA,NA,NA,NA,NA,"Unknown"
"AE...27211","AB...66201","AB...65928",2383,0,2002,2002,"Vlieland","636",53.30207,5.06711,"GREAT TIT",NA,NA,NA,NA,NA,"",NA,NA,NA,NA,NA,NA,NA,NA,NA,NA,NA,NA,NA,"Unknown"
"AE...27212","AB...66201","AB...65928",2383,0,2002,2002,"Vlieland","636",53.30207,5.06711,"GREAT TIT",NA,NA,NA,NA,NA,"",NA,NA,NA,NA,NA,NA,NA,NA,NA,NA,NA,NA,NA,"Unknown"
"AE...97473","AC...86972","AB...65025",2037,2,2002,2002,"Vlieland","204",53.278303,5.008957,"GREAT TIT","ye al - or pb","yellow","metal","orange","pink/blue","yellow-metal-orange-pink/blue",NA,NA,NA,NA,NA,NA,NA,NA,NA,NA,NA,NA,NA,"Male"
"AE...97474","AC...86972","AB...65025",2037,0,2002,2002,"Vlieland","204",53.278303,5.008957,"GREAT TIT",NA,NA,NA,NA,NA,"",NA,NA,NA,NA,NA,NA,NA,NA,NA,NA,NA,NA,NA,"Unknown"
"AE...97475","AC...86972","AB...65025",2037,0,2002,2002,"Vlieland","204",53.278303,5.008957,"GREAT TIT",NA,NA,NA,NA,NA,"",NA,NA,NA,NA,NA,NA,NA,NA,NA,NA,NA,NA,NA,"Unknown"
"AE...97824","AE...27790",NA,2214,1,2005,2005,"Vlieland","416",53.30207,5.06711,"GREAT TIT",NA,NA,NA,NA,NA,"",NA,NA,NA,NA,NA,NA,NA,NA,NA,NA,NA,NA,NA,"Female"
"AE...97825","AE...27790",NA,2214,1,2005,2005,"Vlieland","416",53.30207,5.06711,"GREAT TIT",NA,NA,NA,NA,NA,"",NA,NA,NA,NA,NA,NA,NA,NA,NA,NA,NA,NA,NA,"Female"
"AE...97826","AE...27790",NA,2214,2,2005,2005,"Vlieland","416",53.30207,5.06711,"GREAT TIT",NA,NA,NA,NA,NA,"",NA,NA,NA,NA,NA,NA,NA,NA,NA,NA,NA,NA,NA,"Male"
"AE...97827","AE...27790",NA,2214,1,2005,2005,"Vlieland","416",53.30207,5.06711,"GREAT TIT",NA,NA,NA,NA,NA,"",NA,NA,NA,NA,NA,NA,NA,NA,NA,NA,NA,NA,NA,"Female"
"AE...97956","AC...85336",NA,15686,0,2003,2003,"Vlieland","412",53.30207,5.06711,"BLUE TIT",NA,NA,NA,NA,NA,"",NA,NA,NA,NA,NA,NA,NA,NA,NA,NA,NA,NA,NA,"Unknown"
"AE...97957","AC...85336",NA,15686,0,2003,2003,"Vlieland","412",53.30207,5.06711,"BLUE TIT",NA,NA,NA,NA,NA,"",NA,NA,NA,NA,NA,NA,NA,NA,NA,NA,NA,NA,NA,"Unknown"
"AE...97958","AC...85336",NA,15686,0,2003,2003,"Vlieland","412",53.30207,5.06711,"BLUE TIT",NA,NA,NA,NA,NA,"",NA,NA,NA,NA,NA,NA,NA,NA,NA,NA,NA,NA,NA,"Unknown"
"AE...97959","AC...85336",NA,15686,0,2003,2003,"Vlieland","412",53.30207,5.06711,"BLUE TIT",NA,NA,NA,NA,NA,"",NA,NA,NA,NA,NA,NA,NA,NA,NA,NA,NA,NA,NA,"Unknown"
"AE...97960","AC...85336",NA,15686,0,2003,2003,"Vlieland","412",53.30207,5.06711,"BLUE TIT",NA,NA,NA,NA,NA,"",NA,NA,NA,NA,NA,NA,NA,NA,NA,NA,NA,NA,NA,"Unknown"
"AE...97961","AC...85336",NA,15686,0,2003,2003,"Vlieland","412",53.30207,5.06711,"BLUE TIT",NA,NA,NA,NA,NA,"",NA,NA,NA,NA,NA,NA,NA,NA,NA,NA,NA,NA,NA,"Unknown"
"AE...97962","AC...85336",NA,15686,0,2003,2003,"Vlieland","412",53.30207,5.06711,"BLUE TIT",NA,NA,NA,NA,NA,"",NA,NA,NA,NA,NA,NA,NA,NA,NA,NA,NA,NA,NA,"Unknown"
"AE...97963","AC...85336",NA,15686,0,2003,2003,"Vlieland","412",53.30207,5.06711,"BLUE TIT",NA,NA,NA,NA,NA,"",NA,NA,NA,NA,NA,NA,NA,NA,NA,NA,NA,NA,NA,"Unknown"
"AF...07365","AC...97531","AC...97167",2386,2,2002,2002,"Vlieland","639",53.30331,5.08064,"GREAT TIT","ye al - ye re","yellow","metal","yellow","red","yellow-metal-yellow-red",NA,NA,NA,NA,NA,NA,NA,NA,NA,NA,NA,NA,NA,"Male"
"AF...07366","AC...97531","AC...97167",2386,0,2002,2002,"Vlieland","639",53.30331,5.08064,"GREAT TIT",NA,NA,NA,NA,NA,"",NA,NA,NA,NA,NA,NA,NA,NA,NA,NA,NA,NA,NA,"Unknown"
"AF...07367","AC...97531","AC...97167",2386,0,2002,2002,"Vlieland","639",53.30331,5.08064,"GREAT TIT",NA,NA,NA,NA,NA,"",NA,NA,NA,NA,NA,NA,NA,NA,NA,NA,NA,NA,NA,"Unknown"
"AF...07368","AC...97531","AC...97167",2386,1,2002,2002,"Vlieland","639",53.30331,5.08064,"GREAT TIT","bl bl - ye al","blue","blue","yellow","metal","blue-blue-yellow-metal",NA,NA,NA,NA,NA,NA,NA,NA,NA,NA,NA,NA,NA,"Female"
"AF...07369","AC...97531","AC...97167",2386,0,2002,2002,"Vlieland","639",53.30331,5.08064,"GREAT TIT",NA,NA,NA,NA,NA,"",NA,NA,NA,NA,NA,NA,NA,NA,NA,NA,NA,NA,NA,"Unknown"
"AF...07370","AC...97531","AC...97167",2386,2,2002,2002,"Vlieland","639",53.30331,5.08064,"GREAT TIT","al bl - ye bw","metal","blue","yellow","blue/white","metal-blue-yellow-blue/white",NA,NA,NA,NA,NA,NA,NA,NA,NA,NA,NA,NA,NA,"Male"
"AF...07371","AC...97531","AC...97167",2386,0,2002,2002,"Vlieland","639",53.30331,5.08064,"GREAT TIT",NA,NA,NA,NA,NA,"",NA,NA,NA,NA,NA,NA,NA,NA,NA,NA,NA,NA,NA,"Unknown"
"AF...07372","AC...97531","AC...97167",2386,0,2002,2002,"Vlieland","639",53.30331,5.08064,"GREAT TIT",NA,NA,NA,NA,NA,"",NA,NA,NA,NA,NA,NA,NA,NA,NA,NA,NA,NA,NA,"Unknown"
"AF...07501",NA,NA,2718,0,2002,2002,"Vlieland","781",53.29611,5.06619,"BLUE TIT",NA,NA,NA,NA,NA,"",NA,NA,NA,NA,NA,NA,NA,NA,NA,NA,NA,NA,NA,"Unknown"
"AF...07502",NA,NA,2718,0,2002,2002,"Vlieland","781",53.29611,5.06619,"BLUE TIT",NA,NA,NA,NA,NA,"",NA,NA,NA,NA,NA,NA,NA,NA,NA,NA,NA,NA,NA,"Unknown"
"AF...07503",NA,NA,2718,0,2002,2002,"Vlieland","781",53.29611,5.06619,"BLUE TIT",NA,NA,NA,NA,NA,"",NA,NA,NA,NA,NA,NA,NA,NA,NA,NA,NA,NA,NA,"Unknown"
"AF...07504",NA,NA,2718,0,2002,2002,"Vlieland","781",53.29611,5.06619,"BLUE TIT",NA,NA,NA,NA,NA,"",NA,NA,NA,NA,NA,NA,NA,NA,NA,NA,NA,NA,NA,"Unknown"
"AF...07505",NA,NA,2718,0,2002,2002,"Vlieland","781",53.29611,5.06619,"BLUE TIT",NA,NA,NA,NA,NA,"",NA,NA,NA,NA,NA,NA,NA,NA,NA,NA,NA,NA,NA,"Unknown"
"AF...07506",NA,NA,2718,0,2002,2002,"Vlieland","781",53.29611,5.06619,"BLUE TIT",NA,NA,NA,NA,NA,"",NA,NA,NA,NA,NA,NA,NA,NA,NA,NA,NA,NA,NA,"Unknown"
"AF...07507",NA,NA,2718,0,2002,2002,"Vlieland","781",53.29611,5.06619,"BLUE TIT",NA,NA,NA,NA,NA,"",NA,NA,NA,NA,NA,NA,NA,NA,NA,NA,NA,NA,NA,"Unknown"
"AF...07508",NA,NA,2718,0,2002,2002,"Vlieland","781",53.29611,5.06619,"BLUE TIT",NA,NA,NA,NA,NA,"",NA,NA,NA,NA,NA,NA,NA,NA,NA,NA,NA,NA,NA,"Unknown"
"AF...07509",NA,NA,2718,0,2002,2002,"Vlieland","781",53.29611,5.06619,"BLUE TIT",NA,NA,NA,NA,NA,"",NA,NA,NA,NA,NA,NA,NA,NA,NA,NA,NA,NA,NA,"Unknown"
"AF...07510",NA,NA,2718,0,2002,2002,"Vlieland","781",53.29611,5.06619,"BLUE TIT",NA,NA,NA,NA,NA,"",NA,NA,NA,NA,NA,NA,NA,NA,NA,NA,NA,NA,NA,"Unknown"
"AF...07511",NA,NA,2718,0,2002,2002,"Vlieland","781",53.29611,5.06619,"BLUE TIT",NA,NA,NA,NA,NA,"",NA,NA,NA,NA,NA,NA,NA,NA,NA,NA,NA,NA,NA,"Unknown"
"AF...07512",NA,NA,2718,0,2002,2002,"Vlieland","781",53.29611,5.06619,"BLUE TIT",NA,NA,NA,NA,NA,"",NA,NA,NA,NA,NA,NA,NA,NA,NA,NA,NA,NA,NA,"Unknown"
"AF...07668","AF...07178","AF...07313",2722,0,2003,2003,"Vlieland","786",53.29611,5.06619,"GREAT TIT",NA,NA,NA,NA,NA,"",NA,NA,NA,NA,NA,NA,NA,NA,NA,NA,NA,NA,NA,"Unknown"
"AF...07669","AF...07178","AF...07313",2722,1,2003,2003,"Vlieland","786",53.29611,5.06619,"GREAT TIT","bl ye - al pi","blue","yellow","metal","pink","blue-yellow-metal-pink",NA,NA,NA,NA,NA,NA,NA,NA,NA,NA,NA,NA,NA,"Female"
"AF...07670","AF...07178","AF...07313",2722,0,2003,2003,"Vlieland","786",53.29611,5.06619,"GREAT TIT",NA,NA,NA,NA,NA,"",NA,NA,NA,NA,NA,NA,NA,NA,NA,NA,NA,NA,NA,"Unknown"
"AF...07671","AF...07178","AF...07313",2722,0,2003,2003,"Vlieland","786",53.29611,5.06619,"GREAT TIT",NA,NA,NA,NA,NA,"",NA,NA,NA,NA,NA,NA,NA,NA,NA,NA,NA,NA,NA,"Unknown"
"AF...07672","AF...07178","AF...07313",2722,0,2003,2003,"Vlieland","786",53.29611,5.06619,"GREAT TIT",NA,NA,NA,NA,NA,"",NA,NA,NA,NA,NA,NA,NA,NA,NA,NA,NA,NA,NA,"Unknown"
"AF...07673","AF...07178","AF...07313",2722,0,2003,2003,"Vlieland","786",53.29611,5.06619,"GREAT TIT",NA,NA,NA,NA,NA,"",NA,NA,NA,NA,NA,NA,NA,NA,NA,NA,NA,NA,NA,"Unknown"
"AF...07674","AF...07178","AF...07313",2722,0,2003,2003,"Vlieland","786",53.29611,5.06619,"GREAT TIT",NA,NA,NA,NA,NA,"",NA,NA,NA,NA,NA,NA,NA,NA,NA,NA,NA,NA,NA,"Unknown"
"AF...07675","AF...07178","AF...07313",2722,0,2003,2003,"Vlieland","786",53.29611,5.06619,"GREAT TIT",NA,NA,NA,NA,NA,"",NA,NA,NA,NA,NA,NA,NA,NA,NA,NA,NA,NA,NA,"Unknown"
"AF...07676","AF...07178","AF...07313",2722,0,2003,2003,"Vlieland","786",53.29611,5.06619,"GREAT TIT",NA,NA,NA,NA,NA,"",NA,NA,NA,NA,NA,NA,NA,NA,NA,NA,NA,NA,NA,"Unknown"
"AF...07801",NA,NA,2039,0,2002,2002,"Vlieland","206",53.276954,5.009673,"BLUE TIT",NA,NA,NA,NA,NA,"",NA,NA,NA,NA,NA,NA,NA,NA,NA,NA,NA,NA,NA,"Unknown"
"AF...07802",NA,NA,2039,2,2002,2002,"Vlieland","206",53.276954,5.009673,"BLUE TIT",NA,NA,NA,NA,NA,"",NA,NA,NA,NA,NA,NA,NA,NA,NA,NA,NA,NA,NA,"Male"
"AF...07803",NA,NA,2039,0,2002,2002,"Vlieland","206",53.276954,5.009673,"BLUE TIT",NA,NA,NA,NA,NA,"",NA,NA,NA,NA,NA,NA,NA,NA,NA,NA,NA,NA,NA,"Unknown"
"AF...07804",NA,NA,2039,0,2002,2002,"Vlieland","206",53.276954,5.009673,"BLUE TIT",NA,NA,NA,NA,NA,"",NA,NA,NA,NA,NA,NA,NA,NA,NA,NA,NA,NA,NA,"Unknown"
"AF...07805",NA,NA,2039,0,2002,2002,"Vlieland","206",53.276954,5.009673,"BLUE TIT",NA,NA,NA,NA,NA,"",NA,NA,NA,NA,NA,NA,NA,NA,NA,NA,NA,NA,NA,"Unknown"
"AF...07806",NA,NA,2039,0,2002,2002,"Vlieland","206",53.276954,5.009673,"BLUE TIT",NA,NA,NA,NA,NA,"",NA,NA,NA,NA,NA,NA,NA,NA,NA,NA,NA,NA,NA,"Unknown"
"AF...07807",NA,NA,2039,0,2002,2002,"Vlieland","206",53.276954,5.009673,"BLUE TIT",NA,NA,NA,NA,NA,"",NA,NA,NA,NA,NA,NA,NA,NA,NA,NA,NA,NA,NA,"Unknown"
"AF...07808",NA,NA,2039,0,2002,2002,"Vlieland","206",53.276954,5.009673,"BLUE TIT",NA,NA,NA,NA,NA,"",NA,NA,NA,NA,NA,NA,NA,NA,NA,NA,NA,NA,NA,"Unknown"
"AF...07809",NA,NA,2039,0,2002,2002,"Vlieland","206",53.276954,5.009673,"BLUE TIT",NA,NA,NA,NA,NA,"",NA,NA,NA,NA,NA,NA,NA,NA,NA,NA,NA,NA,NA,"Unknown"
"AF...07810",NA,NA,2039,0,2002,2002,"Vlieland","206",53.276954,5.009673,"BLUE TIT",NA,NA,NA,NA,NA,"",NA,NA,NA,NA,NA,NA,NA,NA,NA,NA,NA,NA,NA,"Unknown"
"AF...07811",NA,NA,2039,0,2002,2002,"Vlieland","206",53.276954,5.009673,"BLUE TIT",NA,NA,NA,NA,NA,"",NA,NA,NA,NA,NA,NA,NA,NA,NA,NA,NA,NA,NA,"Unknown"
"AF...07812",NA,NA,2039,0,2002,2002,"Vlieland","206",53.276954,5.009673,"BLUE TIT",NA,NA,NA,NA,NA,"",NA,NA,NA,NA,NA,NA,NA,NA,NA,NA,NA,NA,NA,"Unknown"
"AF...09001","AE...18013","AE...18112",2559,1,2002,2002,"Vlieland","-51",53.29611,5.06619,"GREAT TIT",NA,NA,NA,NA,NA,"",NA,NA,NA,NA,NA,NA,NA,NA,NA,NA,NA,NA,NA,"Female"
"AF...09002","AE...18013","AE...18112",2559,2,2002,2002,"Vlieland","-51",53.29611,5.06619,"GREAT TIT",NA,NA,NA,NA,NA,"",NA,NA,NA,NA,NA,NA,NA,NA,NA,NA,NA,NA,NA,"Male"
"AF...09003","AE...18013","AE...18112",2559,1,2002,2002,"Vlieland","-51",53.29611,5.06619,"GREAT TIT",NA,NA,NA,NA,NA,"",NA,NA,NA,NA,NA,NA,NA,NA,NA,NA,NA,NA,NA,"Female"
"AF...09004","AE...18013","AE...18112",2559,1,2002,2002,"Vlieland","-51",53.29611,5.06619,"GREAT TIT","wh pb - al pb","white","pink/blue","metal","pink/blue","white-pink/blue-metal-pink/blue",NA,NA,NA,NA,NA,NA,NA,NA,NA,NA,NA,NA,NA,"Female"
"AF...09005","AE...18013","AE...18112",2559,2,2002,2002,"Vlieland","-51",53.29611,5.06619,"GREAT TIT",NA,NA,NA,NA,NA,"",NA,NA,NA,NA,NA,NA,NA,NA,NA,NA,NA,NA,NA,"Male"
"AF...09006","AE...18013","AE...18112",2559,1,2002,2002,"Vlieland","-51",53.29611,5.06619,"GREAT TIT",NA,NA,NA,NA,NA,"",NA,NA,NA,NA,NA,NA,NA,NA,NA,NA,NA,NA,NA,"Female"
"AF...09007","AE...18013","AE...18112",2559,1,2002,2002,"Vlieland","-51",53.29611,5.06619,"GREAT TIT",NA,NA,NA,NA,NA,"",NA,NA,NA,NA,NA,NA,NA,NA,NA,NA,NA,NA,NA,"Female"
"AF...09008","AE...18013","AE...18112",2559,1,2002,2002,"Vlieland","-51",53.29611,5.06619,"GREAT TIT",NA,NA,NA,NA,NA,"",NA,NA,NA,NA,NA,NA,NA,NA,NA,NA,NA,NA,NA,"Female"
"AF...34202","AF...34201","AF...34199",2721,0,2003,2003,"Vlieland","785",53.29611,5.06619,"GREAT TIT",NA,NA,NA,NA,NA,"",NA,NA,NA,NA,NA,NA,NA,NA,NA,NA,NA,NA,NA,"Unknown"
"AF...34203","AF...34201","AF...34199",2721,0,2003,2003,"Vlieland","785",53.29611,5.06619,"GREAT TIT",NA,NA,NA,NA,NA,"",NA,NA,NA,NA,NA,NA,NA,NA,NA,NA,NA,NA,NA,"Unknown"
"AF...34204","AF...34201","AF...34199",2721,0,2003,2003,"Vlieland","785",53.29611,5.06619,"GREAT TIT",NA,NA,NA,NA,NA,"",NA,NA,NA,NA,NA,NA,NA,NA,NA,NA,NA,NA,NA,"Unknown"
"AF...34205","AF...34201","AF...34199",2721,0,2003,2003,"Vlieland","785",53.29611,5.06619,"GREAT TIT",NA,NA,NA,NA,NA,"",NA,NA,NA,NA,NA,NA,NA,NA,NA,NA,NA,NA,NA,"Unknown"
"AF...34206","AF...34201","AF...34199",2721,0,2003,2003,"Vlieland","785",53.29611,5.06619,"GREAT TIT",NA,NA,NA,NA,NA,"",NA,NA,NA,NA,NA,NA,NA,NA,NA,NA,NA,NA,NA,"Unknown"
"AF...34207","AF...34201","AF...34199",2721,0,2003,2003,"Vlieland","785",53.29611,5.06619,"GREAT TIT",NA,NA,NA,NA,NA,"",NA,NA,NA,NA,NA,NA,NA,NA,NA,NA,NA,NA,NA,"Unknown"
"AF...34208","AF...34201","AF...34199",2721,0,2003,2003,"Vlieland","785",53.29611,5.06619,"GREAT TIT",NA,NA,NA,NA,NA,"",NA,NA,NA,NA,NA,NA,NA,NA,NA,NA,NA,NA,NA,"Unknown"
"AF...34209","AF...34201","AF...34199",2721,0,2003,2003,"Vlieland","785",53.29611,5.06619,"GREAT TIT",NA,NA,NA,NA,NA,"",NA,NA,NA,NA,NA,NA,NA,NA,NA,NA,NA,NA,NA,"Unknown"
"AF...34210","AF...34201","AF...34199",2721,0,2003,2003,"Vlieland","785",53.29611,5.06619,"GREAT TIT",NA,NA,NA,NA,NA,"",NA,NA,NA,NA,NA,NA,NA,NA,NA,NA,NA,NA,NA,"Unknown"
"AF...34211","AF...34201","AF...34199",2721,0,2003,2003,"Vlieland","785",53.29611,5.06619,"GREAT TIT",NA,NA,NA,NA,NA,"",NA,NA,NA,NA,NA,NA,NA,NA,NA,NA,NA,NA,NA,"Unknown"
"AF...34510","AD...39350",NA,2042,0,2003,2003,"Vlieland","209",53.27917,5.01198,"BLUE TIT",NA,NA,NA,NA,NA,"",NA,NA,NA,NA,NA,NA,NA,NA,NA,NA,NA,NA,NA,"Unknown"
"AF...34511","AD...39350",NA,2042,0,2003,2003,"Vlieland","209",53.27917,5.01198,"BLUE TIT",NA,NA,NA,NA,NA,"",NA,NA,NA,NA,NA,NA,NA,NA,NA,NA,NA,NA,NA,"Unknown"
"AF...34512","AD...39350",NA,2042,0,2003,2003,"Vlieland","209",53.27917,5.01198,"BLUE TIT",NA,NA,NA,NA,NA,"",NA,NA,NA,NA,NA,NA,NA,NA,NA,NA,NA,NA,NA,"Unknown"
"AF...34513","AD...39350",NA,2042,0,2003,2003,"Vlieland","209",53.27917,5.01198,"BLUE TIT",NA,NA,NA,NA,NA,"",NA,NA,NA,NA,NA,NA,NA,NA,NA,NA,NA,NA,NA,"Unknown"
"AF...34514","AD...39350",NA,2042,0,2003,2003,"Vlieland","209",53.27917,5.01198,"BLUE TIT",NA,NA,NA,NA,NA,"",NA,NA,NA,NA,NA,NA,NA,NA,NA,NA,NA,NA,NA,"Unknown"
"AF...34515","AD...39350",NA,2042,0,2003,2003,"Vlieland","209",53.27917,5.01198,"BLUE TIT",NA,NA,NA,NA,NA,"",NA,NA,NA,NA,NA,NA,NA,NA,NA,NA,NA,NA,NA,"Unknown"
"AF...34516","AD...39350",NA,2042,0,2003,2003,"Vlieland","209",53.27917,5.01198,"BLUE TIT",NA,NA,NA,NA,NA,"",NA,NA,NA,NA,NA,NA,NA,NA,NA,NA,NA,NA,NA,"Unknown"
"AF...34517","AD...39350",NA,2042,0,2003,2003,"Vlieland","209",53.27917,5.01198,"BLUE TIT",NA,NA,NA,NA,NA,"",NA,NA,NA,NA,NA,NA,NA,NA,NA,NA,NA,NA,NA,"Unknown"
"AF...34518","AD...39350",NA,2042,0,2003,2003,"Vlieland","209",53.27917,5.01198,"BLUE TIT",NA,NA,NA,NA,NA,"",NA,NA,NA,NA,NA,NA,NA,NA,NA,NA,NA,NA,NA,"Unknown"
"AF...34519","AD...39350",NA,2042,0,2003,2003,"Vlieland","209",53.27917,5.01198,"BLUE TIT",NA,NA,NA,NA,NA,"",NA,NA,NA,NA,NA,NA,NA,NA,NA,NA,NA,NA,NA,"Unknown"
"AF...34520","AF...34349",NA,2205,0,2003,2003,"Vlieland","407",53.30207,5.06711,"GREAT TIT",NA,NA,NA,NA,NA,"",NA,NA,NA,NA,NA,NA,NA,NA,NA,NA,NA,NA,NA,"Unknown"
"AF...34521","AF...34349",NA,2205,0,2003,2003,"Vlieland","407",53.30207,5.06711,"GREAT TIT",NA,NA,NA,NA,NA,"",NA,NA,NA,NA,NA,NA,NA,NA,NA,NA,NA,NA,NA,"Unknown"
"AF...34522","AF...34349",NA,2205,0,2003,2003,"Vlieland","407",53.30207,5.06711,"GREAT TIT",NA,NA,NA,NA,NA,"",NA,NA,NA,NA,NA,NA,NA,NA,NA,NA,NA,NA,NA,"Unknown"
"AF...34523","AF...34349",NA,2205,0,2003,2003,"Vlieland","407",53.30207,5.06711,"GREAT TIT",NA,NA,NA,NA,NA,"",NA,NA,NA,NA,NA,NA,NA,NA,NA,NA,NA,NA,NA,"Unknown"
"AF...34524","AF...34349",NA,2205,0,2003,2003,"Vlieland","407",53.30207,5.06711,"GREAT TIT",NA,NA,NA,NA,NA,"",NA,NA,NA,NA,NA,NA,NA,NA,NA,NA,NA,NA,NA,"Unknown"
"AF...34525","AF...34349",NA,2205,0,2003,2003,"Vlieland","407",53.30207,5.06711,"GREAT TIT",NA,NA,NA,NA,NA,"",NA,NA,NA,NA,NA,NA,NA,NA,NA,NA,NA,NA,NA,"Unknown"
"AF...34526","AF...34349",NA,2205,0,2003,2003,"Vlieland","407",53.30207,5.06711,"GREAT TIT",NA,NA,NA,NA,NA,"",NA,NA,NA,NA,NA,NA,NA,NA,NA,NA,NA,NA,NA,"Unknown"
"AF...34527","AF...34349",NA,2205,0,2003,2003,"Vlieland","407",53.30207,5.06711,"GREAT TIT",NA,NA,NA,NA,NA,"",NA,NA,NA,NA,NA,NA,NA,NA,NA,NA,NA,NA,NA,"Unknown"
"AF...35101","AF...35085","AD...39064",2213,0,2004,2004,"Vlieland","415",53.30207,5.06711,"BLUE TIT",NA,NA,NA,NA,NA,"",NA,NA,NA,NA,NA,NA,NA,NA,NA,NA,NA,NA,NA,"Unknown"
"AF...35102","AF...35085","AD...39064",2213,0,2004,2004,"Vlieland","415",53.30207,5.06711,"BLUE TIT",NA,NA,NA,NA,NA,"",NA,NA,NA,NA,NA,NA,NA,NA,NA,NA,NA,NA,NA,"Unknown"
"AF...35103","AF...35085","AD...39064",2213,0,2004,2004,"Vlieland","415",53.30207,5.06711,"BLUE TIT",NA,NA,NA,NA,NA,"",NA,NA,NA,NA,NA,NA,NA,NA,NA,NA,NA,NA,NA,"Unknown"
"AF...35104","AF...35085","AD...39064",2213,0,2004,2004,"Vlieland","415",53.30207,5.06711,"BLUE TIT",NA,NA,NA,NA,NA,"",NA,NA,NA,NA,NA,NA,NA,NA,NA,NA,NA,NA,NA,"Unknown"
"AF...35105","AF...35085","AD...39064",2213,0,2004,2004,"Vlieland","415",53.30207,5.06711,"BLUE TIT",NA,NA,NA,NA,NA,"",NA,NA,NA,NA,NA,NA,NA,NA,NA,NA,NA,NA,NA,"Unknown"
"AF...35106","AF...35099",NA,2394,0,2004,2004,"Vlieland","648",53.30207,5.06711,"GREAT TIT",NA,NA,NA,NA,NA,"",NA,NA,NA,NA,NA,NA,NA,NA,NA,NA,NA,NA,NA,"Unknown"
"AF...35107","AF...35099",NA,2394,0,2004,2004,"Vlieland","648",53.30207,5.06711,"GREAT TIT",NA,NA,NA,NA,NA,"",NA,NA,NA,NA,NA,NA,NA,NA,NA,NA,NA,NA,NA,"Unknown"
"AF...35108","AF...35099",NA,2394,0,2004,2004,"Vlieland","648",53.30207,5.06711,"GREAT TIT",NA,NA,NA,NA,NA,"",NA,NA,NA,NA,NA,NA,NA,NA,NA,NA,NA,NA,NA,"Unknown"
"AF...35109","AF...35099",NA,2394,0,2004,2004,"Vlieland","648",53.30207,5.06711,"GREAT TIT",NA,NA,NA,NA,NA,"",NA,NA,NA,NA,NA,NA,NA,NA,NA,NA,NA,NA,NA,"Unknown"
"AF...35110","AF...35099",NA,2394,0,2004,2004,"Vlieland","648",53.30207,5.06711,"GREAT TIT",NA,NA,NA,NA,NA,"",NA,NA,NA,NA,NA,NA,NA,NA,NA,NA,NA,NA,NA,"Unknown"
"AF...35111","AF...35099",NA,2394,0,2004,2004,"Vlieland","648",53.30207,5.06711,"GREAT TIT",NA,NA,NA,NA,NA,"",NA,NA,NA,NA,NA,NA,NA,NA,NA,NA,NA,NA,NA,"Unknown"
"AF...35112","AF...35099",NA,2394,0,2004,2004,"Vlieland","648",53.30207,5.06711,"GREAT TIT",NA,NA,NA,NA,NA,"",NA,NA,NA,NA,NA,NA,NA,NA,NA,NA,NA,NA,NA,"Unknown"
"AF...35113",NA,"AF...35094",2730,0,2004,2004,"Vlieland","798",53.29611,5.06619,"BLUE TIT",NA,NA,NA,NA,NA,"",NA,NA,NA,NA,NA,NA,NA,NA,NA,NA,NA,NA,NA,"Unknown"
"AF...35114",NA,"AF...35094",2730,0,2004,2004,"Vlieland","798",53.29611,5.06619,"BLUE TIT",NA,NA,NA,NA,NA,"",NA,NA,NA,NA,NA,NA,NA,NA,NA,NA,NA,NA,NA,"Unknown"
"AF...35115",NA,"AF...35094",2730,0,2004,2004,"Vlieland","798",53.29611,5.06619,"BLUE TIT",NA,NA,NA,NA,NA,"",NA,NA,NA,NA,NA,NA,NA,NA,NA,NA,NA,NA,NA,"Unknown"
"AF...35237",NA,"AF...35236",12344,0,2004,2004,"Vlieland","127",53.27607,4.998643,"GREAT TIT",NA,NA,NA,NA,NA,"",NA,NA,NA,NA,NA,NA,NA,NA,NA,NA,NA,NA,NA,"Unknown"
"AF...35238",NA,"AF...35236",12344,1,2004,2004,"Vlieland","127",53.27607,4.998643,"GREAT TIT",NA,NA,NA,NA,NA,"",NA,NA,NA,NA,NA,NA,NA,NA,NA,NA,NA,NA,NA,"Female"
"AF...35239",NA,"AF...35236",12344,0,2004,2004,"Vlieland","127",53.27607,4.998643,"GREAT TIT",NA,NA,NA,NA,NA,"",NA,NA,NA,NA,NA,NA,NA,NA,NA,NA,NA,NA,NA,"Unknown"
"AF...35240",NA,"AF...35236",12344,0,2004,2004,"Vlieland","127",53.27607,4.998643,"GREAT TIT",NA,NA,NA,NA,NA,"",NA,NA,NA,NA,NA,NA,NA,NA,NA,NA,NA,NA,NA,"Unknown"
"AF...35241",NA,"AF...35236",12344,0,2004,2004,"Vlieland","127",53.27607,4.998643,"GREAT TIT",NA,NA,NA,NA,NA,"",NA,NA,NA,NA,NA,NA,NA,NA,NA,NA,NA,NA,NA,"Unknown"
"AF...35242",NA,"AF...35236",12344,0,2004,2004,"Vlieland","127",53.27607,4.998643,"GREAT TIT",NA,NA,NA,NA,NA,"",NA,NA,NA,NA,NA,NA,NA,NA,NA,NA,NA,NA,NA,"Unknown"
"AF...35243",NA,"AF...35236",12344,0,2004,2004,"Vlieland","127",53.27607,4.998643,"GREAT TIT",NA,NA,NA,NA,NA,"",NA,NA,NA,NA,NA,NA,NA,NA,NA,NA,NA,NA,NA,"Unknown"
"AF...35244",NA,"AF...35236",12344,0,2004,2004,"Vlieland","127",53.27607,4.998643,"GREAT TIT",NA,NA,NA,NA,NA,"",NA,NA,NA,NA,NA,NA,NA,NA,NA,NA,NA,NA,NA,"Unknown"
"AF...35245",NA,"AF...35236",12344,0,2004,2004,"Vlieland","127",53.27607,4.998643,"GREAT TIT",NA,NA,NA,NA,NA,"",NA,NA,NA,NA,NA,NA,NA,NA,NA,NA,NA,NA,NA,"Unknown"
"AF...35246",NA,"AF...35236",12344,0,2004,2004,"Vlieland","127",53.27607,4.998643,"GREAT TIT",NA,NA,NA,NA,NA,"",NA,NA,NA,NA,NA,NA,NA,NA,NA,NA,NA,NA,NA,"Unknown"
"AF...35247",NA,"AF...35236",12344,0,2004,2004,"Vlieland","127",53.27607,4.998643,"GREAT TIT",NA,NA,NA,NA,NA,"",NA,NA,NA,NA,NA,NA,NA,NA,NA,NA,NA,NA,NA,"Unknown"
"AG...24092","AG...24470","AC...08144",2562,0,2003,2003,"Vlieland","-46",53.29611,5.06619,"GREAT TIT",NA,NA,NA,NA,NA,"",NA,NA,NA,NA,NA,NA,NA,NA,NA,NA,NA,NA,NA,"Unknown"
"AG...24344","AG...24004",NA,8824,1,2003,2003,"Vlieland","-46",53.29611,5.06619,"GREAT TIT",NA,NA,NA,NA,NA,"",NA,NA,NA,NA,NA,NA,NA,NA,NA,NA,NA,NA,NA,"Female"
"AG...24345","AG...24004",NA,8824,0,2003,2003,"Vlieland","-46",53.29611,5.06619,"GREAT TIT",NA,NA,NA,NA,NA,"",NA,NA,NA,NA,NA,NA,NA,NA,NA,NA,NA,NA,NA,"Unknown"
"AG...24346","AG...24004",NA,8824,2,2003,2003,"Vlieland","-46",53.29611,5.06619,"GREAT TIT",NA,NA,NA,NA,NA,"",NA,NA,NA,NA,NA,NA,NA,NA,NA,NA,NA,NA,NA,"Male"
"AG...24347","AG...24004",NA,8824,0,2003,2003,"Vlieland","-46",53.29611,5.06619,"GREAT TIT",NA,NA,NA,NA,NA,"",NA,NA,NA,NA,NA,NA,NA,NA,NA,NA,NA,NA,NA,"Unknown"
"AG...24348","AG...24004",NA,8824,0,2003,2003,"Vlieland","-46",53.29611,5.06619,"GREAT TIT",NA,NA,NA,NA,NA,"",NA,NA,NA,NA,NA,NA,NA,NA,NA,NA,NA,NA,NA,"Unknown"
"AG...24349","AG...24004",NA,8824,0,2003,2003,"Vlieland","-46",53.29611,5.06619,"GREAT TIT",NA,NA,NA,NA,NA,"",NA,NA,NA,NA,NA,NA,NA,NA,NA,NA,NA,NA,NA,"Unknown"
"AG...24350","AG...24004",NA,8824,0,2003,2003,"Vlieland","-46",53.29611,5.06619,"GREAT TIT",NA,NA,NA,NA,NA,"",NA,NA,NA,NA,NA,NA,NA,NA,NA,NA,NA,NA,NA,"Unknown"
"AG...25170","AG...24004","AG...25169",2723,0,2003,2003,"Vlieland","787",53.29611,5.06619,"GREAT TIT",NA,NA,NA,NA,NA,"",NA,NA,NA,NA,NA,NA,NA,NA,NA,NA,NA,NA,NA,"Unknown"
"AG...25171","AG...24004","AG...25169",2723,1,2003,2003,"Vlieland","787",53.29611,5.06619,"GREAT TIT",NA,NA,NA,NA,NA,"",NA,NA,NA,NA,NA,NA,NA,NA,NA,NA,NA,NA,NA,"Female"
"AG...25172","AG...24004","AG...25169",2723,2,2003,2003,"Vlieland","787",53.29611,5.06619,"GREAT TIT",NA,NA,NA,NA,NA,"",NA,NA,NA,NA,NA,NA,NA,NA,NA,NA,NA,NA,NA,"Male"
"AG...25173","AG...24004","AG...25169",2723,1,2003,2003,"Vlieland","787",53.29611,5.06619,"GREAT TIT",NA,NA,NA,NA,NA,"",NA,NA,NA,NA,NA,NA,NA,NA,NA,NA,NA,NA,NA,"Female"
"AG...25174","AG...24004","AG...25169",2723,1,2003,2003,"Vlieland","787",53.29611,5.06619,"GREAT TIT",NA,NA,NA,NA,NA,"",NA,NA,NA,NA,NA,NA,NA,NA,NA,NA,NA,NA,NA,"Female"
"AG...25175","AG...24004","AG...25169",2723,2,2003,2003,"Vlieland","787",53.29611,5.06619,"GREAT TIT",NA,NA,NA,NA,NA,"",NA,NA,NA,NA,NA,NA,NA,NA,NA,NA,NA,NA,NA,"Male"
"AG...25176","AG...24004","AG...25169",2723,0,2003,2003,"Vlieland","787",53.29611,5.06619,"GREAT TIT",NA,NA,NA,NA,NA,"",NA,NA,NA,NA,NA,NA,NA,NA,NA,NA,NA,NA,NA,"Unknown"
"AG...25177","AG...24004","AG...25169",2723,2,2003,2003,"Vlieland","787",53.29611,5.06619,"GREAT TIT",NA,NA,NA,NA,NA,"",NA,NA,NA,NA,NA,NA,NA,NA,NA,NA,NA,NA,NA,"Male"
"AG...25664","AG...24034","AC...60016",2396,0,2004,2004,"Vlieland","650",53.30207,5.06711,"BLUE TIT",NA,NA,NA,NA,NA,"",NA,NA,NA,NA,NA,NA,NA,NA,NA,NA,NA,NA,NA,"Unknown"
"AG...25665","AG...24034","AC...60016",2396,0,2004,2004,"Vlieland","650",53.30207,5.06711,"BLUE TIT",NA,NA,NA,NA,NA,"",NA,NA,NA,NA,NA,NA,NA,NA,NA,NA,NA,NA,NA,"Unknown"
"AG...25666","AG...24034","AC...60016",2396,0,2004,2004,"Vlieland","650",53.30207,5.06711,"BLUE TIT",NA,NA,NA,NA,NA,"",NA,NA,NA,NA,NA,NA,NA,NA,NA,NA,NA,NA,NA,"Unknown"
"AG...25667","AG...24034","AC...60016",2396,0,2004,2004,"Vlieland","650",53.30207,5.06711,"BLUE TIT",NA,NA,NA,NA,NA,"",NA,NA,NA,NA,NA,NA,NA,NA,NA,NA,NA,NA,NA,"Unknown"
"AG...25668","AG...24034","AC...60016",2396,0,2004,2004,"Vlieland","650",53.30207,5.06711,"BLUE TIT",NA,NA,NA,NA,NA,"",NA,NA,NA,NA,NA,NA,NA,NA,NA,NA,NA,NA,NA,"Unknown"
"AG...25669","AG...24034","AC...60016",2396,0,2004,2004,"Vlieland","650",53.30207,5.06711,"BLUE TIT",NA,NA,NA,NA,NA,"",NA,NA,NA,NA,NA,NA,NA,NA,NA,NA,NA,NA,NA,"Unknown"
"AG...25670","AG...24034","AC...60016",2396,0,2004,2004,"Vlieland","650",53.30207,5.06711,"BLUE TIT",NA,NA,NA,NA,NA,"",NA,NA,NA,NA,NA,NA,NA,NA,NA,NA,NA,NA,NA,"Unknown"
"AG...25671","AG...24034","AC...60016",2396,0,2004,2004,"Vlieland","650",53.30207,5.06711,"BLUE TIT",NA,NA,NA,NA,NA,"",NA,NA,NA,NA,NA,NA,NA,NA,NA,NA,NA,NA,NA,"Unknown"
"AG...56885","AE...27084","AE...97293",2561,0,2003,2003,"Vlieland","-47",53.29611,5.06619,"GREAT TIT",NA,NA,NA,NA,NA,"",NA,NA,NA,NA,NA,NA,NA,NA,NA,NA,NA,NA,NA,"Unknown"
"AG...56886","AE...27084","AE...97293",2561,0,2003,2003,"Vlieland","-47",53.29611,5.06619,"GREAT TIT",NA,NA,NA,NA,NA,"",NA,NA,NA,NA,NA,NA,NA,NA,NA,NA,NA,NA,NA,"Unknown"
"AG...56887","AE...27084","AE...97293",2561,0,2003,2003,"Vlieland","-47",53.29611,5.06619,"GREAT TIT",NA,NA,NA,NA,NA,"",NA,NA,NA,NA,NA,NA,NA,NA,NA,NA,NA,NA,NA,"Unknown"
"AG...56888","AE...27084","AE...97293",2561,0,2003,2003,"Vlieland","-47",53.29611,5.06619,"GREAT TIT",NA,NA,NA,NA,NA,"",NA,NA,NA,NA,NA,NA,NA,NA,NA,NA,NA,NA,NA,"Unknown"
"AG...56889","AE...27084","AE...97293",2561,0,2003,2003,"Vlieland","-47",53.29611,5.06619,"GREAT TIT",NA,NA,NA,NA,NA,"",NA,NA,NA,NA,NA,NA,NA,NA,NA,NA,NA,NA,NA,"Unknown"
"AG...56890","AE...27084","AE...97293",2561,0,2003,2003,"Vlieland","-47",53.29611,5.06619,"GREAT TIT",NA,NA,NA,NA,NA,"",NA,NA,NA,NA,NA,NA,NA,NA,NA,NA,NA,NA,NA,"Unknown"
"AG...56891","AE...27084","AE...97293",2561,0,2003,2003,"Vlieland","-47",53.29611,5.06619,"GREAT TIT",NA,NA,NA,NA,NA,"",NA,NA,NA,NA,NA,NA,NA,NA,NA,NA,NA,NA,NA,"Unknown"
"AG...56892","AE...27084","AE...97293",2561,0,2003,2003,"Vlieland","-47",53.29611,5.06619,"GREAT TIT",NA,NA,NA,NA,NA,"",NA,NA,NA,NA,NA,NA,NA,NA,NA,NA,NA,NA,NA,"Unknown"
"AG...56893","AE...97112","AB...65025",2041,0,2003,2003,"Vlieland","208",53.278269,5.011622,"GREAT TIT",NA,NA,NA,NA,NA,"",NA,NA,NA,NA,NA,NA,NA,NA,NA,NA,NA,NA,NA,"Unknown"
"AG...56894","AE...97112","AB...65025",2041,0,2003,2003,"Vlieland","208",53.278269,5.011622,"GREAT TIT",NA,NA,NA,NA,NA,"",NA,NA,NA,NA,NA,NA,NA,NA,NA,NA,NA,NA,NA,"Unknown"
"AG...56895","AE...97112","AB...65025",2041,0,2003,2003,"Vlieland","208",53.278269,5.011622,"GREAT TIT",NA,NA,NA,NA,NA,"",NA,NA,NA,NA,NA,NA,NA,NA,NA,NA,NA,NA,NA,"Unknown"
"AG...56896","AE...97112","AB...65025",2041,0,2003,2003,"Vlieland","208",53.278269,5.011622,"GREAT TIT",NA,NA,NA,NA,NA,"",NA,NA,NA,NA,NA,NA,NA,NA,NA,NA,NA,NA,NA,"Unknown"
"AG...56897","AE...97112","AB...65025",2041,0,2003,2003,"Vlieland","208",53.278269,5.011622,"GREAT TIT",NA,NA,NA,NA,NA,"",NA,NA,NA,NA,NA,NA,NA,NA,NA,NA,NA,NA,NA,"Unknown"
"AG...56898","AE...97112","AB...65025",2041,0,2003,2003,"Vlieland","208",53.278269,5.011622,"GREAT TIT",NA,NA,NA,NA,NA,"",NA,NA,NA,NA,NA,NA,NA,NA,NA,NA,NA,NA,NA,"Unknown"
"AG...56899","AE...97112","AB...65025",2041,0,2003,2003,"Vlieland","208",53.278269,5.011622,"GREAT TIT",NA,NA,NA,NA,NA,"",NA,NA,NA,NA,NA,NA,NA,NA,NA,NA,NA,NA,NA,"Unknown"
"AG...57962","AG...56730","AG...56729",2732,1,2005,2005,"Vlieland","803",53.29611,5.06619,"GREAT TIT",NA,NA,NA,NA,NA,"",NA,NA,NA,NA,NA,NA,NA,NA,NA,NA,NA,NA,NA,"Female"
"AG...57963","AG...56730","AG...56729",2732,2,2005,2005,"Vlieland","803",53.29611,5.06619,"GREAT TIT",NA,NA,NA,NA,NA,"",NA,NA,NA,NA,NA,NA,NA,NA,NA,NA,NA,NA,NA,"Male"
"AG...57964","AG...56730","AG...56729",2732,2,2005,2005,"Vlieland","803",53.29611,5.06619,"GREAT TIT",NA,NA,NA,NA,NA,"",NA,NA,NA,NA,NA,NA,NA,NA,NA,NA,NA,NA,NA,"Male"
"AG...57965","AG...56730","AG...56729",2732,1,2005,2005,"Vlieland","803",53.29611,5.06619,"GREAT TIT",NA,NA,NA,NA,NA,"",NA,NA,NA,NA,NA,NA,NA,NA,NA,NA,NA,NA,NA,"Female"
"AG...57966","AG...56730","AG...56729",2732,2,2005,2005,"Vlieland","803",53.29611,5.06619,"GREAT TIT",NA,NA,NA,NA,NA,"",NA,NA,NA,NA,NA,NA,NA,NA,NA,NA,NA,NA,NA,"Male"
"AG...57967","AG...56730","AG...56729",2732,1,2005,2005,"Vlieland","803",53.29611,5.06619,"GREAT TIT",NA,NA,NA,NA,NA,"",NA,NA,NA,NA,NA,NA,NA,NA,NA,NA,NA,NA,NA,"Female"
"AG...57968","AG...56730","AG...56729",2732,1,2005,2005,"Vlieland","803",53.29611,5.06619,"GREAT TIT",NA,NA,NA,NA,NA,"",NA,NA,NA,NA,NA,NA,NA,NA,NA,NA,NA,NA,NA,"Female"
"AG...57969","AG...56730","AG...56729",2732,2,2005,2005,"Vlieland","803",53.29611,5.06619,"GREAT TIT",NA,NA,NA,NA,NA,"",NA,NA,NA,NA,NA,NA,NA,NA,NA,NA,NA,NA,NA,"Male"
"AG...57971","AG...56730","AG...56729",2732,2,2005,2005,"Vlieland","803",53.29611,5.06619,"GREAT TIT",NA,NA,NA,NA,NA,"",NA,NA,NA,NA,NA,NA,NA,NA,NA,NA,NA,NA,NA,"Male"
"AG...58520","AD...01769",NA,2392,0,2003,2003,"Vlieland","645",53.302827,5.069651,"BLUE TIT",NA,NA,NA,NA,NA,"",NA,NA,NA,NA,NA,NA,NA,NA,NA,NA,NA,NA,NA,"Unknown"
"AG...58521","AD...01769",NA,2392,0,2003,2003,"Vlieland","645",53.302827,5.069651,"BLUE TIT",NA,NA,NA,NA,NA,"",NA,NA,NA,NA,NA,NA,NA,NA,NA,NA,NA,NA,NA,"Unknown"
"AG...58522","AD...01769",NA,2392,0,2003,2003,"Vlieland","645",53.302827,5.069651,"BLUE TIT",NA,NA,NA,NA,NA,"",NA,NA,NA,NA,NA,NA,NA,NA,NA,NA,NA,NA,NA,"Unknown"
"AG...58523","AD...01769",NA,2392,0,2003,2003,"Vlieland","645",53.302827,5.069651,"BLUE TIT",NA,NA,NA,NA,NA,"",NA,NA,NA,NA,NA,NA,NA,NA,NA,NA,NA,NA,NA,"Unknown"
"AG...58524","AD...01769",NA,2392,0,2003,2003,"Vlieland","645",53.302827,5.069651,"BLUE TIT",NA,NA,NA,NA,NA,"",NA,NA,NA,NA,NA,NA,NA,NA,NA,NA,NA,NA,NA,"Unknown"
"AG...58525","AD...01769",NA,2392,0,2003,2003,"Vlieland","645",53.302827,5.069651,"BLUE TIT",NA,NA,NA,NA,NA,"",NA,NA,NA,NA,NA,NA,NA,NA,NA,NA,NA,NA,NA,"Unknown"
"AG...58526","AD...01769",NA,2392,0,2003,2003,"Vlieland","645",53.302827,5.069651,"BLUE TIT",NA,NA,NA,NA,NA,"",NA,NA,NA,NA,NA,NA,NA,NA,NA,NA,NA,NA,NA,"Unknown"
"AG...58527","AD...01769",NA,2392,0,2003,2003,"Vlieland","645",53.302827,5.069651,"BLUE TIT",NA,NA,NA,NA,NA,"",NA,NA,NA,NA,NA,NA,NA,NA,NA,NA,NA,NA,NA,"Unknown"
"AG...58528","AD...01769",NA,2392,0,2003,2003,"Vlieland","645",53.302827,5.069651,"BLUE TIT",NA,NA,NA,NA,NA,"",NA,NA,NA,NA,NA,NA,NA,NA,NA,NA,NA,NA,NA,"Unknown"
"AG...58529","AD...01769",NA,2392,0,2003,2003,"Vlieland","645",53.302827,5.069651,"BLUE TIT",NA,NA,NA,NA,NA,"",NA,NA,NA,NA,NA,NA,NA,NA,NA,NA,NA,NA,NA,"Unknown"
"AG...58530","AD...01769",NA,2392,0,2003,2003,"Vlieland","645",53.302827,5.069651,"BLUE TIT",NA,NA,NA,NA,NA,"",NA,NA,NA,NA,NA,NA,NA,NA,NA,NA,NA,NA,NA,"Unknown"
"AG...58531","AD...01769",NA,2392,0,2003,2003,"Vlieland","645",53.302827,5.069651,"BLUE TIT",NA,NA,NA,NA,NA,"",NA,NA,NA,NA,NA,NA,NA,NA,NA,NA,NA,NA,NA,"Unknown"
"AG...58584","AE...18031","AE...18202",12342,1,2003,2003,"Vlieland","2036",53.29627154,5.06810571,"GREAT TIT",NA,NA,NA,NA,NA,"",NA,NA,NA,NA,NA,NA,NA,NA,NA,NA,NA,NA,NA,"Female"
"AG...58585","AE...18031","AE...18202",12342,2,2003,2003,"Vlieland","2036",53.29627154,5.06810571,"GREAT TIT",NA,NA,NA,NA,NA,"",NA,NA,NA,NA,NA,NA,NA,NA,NA,NA,NA,NA,NA,"Male"
"AG...58586","AE...18031","AE...18202",12342,0,2003,2003,"Vlieland","2036",53.29627154,5.06810571,"GREAT TIT",NA,NA,NA,NA,NA,"",NA,NA,NA,NA,NA,NA,NA,NA,NA,NA,NA,NA,NA,"Unknown"
"AG...58587","AE...18031","AE...18202",12342,1,2003,2003,"Vlieland","2036",53.29627154,5.06810571,"GREAT TIT",NA,NA,NA,NA,NA,"",NA,NA,NA,NA,NA,NA,NA,NA,NA,NA,NA,NA,NA,"Female"
"AG...58588","AE...18031","AE...18202",12342,2,2003,2003,"Vlieland","2036",53.29627154,5.06810571,"GREAT TIT","gw ye - al ye","green/white","yellow","metal","yellow","green/white-yellow-metal-yellow",NA,NA,NA,NA,NA,NA,NA,NA,NA,NA,NA,NA,NA,"Male"
"AG...58649","AE...13472","AF...09450",2724,2,2003,2003,"Vlieland","788",53.29611,5.06619,"GREAT TIT",NA,NA,NA,NA,NA,"",NA,NA,NA,NA,NA,NA,NA,NA,NA,NA,NA,NA,NA,"Male"
"AG...58650","AE...13472","AF...09450",2724,1,2003,2003,"Vlieland","788",53.29611,5.06619,"GREAT TIT",NA,NA,NA,NA,NA,"",NA,NA,NA,NA,NA,NA,NA,NA,NA,NA,NA,NA,NA,"Female"
"AG...58651","AE...13472","AF...09450",2724,1,2003,2003,"Vlieland","788",53.29611,5.06619,"GREAT TIT",NA,NA,NA,NA,NA,"",NA,NA,NA,NA,NA,NA,NA,NA,NA,NA,NA,NA,NA,"Female"
"AG...58652","AE...13472","AF...09450",2724,1,2003,2003,"Vlieland","788",53.29611,5.06619,"GREAT TIT","gw al - ye gw","green/white","metal","yellow","green/white","green/white-metal-yellow-green/white",NA,NA,NA,NA,NA,NA,NA,NA,NA,NA,NA,NA,NA,"Female"
"AG...58653","AE...13472","AF...09450",2724,1,2003,2003,"Vlieland","788",53.29611,5.06619,"GREAT TIT",NA,NA,NA,NA,NA,"",NA,NA,NA,NA,NA,NA,NA,NA,NA,NA,NA,NA,NA,"Female"
"AG...58654","AE...13472","AF...09450",2724,2,2003,2003,"Vlieland","788",53.29611,5.06619,"GREAT TIT",NA,NA,NA,NA,NA,"",NA,NA,NA,NA,NA,NA,NA,NA,NA,NA,NA,NA,NA,"Male"
"AG...58655","AE...13472","AF...09450",2724,2,2003,2003,"Vlieland","788",53.29611,5.06619,"GREAT TIT",NA,NA,NA,NA,NA,"",NA,NA,NA,NA,NA,NA,NA,NA,NA,NA,NA,NA,NA,"Male"
"AG...58765","AF...09420","AF...09309",2563,2,2003,2003,"Vlieland","-45",53.29611,5.06619,"GREAT TIT",NA,NA,NA,NA,NA,"",NA,NA,NA,NA,NA,NA,NA,NA,NA,NA,NA,NA,NA,"Male"
"AG...58766","AF...09420","AF...09309",2563,1,2003,2003,"Vlieland","-45",53.29611,5.06619,"GREAT TIT",NA,NA,NA,NA,NA,"",NA,NA,NA,NA,NA,NA,NA,NA,NA,NA,NA,NA,NA,"Female"
"AG...58767","AF...09420","AF...09309",2563,2,2003,2003,"Vlieland","-45",53.29611,5.06619,"GREAT TIT",NA,NA,NA,NA,NA,"",NA,NA,NA,NA,NA,NA,NA,NA,NA,NA,NA,NA,NA,"Male"
"AG...58768","AF...09420","AF...09309",2563,0,2003,2003,"Vlieland","-45",53.29611,5.06619,"GREAT TIT",NA,NA,NA,NA,NA,"",NA,NA,NA,NA,NA,NA,NA,NA,NA,NA,NA,NA,NA,"Unknown"
"AG...58769","AF...09420","AF...09309",2563,1,2003,2003,"Vlieland","-45",53.29611,5.06619,"GREAT TIT",NA,NA,NA,NA,NA,"",NA,NA,NA,NA,NA,NA,NA,NA,NA,NA,NA,NA,NA,"Female"
"AG...58770","AF...09420","AF...09309",2563,2,2003,2003,"Vlieland","-45",53.29611,5.06619,"GREAT TIT",NA,NA,NA,NA,NA,"",NA,NA,NA,NA,NA,NA,NA,NA,NA,NA,NA,NA,NA,"Male"
"AG...58771","AF...09420","AF...09309",2563,1,2003,2003,"Vlieland","-45",53.29611,5.06619,"GREAT TIT",NA,NA,NA,NA,NA,"",NA,NA,NA,NA,NA,NA,NA,NA,NA,NA,NA,NA,NA,"Female"
"AG...58772","AF...09420","AF...09309",2563,1,2003,2003,"Vlieland","-45",53.29611,5.06619,"GREAT TIT",NA,NA,NA,NA,NA,"",NA,NA,NA,NA,NA,NA,NA,NA,NA,NA,NA,NA,NA,"Female"
"AG...58773","AF...09420","AF...09309",2563,1,2003,2003,"Vlieland","-45",53.29611,5.06619,"GREAT TIT",NA,NA,NA,NA,NA,"",NA,NA,NA,NA,NA,NA,NA,NA,NA,NA,NA,NA,NA,"Female"
"AG...58831","AE...18140","AE...18286",2207,2,2003,2003,"Vlieland","409",53.30207,5.06711,"GREAT TIT",NA,NA,NA,NA,NA,"",NA,NA,NA,NA,NA,NA,NA,NA,NA,NA,NA,NA,NA,"Male"
"AG...58832","AE...18140","AE...18286",2207,0,2003,2003,"Vlieland","409",53.30207,5.06711,"GREAT TIT",NA,NA,NA,NA,NA,"",NA,NA,NA,NA,NA,NA,NA,NA,NA,NA,NA,NA,NA,"Unknown"
"AG...58833","AE...18140","AE...18286",2207,2,2003,2003,"Vlieland","409",53.30207,5.06711,"GREAT TIT",NA,NA,NA,NA,NA,"",NA,NA,NA,NA,NA,NA,NA,NA,NA,NA,NA,NA,NA,"Male"
"AG...58834","AE...18140","AE...18286",2207,2,2003,2003,"Vlieland","409",53.30207,5.06711,"GREAT TIT",NA,NA,NA,NA,NA,"",NA,NA,NA,NA,NA,NA,NA,NA,NA,NA,NA,NA,NA,"Male"
"AG...58835","AE...18140","AE...18286",2207,1,2003,2003,"Vlieland","409",53.30207,5.06711,"GREAT TIT",NA,NA,NA,NA,NA,"",NA,NA,NA,NA,NA,NA,NA,NA,NA,NA,NA,NA,NA,"Female"
"AG...58836","AE...18140","AE...18286",2207,2,2003,2003,"Vlieland","409",53.30207,5.06711,"GREAT TIT","bw al - wh wh","blue/white","metal","white","white","blue/white-metal-white-white",NA,NA,NA,NA,NA,NA,NA,NA,NA,NA,NA,NA,NA,"Male"
"AG...58837","AE...18140","AE...18286",2207,1,2003,2003,"Vlieland","409",53.30207,5.06711,"GREAT TIT",NA,NA,NA,NA,NA,"",NA,NA,NA,NA,NA,NA,NA,NA,NA,NA,NA,NA,NA,"Female"
"AG...58838","AE...18140","AE...18286",2207,1,2003,2003,"Vlieland","409",53.30207,5.06711,"GREAT TIT",NA,NA,NA,NA,NA,"",NA,NA,NA,NA,NA,NA,NA,NA,NA,NA,NA,NA,NA,"Female"
"AG...58839","AE...18140","AE...18286",2207,2,2003,2003,"Vlieland","409",53.30207,5.06711,"GREAT TIT",NA,NA,NA,NA,NA,"",NA,NA,NA,NA,NA,NA,NA,NA,NA,NA,NA,NA,NA,"Male"
"AG...63001","AF...07026","AF...07600",2564,0,2003,2003,"Vlieland","-44",53.29611,5.06619,"BLUE TIT",NA,NA,NA,NA,NA,"",NA,NA,NA,NA,NA,NA,NA,NA,NA,NA,NA,NA,NA,"Unknown"
"AG...63002","AF...07026","AF...07600",2564,0,2003,2003,"Vlieland","-44",53.29611,5.06619,"BLUE TIT",NA,NA,NA,NA,NA,"",NA,NA,NA,NA,NA,NA,NA,NA,NA,NA,NA,NA,NA,"Unknown"
"AG...63003","AF...07026","AF...07600",2564,0,2003,2003,"Vlieland","-44",53.29611,5.06619,"BLUE TIT",NA,NA,NA,NA,NA,"",NA,NA,NA,NA,NA,NA,NA,NA,NA,NA,NA,NA,NA,"Unknown"
"AG...63004","AF...07026","AF...07600",2564,0,2003,2003,"Vlieland","-44",53.29611,5.06619,"BLUE TIT",NA,NA,NA,NA,NA,"",NA,NA,NA,NA,NA,NA,NA,NA,NA,NA,NA,NA,NA,"Unknown"
"AG...63005","AF...07026","AF...07600",2564,0,2003,2003,"Vlieland","-44",53.29611,5.06619,"BLUE TIT",NA,NA,NA,NA,NA,"",NA,NA,NA,NA,NA,NA,NA,NA,NA,NA,NA,NA,NA,"Unknown"
"AG...63006","AF...07026","AF...07600",2564,0,2003,2003,"Vlieland","-44",53.29611,5.06619,"BLUE TIT",NA,NA,NA,NA,NA,"",NA,NA,NA,NA,NA,NA,NA,NA,NA,NA,NA,NA,NA,"Unknown"
"AG...63007","AF...07026","AF...07600",2564,0,2003,2003,"Vlieland","-44",53.29611,5.06619,"BLUE TIT",NA,NA,NA,NA,NA,"",NA,NA,NA,NA,NA,NA,NA,NA,NA,NA,NA,NA,NA,"Unknown"
"AG...63008","AF...07026","AF...07600",2564,0,2003,2003,"Vlieland","-44",53.29611,5.06619,"BLUE TIT",NA,NA,NA,NA,NA,"",NA,NA,NA,NA,NA,NA,NA,NA,NA,NA,NA,NA,NA,"Unknown"
"AG...63009","AF...07026","AF...07600",2564,0,2003,2003,"Vlieland","-44",53.29611,5.06619,"BLUE TIT",NA,NA,NA,NA,NA,"",NA,NA,NA,NA,NA,NA,NA,NA,NA,NA,NA,NA,NA,"Unknown"
"AG...63010","AF...07026","AF...07600",2564,0,2003,2003,"Vlieland","-44",53.29611,5.06619,"BLUE TIT",NA,NA,NA,NA,NA,"",NA,NA,NA,NA,NA,NA,NA,NA,NA,NA,NA,NA,NA,"Unknown"
"AG...63011","AF...07026","AF...07600",2564,0,2003,2003,"Vlieland","-44",53.29611,5.06619,"BLUE TIT",NA,NA,NA,NA,NA,"",NA,NA,NA,NA,NA,NA,NA,NA,NA,NA,NA,NA,NA,"Unknown"
"AG...63330","AF...07300","AF...07179",2390,0,2003,2003,"Vlieland","643",53.30207,5.06711,"GREAT TIT",NA,NA,NA,NA,NA,"",NA,NA,NA,NA,NA,NA,NA,NA,NA,NA,NA,NA,NA,"Unknown"
"AG...63331","AF...07300","AF...07179",2390,0,2003,2003,"Vlieland","643",53.30207,5.06711,"GREAT TIT",NA,NA,NA,NA,NA,"",NA,NA,NA,NA,NA,NA,NA,NA,NA,NA,NA,NA,NA,"Unknown"
"AG...63332","AF...07300","AF...07179",2390,0,2003,2003,"Vlieland","643",53.30207,5.06711,"GREAT TIT",NA,NA,NA,NA,NA,"",NA,NA,NA,NA,NA,NA,NA,NA,NA,NA,NA,NA,NA,"Unknown"
"AG...63333","AF...07300","AF...07179",2390,0,2003,2003,"Vlieland","643",53.30207,5.06711,"GREAT TIT",NA,NA,NA,NA,NA,"",NA,NA,NA,NA,NA,NA,NA,NA,NA,NA,NA,NA,NA,"Unknown"
"AG...63334","AF...07300","AF...07179",2390,0,2003,2003,"Vlieland","643",53.30207,5.06711,"GREAT TIT",NA,NA,NA,NA,NA,"",NA,NA,NA,NA,NA,NA,NA,NA,NA,NA,NA,NA,NA,"Unknown"
"AG...63335","AF...07300","AF...07179",2390,0,2003,2003,"Vlieland","643",53.30207,5.06711,"GREAT TIT",NA,NA,NA,NA,NA,"",NA,NA,NA,NA,NA,NA,NA,NA,NA,NA,NA,NA,NA,"Unknown"
"AG...63336","AF...07300","AF...07179",2390,0,2003,2003,"Vlieland","643",53.30207,5.06711,"GREAT TIT",NA,NA,NA,NA,NA,"",NA,NA,NA,NA,NA,NA,NA,NA,NA,NA,NA,NA,NA,"Unknown"
"AG...63337","AF...07300","AF...07179",2390,0,2003,2003,"Vlieland","643",53.30207,5.06711,"GREAT TIT",NA,NA,NA,NA,NA,"",NA,NA,NA,NA,NA,NA,NA,NA,NA,NA,NA,NA,NA,"Unknown"
"AG...63869",NA,NA,2045,0,2004,2004,"Vlieland","212",53.279266,5.012386,"BLUE TIT",NA,NA,NA,NA,NA,"",NA,NA,NA,NA,NA,NA,NA,NA,NA,NA,NA,NA,NA,"Unknown"
"AG...63870",NA,NA,2045,0,2004,2004,"Vlieland","212",53.279266,5.012386,"BLUE TIT",NA,NA,NA,NA,NA,"",NA,NA,NA,NA,NA,NA,NA,NA,NA,NA,NA,NA,NA,"Unknown"
"AG...63871",NA,NA,2045,0,2004,2004,"Vlieland","212",53.279266,5.012386,"BLUE TIT",NA,NA,NA,NA,NA,"",NA,NA,NA,NA,NA,NA,NA,NA,NA,NA,NA,NA,NA,"Unknown"
"AG...63872",NA,NA,2045,0,2004,2004,"Vlieland","212",53.279266,5.012386,"BLUE TIT",NA,NA,NA,NA,NA,"",NA,NA,NA,NA,NA,NA,NA,NA,NA,NA,NA,NA,NA,"Unknown"
"AG...63873",NA,NA,2045,0,2004,2004,"Vlieland","212",53.279266,5.012386,"BLUE TIT",NA,NA,NA,NA,NA,"",NA,NA,NA,NA,NA,NA,NA,NA,NA,NA,NA,NA,NA,"Unknown"
"AG...63874",NA,NA,2045,0,2004,2004,"Vlieland","212",53.279266,5.012386,"BLUE TIT",NA,NA,NA,NA,NA,"",NA,NA,NA,NA,NA,NA,NA,NA,NA,NA,NA,NA,NA,"Unknown"
"AG...63875",NA,NA,2045,0,2004,2004,"Vlieland","212",53.279266,5.012386,"BLUE TIT",NA,NA,NA,NA,NA,"",NA,NA,NA,NA,NA,NA,NA,NA,NA,NA,NA,NA,NA,"Unknown"
"AG...63876",NA,NA,2045,0,2004,2004,"Vlieland","212",53.279266,5.012386,"BLUE TIT",NA,NA,NA,NA,NA,"",NA,NA,NA,NA,NA,NA,NA,NA,NA,NA,NA,NA,NA,"Unknown"
"AG...63877",NA,NA,2045,0,2004,2004,"Vlieland","212",53.279266,5.012386,"BLUE TIT",NA,NA,NA,NA,NA,"",NA,NA,NA,NA,NA,NA,NA,NA,NA,NA,NA,NA,NA,"Unknown"
"AG...63878",NA,NA,2045,0,2004,2004,"Vlieland","212",53.279266,5.012386,"BLUE TIT",NA,NA,NA,NA,NA,"",NA,NA,NA,NA,NA,NA,NA,NA,NA,NA,NA,NA,NA,"Unknown"
"AG...63879",NA,NA,2045,0,2004,2004,"Vlieland","212",53.279266,5.012386,"BLUE TIT",NA,NA,NA,NA,NA,"",NA,NA,NA,NA,NA,NA,NA,NA,NA,NA,NA,NA,NA,"Unknown"
"AG...63880",NA,NA,2045,0,2004,2004,"Vlieland","212",53.279266,5.012386,"BLUE TIT",NA,NA,NA,NA,NA,"",NA,NA,NA,NA,NA,NA,NA,NA,NA,NA,NA,NA,NA,"Unknown"
"AG...63985",NA,NA,2568,0,2004,2004,"Vlieland","-39",53.29611,5.06619,"BLUE TIT",NA,NA,NA,NA,NA,"",NA,NA,NA,NA,NA,NA,NA,NA,NA,NA,NA,NA,NA,"Unknown"
"AG...63986",NA,NA,2568,0,2004,2004,"Vlieland","-39",53.29611,5.06619,"BLUE TIT",NA,NA,NA,NA,NA,"",NA,NA,NA,NA,NA,NA,NA,NA,NA,NA,NA,NA,NA,"Unknown"
"AG...63987",NA,NA,2568,0,2004,2004,"Vlieland","-39",53.29611,5.06619,"BLUE TIT",NA,NA,NA,NA,NA,"",NA,NA,NA,NA,NA,NA,NA,NA,NA,NA,NA,NA,NA,"Unknown"
"AG...63988",NA,NA,2568,0,2004,2004,"Vlieland","-39",53.29611,5.06619,"BLUE TIT",NA,NA,NA,NA,NA,"",NA,NA,NA,NA,NA,NA,NA,NA,NA,NA,NA,NA,NA,"Unknown"
"AG...63989",NA,NA,2568,0,2004,2004,"Vlieland","-39",53.29611,5.06619,"BLUE TIT",NA,NA,NA,NA,NA,"",NA,NA,NA,NA,NA,NA,NA,NA,NA,NA,NA,NA,NA,"Unknown"
"AG...63990",NA,NA,2568,0,2004,2004,"Vlieland","-39",53.29611,5.06619,"BLUE TIT",NA,NA,NA,NA,NA,"",NA,NA,NA,NA,NA,NA,NA,NA,NA,NA,NA,NA,NA,"Unknown"
"AG...63991",NA,NA,2568,0,2004,2004,"Vlieland","-39",53.29611,5.06619,"BLUE TIT",NA,NA,NA,NA,NA,"",NA,NA,NA,NA,NA,NA,NA,NA,NA,NA,NA,NA,NA,"Unknown"
"AG...63992",NA,NA,2568,0,2004,2004,"Vlieland","-39",53.29611,5.06619,"BLUE TIT",NA,NA,NA,NA,NA,"",NA,NA,NA,NA,NA,NA,NA,NA,NA,NA,NA,NA,NA,"Unknown"
"AG...63993",NA,NA,2568,0,2004,2004,"Vlieland","-39",53.29611,5.06619,"BLUE TIT",NA,NA,NA,NA,NA,"",NA,NA,NA,NA,NA,NA,NA,NA,NA,NA,NA,NA,NA,"Unknown"
"AG...63994",NA,NA,2568,0,2004,2004,"Vlieland","-39",53.29611,5.06619,"BLUE TIT",NA,NA,NA,NA,NA,"",NA,NA,NA,NA,NA,NA,NA,NA,NA,NA,NA,NA,NA,"Unknown"
"AG...63995",NA,NA,2568,0,2004,2004,"Vlieland","-39",53.29611,5.06619,"BLUE TIT",NA,NA,NA,NA,NA,"",NA,NA,NA,NA,NA,NA,NA,NA,NA,NA,NA,NA,NA,"Unknown"
"AG...63996",NA,NA,2568,0,2004,2004,"Vlieland","-39",53.29611,5.06619,"BLUE TIT",NA,NA,NA,NA,NA,"",NA,NA,NA,NA,NA,NA,NA,NA,NA,NA,NA,NA,NA,"Unknown"
"AG...63997",NA,NA,2568,0,2004,2004,"Vlieland","-39",53.29611,5.06619,"BLUE TIT",NA,NA,NA,NA,NA,"",NA,NA,NA,NA,NA,NA,NA,NA,NA,NA,NA,NA,NA,"Unknown"
"AG...64491",NA,NA,2209,0,2003,2003,"Vlieland","411",53.30207,5.06711,"GREAT TIT",NA,NA,NA,NA,NA,"",NA,NA,NA,NA,NA,NA,NA,NA,NA,NA,NA,NA,NA,"Unknown"
"AG...64492",NA,NA,2209,0,2003,2003,"Vlieland","411",53.30207,5.06711,"GREAT TIT",NA,NA,NA,NA,NA,"",NA,NA,NA,NA,NA,NA,NA,NA,NA,NA,NA,NA,NA,"Unknown"
"AG...64493",NA,NA,2209,0,2003,2003,"Vlieland","411",53.30207,5.06711,"GREAT TIT",NA,NA,NA,NA,NA,"",NA,NA,NA,NA,NA,NA,NA,NA,NA,NA,NA,NA,NA,"Unknown"
"AG...64494",NA,NA,2209,0,2003,2003,"Vlieland","411",53.30207,5.06711,"GREAT TIT",NA,NA,NA,NA,NA,"",NA,NA,NA,NA,NA,NA,NA,NA,NA,NA,NA,NA,NA,"Unknown"
"AG...64495",NA,NA,2209,0,2003,2003,"Vlieland","411",53.30207,5.06711,"GREAT TIT",NA,NA,NA,NA,NA,"",NA,NA,NA,NA,NA,NA,NA,NA,NA,NA,NA,NA,NA,"Unknown"
"AG...64496",NA,NA,2209,0,2003,2003,"Vlieland","411",53.30207,5.06711,"GREAT TIT",NA,NA,NA,NA,NA,"",NA,NA,NA,NA,NA,NA,NA,NA,NA,NA,NA,NA,NA,"Unknown"
"AH...06141","F...974154","AH...05271",4668,2,2004,2004,"Vlieland","211",53.27929,5.011264,"GREAT TIT",NA,NA,NA,NA,NA,"",NA,NA,NA,NA,NA,NA,NA,NA,NA,NA,NA,NA,NA,"Male"
"AH...06142","AE...97323","AF...09084",2044,2,2004,2004,"Vlieland","211",53.27929,5.011264,"GREAT TIT","bl bl - gr al","blue","blue","green","metal","blue-blue-green-metal",NA,NA,NA,NA,NA,NA,NA,NA,NA,NA,NA,NA,NA,"Male"
"AH...06143","AE...97323","AF...09084",2044,2,2004,2004,"Vlieland","211",53.27929,5.011264,"GREAT TIT",NA,NA,NA,NA,NA,"",NA,NA,NA,NA,NA,NA,NA,NA,NA,NA,NA,NA,NA,"Male"
"AH...06144","AE...97323","AF...09084",2044,2,2004,2004,"Vlieland","211",53.27929,5.011264,"GREAT TIT",NA,NA,NA,NA,NA,"",NA,NA,NA,NA,NA,NA,NA,NA,NA,NA,NA,NA,NA,"Male"
"AH...06145","AE...97323","AF...09084",2044,2,2004,2004,"Vlieland","211",53.27929,5.011264,"GREAT TIT",NA,NA,NA,NA,NA,"",NA,NA,NA,NA,NA,NA,NA,NA,NA,NA,NA,NA,NA,"Male"
"AH...06146","AE...97323","AF...09084",2044,2,2004,2004,"Vlieland","211",53.27929,5.011264,"GREAT TIT",NA,NA,NA,NA,NA,"",NA,NA,NA,NA,NA,NA,NA,NA,NA,NA,NA,NA,NA,"Male"
"AH...06147","F...974154","AH...05271",4668,1,2004,2004,"Vlieland","211",53.27929,5.011264,"GREAT TIT",NA,NA,NA,NA,NA,"",NA,NA,NA,NA,NA,NA,NA,NA,NA,NA,NA,NA,NA,"Female"
"AH...06148","F...974154","AH...05271",4668,2,2004,2004,"Vlieland","211",53.27929,5.011264,"GREAT TIT",NA,NA,NA,NA,NA,"",NA,NA,NA,NA,NA,NA,NA,NA,NA,NA,NA,NA,NA,"Male"
"AH...06155","AF...09814","AG...58292",2728,1,2004,2004,"Vlieland","794",53.29611,5.06619,"GREAT TIT",NA,NA,NA,NA,NA,"",NA,NA,NA,NA,NA,NA,NA,NA,NA,NA,NA,NA,NA,"Female"
"AH...06156","AF...09814","AG...58292",2728,2,2004,2004,"Vlieland","794",53.29611,5.06619,"GREAT TIT",NA,NA,NA,NA,NA,"",NA,NA,NA,NA,NA,NA,NA,NA,NA,NA,NA,NA,NA,"Male"
"AH...06157","AH...05211","AG...58399",21387,0,2004,2004,"Vlieland","794",53.29611,5.06619,"GREAT TIT",NA,NA,NA,NA,NA,"",NA,NA,NA,NA,NA,NA,NA,NA,NA,NA,NA,NA,NA,"Unknown"
"AH...06158","AF...09814","AG...58292",2728,2,2004,2004,"Vlieland","794",53.29611,5.06619,"GREAT TIT","or bw - re al","orange","blue/white","red","metal","orange-blue/white-red-metal",NA,NA,NA,NA,NA,NA,NA,NA,NA,NA,NA,NA,NA,"Male"
"AH...06159","AH...05211","AG...58399",21387,2,2004,2004,"Vlieland","794",53.29611,5.06619,"GREAT TIT",NA,NA,NA,NA,NA,"",NA,NA,NA,NA,NA,NA,NA,NA,NA,NA,NA,NA,NA,"Male"
"AH...06160","AH...05211","AG...58399",21387,1,2004,2004,"Vlieland","794",53.29611,5.06619,"GREAT TIT",NA,NA,NA,NA,NA,"",NA,NA,NA,NA,NA,NA,NA,NA,NA,NA,NA,NA,NA,"Female"
"AH...06161","AH...05211","AG...58399",21387,2,2004,2004,"Vlieland","794",53.29611,5.06619,"GREAT TIT",NA,NA,NA,NA,NA,"",NA,NA,NA,NA,NA,NA,NA,NA,NA,NA,NA,NA,NA,"Male"
"AH...06162","AF...09814","AG...58292",2728,2,2004,2004,"Vlieland","794",53.29611,5.06619,"GREAT TIT",NA,NA,NA,NA,NA,"",NA,NA,NA,NA,NA,NA,NA,NA,NA,NA,NA,NA,NA,"Male"
"AH...06163","AF...09814","AG...58292",2728,1,2004,2004,"Vlieland","794",53.29611,5.06619,"GREAT TIT",NA,NA,NA,NA,NA,"",NA,NA,NA,NA,NA,NA,NA,NA,NA,NA,NA,NA,NA,"Female"
"AH...06251","AH...05187","AF...09190",2567,2,2004,2004,"Vlieland","-40",53.29611,5.06619,"GREAT TIT",NA,NA,NA,NA,NA,"",NA,NA,NA,NA,NA,NA,NA,NA,NA,NA,NA,NA,NA,"Male"
"AH...06252","AH...05187","AF...09190",2567,2,2004,2004,"Vlieland","-40",53.29611,5.06619,"GREAT TIT",NA,NA,NA,NA,NA,"",NA,NA,NA,NA,NA,NA,NA,NA,NA,NA,NA,NA,NA,"Male"
"AH...06253","AH...05187","AF...09190",2567,1,2004,2004,"Vlieland","-40",53.29611,5.06619,"GREAT TIT",NA,NA,NA,NA,NA,"",NA,NA,NA,NA,NA,NA,NA,NA,NA,NA,NA,NA,NA,"Female"
"AH...06254","AH...05187","AF...09190",2567,2,2004,2004,"Vlieland","-40",53.29611,5.06619,"GREAT TIT",NA,NA,NA,NA,NA,"",NA,NA,NA,NA,NA,NA,NA,NA,NA,NA,NA,NA,NA,"Male"
"AH...06255","AH...05247","AG...58377",9127,2,2004,2004,"Vlieland","-40",53.29611,5.06619,"GREAT TIT",NA,NA,NA,NA,NA,"",NA,NA,NA,NA,NA,NA,NA,NA,NA,NA,NA,NA,NA,"Male"
"AH...06256","AH...05187","AF...09190",2567,1,2004,2004,"Vlieland","-40",53.29611,5.06619,"GREAT TIT",NA,NA,NA,NA,NA,"",NA,NA,NA,NA,NA,NA,NA,NA,NA,NA,NA,NA,NA,"Female"
"AH...06257","AH...05187","AF...09190",2567,0,2004,2004,"Vlieland","-40",53.29611,5.06619,"GREAT TIT",NA,NA,NA,NA,NA,"",NA,NA,NA,NA,NA,NA,NA,NA,NA,NA,NA,NA,NA,"Unknown"
"AH...06258","AH...05247","AG...58377",9127,1,2004,2004,"Vlieland","-40",53.29611,5.06619,"GREAT TIT","al wh - bl bl","metal","white","blue","blue","metal-white-blue-blue",NA,NA,NA,NA,NA,NA,NA,NA,NA,NA,NA,NA,NA,"Female"
"AH...06259","AH...05247","AG...58377",9127,2,2004,2004,"Vlieland","-40",53.29611,5.06619,"GREAT TIT",NA,NA,NA,NA,NA,"",NA,NA,NA,NA,NA,NA,NA,NA,NA,NA,NA,NA,NA,"Male"
"AH...06260","AH...05187","AF...09190",2567,1,2004,2004,"Vlieland","-40",53.29611,5.06619,"GREAT TIT",NA,NA,NA,NA,NA,"",NA,NA,NA,NA,NA,NA,NA,NA,NA,NA,NA,NA,NA,"Female"
"AH...06261","AH...05247","AG...58377",9127,1,2004,2004,"Vlieland","-40",53.29611,5.06619,"GREAT TIT","re bl - bl al","red","blue","blue","metal","red-blue-blue-metal",NA,NA,NA,NA,NA,NA,NA,NA,NA,NA,NA,NA,NA,"Female"
"AH...06262","AE...18140","AG...58355",2212,1,2004,2004,"Vlieland","414",53.30207,5.06711,"GREAT TIT","al pg - re gr","metal","pink/green","red","green","metal-pink/green-red-green",NA,NA,NA,NA,NA,NA,NA,NA,NA,NA,NA,NA,NA,"Female"
"AH...06263","AE...18140","AG...58355",2212,1,2004,2004,"Vlieland","414",53.30207,5.06711,"GREAT TIT","bl al - bl bl","blue","metal","blue","blue","blue-metal-blue-blue",NA,NA,NA,NA,NA,NA,NA,NA,NA,NA,NA,NA,NA,"Female"
"AH...06264","AE...18140","AG...58355",2212,2,2004,2004,"Vlieland","414",53.30207,5.06711,"GREAT TIT",NA,NA,NA,NA,NA,"",NA,NA,NA,NA,NA,NA,NA,NA,NA,NA,NA,NA,NA,"Male"
"AH...06265","AE...18140","AG...58355",2212,2,2004,2004,"Vlieland","414",53.30207,5.06711,"GREAT TIT",NA,NA,NA,NA,NA,"",NA,NA,NA,NA,NA,NA,NA,NA,NA,NA,NA,NA,NA,"Male"
"AH...06266","AE...18140","AG...58355",2212,2,2004,2004,"Vlieland","414",53.30207,5.06711,"GREAT TIT",NA,NA,NA,NA,NA,"",NA,NA,NA,NA,NA,NA,NA,NA,NA,NA,NA,NA,NA,"Male"
"AH...06267","AE...18140","AG...58355",2212,1,2004,2004,"Vlieland","414",53.30207,5.06711,"GREAT TIT",NA,NA,NA,NA,NA,"",NA,NA,NA,NA,NA,NA,NA,NA,NA,NA,NA,NA,NA,"Female"
"AH...68072","AE...27790","AE...97293",2393,2,2004,2004,"Vlieland","646",53.303266,5.072506,"GREAT TIT","al bl - pb rw","metal","blue","pink/blue","red/white","metal-blue-pink/blue-red/white",NA,NA,NA,NA,NA,NA,NA,NA,NA,NA,NA,NA,NA,"Male"
"AH...68073","AE...27790","AE...97293",2393,0,2004,2004,"Vlieland","646",53.303266,5.072506,"GREAT TIT",NA,NA,NA,NA,NA,"",NA,NA,NA,NA,NA,NA,NA,NA,NA,NA,NA,NA,NA,"Unknown"
"AH...68074","AE...27790","AE...97293",2393,2,2004,2004,"Vlieland","646",53.303266,5.072506,"GREAT TIT","pb al - bl bl","pink/blue","metal","blue","blue","pink/blue-metal-blue-blue",NA,NA,NA,NA,NA,NA,NA,NA,NA,NA,NA,NA,NA,"Male"
"AH...68075","AE...27790","AE...97293",2393,1,2004,2004,"Vlieland","646",53.303266,5.072506,"GREAT TIT",NA,NA,NA,NA,NA,"",NA,NA,NA,NA,NA,NA,NA,NA,NA,NA,NA,NA,NA,"Female"
"AH...68076","AE...27790","AE...97293",2393,1,2004,2004,"Vlieland","646",53.303266,5.072506,"GREAT TIT","rw al - ye wh","red/white","metal","yellow","white","red/white-metal-yellow-white",NA,NA,NA,NA,NA,NA,NA,NA,NA,NA,NA,NA,NA,"Female"
"AH...68077","AE...27790","AE...97293",2393,1,2004,2004,"Vlieland","646",53.303266,5.072506,"GREAT TIT",NA,NA,NA,NA,NA,"",NA,NA,NA,NA,NA,NA,NA,NA,NA,NA,NA,NA,NA,"Female"
"AH...68078","AE...27790","AE...97293",2393,2,2004,2004,"Vlieland","646",53.303266,5.072506,"GREAT TIT","bw or - pb al","blue/white","orange","pink/blue","metal","blue/white-orange-pink/blue-metal",NA,NA,NA,NA,NA,NA,NA,NA,NA,NA,NA,NA,NA,"Male"
"AH...68079","AE...27790","AE...97293",2393,1,2004,2004,"Vlieland","646",53.303266,5.072506,"GREAT TIT","al ye - pb bw","metal","yellow","pink/blue","blue/white","metal-yellow-pink/blue-blue/white",NA,NA,NA,NA,NA,NA,NA,NA,NA,NA,NA,NA,NA,"Female"
"AH...68080","AE...27790","AE...97293",2393,2,2004,2004,"Vlieland","646",53.303266,5.072506,"GREAT TIT","al bl - pb wh","metal","blue","pink/blue","white","metal-blue-pink/blue-white",NA,NA,NA,NA,NA,NA,NA,NA,NA,NA,NA,NA,NA,"Male"
"AH...68147","AG...56730","AG...56729",2727,1,2004,2004,"Vlieland","792",53.29611,5.06619,"GREAT TIT","gr al - bl pb","green","metal","blue","pink/blue","green-metal-blue-pink/blue",NA,NA,NA,NA,NA,NA,NA,NA,NA,NA,NA,NA,NA,"Female"
"AH...68148","AG...56730","AG...56729",2727,0,2004,2004,"Vlieland","792",53.29611,5.06619,"GREAT TIT",NA,NA,NA,NA,NA,"",NA,NA,NA,NA,NA,NA,NA,NA,NA,NA,NA,NA,NA,"Unknown"
"AH...68149","AG...56730","AG...56729",2727,2,2004,2004,"Vlieland","792",53.29611,5.06619,"GREAT TIT","al bl - bl rw","metal","blue","blue","red/white","metal-blue-blue-red/white",NA,NA,NA,NA,NA,NA,NA,NA,NA,NA,NA,NA,NA,"Male"
"AH...68150","AG...56730","AG...56729",2727,0,2004,2004,"Vlieland","792",53.29611,5.06619,"GREAT TIT",NA,NA,NA,NA,NA,"",NA,NA,NA,NA,NA,NA,NA,NA,NA,NA,NA,NA,NA,"Unknown"
"AH...68151","AG...56730","AG...56729",2727,0,2004,2004,"Vlieland","792",53.29611,5.06619,"GREAT TIT",NA,NA,NA,NA,NA,"",NA,NA,NA,NA,NA,NA,NA,NA,NA,NA,NA,NA,NA,"Unknown"
"AH...68152","AG...56730","AG...56729",2727,0,2004,2004,"Vlieland","792",53.29611,5.06619,"GREAT TIT",NA,NA,NA,NA,NA,"",NA,NA,NA,NA,NA,NA,NA,NA,NA,NA,NA,NA,NA,"Unknown"
"AH...68153","AG...56730","AG...56729",2727,0,2004,2004,"Vlieland","792",53.29611,5.06619,"GREAT TIT",NA,NA,NA,NA,NA,"",NA,NA,NA,NA,NA,NA,NA,NA,NA,NA,NA,NA,NA,"Unknown"
"AH...68154","AG...56730","AG...56729",2727,1,2004,2004,"Vlieland","792",53.29611,5.06619,"GREAT TIT",NA,NA,NA,NA,NA,"",NA,NA,NA,NA,NA,NA,NA,NA,NA,NA,NA,NA,NA,"Female"
"AH...68155","AG...56730","AG...56729",2727,1,2004,2004,"Vlieland","792",53.29611,5.06619,"GREAT TIT","ye re - pb al","yellow","red","pink/blue","metal","yellow-red-pink/blue-metal",NA,NA,NA,NA,NA,NA,NA,NA,NA,NA,NA,NA,NA,"Female"
"AH...68156","AG...56730","AG...56729",2727,0,2004,2004,"Vlieland","792",53.29611,5.06619,"GREAT TIT",NA,NA,NA,NA,NA,"",NA,NA,NA,NA,NA,NA,NA,NA,NA,NA,NA,NA,NA,"Unknown"
"AH...68703","AC...86700","AE...97056",2043,0,2004,2004,"Vlieland","210",53.27917,5.01198,"GREAT TIT",NA,NA,NA,NA,NA,"",NA,NA,NA,NA,NA,NA,NA,NA,NA,NA,NA,NA,NA,"Unknown"
"AH...68704","AC...86700","AE...97056",2043,0,2004,2004,"Vlieland","210",53.27917,5.01198,"GREAT TIT",NA,NA,NA,NA,NA,"",NA,NA,NA,NA,NA,NA,NA,NA,NA,NA,NA,NA,NA,"Unknown"
"AH...68705","AC...86700","AE...97056",2043,2,2004,2004,"Vlieland","210",53.27917,5.01198,"GREAT TIT","or bl - re al","orange","blue","red","metal","orange-blue-red-metal",NA,NA,NA,NA,NA,NA,NA,NA,NA,NA,NA,NA,NA,"Male"
"AH...68706","AC...86700","AE...97056",2043,0,2004,2004,"Vlieland","210",53.27917,5.01198,"GREAT TIT",NA,NA,NA,NA,NA,"",NA,NA,NA,NA,NA,NA,NA,NA,NA,NA,NA,NA,NA,"Unknown"
"AH...68707","AC...86700","AE...97056",2043,0,2004,2004,"Vlieland","210",53.27917,5.01198,"GREAT TIT",NA,NA,NA,NA,NA,"",NA,NA,NA,NA,NA,NA,NA,NA,NA,NA,NA,NA,NA,"Unknown"
"AH...86251","AH...86238",NA,2049,0,2005,2005,"Vlieland","216",53.27917,5.01198,"BLUE TIT",NA,NA,NA,NA,NA,"",NA,NA,NA,NA,NA,NA,NA,NA,NA,NA,NA,NA,NA,"Unknown"
"AH...86252","AH...86238",NA,2049,0,2005,2005,"Vlieland","216",53.27917,5.01198,"BLUE TIT",NA,NA,NA,NA,NA,"",NA,NA,NA,NA,NA,NA,NA,NA,NA,NA,NA,NA,NA,"Unknown"
"AH...86253","AH...86238",NA,2049,0,2005,2005,"Vlieland","216",53.27917,5.01198,"BLUE TIT",NA,NA,NA,NA,NA,"",NA,NA,NA,NA,NA,NA,NA,NA,NA,NA,NA,NA,NA,"Unknown"
"AH...86254","AH...86238",NA,2049,0,2005,2005,"Vlieland","216",53.27917,5.01198,"BLUE TIT",NA,NA,NA,NA,NA,"",NA,NA,NA,NA,NA,NA,NA,NA,NA,NA,NA,NA,NA,"Unknown"
"AH...86255","AH...86238",NA,2049,0,2005,2005,"Vlieland","216",53.27917,5.01198,"BLUE TIT",NA,NA,NA,NA,NA,"",NA,NA,NA,NA,NA,NA,NA,NA,NA,NA,NA,NA,NA,"Unknown"
"AH...86256","AH...86238",NA,2049,0,2005,2005,"Vlieland","216",53.27917,5.01198,"BLUE TIT",NA,NA,NA,NA,NA,"",NA,NA,NA,NA,NA,NA,NA,NA,NA,NA,NA,NA,NA,"Unknown"
"AH...86257","AH...86238",NA,2049,0,2005,2005,"Vlieland","216",53.27917,5.01198,"BLUE TIT",NA,NA,NA,NA,NA,"",NA,NA,NA,NA,NA,NA,NA,NA,NA,NA,NA,NA,NA,"Unknown"
"AH...86258","AH...86238",NA,2049,0,2005,2005,"Vlieland","216",53.27917,5.01198,"BLUE TIT",NA,NA,NA,NA,NA,"",NA,NA,NA,NA,NA,NA,NA,NA,NA,NA,NA,NA,NA,"Unknown"
"AH...86259","AH...86238",NA,2049,0,2005,2005,"Vlieland","216",53.27917,5.01198,"BLUE TIT",NA,NA,NA,NA,NA,"",NA,NA,NA,NA,NA,NA,NA,NA,NA,NA,NA,NA,NA,"Unknown"
"AH...86260","AH...86238",NA,2049,0,2005,2005,"Vlieland","216",53.27917,5.01198,"BLUE TIT",NA,NA,NA,NA,NA,"",NA,NA,NA,NA,NA,NA,NA,NA,NA,NA,NA,NA,NA,"Unknown"
"AH...86261","AH...86238",NA,2049,0,2005,2005,"Vlieland","216",53.27917,5.01198,"BLUE TIT",NA,NA,NA,NA,NA,"",NA,NA,NA,NA,NA,NA,NA,NA,NA,NA,NA,NA,NA,"Unknown"
"AH...86262","AH...86238",NA,2049,0,2005,2005,"Vlieland","216",53.27917,5.01198,"BLUE TIT",NA,NA,NA,NA,NA,"",NA,NA,NA,NA,NA,NA,NA,NA,NA,NA,NA,NA,NA,"Unknown"
"AH...86263","AH...86238",NA,2049,0,2005,2005,"Vlieland","216",53.27917,5.01198,"BLUE TIT",NA,NA,NA,NA,NA,"",NA,NA,NA,NA,NA,NA,NA,NA,NA,NA,NA,NA,NA,"Unknown"
"AH...86324","AH...86294",NA,2734,0,2005,2005,"Vlieland","805",53.29611,5.06619,"GREAT TIT",NA,NA,NA,NA,NA,"",NA,NA,NA,NA,NA,NA,NA,NA,NA,NA,NA,NA,NA,"Unknown"
"AH...86325","AH...86294",NA,2734,0,2005,2005,"Vlieland","805",53.29611,5.06619,"GREAT TIT",NA,NA,NA,NA,NA,"",NA,NA,NA,NA,NA,NA,NA,NA,NA,NA,NA,NA,NA,"Unknown"
"AH...86326","AH...86294",NA,2734,0,2005,2005,"Vlieland","805",53.29611,5.06619,"GREAT TIT",NA,NA,NA,NA,NA,"",NA,NA,NA,NA,NA,NA,NA,NA,NA,NA,NA,NA,NA,"Unknown"
"AH...86327","AH...86294",NA,2734,0,2005,2005,"Vlieland","805",53.29611,5.06619,"GREAT TIT",NA,NA,NA,NA,NA,"",NA,NA,NA,NA,NA,NA,NA,NA,NA,NA,NA,NA,NA,"Unknown"
"AH...86328","AH...86294",NA,2734,0,2005,2005,"Vlieland","805",53.29611,5.06619,"GREAT TIT",NA,NA,NA,NA,NA,"",NA,NA,NA,NA,NA,NA,NA,NA,NA,NA,NA,NA,NA,"Unknown"
"AH...86329","AH...86294",NA,2734,0,2005,2005,"Vlieland","805",53.29611,5.06619,"GREAT TIT",NA,NA,NA,NA,NA,"",NA,NA,NA,NA,NA,NA,NA,NA,NA,NA,NA,NA,NA,"Unknown"
"AH...86330","AH...86294",NA,2734,0,2005,2005,"Vlieland","805",53.29611,5.06619,"GREAT TIT",NA,NA,NA,NA,NA,"",NA,NA,NA,NA,NA,NA,NA,NA,NA,NA,NA,NA,NA,"Unknown"
"AH...86331","AH...86296",NA,2572,0,2005,2005,"Vlieland","-31",53.29611,5.06619,"GREAT TIT",NA,NA,NA,NA,NA,"",NA,NA,NA,NA,NA,NA,NA,NA,NA,NA,NA,NA,NA,"Unknown"
"AH...86332","AH...86296",NA,2572,0,2005,2005,"Vlieland","-31",53.29611,5.06619,"GREAT TIT",NA,NA,NA,NA,NA,"",NA,NA,NA,NA,NA,NA,NA,NA,NA,NA,NA,NA,NA,"Unknown"
"AH...86333","AH...86296",NA,2572,0,2005,2005,"Vlieland","-31",53.29611,5.06619,"GREAT TIT",NA,NA,NA,NA,NA,"",NA,NA,NA,NA,NA,NA,NA,NA,NA,NA,NA,NA,NA,"Unknown"
"AH...86334","AH...86296",NA,2572,0,2005,2005,"Vlieland","-31",53.29611,5.06619,"GREAT TIT",NA,NA,NA,NA,NA,"",NA,NA,NA,NA,NA,NA,NA,NA,NA,NA,NA,NA,NA,"Unknown"
"AH...86335","AH...86296",NA,2572,0,2005,2005,"Vlieland","-31",53.29611,5.06619,"GREAT TIT",NA,NA,NA,NA,NA,"",NA,NA,NA,NA,NA,NA,NA,NA,NA,NA,NA,NA,NA,"Unknown"
"AH...86336","AH...86296",NA,2572,0,2005,2005,"Vlieland","-31",53.29611,5.06619,"GREAT TIT",NA,NA,NA,NA,NA,"",NA,NA,NA,NA,NA,NA,NA,NA,NA,NA,NA,NA,NA,"Unknown"
"AH...86337","AH...86296",NA,2572,0,2005,2005,"Vlieland","-31",53.29611,5.06619,"GREAT TIT",NA,NA,NA,NA,NA,"",NA,NA,NA,NA,NA,NA,NA,NA,NA,NA,NA,NA,NA,"Unknown"
"AH...86362","AF...34349",NA,2397,0,2005,2005,"Vlieland","651",53.30207,5.06711,"GREAT TIT",NA,NA,NA,NA,NA,"",NA,NA,NA,NA,NA,NA,NA,NA,NA,NA,NA,NA,NA,"Unknown"
"AH...86363","AF...34349",NA,2397,0,2005,2005,"Vlieland","651",53.30207,5.06711,"GREAT TIT",NA,NA,NA,NA,NA,"",NA,NA,NA,NA,NA,NA,NA,NA,NA,NA,NA,NA,NA,"Unknown"
"AH...86364","AF...34349",NA,2397,0,2005,2005,"Vlieland","651",53.30207,5.06711,"GREAT TIT",NA,NA,NA,NA,NA,"",NA,NA,NA,NA,NA,NA,NA,NA,NA,NA,NA,NA,NA,"Unknown"
"AH...86365","AF...34349",NA,2397,0,2005,2005,"Vlieland","651",53.30207,5.06711,"GREAT TIT",NA,NA,NA,NA,NA,"",NA,NA,NA,NA,NA,NA,NA,NA,NA,NA,NA,NA,NA,"Unknown"
"AH...86366","AF...34349",NA,2397,0,2005,2005,"Vlieland","651",53.30207,5.06711,"GREAT TIT",NA,NA,NA,NA,NA,"",NA,NA,NA,NA,NA,NA,NA,NA,NA,NA,NA,NA,NA,"Unknown"
"AH...86367","AF...34349",NA,2397,0,2005,2005,"Vlieland","651",53.30207,5.06711,"GREAT TIT",NA,NA,NA,NA,NA,"",NA,NA,NA,NA,NA,NA,NA,NA,NA,NA,NA,NA,NA,"Unknown"
"AH...86368","AF...34349",NA,2397,0,2005,2005,"Vlieland","651",53.30207,5.06711,"GREAT TIT",NA,NA,NA,NA,NA,"",NA,NA,NA,NA,NA,NA,NA,NA,NA,NA,NA,NA,NA,"Unknown"
"AH...86369","AF...34349",NA,2397,0,2005,2005,"Vlieland","651",53.30207,5.06711,"GREAT TIT",NA,NA,NA,NA,NA,"",NA,NA,NA,NA,NA,NA,NA,NA,NA,NA,NA,NA,NA,"Unknown"
"AH...93024",NA,NA,2731,0,2004,2004,"Vlieland","799",53.29611,5.06619,"BLUE TIT",NA,NA,NA,NA,NA,"",NA,NA,NA,NA,NA,NA,NA,NA,NA,NA,NA,NA,NA,"Unknown"
"AH...93025",NA,NA,2731,0,2004,2004,"Vlieland","799",53.29611,5.06619,"BLUE TIT",NA,NA,NA,NA,NA,"",NA,NA,NA,NA,NA,NA,NA,NA,NA,NA,NA,NA,NA,"Unknown"
"AH...93026",NA,NA,2731,0,2004,2004,"Vlieland","799",53.29611,5.06619,"BLUE TIT",NA,NA,NA,NA,NA,"",NA,NA,NA,NA,NA,NA,NA,NA,NA,NA,NA,NA,NA,"Unknown"
"AH...93027",NA,NA,2731,0,2004,2004,"Vlieland","799",53.29611,5.06619,"BLUE TIT",NA,NA,NA,NA,NA,"",NA,NA,NA,NA,NA,NA,NA,NA,NA,NA,NA,NA,NA,"Unknown"
"AH...93028",NA,NA,2731,0,2004,2004,"Vlieland","799",53.29611,5.06619,"BLUE TIT",NA,NA,NA,NA,NA,"",NA,NA,NA,NA,NA,NA,NA,NA,NA,NA,NA,NA,NA,"Unknown"
"AH...93029",NA,NA,2731,0,2004,2004,"Vlieland","799",53.29611,5.06619,"BLUE TIT",NA,NA,NA,NA,NA,"",NA,NA,NA,NA,NA,NA,NA,NA,NA,NA,NA,NA,NA,"Unknown"
"AH...93030",NA,NA,2731,0,2004,2004,"Vlieland","799",53.29611,5.06619,"BLUE TIT",NA,NA,NA,NA,NA,"",NA,NA,NA,NA,NA,NA,NA,NA,NA,NA,NA,NA,NA,"Unknown"
"AH...93031",NA,NA,2731,0,2004,2004,"Vlieland","799",53.29611,5.06619,"BLUE TIT",NA,NA,NA,NA,NA,"",NA,NA,NA,NA,NA,NA,NA,NA,NA,NA,NA,NA,NA,"Unknown"
"AH...93032",NA,NA,2731,0,2004,2004,"Vlieland","799",53.29611,5.06619,"BLUE TIT",NA,NA,NA,NA,NA,"",NA,NA,NA,NA,NA,NA,NA,NA,NA,NA,NA,NA,NA,"Unknown"
"AH...93033",NA,NA,2731,0,2004,2004,"Vlieland","799",53.29611,5.06619,"BLUE TIT",NA,NA,NA,NA,NA,"",NA,NA,NA,NA,NA,NA,NA,NA,NA,NA,NA,NA,NA,"Unknown"
"AH...93394","AH...93449","AH...93393",2573,0,2005,2005,"Vlieland","-29",53.29611,5.06619,"GREAT TIT",NA,NA,NA,NA,NA,"",NA,NA,NA,NA,NA,NA,NA,NA,NA,NA,NA,NA,NA,"Unknown"
"AH...93395","AH...93449","AH...93393",2573,0,2005,2005,"Vlieland","-29",53.29611,5.06619,"GREAT TIT",NA,NA,NA,NA,NA,"",NA,NA,NA,NA,NA,NA,NA,NA,NA,NA,NA,NA,NA,"Unknown"
"AH...93396","AH...93449","AH...93393",2573,0,2005,2005,"Vlieland","-29",53.29611,5.06619,"GREAT TIT",NA,NA,NA,NA,NA,"",NA,NA,NA,NA,NA,NA,NA,NA,NA,NA,NA,NA,NA,"Unknown"
"AH...93397","AH...93449","AH...93393",2573,0,2005,2005,"Vlieland","-29",53.29611,5.06619,"GREAT TIT",NA,NA,NA,NA,NA,"",NA,NA,NA,NA,NA,NA,NA,NA,NA,NA,NA,NA,NA,"Unknown"
"AH...93398","AH...93449","AH...93393",2573,0,2005,2005,"Vlieland","-29",53.29611,5.06619,"GREAT TIT",NA,NA,NA,NA,NA,"",NA,NA,NA,NA,NA,NA,NA,NA,NA,NA,NA,NA,NA,"Unknown"
"AH...93399","AH...93449","AH...93393",2573,0,2005,2005,"Vlieland","-29",53.29611,5.06619,"GREAT TIT",NA,NA,NA,NA,NA,"",NA,NA,NA,NA,NA,NA,NA,NA,NA,NA,NA,NA,NA,"Unknown"
"AH...93400","AH...93449","AH...93393",2573,0,2005,2005,"Vlieland","-29",53.29611,5.06619,"GREAT TIT",NA,NA,NA,NA,NA,"",NA,NA,NA,NA,NA,NA,NA,NA,NA,NA,NA,NA,NA,"Unknown"
"AH...93583","AH...93159",NA,2047,0,2005,2005,"Vlieland","214",53.279504,5.014016,"GREAT TIT",NA,NA,NA,NA,NA,"",NA,NA,NA,NA,NA,NA,NA,NA,NA,NA,NA,NA,NA,"Unknown"
"AH...93584","AH...93159",NA,2047,0,2005,2005,"Vlieland","214",53.279504,5.014016,"GREAT TIT",NA,NA,NA,NA,NA,"",NA,NA,NA,NA,NA,NA,NA,NA,NA,NA,NA,NA,NA,"Unknown"
"AH...93585","AH...93159",NA,2047,0,2005,2005,"Vlieland","214",53.279504,5.014016,"GREAT TIT",NA,NA,NA,NA,NA,"",NA,NA,NA,NA,NA,NA,NA,NA,NA,NA,NA,NA,NA,"Unknown"
"AH...93586","AH...93159",NA,2047,0,2005,2005,"Vlieland","214",53.279504,5.014016,"GREAT TIT",NA,NA,NA,NA,NA,"",NA,NA,NA,NA,NA,NA,NA,NA,NA,NA,NA,NA,NA,"Unknown"
"AH...93587","AH...93159",NA,2047,0,2005,2005,"Vlieland","214",53.279504,5.014016,"GREAT TIT",NA,NA,NA,NA,NA,"",NA,NA,NA,NA,NA,NA,NA,NA,NA,NA,NA,NA,NA,"Unknown"
"AH...93588","AH...93159",NA,2047,0,2005,2005,"Vlieland","214",53.279504,5.014016,"GREAT TIT",NA,NA,NA,NA,NA,"",NA,NA,NA,NA,NA,NA,NA,NA,NA,NA,NA,NA,NA,"Unknown"
"AH...93589","AH...93159",NA,2047,1,2005,2005,"Vlieland","214",53.279504,5.014016,"GREAT TIT","al wh - ye re","metal","white","yellow","red","metal-white-yellow-red",NA,NA,NA,NA,NA,NA,NA,NA,NA,NA,NA,NA,NA,"Female"
"AH...93590","AH...93159",NA,2047,0,2005,2005,"Vlieland","214",53.279504,5.014016,"GREAT TIT",NA,NA,NA,NA,NA,"",NA,NA,NA,NA,NA,NA,NA,NA,NA,NA,NA,NA,NA,"Unknown"
"AH...93591","AH...93159",NA,2047,0,2005,2005,"Vlieland","214",53.279504,5.014016,"GREAT TIT",NA,NA,NA,NA,NA,"",NA,NA,NA,NA,NA,NA,NA,NA,NA,NA,NA,NA,NA,"Unknown"
"AH...93592","AH...93159",NA,2047,0,2005,2005,"Vlieland","214",53.279504,5.014016,"GREAT TIT",NA,NA,NA,NA,NA,"",NA,NA,NA,NA,NA,NA,NA,NA,NA,NA,NA,NA,NA,"Unknown"
"AH...93707","AG...63826","AF...07179",2398,0,2005,2005,"Vlieland","651",53.30207,5.06711,"GREAT TIT",NA,NA,NA,NA,NA,"",NA,NA,NA,NA,NA,NA,NA,NA,NA,NA,NA,NA,NA,"Unknown"
"AH...93708","AG...63826","AF...07179",2398,2,2005,2005,"Vlieland","651",53.30207,5.06711,"GREAT TIT","al bl - re gr","metal","blue","red","green","metal-blue-red-green",NA,NA,NA,NA,NA,NA,NA,NA,NA,NA,NA,NA,NA,"Male"
"AH...93709","AG...63826","AF...07179",2398,0,2005,2005,"Vlieland","651",53.30207,5.06711,"GREAT TIT",NA,NA,NA,NA,NA,"",NA,NA,NA,NA,NA,NA,NA,NA,NA,NA,NA,NA,NA,"Unknown"
"AH...93710","AG...63826","AF...07179",2398,0,2005,2005,"Vlieland","651",53.30207,5.06711,"GREAT TIT",NA,NA,NA,NA,NA,"",NA,NA,NA,NA,NA,NA,NA,NA,NA,NA,NA,NA,NA,"Unknown"
"AH...93711","AG...63826","AF...07179",2398,0,2005,2005,"Vlieland","651",53.30207,5.06711,"GREAT TIT",NA,NA,NA,NA,NA,"",NA,NA,NA,NA,NA,NA,NA,NA,NA,NA,NA,NA,NA,"Unknown"
"AH...93712","AG...63826","AF...07179",2398,0,2005,2005,"Vlieland","651",53.30207,5.06711,"GREAT TIT",NA,NA,NA,NA,NA,"",NA,NA,NA,NA,NA,NA,NA,NA,NA,NA,NA,NA,NA,"Unknown"
"AH...93713","AG...63826","AF...07179",2398,0,2005,2005,"Vlieland","651",53.30207,5.06711,"GREAT TIT",NA,NA,NA,NA,NA,"",NA,NA,NA,NA,NA,NA,NA,NA,NA,NA,NA,NA,NA,"Unknown"
"AH...93714","AG...63826","AF...07179",2398,0,2005,2005,"Vlieland","651",53.30207,5.06711,"GREAT TIT",NA,NA,NA,NA,NA,"",NA,NA,NA,NA,NA,NA,NA,NA,NA,NA,NA,NA,NA,"Unknown"
"AH...93715","AG...63826","AF...07179",2398,0,2005,2005,"Vlieland","651",53.30207,5.06711,"GREAT TIT",NA,NA,NA,NA,NA,"",NA,NA,NA,NA,NA,NA,NA,NA,NA,NA,NA,NA,NA,"Unknown"
"AH...95230","AG...64739",NA,2400,0,2005,2005,"Vlieland","653",53.30207,5.06711,"GREAT TIT",NA,NA,NA,NA,NA,"",NA,NA,NA,NA,NA,NA,NA,NA,NA,NA,NA,NA,NA,"Unknown"
"AH...95231","AG...64739",NA,2400,0,2005,2005,"Vlieland","653",53.30207,5.06711,"GREAT TIT",NA,NA,NA,NA,NA,"",NA,NA,NA,NA,NA,NA,NA,NA,NA,NA,NA,NA,NA,"Unknown"
"AH...95232","AG...64739",NA,2400,0,2005,2005,"Vlieland","653",53.30207,5.06711,"GREAT TIT",NA,NA,NA,NA,NA,"",NA,NA,NA,NA,NA,NA,NA,NA,NA,NA,NA,NA,NA,"Unknown"
"AH...95233",NA,NA,2576,0,2005,2005,"Vlieland","-24",53.29611,5.06619,"GREAT TIT",NA,NA,NA,NA,NA,"",NA,NA,NA,NA,NA,NA,NA,NA,NA,NA,NA,NA,NA,"Unknown"
"AH...95234",NA,NA,2576,0,2005,2005,"Vlieland","-24",53.29611,5.06619,"GREAT TIT",NA,NA,NA,NA,NA,"",NA,NA,NA,NA,NA,NA,NA,NA,NA,NA,NA,NA,NA,"Unknown"
"AH...95235",NA,NA,2576,0,2005,2005,"Vlieland","-24",53.29611,5.06619,"GREAT TIT",NA,NA,NA,NA,NA,"",NA,NA,NA,NA,NA,NA,NA,NA,NA,NA,NA,NA,NA,"Unknown"
"AH...95236",NA,NA,2576,0,2005,2005,"Vlieland","-24",53.29611,5.06619,"GREAT TIT",NA,NA,NA,NA,NA,"",NA,NA,NA,NA,NA,NA,NA,NA,NA,NA,NA,NA,NA,"Unknown"
"AH...95237",NA,NA,2576,0,2005,2005,"Vlieland","-24",53.29611,5.06619,"GREAT TIT",NA,NA,NA,NA,NA,"",NA,NA,NA,NA,NA,NA,NA,NA,NA,NA,NA,NA,NA,"Unknown"
"AH...95238",NA,NA,2576,0,2005,2005,"Vlieland","-24",53.29611,5.06619,"GREAT TIT",NA,NA,NA,NA,NA,"",NA,NA,NA,NA,NA,NA,NA,NA,NA,NA,NA,NA,NA,"Unknown"
"AH...95350",NA,NA,2217,0,2005,2005,"Vlieland","419",53.30207,5.06711,"GREAT TIT",NA,NA,NA,NA,NA,"",NA,NA,NA,NA,NA,NA,NA,NA,NA,NA,NA,NA,NA,"Unknown"
"AH...95351",NA,NA,2217,0,2005,2005,"Vlieland","419",53.30207,5.06711,"GREAT TIT",NA,NA,NA,NA,NA,"",NA,NA,NA,NA,NA,NA,NA,NA,NA,NA,NA,NA,NA,"Unknown"
"AH...95352",NA,NA,2217,0,2005,2005,"Vlieland","419",53.30207,5.06711,"GREAT TIT",NA,NA,NA,NA,NA,"",NA,NA,NA,NA,NA,NA,NA,NA,NA,NA,NA,NA,NA,"Unknown"
"AH...95353",NA,NA,2217,0,2005,2005,"Vlieland","419",53.30207,5.06711,"GREAT TIT",NA,NA,NA,NA,NA,"",NA,NA,NA,NA,NA,NA,NA,NA,NA,NA,NA,NA,NA,"Unknown"
"AH...95354",NA,NA,2217,0,2005,2005,"Vlieland","419",53.30207,5.06711,"GREAT TIT",NA,NA,NA,NA,NA,"",NA,NA,NA,NA,NA,NA,NA,NA,NA,NA,NA,NA,NA,"Unknown"
"AH...95355",NA,NA,2217,0,2005,2005,"Vlieland","419",53.30207,5.06711,"GREAT TIT",NA,NA,NA,NA,NA,"",NA,NA,NA,NA,NA,NA,NA,NA,NA,NA,NA,NA,NA,"Unknown"
"AH...95356",NA,NA,2217,0,2005,2005,"Vlieland","419",53.30207,5.06711,"GREAT TIT",NA,NA,NA,NA,NA,"",NA,NA,NA,NA,NA,NA,NA,NA,NA,NA,NA,NA,NA,"Unknown"
"AK...03022","AG...25652",NA,2211,2,2004,2004,"Vlieland","413",53.30207,5.06711,"GREAT TIT",NA,NA,NA,NA,NA,"",NA,NA,NA,NA,NA,NA,NA,NA,NA,NA,NA,NA,NA,"Male"
"AK...03023","AG...25652",NA,2211,0,2004,2004,"Vlieland","413",53.30207,5.06711,"GREAT TIT",NA,NA,NA,NA,NA,"",NA,NA,NA,NA,NA,NA,NA,NA,NA,NA,NA,NA,NA,"Unknown"
"AK...03024","AG...25652",NA,2211,0,2004,2004,"Vlieland","413",53.30207,5.06711,"GREAT TIT",NA,NA,NA,NA,NA,"",NA,NA,NA,NA,NA,NA,NA,NA,NA,NA,NA,NA,NA,"Unknown"
"AK...03025","AG...25652",NA,2211,0,2004,2004,"Vlieland","413",53.30207,5.06711,"GREAT TIT",NA,NA,NA,NA,NA,"",NA,NA,NA,NA,NA,NA,NA,NA,NA,NA,NA,NA,NA,"Unknown"
"AK...03225","AK...03215","AK...03224",2215,0,2005,2005,"Vlieland","417",53.300617,5.076542,"GREAT TIT",NA,NA,NA,NA,NA,"",NA,NA,NA,NA,NA,NA,NA,NA,NA,NA,NA,NA,NA,"Unknown"
"AK...03226","AK...03215","AK...03224",2215,0,2005,2005,"Vlieland","417",53.300617,5.076542,"GREAT TIT",NA,NA,NA,NA,NA,"",NA,NA,NA,NA,NA,NA,NA,NA,NA,NA,NA,NA,NA,"Unknown"
"AK...03227","AK...03215","AK...03224",2215,0,2005,2005,"Vlieland","417",53.300617,5.076542,"GREAT TIT",NA,NA,NA,NA,NA,"",NA,NA,NA,NA,NA,NA,NA,NA,NA,NA,NA,NA,NA,"Unknown"
"AK...03228","AK...03215","AK...03224",2215,0,2005,2005,"Vlieland","417",53.300617,5.076542,"GREAT TIT",NA,NA,NA,NA,NA,"",NA,NA,NA,NA,NA,NA,NA,NA,NA,NA,NA,NA,NA,"Unknown"
"AK...03229","AK...03215","AK...03224",2215,0,2005,2005,"Vlieland","417",53.300617,5.076542,"GREAT TIT",NA,NA,NA,NA,NA,"",NA,NA,NA,NA,NA,NA,NA,NA,NA,NA,NA,NA,NA,"Unknown"
"AK...03230","AK...03215","AK...03224",2215,0,2005,2005,"Vlieland","417",53.300617,5.076542,"GREAT TIT",NA,NA,NA,NA,NA,"",NA,NA,NA,NA,NA,NA,NA,NA,NA,NA,NA,NA,NA,"Unknown"
"AK...03240","AK...03250",NA,2735,0,2005,2005,"Vlieland","806",53.29611,5.06619,"GREAT TIT",NA,NA,NA,NA,NA,"",NA,NA,NA,NA,NA,NA,NA,NA,NA,NA,NA,NA,NA,"Unknown"
"AK...03241","AK...03250",NA,2735,0,2005,2005,"Vlieland","806",53.29611,5.06619,"GREAT TIT",NA,NA,NA,NA,NA,"",NA,NA,NA,NA,NA,NA,NA,NA,NA,NA,NA,NA,NA,"Unknown"
"AK...03242","AK...03250",NA,2735,0,2005,2005,"Vlieland","806",53.29611,5.06619,"GREAT TIT",NA,NA,NA,NA,NA,"",NA,NA,NA,NA,NA,NA,NA,NA,NA,NA,NA,NA,NA,"Unknown"
"AK...03243","AK...03250",NA,2735,0,2005,2005,"Vlieland","806",53.29611,5.06619,"GREAT TIT",NA,NA,NA,NA,NA,"",NA,NA,NA,NA,NA,NA,NA,NA,NA,NA,NA,NA,NA,"Unknown"
"AK...03244","AK...03250",NA,2735,0,2005,2005,"Vlieland","806",53.29611,5.06619,"GREAT TIT",NA,NA,NA,NA,NA,"",NA,NA,NA,NA,NA,NA,NA,NA,NA,NA,NA,NA,NA,"Unknown"
"AK...03245","AK...03250",NA,2735,0,2005,2005,"Vlieland","806",53.29611,5.06619,"GREAT TIT",NA,NA,NA,NA,NA,"",NA,NA,NA,NA,NA,NA,NA,NA,NA,NA,NA,NA,NA,"Unknown"
"AK...03246","AK...03250",NA,2735,0,2005,2005,"Vlieland","806",53.29611,5.06619,"GREAT TIT",NA,NA,NA,NA,NA,"",NA,NA,NA,NA,NA,NA,NA,NA,NA,NA,NA,NA,NA,"Unknown"
"AK...03350","AG...24034","AG...65350",2401,0,2005,2005,"Vlieland","670",53.30207,5.06711,"BLUE TIT",NA,NA,NA,NA,NA,"",NA,NA,NA,NA,NA,NA,NA,NA,NA,NA,NA,NA,NA,"Unknown"
"AK...03351","AG...24034","AG...65350",2401,0,2005,2005,"Vlieland","670",53.30207,5.06711,"BLUE TIT",NA,NA,NA,NA,NA,"",NA,NA,NA,NA,NA,NA,NA,NA,NA,NA,NA,NA,NA,"Unknown"
"AK...03352","AG...24034","AG...65350",2401,0,2005,2005,"Vlieland","670",53.30207,5.06711,"BLUE TIT",NA,NA,NA,NA,NA,"",NA,NA,NA,NA,NA,NA,NA,NA,NA,NA,NA,NA,NA,"Unknown"
"AK...03353","AG...24034","AG...65350",2401,0,2005,2005,"Vlieland","670",53.30207,5.06711,"BLUE TIT",NA,NA,NA,NA,NA,"",NA,NA,NA,NA,NA,NA,NA,NA,NA,NA,NA,NA,NA,"Unknown"
"AK...03354","AG...24034","AG...65350",2401,0,2005,2005,"Vlieland","670",53.30207,5.06711,"BLUE TIT",NA,NA,NA,NA,NA,"",NA,NA,NA,NA,NA,NA,NA,NA,NA,NA,NA,NA,NA,"Unknown"
"AK...03355","AG...24034","AG...65350",2401,0,2005,2005,"Vlieland","670",53.30207,5.06711,"BLUE TIT",NA,NA,NA,NA,NA,"",NA,NA,NA,NA,NA,NA,NA,NA,NA,NA,NA,NA,NA,"Unknown"
"AK...03356","AG...24034","AG...65350",2401,0,2005,2005,"Vlieland","670",53.30207,5.06711,"BLUE TIT",NA,NA,NA,NA,NA,"",NA,NA,NA,NA,NA,NA,NA,NA,NA,NA,NA,NA,NA,"Unknown"
"AK...03357","AG...24034","AG...65350",2401,0,2005,2005,"Vlieland","670",53.30207,5.06711,"BLUE TIT",NA,NA,NA,NA,NA,"",NA,NA,NA,NA,NA,NA,NA,NA,NA,NA,NA,NA,NA,"Unknown"
"AK...03358","AG...24034","AG...65350",2401,0,2005,2005,"Vlieland","670",53.30207,5.06711,"BLUE TIT",NA,NA,NA,NA,NA,"",NA,NA,NA,NA,NA,NA,NA,NA,NA,NA,NA,NA,NA,"Unknown"
"AK...03359","AG...24034","AG...65350",2401,0,2005,2005,"Vlieland","670",53.30207,5.06711,"BLUE TIT",NA,NA,NA,NA,NA,"",NA,NA,NA,NA,NA,NA,NA,NA,NA,NA,NA,NA,NA,"Unknown"
"AK...03360","AG...24034","AG...65350",2401,0,2005,2005,"Vlieland","670",53.30207,5.06711,"BLUE TIT",NA,NA,NA,NA,NA,"",NA,NA,NA,NA,NA,NA,NA,NA,NA,NA,NA,NA,NA,"Unknown"
"AK...03361","AG...24034","AG...65350",2401,0,2005,2005,"Vlieland","670",53.30207,5.06711,"BLUE TIT",NA,NA,NA,NA,NA,"",NA,NA,NA,NA,NA,NA,NA,NA,NA,NA,NA,NA,NA,"Unknown"
"AK...70364","AK...70363","AK...70362",2574,0,2005,2005,"Vlieland","-28",53.29611,5.06619,"GREAT TIT",NA,NA,NA,NA,NA,"",NA,NA,NA,NA,NA,NA,NA,NA,NA,NA,NA,NA,NA,"Unknown"
"AK...70365","AK...70363","AK...70362",2574,0,2005,2005,"Vlieland","-28",53.29611,5.06619,"GREAT TIT",NA,NA,NA,NA,NA,"",NA,NA,NA,NA,NA,NA,NA,NA,NA,NA,NA,NA,NA,"Unknown"
"AK...70366","AK...70363","AK...70362",2574,0,2005,2005,"Vlieland","-28",53.29611,5.06619,"GREAT TIT",NA,NA,NA,NA,NA,"",NA,NA,NA,NA,NA,NA,NA,NA,NA,NA,NA,NA,NA,"Unknown"
"AK...70367","AK...70363","AK...70362",2574,0,2005,2005,"Vlieland","-28",53.29611,5.06619,"GREAT TIT",NA,NA,NA,NA,NA,"",NA,NA,NA,NA,NA,NA,NA,NA,NA,NA,NA,NA,NA,"Unknown"
"AK...70368","AK...70363","AK...70362",2574,0,2005,2005,"Vlieland","-28",53.29611,5.06619,"GREAT TIT",NA,NA,NA,NA,NA,"",NA,NA,NA,NA,NA,NA,NA,NA,NA,NA,NA,NA,NA,"Unknown"
"AK...70369","AK...70363","AK...70362",2574,0,2005,2005,"Vlieland","-28",53.29611,5.06619,"GREAT TIT",NA,NA,NA,NA,NA,"",NA,NA,NA,NA,NA,NA,NA,NA,NA,NA,NA,NA,NA,"Unknown"
"AK...70370","AK...70363","AK...70362",2574,0,2005,2005,"Vlieland","-28",53.29611,5.06619,"GREAT TIT",NA,NA,NA,NA,NA,"",NA,NA,NA,NA,NA,NA,NA,NA,NA,NA,NA,NA,NA,"Unknown"
"AK...70371","AK...70363","AK...70362",2574,0,2005,2005,"Vlieland","-28",53.29611,5.06619,"GREAT TIT",NA,NA,NA,NA,NA,"",NA,NA,NA,NA,NA,NA,NA,NA,NA,NA,NA,NA,NA,"Unknown"
"AK...71291","AG...57840",NA,2046,2,2005,2005,"Vlieland","213",53.27859,5.013766,"GREAT TIT",NA,NA,NA,NA,NA,"",NA,NA,NA,NA,NA,NA,NA,NA,NA,NA,NA,NA,NA,"Male"
"AK...71292","AG...57840",NA,2046,2,2005,2005,"Vlieland","213",53.27859,5.013766,"GREAT TIT",NA,NA,NA,NA,NA,"",NA,NA,NA,NA,NA,NA,NA,NA,NA,NA,NA,NA,NA,"Male"
"AK...71293","AG...57840",NA,2046,0,2005,2005,"Vlieland","213",53.27859,5.013766,"GREAT TIT",NA,NA,NA,NA,NA,"",NA,NA,NA,NA,NA,NA,NA,NA,NA,NA,NA,NA,NA,"Unknown"
"AK...71294","AG...57840",NA,2046,2,2005,2005,"Vlieland","213",53.27859,5.013766,"GREAT TIT",NA,NA,NA,NA,NA,"",NA,NA,NA,NA,NA,NA,NA,NA,NA,NA,NA,NA,NA,"Male"
"AK...71295","AG...57840",NA,2046,0,2005,2005,"Vlieland","213",53.27859,5.013766,"GREAT TIT",NA,NA,NA,NA,NA,"",NA,NA,NA,NA,NA,NA,NA,NA,NA,NA,NA,NA,NA,"Unknown"
"AK...71296","AG...57840",NA,2046,2,2005,2005,"Vlieland","213",53.27859,5.013766,"GREAT TIT",NA,NA,NA,NA,NA,"",NA,NA,NA,NA,NA,NA,NA,NA,NA,NA,NA,NA,NA,"Male"
"AK...71297","AG...57840",NA,2046,2,2005,2005,"Vlieland","213",53.27859,5.013766,"GREAT TIT",NA,NA,NA,NA,NA,"",NA,NA,NA,NA,NA,NA,NA,NA,NA,NA,NA,NA,NA,"Male"
"AK...71298","AG...57840",NA,2046,2,2005,2005,"Vlieland","213",53.27859,5.013766,"GREAT TIT",NA,NA,NA,NA,NA,"",NA,NA,NA,NA,NA,NA,NA,NA,NA,NA,NA,NA,NA,"Male"
"AK...71436",NA,"AG...56729",2733,2,2005,2005,"Vlieland","804",53.29611,5.06619,"GREAT TIT",NA,NA,NA,NA,NA,"",NA,NA,NA,NA,NA,NA,NA,NA,NA,NA,NA,NA,NA,"Male"
"AK...71437",NA,"AG...56729",2733,2,2005,2005,"Vlieland","804",53.29611,5.06619,"GREAT TIT",NA,NA,NA,NA,NA,"",NA,NA,NA,NA,NA,NA,NA,NA,NA,NA,NA,NA,NA,"Male"
"AK...71438",NA,"AG...56729",2733,0,2005,2005,"Vlieland","804",53.29611,5.06619,"GREAT TIT",NA,NA,NA,NA,NA,"",NA,NA,NA,NA,NA,NA,NA,NA,NA,NA,NA,NA,NA,"Unknown"
"AK...71439",NA,"AG...56729",2733,2,2005,2005,"Vlieland","804",53.29611,5.06619,"GREAT TIT",NA,NA,NA,NA,NA,"",NA,NA,NA,NA,NA,NA,NA,NA,NA,NA,NA,NA,NA,"Male"
"AK...71440",NA,"AG...56729",2733,0,2005,2005,"Vlieland","804",53.29611,5.06619,"GREAT TIT",NA,NA,NA,NA,NA,"",NA,NA,NA,NA,NA,NA,NA,NA,NA,NA,NA,NA,NA,"Unknown"
"AK...71441",NA,"AG...56729",2733,0,2005,2005,"Vlieland","804",53.29611,5.06619,"GREAT TIT",NA,NA,NA,NA,NA,"",NA,NA,NA,NA,NA,NA,NA,NA,NA,NA,NA,NA,NA,"Unknown"
"AK...71448","AE...27790",NA,2214,2,2005,2005,"Vlieland","416",53.30207,5.06711,"GREAT TIT",NA,NA,NA,NA,NA,"",NA,NA,NA,NA,NA,NA,NA,NA,NA,NA,NA,NA,NA,"Male"
"AK...71449","AE...27790",NA,2214,1,2005,2005,"Vlieland","416",53.30207,5.06711,"GREAT TIT",NA,NA,NA,NA,NA,"",NA,NA,NA,NA,NA,NA,NA,NA,NA,NA,NA,NA,NA,"Female"
"AK...71450","AE...27790",NA,2214,1,2005,2005,"Vlieland","416",53.30207,5.06711,"GREAT TIT",NA,NA,NA,NA,NA,"",NA,NA,NA,NA,NA,NA,NA,NA,NA,NA,NA,NA,NA,"Female"
"AK...71796","AE...97223","AH...68189",2571,0,2005,2005,"Vlieland","-32",53.29611,5.06619,"GREAT TIT",NA,NA,NA,NA,NA,"",NA,NA,NA,NA,NA,NA,NA,NA,NA,NA,NA,NA,NA,"Unknown"
"AK...71797","AE...97223","AH...68189",2571,0,2005,2005,"Vlieland","-32",53.29611,5.06619,"GREAT TIT",NA,NA,NA,NA,NA,"",NA,NA,NA,NA,NA,NA,NA,NA,NA,NA,NA,NA,NA,"Unknown"
"AK...71798","AE...97223","AH...68189",2571,0,2005,2005,"Vlieland","-32",53.29611,5.06619,"GREAT TIT",NA,NA,NA,NA,NA,"",NA,NA,NA,NA,NA,NA,NA,NA,NA,NA,NA,NA,NA,"Unknown"
"AK...71799","AE...97223","AH...68189",2571,0,2005,2005,"Vlieland","-32",53.29611,5.06619,"GREAT TIT",NA,NA,NA,NA,NA,"",NA,NA,NA,NA,NA,NA,NA,NA,NA,NA,NA,NA,NA,"Unknown"
"AK...71800","AE...97223","AH...68189",2571,0,2005,2005,"Vlieland","-32",53.29611,5.06619,"GREAT TIT",NA,NA,NA,NA,NA,"",NA,NA,NA,NA,NA,NA,NA,NA,NA,NA,NA,NA,NA,"Unknown"
"AK...71901","AE...97223","AH...68189",2571,0,2005,2005,"Vlieland","-32",53.29611,5.06619,"GREAT TIT",NA,NA,NA,NA,NA,"",NA,NA,NA,NA,NA,NA,NA,NA,NA,NA,NA,NA,NA,"Unknown"
"AK...71902","AE...97223","AH...68189",2571,0,2005,2005,"Vlieland","-32",53.29611,5.06619,"GREAT TIT",NA,NA,NA,NA,NA,"",NA,NA,NA,NA,NA,NA,NA,NA,NA,NA,NA,NA,NA,"Unknown"
"AK...71903","AE...97223","AH...68189",2571,0,2005,2005,"Vlieland","-32",53.29611,5.06619,"GREAT TIT",NA,NA,NA,NA,NA,"",NA,NA,NA,NA,NA,NA,NA,NA,NA,NA,NA,NA,NA,"Unknown"
"AK...71904","AE...97223","AH...68189",2571,0,2005,2005,"Vlieland","-32",53.29611,5.06619,"GREAT TIT",NA,NA,NA,NA,NA,"",NA,NA,NA,NA,NA,NA,NA,NA,NA,NA,NA,NA,NA,"Unknown"
"AK...73266","AH...06317","AH...05493",2575,0,2005,2005,"Vlieland","-25",53.29611,5.06619,"GREAT TIT",NA,NA,NA,NA,NA,"",NA,NA,NA,NA,NA,NA,NA,NA,NA,NA,NA,NA,NA,"Unknown"
"AK...73267","AH...06317","AH...05493",2575,0,2005,2005,"Vlieland","-25",53.29611,5.06619,"GREAT TIT",NA,NA,NA,NA,NA,"",NA,NA,NA,NA,NA,NA,NA,NA,NA,NA,NA,NA,NA,"Unknown"
"AK...73268","AH...06317","AH...05493",2575,0,2005,2005,"Vlieland","-25",53.29611,5.06619,"GREAT TIT",NA,NA,NA,NA,NA,"",NA,NA,NA,NA,NA,NA,NA,NA,NA,NA,NA,NA,NA,"Unknown"
"AK...73269","AH...06317","AH...05493",2575,2,2005,2005,"Vlieland","-25",53.29611,5.06619,"GREAT TIT","bw al - bw ye","blue/white","metal","blue/white","yellow","blue/white-metal-blue/white-yellow",NA,NA,NA,NA,NA,NA,NA,NA,NA,NA,NA,NA,NA,"Male"
"AK...73270","AH...06317","AH...05493",2575,2,2005,2005,"Vlieland","-25",53.29611,5.06619,"GREAT TIT","or bw - ye al","orange","blue/white","yellow","metal","orange-blue/white-yellow-metal",NA,NA,NA,NA,NA,NA,NA,NA,NA,NA,NA,NA,NA,"Male"
"AK...73271","AH...06317","AH...05493",2575,0,2005,2005,"Vlieland","-25",53.29611,5.06619,"GREAT TIT",NA,NA,NA,NA,NA,"",NA,NA,NA,NA,NA,NA,NA,NA,NA,NA,NA,NA,NA,"Unknown"
"AK...73272","AH...06317","AH...05493",2575,0,2005,2005,"Vlieland","-25",53.29611,5.06619,"GREAT TIT",NA,NA,NA,NA,NA,"",NA,NA,NA,NA,NA,NA,NA,NA,NA,NA,NA,NA,NA,"Unknown"
"AK...73283","AH...05187","AF...09190",2399,2,2005,2005,"Vlieland","652",53.29903,5.05849,"GREAT TIT","or or - re al","orange","orange","red","metal","orange-orange-red-metal",NA,NA,NA,NA,NA,NA,NA,NA,NA,NA,NA,NA,NA,"Male"
"AK...73284","AH...05187","AF...09190",2399,0,2005,2005,"Vlieland","652",53.29903,5.05849,"GREAT TIT",NA,NA,NA,NA,NA,"",NA,NA,NA,NA,NA,NA,NA,NA,NA,NA,NA,NA,NA,"Unknown"
"AK...73285","AH...05187","AF...09190",2399,0,2005,2005,"Vlieland","652",53.29903,5.05849,"GREAT TIT",NA,NA,NA,NA,NA,"",NA,NA,NA,NA,NA,NA,NA,NA,NA,NA,NA,NA,NA,"Unknown"
"AK...73286","AH...05187","AF...09190",2399,0,2005,2005,"Vlieland","652",53.29903,5.05849,"GREAT TIT",NA,NA,NA,NA,NA,"",NA,NA,NA,NA,NA,NA,NA,NA,NA,NA,NA,NA,NA,"Unknown"
"AK...73287","AH...05187","AF...09190",2399,1,2005,2005,"Vlieland","652",53.29903,5.05849,"GREAT TIT","bw wh - or al","blue/white","white","orange","metal","blue/white-white-orange-metal",NA,NA,NA,NA,NA,NA,NA,NA,NA,NA,NA,NA,NA,"Female"
"AK...73288","AH...05187","AF...09190",2399,0,2005,2005,"Vlieland","652",53.29903,5.05849,"GREAT TIT",NA,NA,NA,NA,NA,"",NA,NA,NA,NA,NA,NA,NA,NA,NA,NA,NA,NA,NA,"Unknown"
"AK...73289","AH...05187","AF...09190",2399,0,2005,2005,"Vlieland","652",53.29903,5.05849,"GREAT TIT",NA,NA,NA,NA,NA,"",NA,NA,NA,NA,NA,NA,NA,NA,NA,NA,NA,NA,NA,"Unknown"
"AK...73290","AH...05187","AF...09190",2399,0,2005,2005,"Vlieland","652",53.29903,5.05849,"GREAT TIT",NA,NA,NA,NA,NA,"",NA,NA,NA,NA,NA,NA,NA,NA,NA,NA,NA,NA,NA,"Unknown"
"AK...73448","AH...06846","AH...68465",2216,0,2005,2005,"Vlieland","418",53.300705,5.075322,"GREAT TIT",NA,NA,NA,NA,NA,"",NA,NA,NA,NA,NA,NA,NA,NA,NA,NA,NA,NA,NA,"Unknown"
"AK...73449","AH...06846","AH...68465",2216,2,2005,2005,"Vlieland","418",53.300705,5.075322,"GREAT TIT",NA,NA,NA,NA,NA,"",NA,NA,NA,NA,NA,NA,NA,NA,NA,NA,NA,NA,NA,"Male"
"AK...73450","AH...06846","AH...68465",2216,0,2005,2005,"Vlieland","418",53.300705,5.075322,"GREAT TIT",NA,NA,NA,NA,NA,"",NA,NA,NA,NA,NA,NA,NA,NA,NA,NA,NA,NA,NA,"Unknown"
"AK...73451","AH...06846","AH...68465",2216,0,2005,2005,"Vlieland","418",53.300705,5.075322,"GREAT TIT",NA,NA,NA,NA,NA,"",NA,NA,NA,NA,NA,NA,NA,NA,NA,NA,NA,NA,NA,"Unknown"
"AK...73452","AH...06846","AH...68465",2216,0,2005,2005,"Vlieland","418",53.300705,5.075322,"GREAT TIT",NA,NA,NA,NA,NA,"",NA,NA,NA,NA,NA,NA,NA,NA,NA,NA,NA,NA,NA,"Unknown"
"AK...73453","AH...06846","AH...68465",2216,0,2005,2005,"Vlieland","418",53.300705,5.075322,"GREAT TIT",NA,NA,NA,NA,NA,"",NA,NA,NA,NA,NA,NA,NA,NA,NA,NA,NA,NA,NA,"Unknown"
"AK...73454","AH...06846","AH...68465",2216,2,2005,2005,"Vlieland","418",53.300705,5.075322,"GREAT TIT","gr re - gr al","green","red","green","metal","green-red-green-metal",NA,NA,NA,NA,NA,NA,NA,NA,NA,NA,NA,NA,NA,"Male"
"AK...73455","AH...06846","AH...68465",2216,0,2005,2005,"Vlieland","418",53.300705,5.075322,"GREAT TIT",NA,NA,NA,NA,NA,"",NA,NA,NA,NA,NA,NA,NA,NA,NA,NA,NA,NA,NA,"Unknown"
"AK...73456","AE...97323","AF...09084",2048,0,2005,2005,"Vlieland","215",53.27897,5.015096,"GREAT TIT",NA,NA,NA,NA,NA,"",NA,NA,NA,NA,NA,NA,NA,NA,NA,NA,NA,NA,NA,"Unknown"
"AK...73457","AE...97323","AF...09084",2048,2,2005,2005,"Vlieland","215",53.27897,5.015096,"GREAT TIT","or al - or or","orange","metal","orange","orange","orange-metal-orange-orange",NA,NA,NA,NA,NA,NA,NA,NA,NA,NA,NA,NA,NA,"Male"
"AK...73458","AE...97323","AF...09084",2048,0,2005,2005,"Vlieland","215",53.27897,5.015096,"GREAT TIT",NA,NA,NA,NA,NA,"",NA,NA,NA,NA,NA,NA,NA,NA,NA,NA,NA,NA,NA,"Unknown"
"AK...73459","AE...97323","AF...09084",2048,0,2005,2005,"Vlieland","215",53.27897,5.015096,"GREAT TIT",NA,NA,NA,NA,NA,"",NA,NA,NA,NA,NA,NA,NA,NA,NA,NA,NA,NA,NA,"Unknown"
"AK...73460","AE...97323","AF...09084",2048,2,2005,2005,"Vlieland","215",53.27897,5.015096,"GREAT TIT",NA,NA,NA,NA,NA,"",NA,NA,NA,NA,NA,NA,NA,NA,NA,NA,NA,NA,NA,"Male"
"AK...73461","AE...97323","AF...09084",2048,0,2005,2005,"Vlieland","215",53.27897,5.015096,"GREAT TIT",NA,NA,NA,NA,NA,"",NA,NA,NA,NA,NA,NA,NA,NA,NA,NA,NA,NA,NA,"Unknown"
"AK...73462","AE...97323","AF...09084",2048,0,2005,2005,"Vlieland","215",53.27897,5.015096,"GREAT TIT",NA,NA,NA,NA,NA,"",NA,NA,NA,NA,NA,NA,NA,NA,NA,NA,NA,NA,NA,"Unknown"
"AK...73463","AE...97323","AF...09084",2048,2,2005,2005,"Vlieland","215",53.27897,5.015096,"GREAT TIT",NA,NA,NA,NA,NA,"",NA,NA,NA,NA,NA,NA,NA,NA,NA,NA,NA,NA,NA,"Male"
"AN...13122","AH...93647","AH...93547",2737,0,2006,2006,"Vlieland","808",53.29611,5.06619,"GREAT TIT",NA,NA,NA,NA,NA,"",NA,NA,NA,NA,NA,NA,NA,NA,NA,NA,NA,NA,NA,"Unknown"
"AN...13123","AH...93647","AH...93547",2737,0,2006,2006,"Vlieland","808",53.29611,5.06619,"GREAT TIT",NA,NA,NA,NA,NA,"",NA,NA,NA,NA,NA,NA,NA,NA,NA,NA,NA,NA,NA,"Unknown"
"AN...13124","AH...93647","AH...93547",2737,1,2006,2006,"Vlieland","808",53.29611,5.06619,"GREAT TIT","wh ye - wh al","white","yellow","white","metal","white-yellow-white-metal",NA,NA,NA,NA,NA,NA,NA,NA,NA,NA,NA,NA,NA,"Female"
"AN...13125","AH...93647","AH...93547",2737,0,2006,2006,"Vlieland","808",53.29611,5.06619,"GREAT TIT",NA,NA,NA,NA,NA,"",NA,NA,NA,NA,NA,NA,NA,NA,NA,NA,NA,NA,NA,"Unknown"
"AN...13126","AH...93647","AH...93547",2737,0,2006,2006,"Vlieland","808",53.29611,5.06619,"GREAT TIT",NA,NA,NA,NA,NA,"",NA,NA,NA,NA,NA,NA,NA,NA,NA,NA,NA,NA,NA,"Unknown"
"AN...13127","AH...93647","AH...93547",2737,2,2006,2006,"Vlieland","808",53.29611,5.06619,"GREAT TIT","wh re - gr al","white","red","green","metal","white-red-green-metal",NA,NA,NA,NA,NA,NA,NA,NA,NA,NA,NA,NA,NA,"Male"
"AN...13128","AH...93647","AH...93547",2737,0,2006,2006,"Vlieland","808",53.29611,5.06619,"GREAT TIT",NA,NA,NA,NA,NA,"",NA,NA,NA,NA,NA,NA,NA,NA,NA,NA,NA,NA,NA,"Unknown"
"AN...13129","AH...93647","AH...93547",2737,0,2006,2006,"Vlieland","808",53.29611,5.06619,"GREAT TIT",NA,NA,NA,NA,NA,"",NA,NA,NA,NA,NA,NA,NA,NA,NA,NA,NA,NA,NA,"Unknown"
"AN...13383","AH...93648","AG...63852",2402,0,2006,2006,"Vlieland","674",53.30207,5.06711,"GREAT TIT",NA,NA,NA,NA,NA,"",NA,NA,NA,NA,NA,NA,NA,NA,NA,NA,NA,NA,NA,"Unknown"
"AN...13384","AH...93648","AG...63852",2402,0,2006,2006,"Vlieland","674",53.30207,5.06711,"GREAT TIT",NA,NA,NA,NA,NA,"",NA,NA,NA,NA,NA,NA,NA,NA,NA,NA,NA,NA,NA,"Unknown"
"AN...13385","AH...93648","AG...63852",2402,0,2006,2006,"Vlieland","674",53.30207,5.06711,"GREAT TIT",NA,NA,NA,NA,NA,"",NA,NA,NA,NA,NA,NA,NA,NA,NA,NA,NA,NA,NA,"Unknown"
"AN...13386","AH...93648","AG...63852",2402,0,2006,2006,"Vlieland","674",53.30207,5.06711,"GREAT TIT",NA,NA,NA,NA,NA,"",NA,NA,NA,NA,NA,NA,NA,NA,NA,NA,NA,NA,NA,"Unknown"
"AN...13387","AH...93648","AG...63852",2402,0,2006,2006,"Vlieland","674",53.30207,5.06711,"GREAT TIT",NA,NA,NA,NA,NA,"",NA,NA,NA,NA,NA,NA,NA,NA,NA,NA,NA,NA,NA,"Unknown"
"AN...13388","AH...93648","AG...63852",2402,0,2006,2006,"Vlieland","674",53.30207,5.06711,"GREAT TIT",NA,NA,NA,NA,NA,"",NA,NA,NA,NA,NA,NA,NA,NA,NA,NA,NA,NA,NA,"Unknown"
"AN...13389","AH...93648","AG...63852",2402,0,2006,2006,"Vlieland","674",53.30207,5.06711,"GREAT TIT",NA,NA,NA,NA,NA,"",NA,NA,NA,NA,NA,NA,NA,NA,NA,NA,NA,NA,NA,"Unknown"
"B........1","B...576957","B...576954",1946,0,1982,1982,"Vlieland","19",53.27161,4.977977,"GREAT TIT",NA,NA,NA,NA,NA,"",NA,NA,NA,NA,NA,NA,NA,NA,NA,NA,NA,NA,NA,"Unknown"
"B........2","B...576957","B...576954",1946,0,1982,1982,"Vlieland","19",53.27161,4.977977,"GREAT TIT",NA,NA,NA,NA,NA,"",NA,NA,NA,NA,NA,NA,NA,NA,NA,NA,NA,NA,NA,"Unknown"
"B...183447","S...393889","S...393891",2254,2,1971,1971,"Vlieland","472",53.302199,5.0736,"GREAT TIT",NA,NA,NA,NA,NA,"",NA,NA,NA,NA,NA,NA,NA,NA,NA,NA,NA,NA,NA,"Male"
"B...183448","S...393889","S...393891",2254,2,1971,1971,"Vlieland","472",53.302199,5.0736,"GREAT TIT",NA,NA,NA,NA,NA,"",NA,NA,NA,NA,NA,NA,NA,NA,NA,NA,NA,NA,NA,"Male"
"B...183449","S...393889","S...393891",2254,0,1971,1971,"Vlieland","472",53.302199,5.0736,"GREAT TIT",NA,NA,NA,NA,NA,"",NA,NA,NA,NA,NA,NA,NA,NA,NA,NA,NA,NA,NA,"Unknown"
"B...183450","S...393889","S...393891",2254,1,1971,1971,"Vlieland","472",53.302199,5.0736,"GREAT TIT",NA,NA,NA,NA,NA,"",NA,NA,NA,NA,NA,NA,NA,NA,NA,NA,NA,NA,NA,"Female"
"B...183451","S...393889","S...393891",2254,0,1971,1971,"Vlieland","472",53.302199,5.0736,"GREAT TIT",NA,NA,NA,NA,NA,"",NA,NA,NA,NA,NA,NA,NA,NA,NA,NA,NA,NA,NA,"Unknown"
"B...183452","S...393889","S...393891",2254,0,1971,1971,"Vlieland","472",53.302199,5.0736,"GREAT TIT",NA,NA,NA,NA,NA,"",NA,NA,NA,NA,NA,NA,NA,NA,NA,NA,NA,NA,NA,"Unknown"
"B...183453","S...393889","S...393891",2254,0,1971,1971,"Vlieland","472",53.302199,5.0736,"GREAT TIT",NA,NA,NA,NA,NA,"",NA,NA,NA,NA,NA,NA,NA,NA,NA,NA,NA,NA,NA,"Unknown"
"B...321015","B...255641","B...321014",2266,0,1974,1974,"Vlieland","485",53.29754,5.05056,"GREAT TIT",NA,NA,NA,NA,NA,"",NA,NA,NA,NA,NA,NA,NA,NA,NA,NA,NA,NA,NA,"Unknown"
"B...321016","B...255641","B...321014",2266,0,1974,1974,"Vlieland","485",53.29754,5.05056,"GREAT TIT",NA,NA,NA,NA,NA,"",NA,NA,NA,NA,NA,NA,NA,NA,NA,NA,NA,NA,NA,"Unknown"
"B...321017","B...255641","B...321014",2266,0,1974,1974,"Vlieland","485",53.29754,5.05056,"GREAT TIT",NA,NA,NA,NA,NA,"",NA,NA,NA,NA,NA,NA,NA,NA,NA,NA,NA,NA,NA,"Unknown"
"B...321018","B...255641","B...321014",2266,0,1974,1974,"Vlieland","485",53.29754,5.05056,"GREAT TIT",NA,NA,NA,NA,NA,"",NA,NA,NA,NA,NA,NA,NA,NA,NA,NA,NA,NA,NA,"Unknown"
"B...321019","B...255641","B...321014",2266,2,1974,1974,"Vlieland","485",53.29754,5.05056,"GREAT TIT",NA,NA,NA,NA,NA,"",1,1,1975,1975,0,10,10,10,10,NA,NA,1101.55026370129,1101.55026370129,"Male"
"B...321020","B...255641","B...321014",2266,0,1974,1974,"Vlieland","485",53.29754,5.05056,"GREAT TIT",NA,NA,NA,NA,NA,"",NA,NA,NA,NA,NA,NA,NA,NA,NA,NA,NA,NA,NA,"Unknown"
"B...321021","B...255641","B...321014",2266,0,1974,1974,"Vlieland","485",53.29754,5.05056,"GREAT TIT",NA,NA,NA,NA,NA,"",NA,NA,NA,NA,NA,NA,NA,NA,NA,NA,NA,NA,NA,"Unknown"
"B...321022","B...255641","B...321014",2266,0,1974,1974,"Vlieland","485",53.29754,5.05056,"GREAT TIT",NA,NA,NA,NA,NA,"",NA,NA,NA,NA,NA,NA,NA,NA,NA,NA,NA,NA,NA,"Unknown"
"B...382817","B...347698","B...382816",2273,2,1976,1976,"Vlieland","494",53.30207,5.06711,"GREAT TIT",NA,NA,NA,NA,NA,"",2,3,1977,1978,1,10.3333333333333,10,11,31,NA,NA,1098.46207848274,1270.14238393912,"Male"
"B...382818","B...347698","B...382816",2273,0,1976,1976,"Vlieland","494",53.30207,5.06711,"GREAT TIT",NA,NA,NA,NA,NA,"",NA,NA,NA,NA,NA,NA,NA,NA,NA,NA,NA,NA,NA,"Unknown"
"B...382819","B...347698","B...382816",2273,1,1976,1976,"Vlieland","494",53.30207,5.06711,"GREAT TIT",NA,NA,NA,NA,NA,"",7,7,1977,1980,3,9.28571428571429,8,11,65,NA,NA,603.030848545583,1745.53812145205,"Female"
"B...382820","B...347698","B...382816",2273,0,1976,1976,"Vlieland","494",53.30207,5.06711,"GREAT TIT",NA,NA,NA,NA,NA,"",NA,NA,NA,NA,NA,NA,NA,NA,NA,NA,NA,NA,NA,"Unknown"
"B...382821","B...347698","B...382816",2273,2,1976,1976,"Vlieland","494",53.30207,5.06711,"GREAT TIT",NA,NA,NA,NA,NA,"",1,1,1977,1977,0,11,11,11,11,NA,NA,598.346187336383,598.346187336383,"Male"
"B...382822","B...347698","B...382816",2273,1,1976,1976,"Vlieland","494",53.30207,5.06711,"GREAT TIT",NA,NA,NA,NA,NA,"",1,1,1977,1977,0,11,11,11,11,NA,NA,598.346187336383,598.346187336383,"Female"
"B...382823","B...347698","B...382816",2273,1,1976,1976,"Vlieland","494",53.30207,5.06711,"GREAT TIT",NA,NA,NA,NA,NA,"",1,1,1977,1977,0,10,10,10,10,NA,NA,353.652500814998,353.652500814998,"Female"
"B...416360","B...347698","B...382883",2277,0,1977,1977,"Vlieland","504",53.30207,5.06711,"GREAT TIT",NA,NA,NA,NA,NA,"",NA,NA,NA,NA,NA,NA,NA,NA,NA,NA,NA,NA,NA,"Unknown"
"B...416361","B...347698","B...382883",2277,1,1977,1977,"Vlieland","504",53.30207,5.06711,"GREAT TIT",NA,NA,NA,NA,NA,"",NA,NA,NA,NA,NA,NA,NA,NA,NA,NA,NA,NA,NA,"Female"
"B...416362","B...347698","B...382883",2277,0,1977,1977,"Vlieland","504",53.30207,5.06711,"GREAT TIT",NA,NA,NA,NA,NA,"",NA,NA,NA,NA,NA,NA,NA,NA,NA,NA,NA,NA,NA,"Unknown"
"B...416363","B...347698","B...382883",2277,0,1977,1977,"Vlieland","504",53.30207,5.06711,"GREAT TIT",NA,NA,NA,NA,NA,"",NA,NA,NA,NA,NA,NA,NA,NA,NA,NA,NA,NA,NA,"Unknown"
"B...416364","B...347698","B...382883",2277,0,1977,1977,"Vlieland","504",53.30207,5.06711,"GREAT TIT",NA,NA,NA,NA,NA,"",NA,NA,NA,NA,NA,NA,NA,NA,NA,NA,NA,NA,NA,"Unknown"
"B...416365","B...347698","B...382883",2277,0,1977,1977,"Vlieland","504",53.30207,5.06711,"GREAT TIT",NA,NA,NA,NA,NA,"",NA,NA,NA,NA,NA,NA,NA,NA,NA,NA,NA,NA,NA,"Unknown"
"B...416366","B...347698","B...382883",2277,0,1977,1977,"Vlieland","504",53.30207,5.06711,"GREAT TIT",NA,NA,NA,NA,NA,"",NA,NA,NA,NA,NA,NA,NA,NA,NA,NA,NA,NA,NA,"Unknown"
"B...416367","B...347698","B...382883",2277,0,1977,1977,"Vlieland","504",53.30207,5.06711,"GREAT TIT",NA,NA,NA,NA,NA,"",NA,NA,NA,NA,NA,NA,NA,NA,NA,NA,NA,NA,NA,"Unknown"
"B...416368","B...347698","B...382883",2277,0,1977,1977,"Vlieland","504",53.30207,5.06711,"GREAT TIT",NA,NA,NA,NA,NA,"",NA,NA,NA,NA,NA,NA,NA,NA,NA,NA,NA,NA,NA,"Unknown"
"B...443034","B...347698","B...415909",1928,0,1978,1978,"Vlieland","1",53.27053,4.97819,"GREAT TIT",NA,NA,NA,NA,NA,"",NA,NA,NA,NA,NA,NA,NA,NA,NA,NA,NA,NA,NA,"Unknown"
"B...443035","B...347698","B...415909",1928,0,1978,1978,"Vlieland","1",53.27053,4.97819,"GREAT TIT",NA,NA,NA,NA,NA,"",NA,NA,NA,NA,NA,NA,NA,NA,NA,NA,NA,NA,NA,"Unknown"
"B...443036","B...347698","B...415909",1928,0,1978,1978,"Vlieland","1",53.27053,4.97819,"GREAT TIT",NA,NA,NA,NA,NA,"",NA,NA,NA,NA,NA,NA,NA,NA,NA,NA,NA,NA,NA,"Unknown"
"B...443037","B...347698","B...415909",1928,0,1978,1978,"Vlieland","1",53.27053,4.97819,"GREAT TIT",NA,NA,NA,NA,NA,"",NA,NA,NA,NA,NA,NA,NA,NA,NA,NA,NA,NA,NA,"Unknown"
"B...443038","B...347698","B...415909",1928,0,1978,1978,"Vlieland","1",53.27053,4.97819,"GREAT TIT",NA,NA,NA,NA,NA,"",NA,NA,NA,NA,NA,NA,NA,NA,NA,NA,NA,NA,NA,"Unknown"
"B...443039","B...347698","B...415909",1928,0,1978,1978,"Vlieland","1",53.27053,4.97819,"GREAT TIT",NA,NA,NA,NA,NA,"",NA,NA,NA,NA,NA,NA,NA,NA,NA,NA,NA,NA,NA,"Unknown"
"B...443040","B...347698","B...415909",1928,1,1978,1978,"Vlieland","1",53.27053,4.97819,"GREAT TIT",NA,NA,NA,NA,NA,"",NA,NA,NA,NA,NA,NA,NA,NA,NA,NA,NA,NA,NA,"Female"
"B...443226","B...443041","B...416095",2450,0,1978,1978,"Vlieland","741",53.30207,5.06711,"GREAT TIT",NA,NA,NA,NA,NA,"",NA,NA,NA,NA,NA,NA,NA,NA,NA,NA,NA,NA,NA,"Unknown"
"B...443227","B...443041","B...416095",2450,0,1978,1978,"Vlieland","741",53.30207,5.06711,"GREAT TIT",NA,NA,NA,NA,NA,"",NA,NA,NA,NA,NA,NA,NA,NA,NA,NA,NA,NA,NA,"Unknown"
"B...443228","B...443041","B...416095",2450,0,1978,1978,"Vlieland","741",53.30207,5.06711,"GREAT TIT",NA,NA,NA,NA,NA,"",NA,NA,NA,NA,NA,NA,NA,NA,NA,NA,NA,NA,NA,"Unknown"
"B...443229","B...443041","B...416095",2450,0,1978,1978,"Vlieland","741",53.30207,5.06711,"GREAT TIT",NA,NA,NA,NA,NA,"",NA,NA,NA,NA,NA,NA,NA,NA,NA,NA,NA,NA,NA,"Unknown"
"B...443230","B...443041","B...416095",2450,0,1978,1978,"Vlieland","741",53.30207,5.06711,"GREAT TIT",NA,NA,NA,NA,NA,"",NA,NA,NA,NA,NA,NA,NA,NA,NA,NA,NA,NA,NA,"Unknown"
"B...469497","B...347698","B...469588",1932,1,1979,1979,"Vlieland","5",53.270221,4.975518,"GREAT TIT",NA,NA,NA,NA,NA,"",1,1,1980,1980,0,11,11,11,11,NA,NA,1932.31749895712,1932.31749895712,"Female"
"B...469498","B...347698","B...469588",1932,2,1979,1979,"Vlieland","5",53.270221,4.975518,"GREAT TIT",NA,NA,NA,NA,NA,"",NA,NA,NA,NA,NA,NA,NA,NA,NA,NA,NA,NA,NA,"Male"
"B...469499","B...347698","B...469588",1932,1,1979,1979,"Vlieland","5",53.270221,4.975518,"GREAT TIT",NA,NA,NA,NA,NA,"",NA,NA,NA,NA,NA,NA,NA,NA,NA,NA,NA,NA,NA,"Female"
"B...469500","B...347698","B...469588",1932,0,1979,1979,"Vlieland","5",53.270221,4.975518,"GREAT TIT",NA,NA,NA,NA,NA,"",NA,NA,NA,NA,NA,NA,NA,NA,NA,NA,NA,NA,NA,"Unknown"
"B...469501","B...347698","B...469588",1932,1,1979,1979,"Vlieland","5",53.270221,4.975518,"GREAT TIT",NA,NA,NA,NA,NA,"",NA,NA,NA,NA,NA,NA,NA,NA,NA,NA,NA,NA,NA,"Female"
"B...469502","B...347698","B...469588",1932,2,1979,1979,"Vlieland","5",53.270221,4.975518,"GREAT TIT",NA,NA,NA,NA,NA,"",NA,NA,NA,NA,NA,NA,NA,NA,NA,NA,NA,NA,NA,"Male"
"B...469503","B...347698","B...469588",1932,1,1979,1979,"Vlieland","5",53.270221,4.975518,"GREAT TIT",NA,NA,NA,NA,NA,"",NA,NA,NA,NA,NA,NA,NA,NA,NA,NA,NA,NA,NA,"Female"
"B...469504","B...347698","B...469588",1932,0,1979,1979,"Vlieland","5",53.270221,4.975518,"GREAT TIT",NA,NA,NA,NA,NA,"",NA,NA,NA,NA,NA,NA,NA,NA,NA,NA,NA,NA,NA,"Unknown"
"B...469505","B...347698","B...469588",1932,0,1979,1979,"Vlieland","5",53.270221,4.975518,"GREAT TIT",NA,NA,NA,NA,NA,"",NA,NA,NA,NA,NA,NA,NA,NA,NA,NA,NA,NA,NA,"Unknown"
"B...505822","B...505821","B...443048",2112,1,1980,1980,"Vlieland","321",53.285284,5.028995,"GREAT TIT",NA,NA,NA,NA,NA,"",NA,NA,NA,NA,NA,NA,NA,NA,NA,NA,NA,NA,NA,"Female"
"B...505823","B...505821","B...443048",2112,2,1980,1980,"Vlieland","321",53.285284,5.028995,"GREAT TIT",NA,NA,NA,NA,NA,"",NA,NA,NA,NA,NA,NA,NA,NA,NA,NA,NA,NA,NA,"Male"
"B...505824","B...505821","B...443048",2112,1,1980,1980,"Vlieland","321",53.285284,5.028995,"GREAT TIT",NA,NA,NA,NA,NA,"",NA,NA,NA,NA,NA,NA,NA,NA,NA,NA,NA,NA,NA,"Female"
"B...505825","B...505821","B...443048",2112,2,1980,1980,"Vlieland","321",53.285284,5.028995,"GREAT TIT",NA,NA,NA,NA,NA,"",NA,NA,NA,NA,NA,NA,NA,NA,NA,NA,NA,NA,NA,"Male"
"B...505826","B...505821","B...443048",2112,1,1980,1980,"Vlieland","321",53.285284,5.028995,"GREAT TIT",NA,NA,NA,NA,NA,"",NA,NA,NA,NA,NA,NA,NA,NA,NA,NA,NA,NA,NA,"Female"
"B...505827","B...505821","B...443048",2112,1,1980,1980,"Vlieland","321",53.285284,5.028995,"GREAT TIT",NA,NA,NA,NA,NA,"",NA,NA,NA,NA,NA,NA,NA,NA,NA,NA,NA,NA,NA,"Female"
"B...505828","B...505821","B...443048",2112,1,1980,1980,"Vlieland","321",53.285284,5.028995,"GREAT TIT",NA,NA,NA,NA,NA,"",NA,NA,NA,NA,NA,NA,NA,NA,NA,NA,NA,NA,NA,"Female"
"B...505829","B...505821","B...443048",2112,1,1980,1980,"Vlieland","321",53.285284,5.028995,"GREAT TIT",NA,NA,NA,NA,NA,"",NA,NA,NA,NA,NA,NA,NA,NA,NA,NA,NA,NA,NA,"Female"
"B...517270","B...506203","B...517269",1935,0,1980,1980,"Vlieland","8",53.269953,4.978313,"GREAT TIT",NA,NA,NA,NA,NA,"",NA,NA,NA,NA,NA,NA,NA,NA,NA,NA,NA,NA,NA,"Unknown"
"B...517271","B...506203","B...517269",1935,0,1980,1980,"Vlieland","8",53.269953,4.978313,"GREAT TIT",NA,NA,NA,NA,NA,"",NA,NA,NA,NA,NA,NA,NA,NA,NA,NA,NA,NA,NA,"Unknown"
"B...517272","B...506203","B...517269",1935,0,1980,1980,"Vlieland","8",53.269953,4.978313,"GREAT TIT",NA,NA,NA,NA,NA,"",NA,NA,NA,NA,NA,NA,NA,NA,NA,NA,NA,NA,NA,"Unknown"
"B...517273","B...506203","B...517269",1935,0,1980,1980,"Vlieland","8",53.269953,4.978313,"GREAT TIT",NA,NA,NA,NA,NA,"",NA,NA,NA,NA,NA,NA,NA,NA,NA,NA,NA,NA,NA,"Unknown"
"B...517274","B...506203","B...517269",1935,0,1980,1980,"Vlieland","8",53.269953,4.978313,"GREAT TIT",NA,NA,NA,NA,NA,"",NA,NA,NA,NA,NA,NA,NA,NA,NA,NA,NA,NA,NA,"Unknown"
"B...517275","B...506203","B...517269",1935,0,1980,1980,"Vlieland","8",53.269953,4.978313,"GREAT TIT",NA,NA,NA,NA,NA,"",NA,NA,NA,NA,NA,NA,NA,NA,NA,NA,NA,NA,NA,"Unknown"
"B...517276","B...506203","B...517269",1935,0,1980,1980,"Vlieland","8",53.269953,4.978313,"GREAT TIT",NA,NA,NA,NA,NA,"",NA,NA,NA,NA,NA,NA,NA,NA,NA,NA,NA,NA,NA,"Unknown"
"B...517429","B...505821","B...443048",2287,1,1980,1980,"Vlieland","522",53.30207,5.06711,"GREAT TIT",NA,NA,NA,NA,NA,"",NA,NA,NA,NA,NA,NA,NA,NA,NA,NA,NA,NA,NA,"Female"
"B...517430","B...505821","B...443048",2287,2,1980,1980,"Vlieland","522",53.30207,5.06711,"GREAT TIT",NA,NA,NA,NA,NA,"",NA,NA,NA,NA,NA,NA,NA,NA,NA,NA,NA,NA,NA,"Male"
"B...517431","B...505821","B...443048",2287,2,1980,1980,"Vlieland","522",53.30207,5.06711,"GREAT TIT",NA,NA,NA,NA,NA,"",NA,NA,NA,NA,NA,NA,NA,NA,NA,NA,NA,NA,NA,"Male"
"B...517432","B...505821","B...443048",2287,1,1980,1980,"Vlieland","522",53.30207,5.06711,"GREAT TIT",NA,NA,NA,NA,NA,"",NA,NA,NA,NA,NA,NA,NA,NA,NA,NA,NA,NA,NA,"Female"
"B...517433","B...505821","B...443048",2287,1,1980,1980,"Vlieland","522",53.30207,5.06711,"GREAT TIT",NA,NA,NA,NA,NA,"",NA,NA,NA,NA,NA,NA,NA,NA,NA,NA,NA,NA,NA,"Female"
"B...517434","B...505821","B...443048",2287,0,1980,1980,"Vlieland","522",53.30207,5.06711,"GREAT TIT",NA,NA,NA,NA,NA,"",NA,NA,NA,NA,NA,NA,NA,NA,NA,NA,NA,NA,NA,"Unknown"
"B...531633","B...505821",NA,1941,2,1981,1981,"Vlieland","14",53.271346,4.981665,"GREAT TIT",NA,NA,NA,NA,NA,"",NA,NA,NA,NA,NA,NA,NA,NA,NA,NA,NA,NA,NA,"Male"
"B...531634","B...505821",NA,1941,1,1981,1981,"Vlieland","14",53.271346,4.981665,"GREAT TIT",NA,NA,NA,NA,NA,"",NA,NA,NA,NA,NA,NA,NA,NA,NA,NA,NA,NA,NA,"Female"
"B...531635","B...505821",NA,1941,2,1981,1981,"Vlieland","14",53.271346,4.981665,"GREAT TIT",NA,NA,NA,NA,NA,"",NA,NA,NA,NA,NA,NA,NA,NA,NA,NA,NA,NA,NA,"Male"
"B...531636","B...505821",NA,1941,2,1981,1981,"Vlieland","14",53.271346,4.981665,"GREAT TIT",NA,NA,NA,NA,NA,"",NA,NA,NA,NA,NA,NA,NA,NA,NA,NA,NA,NA,NA,"Male"
"B...531637","B...505821",NA,1941,2,1981,1981,"Vlieland","14",53.271346,4.981665,"GREAT TIT",NA,NA,NA,NA,NA,"",NA,NA,NA,NA,NA,NA,NA,NA,NA,NA,NA,NA,NA,"Male"
"B...531638","B...505821",NA,1941,2,1981,1981,"Vlieland","14",53.271346,4.981665,"GREAT TIT",NA,NA,NA,NA,NA,"",NA,NA,NA,NA,NA,NA,NA,NA,NA,NA,NA,NA,NA,"Male"
"B...557834","B...557772","B...557771",2457,2,1982,1982,"Vlieland","753",53.301375,5.049276,"GREAT TIT",NA,NA,NA,NA,NA,"",NA,NA,NA,NA,NA,NA,NA,NA,NA,NA,NA,NA,NA,"Male"
"B...557835","B...557772","B...557771",2457,1,1982,1982,"Vlieland","753",53.301375,5.049276,"GREAT TIT",NA,NA,NA,NA,NA,"",NA,NA,NA,NA,NA,NA,NA,NA,NA,NA,NA,NA,NA,"Female"
"B...557836","B...557772","B...557771",2457,0,1982,1982,"Vlieland","753",53.301375,5.049276,"GREAT TIT",NA,NA,NA,NA,NA,"",NA,NA,NA,NA,NA,NA,NA,NA,NA,NA,NA,NA,NA,"Unknown"
"B...557837","B...557772","B...557771",2457,2,1982,1982,"Vlieland","753",53.301375,5.049276,"GREAT TIT",NA,NA,NA,NA,NA,"",NA,NA,NA,NA,NA,NA,NA,NA,NA,NA,NA,NA,NA,"Male"
"B...557838","B...557772","B...557771",2457,2,1982,1982,"Vlieland","753",53.301375,5.049276,"GREAT TIT",NA,NA,NA,NA,NA,"",NA,NA,NA,NA,NA,NA,NA,NA,NA,NA,NA,NA,NA,"Male"
"B...557839","B...557772","B...557771",2457,2,1982,1982,"Vlieland","753",53.301375,5.049276,"GREAT TIT",NA,NA,NA,NA,NA,"",NA,NA,NA,NA,NA,NA,NA,NA,NA,NA,NA,NA,NA,"Male"
"B...557840","B...557772","B...557771",2457,2,1982,1982,"Vlieland","753",53.301375,5.049276,"GREAT TIT",NA,NA,NA,NA,NA,"",NA,NA,NA,NA,NA,NA,NA,NA,NA,NA,NA,NA,NA,"Male"
"B...557841","B...557772","B...557771",2457,1,1982,1982,"Vlieland","753",53.301375,5.049276,"GREAT TIT",NA,NA,NA,NA,NA,"",NA,NA,NA,NA,NA,NA,NA,NA,NA,NA,NA,NA,NA,"Female"
"B...577000","B...576957","B...576954",1946,2,1982,1982,"Vlieland","19",53.27161,4.977977,"GREAT TIT",NA,NA,NA,NA,NA,"",NA,NA,NA,NA,NA,NA,NA,NA,NA,NA,NA,NA,NA,"Male"
"B...577001","B...576957","B...576954",1946,1,1982,1982,"Vlieland","19",53.27161,4.977977,"GREAT TIT",NA,NA,NA,NA,NA,"",NA,NA,NA,NA,NA,NA,NA,NA,NA,NA,NA,NA,NA,"Female"
"B...577002","B...576957","B...576954",1946,1,1982,1982,"Vlieland","19",53.27161,4.977977,"GREAT TIT",NA,NA,NA,NA,NA,"",NA,NA,NA,NA,NA,NA,NA,NA,NA,NA,NA,NA,NA,"Female"
"B...577003","B...576957","B...576954",1946,2,1982,1982,"Vlieland","19",53.27161,4.977977,"GREAT TIT",NA,NA,NA,NA,NA,"",2,2,1983,1984,1,5,0,10,10,NA,NA,807.389054790537,1524.78205495769,"Male"
"B...577004","B...576957","B...576954",1946,2,1982,1982,"Vlieland","19",53.27161,4.977977,"GREAT TIT",NA,NA,NA,NA,NA,"",NA,NA,NA,NA,NA,NA,NA,NA,NA,NA,NA,NA,NA,"Male"
"B...577010","B...557772","B...557771",2635,2,1982,1982,"Vlieland","608",53.29611,5.06619,"GREAT TIT",NA,NA,NA,NA,NA,"",NA,NA,NA,NA,NA,NA,NA,NA,NA,NA,NA,NA,NA,"Male"
"B...577011","B...557772","B...557771",2635,2,1982,1982,"Vlieland","608",53.29611,5.06619,"GREAT TIT",NA,NA,NA,NA,NA,"",NA,NA,NA,NA,NA,NA,NA,NA,NA,NA,NA,NA,NA,"Male"
"B...577012","B...557772","B...557771",2635,0,1982,1982,"Vlieland","608",53.29611,5.06619,"GREAT TIT",NA,NA,NA,NA,NA,"",NA,NA,NA,NA,NA,NA,NA,NA,NA,NA,NA,NA,NA,"Unknown"
"B...577013","B...557772","B...557771",2635,0,1982,1982,"Vlieland","608",53.29611,5.06619,"GREAT TIT",NA,NA,NA,NA,NA,"",NA,NA,NA,NA,NA,NA,NA,NA,NA,NA,NA,NA,NA,"Unknown"
"B...577668","B...576957","B...577667",1948,1,1983,1983,"Vlieland","21",53.272018,4.975812,"GREAT TIT",NA,NA,NA,NA,NA,"",NA,NA,NA,NA,NA,NA,NA,NA,NA,NA,NA,NA,NA,"Female"
"B...577669","B...576957","B...577667",1948,0,1983,1983,"Vlieland","21",53.272018,4.975812,"GREAT TIT",NA,NA,NA,NA,NA,"",NA,NA,NA,NA,NA,NA,NA,NA,NA,NA,NA,NA,NA,"Unknown"
"B...577670","B...576957","B...577667",1948,0,1983,1983,"Vlieland","21",53.272018,4.975812,"GREAT TIT",NA,NA,NA,NA,NA,"",NA,NA,NA,NA,NA,NA,NA,NA,NA,NA,NA,NA,NA,"Unknown"
"B...577671","B...576957","B...577667",1948,2,1983,1983,"Vlieland","21",53.272018,4.975812,"GREAT TIT",NA,NA,NA,NA,NA,"",NA,NA,NA,NA,NA,NA,NA,NA,NA,NA,NA,NA,NA,"Male"
"B...577672","B...576957","B...577667",1948,1,1983,1983,"Vlieland","21",53.272018,4.975812,"GREAT TIT",NA,NA,NA,NA,NA,"",NA,NA,NA,NA,NA,NA,NA,NA,NA,NA,NA,NA,NA,"Female"
"B...577673","B...576957","B...577667",1948,1,1983,1983,"Vlieland","21",53.272018,4.975812,"GREAT TIT",NA,NA,NA,NA,NA,"",NA,NA,NA,NA,NA,NA,NA,NA,NA,NA,NA,NA,NA,"Female"
"B...577674","B...576957","B...577667",1948,1,1983,1983,"Vlieland","21",53.272018,4.975812,"GREAT TIT",NA,NA,NA,NA,NA,"",1,1,1984,1984,0,9,9,9,9,NA,NA,6320.04843482033,6320.04843482033,"Female"
"B...577675","B...576957","B...577667",1948,1,1983,1983,"Vlieland","21",53.272018,4.975812,"GREAT TIT",NA,NA,NA,NA,NA,"",NA,NA,NA,NA,NA,NA,NA,NA,NA,NA,NA,NA,NA,"Female"
"B...577716","B...557631","B...557509",2299,2,1983,1983,"Vlieland","545",53.30207,5.06711,"GREAT TIT",NA,NA,NA,NA,NA,"",NA,NA,NA,NA,NA,NA,NA,NA,NA,NA,NA,NA,NA,"Male"
"B...577717","B...557631","B...557509",2299,2,1983,1983,"Vlieland","545",53.30207,5.06711,"GREAT TIT",NA,NA,NA,NA,NA,"",NA,NA,NA,NA,NA,NA,NA,NA,NA,NA,NA,NA,NA,"Male"
"B...577718","B...557631","B...557509",2299,1,1983,1983,"Vlieland","545",53.30207,5.06711,"GREAT TIT",NA,NA,NA,NA,NA,"",NA,NA,NA,NA,NA,NA,NA,NA,NA,NA,NA,NA,NA,"Female"
"B...577719","B...557631","B...557509",2299,2,1983,1983,"Vlieland","545",53.30207,5.06711,"GREAT TIT",NA,NA,NA,NA,NA,"",NA,NA,NA,NA,NA,NA,NA,NA,NA,NA,NA,NA,NA,"Male"
"B...577720","B...557631","B...557509",2299,1,1983,1983,"Vlieland","545",53.30207,5.06711,"GREAT TIT",NA,NA,NA,NA,NA,"",NA,NA,NA,NA,NA,NA,NA,NA,NA,NA,NA,NA,NA,"Female"
"B...577721","B...557631","B...557509",2299,2,1983,1983,"Vlieland","545",53.30207,5.06711,"GREAT TIT",NA,NA,NA,NA,NA,"",2,2,1984,1984,0,9,8,10,18,NA,NA,392.528509134294,450.9617835889,"Male"
"B...577722","B...557631","B...557509",2299,2,1983,1983,"Vlieland","545",53.30207,5.06711,"GREAT TIT",NA,NA,NA,NA,NA,"",NA,NA,NA,NA,NA,NA,NA,NA,NA,NA,NA,NA,NA,"Male"
"B...577723","B...557631","B...557509",2299,1,1983,1983,"Vlieland","545",53.30207,5.06711,"GREAT TIT",NA,NA,NA,NA,NA,"",NA,NA,NA,NA,NA,NA,NA,NA,NA,NA,NA,NA,NA,"Female"
"B...577724","B...557631","B...557509",2299,2,1983,1983,"Vlieland","545",53.30207,5.06711,"GREAT TIT",NA,NA,NA,NA,NA,"",NA,NA,NA,NA,NA,NA,NA,NA,NA,NA,NA,NA,NA,"Male"
"B...605117","B...576957","B...577667",1949,0,1983,1983,"Vlieland","22",53.271604,4.974322,"GREAT TIT",NA,NA,NA,NA,NA,"",NA,NA,NA,NA,NA,NA,NA,NA,NA,NA,NA,NA,NA,"Unknown"
"B...605118","B...576957","B...577667",1949,1,1983,1983,"Vlieland","22",53.271604,4.974322,"GREAT TIT",NA,NA,NA,NA,NA,"",NA,NA,NA,NA,NA,NA,NA,NA,NA,NA,NA,NA,NA,"Female"
"B...605119","B...576957","B...577667",1949,2,1983,1983,"Vlieland","22",53.271604,4.974322,"GREAT TIT",NA,NA,NA,NA,NA,"",NA,NA,NA,NA,NA,NA,NA,NA,NA,NA,NA,NA,NA,"Male"
"B...605120","B...576957","B...577667",1949,1,1983,1983,"Vlieland","22",53.271604,4.974322,"GREAT TIT",NA,NA,NA,NA,NA,"",NA,NA,NA,NA,NA,NA,NA,NA,NA,NA,NA,NA,NA,"Female"
"B...605121","B...576957","B...577667",1949,1,1983,1983,"Vlieland","22",53.271604,4.974322,"GREAT TIT",NA,NA,NA,NA,NA,"",NA,NA,NA,NA,NA,NA,NA,NA,NA,NA,NA,NA,NA,"Female"
"B...605122","B...576957","B...577667",1949,1,1983,1983,"Vlieland","22",53.271604,4.974322,"GREAT TIT",NA,NA,NA,NA,NA,"",NA,NA,NA,NA,NA,NA,NA,NA,NA,NA,NA,NA,NA,"Female"
"B...605123","B...576957","B...577667",1949,2,1983,1983,"Vlieland","22",53.271604,4.974322,"GREAT TIT",NA,NA,NA,NA,NA,"",NA,NA,NA,NA,NA,NA,NA,NA,NA,NA,NA,NA,NA,"Male"
"B...605196","B...557631","B...557509",2120,2,1983,1983,"Vlieland","328",53.281808,5.030332,"GREAT TIT",NA,NA,NA,NA,NA,"",NA,NA,NA,NA,NA,NA,NA,NA,NA,NA,NA,NA,NA,"Male"
"B...605197","B...557631","B...557509",2120,1,1983,1983,"Vlieland","328",53.281808,5.030332,"GREAT TIT",NA,NA,NA,NA,NA,"",NA,NA,NA,NA,NA,NA,NA,NA,NA,NA,NA,NA,NA,"Female"
"B...605198","B...557631","B...557509",2120,1,1983,1983,"Vlieland","328",53.281808,5.030332,"GREAT TIT",NA,NA,NA,NA,NA,"",NA,NA,NA,NA,NA,NA,NA,NA,NA,NA,NA,NA,NA,"Female"
"B...605199","B...557631","B...557509",2120,2,1983,1983,"Vlieland","328",53.281808,5.030332,"GREAT TIT",NA,NA,NA,NA,NA,"",NA,NA,NA,NA,NA,NA,NA,NA,NA,NA,NA,NA,NA,"Male"
"B...605200","B...557631","B...557509",2120,1,1983,1983,"Vlieland","328",53.281808,5.030332,"GREAT TIT",NA,NA,NA,NA,NA,"",NA,NA,NA,NA,NA,NA,NA,NA,NA,NA,NA,NA,NA,"Female"
"B...605201","B...557631","B...557509",2120,1,1983,1983,"Vlieland","328",53.281808,5.030332,"GREAT TIT",NA,NA,NA,NA,NA,"",NA,NA,NA,NA,NA,NA,NA,NA,NA,NA,NA,NA,NA,"Female"
"B...605202","B...557631","B...557509",2120,1,1983,1983,"Vlieland","328",53.281808,5.030332,"GREAT TIT",NA,NA,NA,NA,NA,"",NA,NA,NA,NA,NA,NA,NA,NA,NA,NA,NA,NA,NA,"Female"
"B...605296","B...557486","B...557774",2460,2,1983,1983,"Vlieland","758",53.30207,5.06711,"GREAT TIT",NA,NA,NA,NA,NA,"",NA,NA,NA,NA,NA,NA,NA,NA,NA,NA,NA,NA,NA,"Male"
"B...605297","B...557486","B...557774",2460,1,1983,1983,"Vlieland","758",53.30207,5.06711,"GREAT TIT",NA,NA,NA,NA,NA,"",NA,NA,NA,NA,NA,NA,NA,NA,NA,NA,NA,NA,NA,"Female"
"B...615230","B...615559","B...615573",2641,0,1984,1984,"Vlieland","617",53.29611,5.06619,"GREAT TIT",NA,NA,NA,NA,NA,"",NA,NA,NA,NA,NA,NA,NA,NA,NA,NA,NA,NA,NA,"Unknown"
"B...615231","B...615559","B...615573",2641,0,1984,1984,"Vlieland","617",53.29611,5.06619,"GREAT TIT",NA,NA,NA,NA,NA,"",NA,NA,NA,NA,NA,NA,NA,NA,NA,NA,NA,NA,NA,"Unknown"
"B...615232","B...615559","B...615573",2641,2,1984,1984,"Vlieland","617",53.29611,5.06619,"GREAT TIT",NA,NA,NA,NA,NA,"",NA,NA,NA,NA,NA,NA,NA,NA,NA,NA,NA,NA,NA,"Male"
"B...615233","B...615559","B...615573",2641,0,1984,1984,"Vlieland","617",53.29611,5.06619,"GREAT TIT",NA,NA,NA,NA,NA,"",NA,NA,NA,NA,NA,NA,NA,NA,NA,NA,NA,NA,NA,"Unknown"
"B...615234","B...615559","B...615573",2641,0,1984,1984,"Vlieland","617",53.29611,5.06619,"GREAT TIT",NA,NA,NA,NA,NA,"",NA,NA,NA,NA,NA,NA,NA,NA,NA,NA,NA,NA,NA,"Unknown"
"B...615235","B...615559","B...615573",2641,1,1984,1984,"Vlieland","617",53.29611,5.06619,"GREAT TIT",NA,NA,NA,NA,NA,"",2,2,1985,1985,0,10,9,11,20,NA,NA,3387.20150731359,3665.42584504387,"Female"
"B...615236","B...615559","B...615573",2641,0,1984,1984,"Vlieland","617",53.29611,5.06619,"GREAT TIT",NA,NA,NA,NA,NA,"",NA,NA,NA,NA,NA,NA,NA,NA,NA,NA,NA,NA,NA,"Unknown"
"B...615238","B...615237","B...605022",2304,0,1984,1984,"Vlieland","549",53.300784,5.06632,"GREAT TIT",NA,NA,NA,NA,NA,"",NA,NA,NA,NA,NA,NA,NA,NA,NA,NA,NA,NA,NA,"Unknown"
"B...615239","B...615237","B...605022",2304,0,1984,1984,"Vlieland","549",53.300784,5.06632,"GREAT TIT",NA,NA,NA,NA,NA,"",NA,NA,NA,NA,NA,NA,NA,NA,NA,NA,NA,NA,NA,"Unknown"
"B...615240","B...615237","B...605022",2304,0,1984,1984,"Vlieland","549",53.300784,5.06632,"GREAT TIT",NA,NA,NA,NA,NA,"",NA,NA,NA,NA,NA,NA,NA,NA,NA,NA,NA,NA,NA,"Unknown"
"B...615241","B...615237","B...605022",2304,2,1984,1984,"Vlieland","549",53.300784,5.06632,"GREAT TIT",NA,NA,NA,NA,NA,"",NA,NA,NA,NA,NA,NA,NA,NA,NA,NA,NA,NA,NA,"Male"
"B...615242","B...615237","B...605022",2304,0,1984,1984,"Vlieland","549",53.300784,5.06632,"GREAT TIT",NA,NA,NA,NA,NA,"",NA,NA,NA,NA,NA,NA,NA,NA,NA,NA,NA,NA,NA,"Unknown"
"B...636197","B...615237","B...605022",2124,0,1984,1984,"Vlieland","332",53.282544,5.02639,"GREAT TIT",NA,NA,NA,NA,NA,"",NA,NA,NA,NA,NA,NA,NA,NA,NA,NA,NA,NA,NA,"Unknown"
"B...636198","B...615237","B...605022",2124,0,1984,1984,"Vlieland","332",53.282544,5.02639,"GREAT TIT",NA,NA,NA,NA,NA,"",NA,NA,NA,NA,NA,NA,NA,NA,NA,NA,NA,NA,NA,"Unknown"
"B...636199","B...615237","B...605022",2124,0,1984,1984,"Vlieland","332",53.282544,5.02639,"GREAT TIT",NA,NA,NA,NA,NA,"",NA,NA,NA,NA,NA,NA,NA,NA,NA,NA,NA,NA,NA,"Unknown"
"B...636200","B...615237","B...605022",2124,0,1984,1984,"Vlieland","332",53.282544,5.02639,"GREAT TIT",NA,NA,NA,NA,NA,"",NA,NA,NA,NA,NA,NA,NA,NA,NA,NA,NA,NA,NA,"Unknown"
"B...636201","B...615237","B...605022",2124,0,1984,1984,"Vlieland","332",53.282544,5.02639,"GREAT TIT",NA,NA,NA,NA,NA,"",NA,NA,NA,NA,NA,NA,NA,NA,NA,NA,NA,NA,NA,"Unknown"
"B...636308","B...615559","B...615573",2642,0,1984,1984,"Vlieland","619",53.29611,5.06619,"GREAT TIT",NA,NA,NA,NA,NA,"",NA,NA,NA,NA,NA,NA,NA,NA,NA,NA,NA,NA,NA,"Unknown"
"B...636309","B...615559","B...615573",2642,0,1984,1984,"Vlieland","619",53.29611,5.06619,"GREAT TIT",NA,NA,NA,NA,NA,"",NA,NA,NA,NA,NA,NA,NA,NA,NA,NA,NA,NA,NA,"Unknown"
"B...636310","B...615559","B...615573",2642,0,1984,1984,"Vlieland","619",53.29611,5.06619,"GREAT TIT",NA,NA,NA,NA,NA,"",NA,NA,NA,NA,NA,NA,NA,NA,NA,NA,NA,NA,NA,"Unknown"
"B...636311","B...615559","B...615573",2642,0,1984,1984,"Vlieland","619",53.29611,5.06619,"GREAT TIT",NA,NA,NA,NA,NA,"",NA,NA,NA,NA,NA,NA,NA,NA,NA,NA,NA,NA,NA,"Unknown"
"B...675901","B...675800","B...605022",2133,2,1986,1986,"Vlieland","457",53.297179,5.046745,"GREAT TIT",NA,NA,NA,NA,NA,"",NA,NA,NA,NA,NA,NA,NA,NA,NA,NA,NA,NA,NA,"Male"
"B...675902","B...675800","B...605022",2133,2,1986,1986,"Vlieland","457",53.297179,5.046745,"GREAT TIT",NA,NA,NA,NA,NA,"",NA,NA,NA,NA,NA,NA,NA,NA,NA,NA,NA,NA,NA,"Male"
"B...675903","B...675800","B...605022",2133,1,1986,1986,"Vlieland","457",53.297179,5.046745,"GREAT TIT",NA,NA,NA,NA,NA,"",NA,NA,NA,NA,NA,NA,NA,NA,NA,NA,NA,NA,NA,"Female"
"B...675904","B...675800","B...605022",2133,1,1986,1986,"Vlieland","457",53.297179,5.046745,"GREAT TIT",NA,NA,NA,NA,NA,"",NA,NA,NA,NA,NA,NA,NA,NA,NA,NA,NA,NA,NA,"Female"
"B...675905","B...675800","B...605022",2133,1,1986,1986,"Vlieland","457",53.297179,5.046745,"GREAT TIT",NA,NA,NA,NA,NA,"",2,2,1987,1987,0,8.5,8,9,17,NA,NA,439.818671176869,496.482066779828,"Female"
"B...675906","B...675800","B...605022",2133,1,1986,1986,"Vlieland","457",53.297179,5.046745,"GREAT TIT",NA,NA,NA,NA,NA,"",6,10,1987,1992,5,9.2,8,10,92,NA,NA,167.440255137366,1196.69375856961,"Female"
"B...675907","B...675800","B...605022",2133,1,1986,1986,"Vlieland","457",53.297179,5.046745,"GREAT TIT",NA,NA,NA,NA,NA,"",NA,NA,NA,NA,NA,NA,NA,NA,NA,NA,NA,NA,NA,"Female"
"B...675908","B...675800","B...605022",2133,2,1986,1986,"Vlieland","457",53.297179,5.046745,"GREAT TIT",NA,NA,NA,NA,NA,"",NA,NA,NA,NA,NA,NA,NA,NA,NA,NA,NA,NA,NA,"Male"
"B...675909","B...675800","B...605022",2133,0,1986,1986,"Vlieland","457",53.297179,5.046745,"GREAT TIT",NA,NA,NA,NA,NA,"",NA,NA,NA,NA,NA,NA,NA,NA,NA,NA,NA,NA,NA,"Unknown"
"B...675910","B...675800","B...605022",2133,0,1986,1986,"Vlieland","457",53.297179,5.046745,"GREAT TIT",NA,NA,NA,NA,NA,"",NA,NA,NA,NA,NA,NA,NA,NA,NA,NA,NA,NA,NA,"Unknown"
"B...708918","B...708941","B...708942",2484,1,1987,1987,"Vlieland","791",53.30207,5.06711,"GREAT TIT",NA,NA,NA,NA,NA,"",NA,NA,NA,NA,NA,NA,NA,NA,NA,NA,NA,NA,NA,"Female"
"B...708919","B...708941","B...708942",2484,1,1987,1987,"Vlieland","791",53.30207,5.06711,"GREAT TIT",NA,NA,NA,NA,NA,"",NA,NA,NA,NA,NA,NA,NA,NA,NA,NA,NA,NA,NA,"Female"
"B...708920","B...708941","B...708942",2484,2,1987,1987,"Vlieland","791",53.30207,5.06711,"GREAT TIT",NA,NA,NA,NA,NA,"",NA,NA,NA,NA,NA,NA,NA,NA,NA,NA,NA,NA,NA,"Male"
"B...708921","B...708941","B...708942",2484,1,1987,1987,"Vlieland","791",53.30207,5.06711,"GREAT TIT",NA,NA,NA,NA,NA,"",NA,NA,NA,NA,NA,NA,NA,NA,NA,NA,NA,NA,NA,"Female"
"B...708922","B...708941","B...708942",2484,1,1987,1987,"Vlieland","791",53.30207,5.06711,"GREAT TIT",NA,NA,NA,NA,NA,"",NA,NA,NA,NA,NA,NA,NA,NA,NA,NA,NA,NA,NA,"Female"
"B...708923","B...708941","B...708942",2484,1,1987,1987,"Vlieland","791",53.30207,5.06711,"GREAT TIT",NA,NA,NA,NA,NA,"",1,1,1988,1988,0,9,9,9,9,NA,NA,650.443295892019,650.443295892019,"Female"
"B...708924","B...708941","B...708942",2484,0,1987,1987,"Vlieland","791",53.30207,5.06711,"GREAT TIT",NA,NA,NA,NA,NA,"",NA,NA,NA,NA,NA,NA,NA,NA,NA,NA,NA,NA,NA,"Unknown"
"B...708925","B...708941","B...708942",2484,0,1987,1987,"Vlieland","791",53.30207,5.06711,"GREAT TIT",NA,NA,NA,NA,NA,"",NA,NA,NA,NA,NA,NA,NA,NA,NA,NA,NA,NA,NA,"Unknown"
"B...708926","B...708941","B...708942",2484,0,1987,1987,"Vlieland","791",53.30207,5.06711,"GREAT TIT",NA,NA,NA,NA,NA,"",NA,NA,NA,NA,NA,NA,NA,NA,NA,NA,NA,NA,NA,"Unknown"
"B...708927","B...708940","B...708939",2138,1,1987,1987,"Vlieland","462",53.29754,5.05056,"GREAT TIT",NA,NA,NA,NA,NA,"",NA,NA,NA,NA,NA,NA,NA,NA,NA,NA,NA,NA,NA,"Female"
"B...708928","B...708940","B...708939",2138,2,1987,1987,"Vlieland","462",53.29754,5.05056,"GREAT TIT",NA,NA,NA,NA,NA,"",NA,NA,NA,NA,NA,NA,NA,NA,NA,NA,NA,NA,NA,"Male"
"B...708929","B...708940","B...708939",2138,0,1987,1987,"Vlieland","462",53.29754,5.05056,"GREAT TIT",NA,NA,NA,NA,NA,"",NA,NA,NA,NA,NA,NA,NA,NA,NA,NA,NA,NA,NA,"Unknown"
"B...708930","B...708940","B...708939",2138,1,1987,1987,"Vlieland","462",53.29754,5.05056,"GREAT TIT",NA,NA,NA,NA,NA,"",NA,NA,NA,NA,NA,NA,NA,NA,NA,NA,NA,NA,NA,"Female"
"B...708931","B...708940","B...708939",2138,2,1987,1987,"Vlieland","462",53.29754,5.05056,"GREAT TIT",NA,NA,NA,NA,NA,"",NA,NA,NA,NA,NA,NA,NA,NA,NA,NA,NA,NA,NA,"Male"
"B...740711","B...740710","B...740709",2323,2,1988,1988,"Vlieland","566",53.30207,5.06711,"GREAT TIT",NA,NA,NA,NA,NA,"",NA,NA,NA,NA,NA,NA,NA,NA,NA,NA,NA,NA,NA,"Male"
"B...740712","B...740710","B...740709",2323,1,1988,1988,"Vlieland","566",53.30207,5.06711,"GREAT TIT",NA,NA,NA,NA,NA,"",1,1,1989,1989,0,8,8,8,8,NA,NA,3020.95859939963,3020.95859939963,"Female"
"B...740713","B...740710","B...740709",2323,2,1988,1988,"Vlieland","566",53.30207,5.06711,"GREAT TIT",NA,NA,NA,NA,NA,"",NA,NA,NA,NA,NA,NA,NA,NA,NA,NA,NA,NA,NA,"Male"
"B...740714","B...740710","B...740709",2323,1,1988,1988,"Vlieland","566",53.30207,5.06711,"GREAT TIT",NA,NA,NA,NA,NA,"",NA,NA,NA,NA,NA,NA,NA,NA,NA,NA,NA,NA,NA,"Female"
"B...740715","B...740710","B...740709",2323,1,1988,1988,"Vlieland","566",53.30207,5.06711,"GREAT TIT",NA,NA,NA,NA,NA,"",NA,NA,NA,NA,NA,NA,NA,NA,NA,NA,NA,NA,NA,"Female"
"B...740716","B...740710","B...740709",2323,1,1988,1988,"Vlieland","566",53.30207,5.06711,"GREAT TIT",NA,NA,NA,NA,NA,"",NA,NA,NA,NA,NA,NA,NA,NA,NA,NA,NA,NA,NA,"Female"
"B...740717","B...740710","B...740709",2323,2,1988,1988,"Vlieland","566",53.30207,5.06711,"GREAT TIT",NA,NA,NA,NA,NA,"",NA,NA,NA,NA,NA,NA,NA,NA,NA,NA,NA,NA,NA,"Male"
"B...740718","B...740710","B...740709",2323,2,1988,1988,"Vlieland","566",53.30207,5.06711,"GREAT TIT",NA,NA,NA,NA,NA,"",2,2,1989,1989,0,6.5,6,7,13,NA,NA,621.841386151551,692.459875888066,"Male"
"B...741022","B...741316","B...741021",2488,2,1988,1988,"Vlieland","800",53.29724,5.064915,"GREAT TIT",NA,NA,NA,NA,NA,"",1,1,1989,1989,0,9,9,9,9,NA,NA,1938.29935601802,1938.29935601802,"Male"
"B...741023","B...741316","B...741021",2488,1,1988,1988,"Vlieland","800",53.29724,5.064915,"GREAT TIT",NA,NA,NA,NA,NA,"",NA,NA,NA,NA,NA,NA,NA,NA,NA,NA,NA,NA,NA,"Female"
"B...741024","B...741316","B...741021",2488,2,1988,1988,"Vlieland","800",53.29724,5.064915,"GREAT TIT",NA,NA,NA,NA,NA,"",NA,NA,NA,NA,NA,NA,NA,NA,NA,NA,NA,NA,NA,"Male"
"B...741025","B...741316","B...741021",2488,1,1988,1988,"Vlieland","800",53.29724,5.064915,"GREAT TIT",NA,NA,NA,NA,NA,"",4,4,1989,1990,1,6.25,4,8,25,NA,NA,514.170081335791,807.490310001658,"Female"
"B...741026","B...741316","B...741021",2488,2,1988,1988,"Vlieland","800",53.29724,5.064915,"GREAT TIT",NA,NA,NA,NA,NA,"",NA,NA,NA,NA,NA,NA,NA,NA,NA,NA,NA,NA,NA,"Male"
"B...741027","B...741316","B...741021",2488,1,1988,1988,"Vlieland","800",53.29724,5.064915,"GREAT TIT",NA,NA,NA,NA,NA,"",NA,NA,NA,NA,NA,NA,NA,NA,NA,NA,NA,NA,NA,"Female"
"B...741028","B...741316","B...741021",2488,2,1988,1988,"Vlieland","800",53.29724,5.064915,"GREAT TIT",NA,NA,NA,NA,NA,"",3,6,1989,1992,3,8.66666666666667,8,10,52,NA,NA,247.269248727474,610.444405646615,"Male"
"B...741029","B...741316","B...741021",2488,2,1988,1988,"Vlieland","800",53.29724,5.064915,"GREAT TIT",NA,NA,NA,NA,NA,"",NA,NA,NA,NA,NA,NA,NA,NA,NA,NA,NA,NA,NA,"Male"
"B...741030","B...741316","B...741021",2488,0,1988,1988,"Vlieland","800",53.29724,5.064915,"GREAT TIT",NA,NA,NA,NA,NA,"",NA,NA,NA,NA,NA,NA,NA,NA,NA,NA,NA,NA,NA,"Unknown"
"B...741365","B...675906","B...675849",2142,2,1988,1988,"Vlieland","510",53.296337,5.047463,"GREAT TIT",NA,NA,NA,NA,NA,"",NA,NA,NA,NA,NA,NA,NA,NA,NA,NA,NA,NA,NA,"Male"
"B...741366","B...675906","B...675849",2142,2,1988,1988,"Vlieland","510",53.296337,5.047463,"GREAT TIT",NA,NA,NA,NA,NA,"",NA,NA,NA,NA,NA,NA,NA,NA,NA,NA,NA,NA,NA,"Male"
"B...741367","B...675906","B...675849",2142,1,1988,1988,"Vlieland","510",53.296337,5.047463,"GREAT TIT",NA,NA,NA,NA,NA,"",1,1,1989,1989,0,11,11,11,11,NA,NA,60.2779617241337,60.2779617241337,"Female"
"B...741368","B...675906","B...675849",2142,1,1988,1988,"Vlieland","510",53.296337,5.047463,"GREAT TIT",NA,NA,NA,NA,NA,"",NA,NA,NA,NA,NA,NA,NA,NA,NA,NA,NA,NA,NA,"Female"
"B...741369","B...675906","B...675849",2142,1,1988,1988,"Vlieland","510",53.296337,5.047463,"GREAT TIT",NA,NA,NA,NA,NA,"",NA,NA,NA,NA,NA,NA,NA,NA,NA,NA,NA,NA,NA,"Female"
"B...741370","B...675906","B...675849",2142,0,1988,1988,"Vlieland","510",53.296337,5.047463,"GREAT TIT",NA,NA,NA,NA,NA,"",NA,NA,NA,NA,NA,NA,NA,NA,NA,NA,NA,NA,NA,"Unknown"
"B...741371","B...675906","B...675849",2142,0,1988,1988,"Vlieland","510",53.296337,5.047463,"GREAT TIT",NA,NA,NA,NA,NA,"",NA,NA,NA,NA,NA,NA,NA,NA,NA,NA,NA,NA,NA,"Unknown"
"B...741372","B...675906","B...675849",2142,0,1988,1988,"Vlieland","510",53.296337,5.047463,"GREAT TIT",NA,NA,NA,NA,NA,"",NA,NA,NA,NA,NA,NA,NA,NA,NA,NA,NA,NA,NA,"Unknown"
"B...771443","B...741301","B...740776",2326,2,1989,1989,"Vlieland","568",53.30207,5.06711,"GREAT TIT",NA,NA,NA,NA,NA,"",NA,NA,NA,NA,NA,NA,NA,NA,NA,NA,NA,NA,NA,"Male"
"B...771444","B...741301","B...740776",2326,1,1989,1989,"Vlieland","568",53.30207,5.06711,"GREAT TIT",NA,NA,NA,NA,NA,"",NA,NA,NA,NA,NA,NA,NA,NA,NA,NA,NA,NA,NA,"Female"
"B...771445","B...741301","B...740776",2326,1,1989,1989,"Vlieland","568",53.30207,5.06711,"GREAT TIT",NA,NA,NA,NA,NA,"",NA,NA,NA,NA,NA,NA,NA,NA,NA,NA,NA,NA,NA,"Female"
"B...771446","B...741301","B...740776",2326,0,1989,1989,"Vlieland","568",53.30207,5.06711,"GREAT TIT",NA,NA,NA,NA,NA,"",NA,NA,NA,NA,NA,NA,NA,NA,NA,NA,NA,NA,NA,"Unknown"
"B...771544","B...740735","B...741319",2492,1,1989,1989,"Vlieland","807",53.30207,5.06711,"GREAT TIT",NA,NA,NA,NA,NA,"",NA,NA,NA,NA,NA,NA,NA,NA,NA,NA,NA,NA,NA,"Female"
"B...771545","B...740735","B...741319",2492,2,1989,1989,"Vlieland","807",53.30207,5.06711,"GREAT TIT",NA,NA,NA,NA,NA,"",1,1,1990,1990,0,8,8,8,8,NA,NA,6264.51935223615,6264.51935223615,"Male"
"B...771546","B...740735","B...741319",2492,1,1989,1989,"Vlieland","807",53.30207,5.06711,"GREAT TIT",NA,NA,NA,NA,NA,"",NA,NA,NA,NA,NA,NA,NA,NA,NA,NA,NA,NA,NA,"Female"
"B...771547","B...740735","B...741319",2492,0,1989,1989,"Vlieland","807",53.30207,5.06711,"GREAT TIT",NA,NA,NA,NA,NA,"",NA,NA,NA,NA,NA,NA,NA,NA,NA,NA,NA,NA,NA,"Unknown"
"B...797201","B...771343","A...801340",2331,1,1990,1990,"Vlieland","572",53.30207,5.06711,"GREAT TIT",NA,NA,NA,NA,NA,"",NA,NA,NA,NA,NA,NA,NA,NA,NA,NA,NA,NA,NA,"Female"
"B...797202","B...771343","A...801340",2331,2,1990,1990,"Vlieland","572",53.30207,5.06711,"GREAT TIT",NA,NA,NA,NA,NA,"",NA,NA,NA,NA,NA,NA,NA,NA,NA,NA,NA,NA,NA,"Male"
"B...797203","B...771343","A...801340",2331,1,1990,1990,"Vlieland","572",53.30207,5.06711,"GREAT TIT",NA,NA,NA,NA,NA,"",NA,NA,NA,NA,NA,NA,NA,NA,NA,NA,NA,NA,NA,"Female"
"B...797204","B...771343","A...801340",2331,0,1990,1990,"Vlieland","572",53.30207,5.06711,"GREAT TIT",NA,NA,NA,NA,NA,"",NA,NA,NA,NA,NA,NA,NA,NA,NA,NA,NA,NA,NA,"Unknown"
"B...797388","B...741025","B...691224",6810,2,1990,1990,"Vlieland","893",53.29611,5.06619,"GREAT TIT",NA,NA,NA,NA,NA,"",NA,NA,NA,NA,NA,NA,NA,NA,NA,NA,NA,NA,NA,"Male"
"B...797389","B...741025","B...691224",6810,2,1990,1990,"Vlieland","893",53.29611,5.06619,"GREAT TIT",NA,NA,NA,NA,NA,"",NA,NA,NA,NA,NA,NA,NA,NA,NA,NA,NA,NA,NA,"Male"
"B...797390","B...741025","B...691224",6810,1,1990,1990,"Vlieland","893",53.29611,5.06619,"GREAT TIT",NA,NA,NA,NA,NA,"",1,1,1991,1991,0,9,9,9,9,NA,NA,7169.5402774223,7169.5402774223,"Female"
"B...797391","B...741025","B...691224",6810,2,1990,1990,"Vlieland","893",53.29611,5.06619,"GREAT TIT",NA,NA,NA,NA,NA,"",NA,NA,NA,NA,NA,NA,NA,NA,NA,NA,NA,NA,NA,"Male"
"B...798103","B...771343","B...798101",1982,1,1991,1991,"Vlieland","48",53.27053,4.97819,"GREAT TIT",NA,NA,NA,NA,NA,"",NA,NA,NA,NA,NA,NA,NA,NA,NA,NA,NA,NA,NA,"Female"
"B...798104","B...771343","B...798101",1982,1,1991,1991,"Vlieland","48",53.27053,4.97819,"GREAT TIT",NA,NA,NA,NA,NA,"",NA,NA,NA,NA,NA,NA,NA,NA,NA,NA,NA,NA,NA,"Female"
"B...798105","B...771343","B...798101",1982,2,1991,1991,"Vlieland","48",53.27053,4.97819,"GREAT TIT",NA,NA,NA,NA,NA,"",NA,NA,NA,NA,NA,NA,NA,NA,NA,NA,NA,NA,NA,"Male"
"B...798106","B...771343","B...798101",1982,1,1991,1991,"Vlieland","48",53.27053,4.97819,"GREAT TIT",NA,NA,NA,NA,NA,"",NA,NA,NA,NA,NA,NA,NA,NA,NA,NA,NA,NA,NA,"Female"
"B...798107","B...771343","B...798101",1982,1,1991,1991,"Vlieland","48",53.27053,4.97819,"GREAT TIT",NA,NA,NA,NA,NA,"",NA,NA,NA,NA,NA,NA,NA,NA,NA,NA,NA,NA,NA,"Female"
"B...798108","B...771343","B...798101",1982,2,1991,1991,"Vlieland","48",53.27053,4.97819,"GREAT TIT",NA,NA,NA,NA,NA,"",2,2,1992,1992,0,11,10,12,22,NA,NA,807.389054790537,860.751782101046,"Male"
"B...806664","B...797801","B...797236",2157,1,1991,1991,"Vlieland","586",53.29754,5.05056,"GREAT TIT",NA,NA,NA,NA,NA,"",NA,NA,NA,NA,NA,NA,NA,NA,NA,NA,NA,NA,NA,"Female"
"B...806665","B...797801","B...797236",2157,2,1991,1991,"Vlieland","586",53.29754,5.05056,"GREAT TIT",NA,NA,NA,NA,NA,"",2,2,1992,1993,1,10,8,12,20,NA,NA,954.428781401553,1785.47156335371,"Male"
"B...806666","B...797801","B...797236",2157,1,1991,1991,"Vlieland","586",53.29754,5.05056,"GREAT TIT",NA,NA,NA,NA,NA,"",NA,NA,NA,NA,NA,NA,NA,NA,NA,NA,NA,NA,NA,"Female"
"B...806667","B...797801","B...797236",2157,2,1991,1991,"Vlieland","586",53.29754,5.05056,"GREAT TIT",NA,NA,NA,NA,NA,"",NA,NA,NA,NA,NA,NA,NA,NA,NA,NA,NA,NA,NA,"Male"
"B...806668","B...797801","B...797236",2157,2,1991,1991,"Vlieland","586",53.29754,5.05056,"GREAT TIT",NA,NA,NA,NA,NA,"",NA,NA,NA,NA,NA,NA,NA,NA,NA,NA,NA,NA,NA,"Male"
"B...806669","B...797801","B...797236",2157,2,1991,1991,"Vlieland","586",53.29754,5.05056,"GREAT TIT",NA,NA,NA,NA,NA,"",1,1,1992,1992,0,10,10,10,10,NA,NA,1664.67654065308,1664.67654065308,"Male"
"B...806670","B...797801","B...797236",2157,1,1991,1991,"Vlieland","586",53.29754,5.05056,"GREAT TIT",NA,NA,NA,NA,NA,"",NA,NA,NA,NA,NA,NA,NA,NA,NA,NA,NA,NA,NA,"Female"
"B...806671","B...797801","B...797236",2157,0,1991,1991,"Vlieland","586",53.29754,5.05056,"GREAT TIT",NA,NA,NA,NA,NA,"",NA,NA,NA,NA,NA,NA,NA,NA,NA,NA,NA,NA,NA,"Unknown"
"B...807409","B...797796","B...806981",2668,1,1992,1992,"Vlieland","700",53.29611,5.06619,"GREAT TIT",NA,NA,NA,NA,NA,"",NA,NA,NA,NA,NA,NA,NA,NA,NA,NA,NA,NA,NA,"Female"
"B...807410","B...797796","B...806981",2668,2,1992,1992,"Vlieland","700",53.29611,5.06619,"GREAT TIT",NA,NA,NA,NA,NA,"",NA,NA,NA,NA,NA,NA,NA,NA,NA,NA,NA,NA,NA,"Male"
"B...807411","B...797796","B...806981",2668,2,1992,1992,"Vlieland","700",53.29611,5.06619,"GREAT TIT",NA,NA,NA,NA,NA,"",NA,NA,NA,NA,NA,NA,NA,NA,NA,NA,NA,NA,NA,"Male"
"B...807412","B...797796","B...806981",2668,2,1992,1992,"Vlieland","700",53.29611,5.06619,"GREAT TIT",NA,NA,NA,NA,NA,"",NA,NA,NA,NA,NA,NA,NA,NA,NA,NA,NA,NA,NA,"Male"
"B...807413","B...797796","B...806981",2668,2,1992,1992,"Vlieland","700",53.29611,5.06619,"GREAT TIT",NA,NA,NA,NA,NA,"",NA,NA,NA,NA,NA,NA,NA,NA,NA,NA,NA,NA,NA,"Male"
"B...807414","B...797796","B...806981",2668,2,1992,1992,"Vlieland","700",53.29611,5.06619,"GREAT TIT",NA,NA,NA,NA,NA,"",NA,NA,NA,NA,NA,NA,NA,NA,NA,NA,NA,NA,NA,"Male"
"B...850412","B...771343","B...798101",2161,1,1992,1992,"Vlieland","610",53.29754,5.05056,"GREAT TIT",NA,NA,NA,NA,NA,"",1,1,1993,1993,0,10,10,10,10,NA,NA,1995.15266312986,1995.15266312986,"Female"
"B...850413","B...771343","B...798101",2161,1,1992,1992,"Vlieland","610",53.29754,5.05056,"GREAT TIT",NA,NA,NA,NA,NA,"",1,1,1993,1993,0,10,10,10,10,NA,NA,3251.05810690473,3251.05810690473,"Female"
"B...850414","B...771343","B...798101",2161,1,1992,1992,"Vlieland","610",53.29754,5.05056,"GREAT TIT",NA,NA,NA,NA,NA,"",3,5,1993,1995,2,8.4,7,9,42,NA,NA,3209.93768334038,3709.46822094175,"Female"
"B...850415","B...771343","B...798101",2161,2,1992,1992,"Vlieland","610",53.29754,5.05056,"GREAT TIT",NA,NA,NA,NA,NA,"",NA,NA,NA,NA,NA,NA,NA,NA,NA,NA,NA,NA,NA,"Male"
"B...850416","B...771343","B...798101",2161,2,1992,1992,"Vlieland","610",53.29754,5.05056,"GREAT TIT",NA,NA,NA,NA,NA,"",NA,NA,NA,NA,NA,NA,NA,NA,NA,NA,NA,NA,NA,"Male"
"B...850417","B...771343","B...798101",2161,1,1992,1992,"Vlieland","610",53.29754,5.05056,"GREAT TIT",NA,NA,NA,NA,NA,"",NA,NA,NA,NA,NA,NA,NA,NA,NA,NA,NA,NA,NA,"Female"
"B...850418","B...771343","B...798101",2161,2,1992,1992,"Vlieland","610",53.29754,5.05056,"GREAT TIT",NA,NA,NA,NA,NA,"",NA,NA,NA,NA,NA,NA,NA,NA,NA,NA,NA,NA,NA,"Male"
"B...875191","B...875036","B...875035",2511,2,1993,1993,"Vlieland","911",53.30207,5.06711,"GREAT TIT",NA,NA,NA,NA,NA,"",NA,NA,NA,NA,NA,NA,NA,NA,NA,NA,NA,NA,NA,"Male"
"B...875192","B...875036","B...875035",2511,1,1993,1993,"Vlieland","911",53.30207,5.06711,"GREAT TIT",NA,NA,NA,NA,NA,"",2,2,1994,1994,0,6,0,12,12,NA,NA,3442.92275544493,3538.69524059991,"Female"
"B...875193","B...875036","B...875035",2511,2,1993,1993,"Vlieland","911",53.30207,5.06711,"GREAT TIT",NA,NA,NA,NA,NA,"",NA,NA,NA,NA,NA,NA,NA,NA,NA,NA,NA,NA,NA,"Male"
"B...875194","B...875036","B...875035",2511,2,1993,1993,"Vlieland","911",53.30207,5.06711,"GREAT TIT",NA,NA,NA,NA,NA,"",NA,NA,NA,NA,NA,NA,NA,NA,NA,NA,NA,NA,NA,"Male"
"B...875195","B...875036","B...875035",2511,0,1993,1993,"Vlieland","911",53.30207,5.06711,"GREAT TIT",NA,NA,NA,NA,NA,"",NA,NA,NA,NA,NA,NA,NA,NA,NA,NA,NA,NA,NA,"Unknown"
"B...875196","B...875036","B...875035",2511,1,1993,1993,"Vlieland","911",53.30207,5.06711,"GREAT TIT",NA,NA,NA,NA,NA,"",2,2,1994,1994,0,8.5,8,9,17,NA,NA,396.758603544632,574.423538101032,"Female"
"B...875197","B...875036","B...875035",2511,2,1993,1993,"Vlieland","911",53.30207,5.06711,"GREAT TIT",NA,NA,NA,NA,NA,"",NA,NA,NA,NA,NA,NA,NA,NA,NA,NA,NA,NA,NA,"Male"
"B...875198","B...875036","B...875035",2511,2,1993,1993,"Vlieland","911",53.30207,5.06711,"GREAT TIT",NA,NA,NA,NA,NA,"",NA,NA,NA,NA,NA,NA,NA,NA,NA,NA,NA,NA,NA,"Male"
"B...875209","B...850389","B...807146",6820,2,1993,1993,"Vlieland","903",53.29611,5.06619,"GREAT TIT",NA,NA,NA,NA,NA,"",NA,NA,NA,NA,NA,NA,NA,NA,NA,NA,NA,NA,NA,"Male"
"B...875210","B...850389","B...807146",6820,1,1993,1993,"Vlieland","903",53.29611,5.06619,"GREAT TIT",NA,NA,NA,NA,NA,"",NA,NA,NA,NA,NA,NA,NA,NA,NA,NA,NA,NA,NA,"Female"
"B...875211","B...850389","B...807146",6820,2,1993,1993,"Vlieland","903",53.29611,5.06619,"GREAT TIT",NA,NA,NA,NA,NA,"",NA,NA,NA,NA,NA,NA,NA,NA,NA,NA,NA,NA,NA,"Male"
"B...875212","B...850389","B...807146",6820,2,1993,1993,"Vlieland","903",53.29611,5.06619,"GREAT TIT",NA,NA,NA,NA,NA,"",NA,NA,NA,NA,NA,NA,NA,NA,NA,NA,NA,NA,NA,"Male"
"B...875213","B...850389","B...807146",6820,2,1993,1993,"Vlieland","903",53.29611,5.06619,"GREAT TIT",NA,NA,NA,NA,NA,"",NA,NA,NA,NA,NA,NA,NA,NA,NA,NA,NA,NA,NA,"Male"
"B...898592","B...898338","B...898337",1996,1,1994,1994,"Vlieland","58",53.27053,4.97819,"GREAT TIT",NA,NA,NA,NA,NA,"",NA,NA,NA,NA,NA,NA,NA,NA,NA,NA,NA,NA,NA,"Female"
"B...898593","B...898338","B...898337",1996,1,1994,1994,"Vlieland","58",53.27053,4.97819,"GREAT TIT",NA,NA,NA,NA,NA,"",NA,NA,NA,NA,NA,NA,NA,NA,NA,NA,NA,NA,NA,"Female"
"B...898594","B...898338","B...898337",1996,2,1994,1994,"Vlieland","58",53.27053,4.97819,"GREAT TIT",NA,NA,NA,NA,NA,"",NA,NA,NA,NA,NA,NA,NA,NA,NA,NA,NA,NA,NA,"Male"
"B...898595","B...898338","B...898337",1996,2,1994,1994,"Vlieland","58",53.27053,4.97819,"GREAT TIT",NA,NA,NA,NA,NA,"",NA,NA,NA,NA,NA,NA,NA,NA,NA,NA,NA,NA,NA,"Male"
"B...898596","B...898338","B...898337",1996,2,1994,1994,"Vlieland","58",53.27053,4.97819,"GREAT TIT",NA,NA,NA,NA,NA,"",NA,NA,NA,NA,NA,NA,NA,NA,NA,NA,NA,NA,NA,"Male"
"B...898597","B...898338","B...898337",1996,2,1994,1994,"Vlieland","58",53.27053,4.97819,"GREAT TIT",NA,NA,NA,NA,NA,"",NA,NA,NA,NA,NA,NA,NA,NA,NA,NA,NA,NA,NA,"Male"
"B...898598","B...898338","B...898337",1996,2,1994,1994,"Vlieland","58",53.27053,4.97819,"GREAT TIT",NA,NA,NA,NA,NA,"",NA,NA,NA,NA,NA,NA,NA,NA,NA,NA,NA,NA,NA,"Male"
"B...898599","B...898338","B...898337",1996,1,1994,1994,"Vlieland","58",53.27053,4.97819,"GREAT TIT",NA,NA,NA,NA,NA,"",NA,NA,NA,NA,NA,NA,NA,NA,NA,NA,NA,NA,NA,"Female"
"B...898600","B...898338","B...898337",1996,1,1994,1994,"Vlieland","58",53.27053,4.97819,"GREAT TIT",NA,NA,NA,NA,NA,"",NA,NA,NA,NA,NA,NA,NA,NA,NA,NA,NA,NA,NA,"Female"
"B...898981","B...898683","B...898662",2677,1,1994,1994,"Vlieland","716",53.29611,5.06619,"GREAT TIT",NA,NA,NA,NA,NA,"",NA,NA,NA,NA,NA,NA,NA,NA,NA,NA,NA,NA,NA,"Female"
"B...898982","B...898683","B...898662",2677,2,1994,1994,"Vlieland","716",53.29611,5.06619,"GREAT TIT",NA,NA,NA,NA,NA,"",NA,NA,NA,NA,NA,NA,NA,NA,NA,NA,NA,NA,NA,"Male"
"B...898983","B...898683","B...898662",2677,1,1994,1994,"Vlieland","716",53.29611,5.06619,"GREAT TIT",NA,NA,NA,NA,NA,"",NA,NA,NA,NA,NA,NA,NA,NA,NA,NA,NA,NA,NA,"Female"
"B...898984","B...898683","B...898662",2677,2,1994,1994,"Vlieland","716",53.29611,5.06619,"GREAT TIT",NA,NA,NA,NA,NA,"",NA,NA,NA,NA,NA,NA,NA,NA,NA,NA,NA,NA,NA,"Male"
"B...898985","B...898683","B...898662",2677,2,1994,1994,"Vlieland","716",53.29611,5.06619,"GREAT TIT",NA,NA,NA,NA,NA,"",NA,NA,NA,NA,NA,NA,NA,NA,NA,NA,NA,NA,NA,"Male"
"B...898986","B...898683","B...898662",2677,1,1994,1994,"Vlieland","716",53.29611,5.06619,"GREAT TIT",NA,NA,NA,NA,NA,"",NA,NA,NA,NA,NA,NA,NA,NA,NA,NA,NA,NA,NA,"Female"
"B...898987","B...898683","B...898662",2677,2,1994,1994,"Vlieland","716",53.29611,5.06619,"GREAT TIT",NA,NA,NA,NA,NA,"",NA,NA,NA,NA,NA,NA,NA,NA,NA,NA,NA,NA,NA,"Male"
"B...898988","B...898683","B...898662",2677,1,1994,1994,"Vlieland","716",53.29611,5.06619,"GREAT TIT",NA,NA,NA,NA,NA,"",NA,NA,NA,NA,NA,NA,NA,NA,NA,NA,NA,NA,NA,"Female"
"B...925438","B...875036","B...875035",2169,1,1994,1994,"Vlieland","665",53.29754,5.05056,"GREAT TIT",NA,NA,NA,NA,NA,"",NA,NA,NA,NA,NA,NA,NA,NA,NA,NA,NA,NA,NA,"Female"
"B...925439","B...875036","B...875035",2169,1,1994,1994,"Vlieland","665",53.29754,5.05056,"GREAT TIT",NA,NA,NA,NA,NA,"",NA,NA,NA,NA,NA,NA,NA,NA,NA,NA,NA,NA,NA,"Female"
"B...925440","B...875036","B...875035",2169,1,1994,1994,"Vlieland","665",53.29754,5.05056,"GREAT TIT",NA,NA,NA,NA,NA,"",NA,NA,NA,NA,NA,NA,NA,NA,NA,NA,NA,NA,NA,"Female"
"B...925441","B...875036","B...875035",2169,2,1994,1994,"Vlieland","665",53.29754,5.05056,"GREAT TIT",NA,NA,NA,NA,NA,"",NA,NA,NA,NA,NA,NA,NA,NA,NA,NA,NA,NA,NA,"Male"
"B...925442","B...875036","B...875035",2169,2,1994,1994,"Vlieland","665",53.29754,5.05056,"GREAT TIT",NA,NA,NA,NA,NA,"",NA,NA,NA,NA,NA,NA,NA,NA,NA,NA,NA,NA,NA,"Male"
"B...925443","B...875036","B...875035",2169,1,1994,1994,"Vlieland","665",53.29754,5.05056,"GREAT TIT",NA,NA,NA,NA,NA,"",NA,NA,NA,NA,NA,NA,NA,NA,NA,NA,NA,NA,NA,"Female"
"B...925444","B...875036","B...875035",2169,1,1994,1994,"Vlieland","665",53.29754,5.05056,"GREAT TIT",NA,NA,NA,NA,NA,"",NA,NA,NA,NA,NA,NA,NA,NA,NA,NA,NA,NA,NA,"Female"
"B...956661","B...898652","B...898995",2519,1,1995,1995,"Vlieland","953",53.30207,5.06711,"GREAT TIT",NA,NA,NA,NA,NA,"",NA,NA,NA,NA,NA,NA,NA,NA,NA,NA,NA,NA,NA,"Female"
"B...956662","B...898652","B...898995",2519,1,1995,1995,"Vlieland","953",53.30207,5.06711,"GREAT TIT",NA,NA,NA,NA,NA,"",2,2,1996,1996,0,8.5,8,9,17,NA,NA,427.957102423542,609.136648781175,"Female"
"B...956663","B...898652","B...898995",2519,2,1995,1995,"Vlieland","953",53.30207,5.06711,"GREAT TIT",NA,NA,NA,NA,NA,"",1,1,1996,1996,0,9,9,9,9,NA,NA,248.534478963977,248.534478963977,"Male"
"B...956664","B...898652","B...898995",2519,2,1995,1995,"Vlieland","953",53.30207,5.06711,"GREAT TIT",NA,NA,NA,NA,NA,"",NA,NA,NA,NA,NA,NA,NA,NA,NA,NA,NA,NA,NA,"Male"
"B...956665","B...898652","B...898995",2519,1,1995,1995,"Vlieland","953",53.30207,5.06711,"GREAT TIT",NA,NA,NA,NA,NA,"",NA,NA,NA,NA,NA,NA,NA,NA,NA,NA,NA,NA,NA,"Female"
"B...956666","B...898652","B...898995",2519,1,1995,1995,"Vlieland","953",53.30207,5.06711,"GREAT TIT",NA,NA,NA,NA,NA,"",NA,NA,NA,NA,NA,NA,NA,NA,NA,NA,NA,NA,NA,"Female"
"B...956667","B...898652","B...898995",2519,2,1995,1995,"Vlieland","953",53.30207,5.06711,"GREAT TIT",NA,NA,NA,NA,NA,"",NA,NA,NA,NA,NA,NA,NA,NA,NA,NA,NA,NA,NA,"Male"
"F...100039","A...840954","A...904664",1970,0,1988,1988,"Vlieland","41",53.27053,4.97819,"GREAT TIT",NA,NA,NA,NA,NA,"",NA,NA,NA,NA,NA,NA,NA,NA,NA,NA,NA,NA,NA,"Unknown"
"F...100040","A...840954","A...904664",1970,0,1988,1988,"Vlieland","41",53.27053,4.97819,"GREAT TIT",NA,NA,NA,NA,NA,"",NA,NA,NA,NA,NA,NA,NA,NA,NA,NA,NA,NA,NA,"Unknown"
"F...100041","A...840954","A...904664",1970,1,1988,1988,"Vlieland","41",53.27053,4.97819,"GREAT TIT",NA,NA,NA,NA,NA,"",NA,NA,NA,NA,NA,NA,NA,NA,NA,NA,NA,NA,NA,"Female"
"F...100042","A...840954","A...904664",1970,0,1988,1988,"Vlieland","41",53.27053,4.97819,"GREAT TIT",NA,NA,NA,NA,NA,"",NA,NA,NA,NA,NA,NA,NA,NA,NA,NA,NA,NA,NA,"Unknown"
"F...100043","A...840954","A...904664",1970,0,1988,1988,"Vlieland","41",53.27053,4.97819,"GREAT TIT",NA,NA,NA,NA,NA,"",NA,NA,NA,NA,NA,NA,NA,NA,NA,NA,NA,NA,NA,"Unknown"
"F...100059","F...100058","A...775474",2806,0,1988,1988,"Vlieland","812",53.26087,4.95874,"GREAT TIT",NA,NA,NA,NA,NA,"",NA,NA,NA,NA,NA,NA,NA,NA,NA,NA,NA,NA,NA,"Unknown"
"F...100060","F...100058","A...775474",2806,0,1988,1988,"Vlieland","812",53.26087,4.95874,"GREAT TIT",NA,NA,NA,NA,NA,"",NA,NA,NA,NA,NA,NA,NA,NA,NA,NA,NA,NA,NA,"Unknown"
"F...100061","F...100058","A...775474",2806,0,1988,1988,"Vlieland","812",53.26087,4.95874,"GREAT TIT",NA,NA,NA,NA,NA,"",NA,NA,NA,NA,NA,NA,NA,NA,NA,NA,NA,NA,NA,"Unknown"
"F...100062","F...100058","A...775474",2806,0,1988,1988,"Vlieland","812",53.26087,4.95874,"GREAT TIT",NA,NA,NA,NA,NA,"",NA,NA,NA,NA,NA,NA,NA,NA,NA,NA,NA,NA,NA,"Unknown"
"F...100063","F...100058","A...775474",2806,0,1988,1988,"Vlieland","812",53.26087,4.95874,"GREAT TIT",NA,NA,NA,NA,NA,"",NA,NA,NA,NA,NA,NA,NA,NA,NA,NA,NA,NA,NA,"Unknown"
"F...100064","F...100058","A...775474",2806,0,1988,1988,"Vlieland","812",53.26087,4.95874,"GREAT TIT",NA,NA,NA,NA,NA,"",NA,NA,NA,NA,NA,NA,NA,NA,NA,NA,NA,NA,NA,"Unknown"
"F...100065","F...100058","A...775474",2806,0,1988,1988,"Vlieland","812",53.26087,4.95874,"GREAT TIT",NA,NA,NA,NA,NA,"",NA,NA,NA,NA,NA,NA,NA,NA,NA,NA,NA,NA,NA,"Unknown"
"F...100066","F...100058","A...775474",2806,0,1988,1988,"Vlieland","812",53.26087,4.95874,"GREAT TIT",NA,NA,NA,NA,NA,"",NA,NA,NA,NA,NA,NA,NA,NA,NA,NA,NA,NA,NA,"Unknown"
"F...100218","A...842051","A...774908",2653,0,1988,1988,"Vlieland","659",53.29611,5.06619,"GREAT TIT",NA,NA,NA,NA,NA,"",NA,NA,NA,NA,NA,NA,NA,NA,NA,NA,NA,NA,NA,"Unknown"
"F...100219","A...842051","A...774908",2653,0,1988,1988,"Vlieland","659",53.29611,5.06619,"GREAT TIT",NA,NA,NA,NA,NA,"",NA,NA,NA,NA,NA,NA,NA,NA,NA,NA,NA,NA,NA,"Unknown"
"F...100220","A...842051","A...774908",2653,0,1988,1988,"Vlieland","659",53.29611,5.06619,"GREAT TIT",NA,NA,NA,NA,NA,"",NA,NA,NA,NA,NA,NA,NA,NA,NA,NA,NA,NA,NA,"Unknown"
"F...100221","A...842051","A...774908",2653,0,1988,1988,"Vlieland","659",53.29611,5.06619,"GREAT TIT",NA,NA,NA,NA,NA,"",NA,NA,NA,NA,NA,NA,NA,NA,NA,NA,NA,NA,NA,"Unknown"
"F...100222","A...842051","A...774908",2653,0,1988,1988,"Vlieland","659",53.29611,5.06619,"GREAT TIT",NA,NA,NA,NA,NA,"",NA,NA,NA,NA,NA,NA,NA,NA,NA,NA,NA,NA,NA,"Unknown"
"F...100223","A...842051","A...774908",2653,0,1988,1988,"Vlieland","659",53.29611,5.06619,"GREAT TIT",NA,NA,NA,NA,NA,"",NA,NA,NA,NA,NA,NA,NA,NA,NA,NA,NA,NA,NA,"Unknown"
"F...100224","A...842051","A...774908",2653,0,1988,1988,"Vlieland","659",53.29611,5.06619,"GREAT TIT",NA,NA,NA,NA,NA,"",NA,NA,NA,NA,NA,NA,NA,NA,NA,NA,NA,NA,NA,"Unknown"
"F...100225","A...842051","A...774908",2653,0,1988,1988,"Vlieland","659",53.29611,5.06619,"GREAT TIT",NA,NA,NA,NA,NA,"",NA,NA,NA,NA,NA,NA,NA,NA,NA,NA,NA,NA,NA,"Unknown"
"F...100374","A...817594","A...904768",2321,0,1988,1988,"Vlieland","565",53.30207,5.06711,"GREAT TIT",NA,NA,NA,NA,NA,"",NA,NA,NA,NA,NA,NA,NA,NA,NA,NA,NA,NA,NA,"Unknown"
"F...100375","A...817594","A...904768",2321,0,1988,1988,"Vlieland","565",53.30207,5.06711,"GREAT TIT",NA,NA,NA,NA,NA,"",NA,NA,NA,NA,NA,NA,NA,NA,NA,NA,NA,NA,NA,"Unknown"
"F...100376","A...817594","A...904768",2321,0,1988,1988,"Vlieland","565",53.30207,5.06711,"GREAT TIT",NA,NA,NA,NA,NA,"",NA,NA,NA,NA,NA,NA,NA,NA,NA,NA,NA,NA,NA,"Unknown"
"F...100377","A...817594","A...904768",2321,1,1988,1988,"Vlieland","565",53.30207,5.06711,"GREAT TIT",NA,NA,NA,NA,NA,"",NA,NA,NA,NA,NA,NA,NA,NA,NA,NA,NA,NA,NA,"Female"
"F...100378","A...817594","A...904768",2321,0,1988,1988,"Vlieland","565",53.30207,5.06711,"GREAT TIT",NA,NA,NA,NA,NA,"",NA,NA,NA,NA,NA,NA,NA,NA,NA,NA,NA,NA,NA,"Unknown"
"F...100379","A...817594","A...904768",2321,0,1988,1988,"Vlieland","565",53.30207,5.06711,"GREAT TIT",NA,NA,NA,NA,NA,"",NA,NA,NA,NA,NA,NA,NA,NA,NA,NA,NA,NA,NA,"Unknown"
"F...100380","A...817594","A...904768",2321,0,1988,1988,"Vlieland","565",53.30207,5.06711,"GREAT TIT",NA,NA,NA,NA,NA,"",NA,NA,NA,NA,NA,NA,NA,NA,NA,NA,NA,NA,NA,"Unknown"
"F...100706",NA,NA,2655,0,1988,1988,"Vlieland","674",53.29611,5.06619,"BLUE TIT",NA,NA,NA,NA,NA,"",NA,NA,NA,NA,NA,NA,NA,NA,NA,NA,NA,NA,NA,"Unknown"
"F...100707",NA,NA,2655,0,1988,1988,"Vlieland","674",53.29611,5.06619,"BLUE TIT",NA,NA,NA,NA,NA,"",NA,NA,NA,NA,NA,NA,NA,NA,NA,NA,NA,NA,NA,"Unknown"
"F...100708",NA,NA,2655,0,1988,1988,"Vlieland","674",53.29611,5.06619,"BLUE TIT",NA,NA,NA,NA,NA,"",NA,NA,NA,NA,NA,NA,NA,NA,NA,NA,NA,NA,NA,"Unknown"
"F...100709",NA,NA,2655,0,1988,1988,"Vlieland","674",53.29611,5.06619,"BLUE TIT",NA,NA,NA,NA,NA,"",NA,NA,NA,NA,NA,NA,NA,NA,NA,NA,NA,NA,NA,"Unknown"
"F...100710",NA,NA,2655,0,1988,1988,"Vlieland","674",53.29611,5.06619,"BLUE TIT",NA,NA,NA,NA,NA,"",NA,NA,NA,NA,NA,NA,NA,NA,NA,NA,NA,NA,NA,"Unknown"
"F...100711",NA,NA,2655,0,1988,1988,"Vlieland","674",53.29611,5.06619,"BLUE TIT",NA,NA,NA,NA,NA,"",NA,NA,NA,NA,NA,NA,NA,NA,NA,NA,NA,NA,NA,"Unknown"
"F...100712",NA,NA,2655,0,1988,1988,"Vlieland","674",53.29611,5.06619,"BLUE TIT",NA,NA,NA,NA,NA,"",NA,NA,NA,NA,NA,NA,NA,NA,NA,NA,NA,NA,NA,"Unknown"
"F...100713",NA,NA,2655,0,1988,1988,"Vlieland","674",53.29611,5.06619,"BLUE TIT",NA,NA,NA,NA,NA,"",NA,NA,NA,NA,NA,NA,NA,NA,NA,NA,NA,NA,NA,"Unknown"
"F...100714",NA,NA,2655,0,1988,1988,"Vlieland","674",53.29611,5.06619,"BLUE TIT",NA,NA,NA,NA,NA,"",NA,NA,NA,NA,NA,NA,NA,NA,NA,NA,NA,NA,NA,"Unknown"
"F...100715",NA,NA,2655,0,1988,1988,"Vlieland","674",53.29611,5.06619,"BLUE TIT",NA,NA,NA,NA,NA,"",NA,NA,NA,NA,NA,NA,NA,NA,NA,NA,NA,NA,NA,"Unknown"
"F...100716",NA,NA,2655,0,1988,1988,"Vlieland","674",53.29611,5.06619,"BLUE TIT",NA,NA,NA,NA,NA,"",NA,NA,NA,NA,NA,NA,NA,NA,NA,NA,NA,NA,NA,"Unknown"
"F...100800","A...687187",NA,10318,0,1988,1988,"Vlieland","2027",53.29968336,5.0739136,"GREAT TIT",NA,NA,NA,NA,NA,"",NA,NA,NA,NA,NA,NA,NA,NA,NA,NA,NA,NA,NA,"Unknown"
"F...100823",NA,NA,2809,0,1988,1988,"Vlieland","901",53.26087,4.95874,"BLUE TIT",NA,NA,NA,NA,NA,"",NA,NA,NA,NA,NA,NA,NA,NA,NA,NA,NA,NA,NA,"Unknown"
"F...101042","A...904898","A...906331",2141,0,1988,1988,"Vlieland","509",53.294532,5.046622,"GREAT TIT",NA,NA,NA,NA,NA,"",NA,NA,NA,NA,NA,NA,NA,NA,NA,NA,NA,NA,NA,"Unknown"
"F...101043","A...904898","A...906331",2141,0,1988,1988,"Vlieland","509",53.294532,5.046622,"GREAT TIT",NA,NA,NA,NA,NA,"",NA,NA,NA,NA,NA,NA,NA,NA,NA,NA,NA,NA,NA,"Unknown"
"F...101044","A...904898","A...906331",2141,0,1988,1988,"Vlieland","509",53.294532,5.046622,"GREAT TIT",NA,NA,NA,NA,NA,"",NA,NA,NA,NA,NA,NA,NA,NA,NA,NA,NA,NA,NA,"Unknown"
"F...101045","A...904898","A...906331",2141,0,1988,1988,"Vlieland","509",53.294532,5.046622,"GREAT TIT",NA,NA,NA,NA,NA,"",NA,NA,NA,NA,NA,NA,NA,NA,NA,NA,NA,NA,NA,"Unknown"
"F...101046","A...904898","A...906331",2141,0,1988,1988,"Vlieland","509",53.294532,5.046622,"GREAT TIT",NA,NA,NA,NA,NA,"",NA,NA,NA,NA,NA,NA,NA,NA,NA,NA,NA,NA,NA,"Unknown"
"F...101047","A...904898","A...906331",2141,0,1988,1988,"Vlieland","509",53.294532,5.046622,"GREAT TIT",NA,NA,NA,NA,NA,"",NA,NA,NA,NA,NA,NA,NA,NA,NA,NA,NA,NA,NA,"Unknown"
"F...101158","A...841787","A...841541",2489,0,1988,1988,"Vlieland","801",53.30207,5.06711,"GREAT TIT",NA,NA,NA,NA,NA,"",NA,NA,NA,NA,NA,NA,NA,NA,NA,NA,NA,NA,NA,"Unknown"
"F...101159","A...841787","A...841541",2489,0,1988,1988,"Vlieland","801",53.30207,5.06711,"GREAT TIT",NA,NA,NA,NA,NA,"",NA,NA,NA,NA,NA,NA,NA,NA,NA,NA,NA,NA,NA,"Unknown"
"F...101160","A...841787","A...841541",2489,0,1988,1988,"Vlieland","801",53.30207,5.06711,"GREAT TIT",NA,NA,NA,NA,NA,"",NA,NA,NA,NA,NA,NA,NA,NA,NA,NA,NA,NA,NA,"Unknown"
"F...101161","A...841787","A...841541",2489,0,1988,1988,"Vlieland","801",53.30207,5.06711,"GREAT TIT",NA,NA,NA,NA,NA,"",NA,NA,NA,NA,NA,NA,NA,NA,NA,NA,NA,NA,NA,"Unknown"
"F...101162","A...841787","A...841541",2489,0,1988,1988,"Vlieland","801",53.30207,5.06711,"GREAT TIT",NA,NA,NA,NA,NA,"",NA,NA,NA,NA,NA,NA,NA,NA,NA,NA,NA,NA,NA,"Unknown"
"F...101207","A...841649",NA,6958,0,1988,1988,"Vlieland","933",53.29611,5.06619,"GREAT TIT",NA,NA,NA,NA,NA,"",NA,NA,NA,NA,NA,NA,NA,NA,NA,NA,NA,NA,NA,"Unknown"
"F...101208","A...841649",NA,6958,0,1988,1988,"Vlieland","933",53.29611,5.06619,"GREAT TIT",NA,NA,NA,NA,NA,"",NA,NA,NA,NA,NA,NA,NA,NA,NA,NA,NA,NA,NA,"Unknown"
"F...101209","A...841649",NA,6958,0,1988,1988,"Vlieland","933",53.29611,5.06619,"GREAT TIT",NA,NA,NA,NA,NA,"",NA,NA,NA,NA,NA,NA,NA,NA,NA,NA,NA,NA,NA,"Unknown"
"F...101210","A...841649",NA,6958,0,1988,1988,"Vlieland","933",53.29611,5.06619,"GREAT TIT",NA,NA,NA,NA,NA,"",NA,NA,NA,NA,NA,NA,NA,NA,NA,NA,NA,NA,NA,"Unknown"
"F...101211","A...841649",NA,6958,0,1988,1988,"Vlieland","933",53.29611,5.06619,"GREAT TIT",NA,NA,NA,NA,NA,"",NA,NA,NA,NA,NA,NA,NA,NA,NA,NA,NA,NA,NA,"Unknown"
"F...101212","A...841649",NA,6958,0,1988,1988,"Vlieland","933",53.29611,5.06619,"GREAT TIT",NA,NA,NA,NA,NA,"",NA,NA,NA,NA,NA,NA,NA,NA,NA,NA,NA,NA,NA,"Unknown"
"F...101222","A...841757","A...841272",2807,0,1988,1988,"Vlieland","813",53.26087,4.95874,"GREAT TIT",NA,NA,NA,NA,NA,"",NA,NA,NA,NA,NA,NA,NA,NA,NA,NA,NA,NA,NA,"Unknown"
"F...101223","A...841757","A...841272",2807,0,1988,1988,"Vlieland","813",53.26087,4.95874,"GREAT TIT",NA,NA,NA,NA,NA,"",NA,NA,NA,NA,NA,NA,NA,NA,NA,NA,NA,NA,NA,"Unknown"
"F...101224","A...841757","A...841272",2807,0,1988,1988,"Vlieland","813",53.26087,4.95874,"GREAT TIT",NA,NA,NA,NA,NA,"",NA,NA,NA,NA,NA,NA,NA,NA,NA,NA,NA,NA,NA,"Unknown"
"F...101225","A...841757","A...841272",2807,0,1988,1988,"Vlieland","813",53.26087,4.95874,"GREAT TIT",NA,NA,NA,NA,NA,"",NA,NA,NA,NA,NA,NA,NA,NA,NA,NA,NA,NA,NA,"Unknown"
"F...101226","A...841757","A...841272",2807,0,1988,1988,"Vlieland","813",53.26087,4.95874,"GREAT TIT",NA,NA,NA,NA,NA,"",NA,NA,NA,NA,NA,NA,NA,NA,NA,NA,NA,NA,NA,"Unknown"
"F...101227","A...841757","A...841272",2807,0,1988,1988,"Vlieland","813",53.26087,4.95874,"GREAT TIT",NA,NA,NA,NA,NA,"",NA,NA,NA,NA,NA,NA,NA,NA,NA,NA,NA,NA,NA,"Unknown"
"F...101228","A...841757","A...841272",2807,0,1988,1988,"Vlieland","813",53.26087,4.95874,"GREAT TIT",NA,NA,NA,NA,NA,"",NA,NA,NA,NA,NA,NA,NA,NA,NA,NA,NA,NA,NA,"Unknown"
"F...101654","A...841709","A...688364",2143,0,1988,1988,"Vlieland","511",53.297505,5.047932,"GREAT TIT",NA,NA,NA,NA,NA,"",NA,NA,NA,NA,NA,NA,NA,NA,NA,NA,NA,NA,NA,"Unknown"
"F...101655","A...841709","A...688364",2143,0,1988,1988,"Vlieland","511",53.297505,5.047932,"GREAT TIT",NA,NA,NA,NA,NA,"",NA,NA,NA,NA,NA,NA,NA,NA,NA,NA,NA,NA,NA,"Unknown"
"F...101656","A...841709","A...688364",2143,0,1988,1988,"Vlieland","511",53.297505,5.047932,"GREAT TIT",NA,NA,NA,NA,NA,"",NA,NA,NA,NA,NA,NA,NA,NA,NA,NA,NA,NA,NA,"Unknown"
"F...101657","A...841709","A...688364",2143,0,1988,1988,"Vlieland","511",53.297505,5.047932,"GREAT TIT",NA,NA,NA,NA,NA,"",NA,NA,NA,NA,NA,NA,NA,NA,NA,NA,NA,NA,NA,"Unknown"
"F...101658","A...841709","A...688364",2143,0,1988,1988,"Vlieland","511",53.297505,5.047932,"GREAT TIT",NA,NA,NA,NA,NA,"",NA,NA,NA,NA,NA,NA,NA,NA,NA,NA,NA,NA,NA,"Unknown"
"F...101659","A...841709","A...688364",2143,0,1988,1988,"Vlieland","511",53.297505,5.047932,"GREAT TIT",NA,NA,NA,NA,NA,"",NA,NA,NA,NA,NA,NA,NA,NA,NA,NA,NA,NA,NA,"Unknown"
"F...101660","A...841709","A...688364",2143,0,1988,1988,"Vlieland","511",53.297505,5.047932,"GREAT TIT",NA,NA,NA,NA,NA,"",NA,NA,NA,NA,NA,NA,NA,NA,NA,NA,NA,NA,NA,"Unknown"
"F...101661","A...841709","A...688364",2143,0,1988,1988,"Vlieland","511",53.297505,5.047932,"GREAT TIT",NA,NA,NA,NA,NA,"",NA,NA,NA,NA,NA,NA,NA,NA,NA,NA,NA,NA,NA,"Unknown"
"F...102297","A...904843","A...904112",6956,0,1988,1988,"Vlieland","931",53.29611,5.06619,"GREAT TIT",NA,NA,NA,NA,NA,"",NA,NA,NA,NA,NA,NA,NA,NA,NA,NA,NA,NA,NA,"Unknown"
"F...102298","A...904843","A...904112",6956,0,1988,1988,"Vlieland","931",53.29611,5.06619,"GREAT TIT",NA,NA,NA,NA,NA,"",NA,NA,NA,NA,NA,NA,NA,NA,NA,NA,NA,NA,NA,"Unknown"
"F...102299","A...904843","A...904112",6956,0,1988,1988,"Vlieland","931",53.29611,5.06619,"GREAT TIT",NA,NA,NA,NA,NA,"",NA,NA,NA,NA,NA,NA,NA,NA,NA,NA,NA,NA,NA,"Unknown"
"F...102300","A...904898","A...906331",2141,0,1988,1988,"Vlieland","509",53.294532,5.046622,"GREAT TIT",NA,NA,NA,NA,NA,"",NA,NA,NA,NA,NA,NA,NA,NA,NA,NA,NA,NA,NA,"Unknown"
"F...103180","F...103050",NA,1971,2,1988,1988,"Vlieland","42",53.27053,4.97819,"GREAT TIT",NA,NA,NA,NA,NA,"",NA,NA,NA,NA,NA,NA,NA,NA,NA,NA,NA,NA,NA,"Male"
"F...103181","F...103050",NA,1971,2,1988,1988,"Vlieland","42",53.27053,4.97819,"GREAT TIT",NA,NA,NA,NA,NA,"",NA,NA,NA,NA,NA,NA,NA,NA,NA,NA,NA,NA,NA,"Male"
"F...103182","F...103050",NA,1971,1,1988,1988,"Vlieland","42",53.27053,4.97819,"GREAT TIT",NA,NA,NA,NA,NA,"",NA,NA,NA,NA,NA,NA,NA,NA,NA,NA,NA,NA,NA,"Female"
"F...103783","A...900624","A...900359",2324,2,1988,1988,"Vlieland","567",53.30207,5.06711,"GREAT TIT",NA,NA,NA,NA,NA,"",NA,NA,NA,NA,NA,NA,NA,NA,NA,NA,NA,NA,NA,"Male"
"F...103784","A...900624","A...900359",2324,1,1988,1988,"Vlieland","567",53.30207,5.06711,"GREAT TIT",NA,NA,NA,NA,NA,"",NA,NA,NA,NA,NA,NA,NA,NA,NA,NA,NA,NA,NA,"Female"
"F...146517","A...909750","A...909610",1975,0,1989,1989,"Vlieland","45",53.270777,4.980888,"BLUE TIT",NA,NA,NA,NA,NA,"",NA,NA,NA,NA,NA,NA,NA,NA,NA,NA,NA,NA,NA,"Unknown"
"F...146518","A...909750","A...909610",1975,0,1989,1989,"Vlieland","45",53.270777,4.980888,"BLUE TIT",NA,NA,NA,NA,NA,"",NA,NA,NA,NA,NA,NA,NA,NA,NA,NA,NA,NA,NA,"Unknown"
"F...146519","A...909750","A...909610",1975,0,1989,1989,"Vlieland","45",53.270777,4.980888,"BLUE TIT",NA,NA,NA,NA,NA,"",NA,NA,NA,NA,NA,NA,NA,NA,NA,NA,NA,NA,NA,"Unknown"
"F...146520","A...909750","A...909610",1975,1,1989,1989,"Vlieland","45",53.270777,4.980888,"BLUE TIT",NA,NA,NA,NA,NA,"",1,1,1990,1990,0,12,12,12,12,NA,NA,4719.41402216058,4719.41402216058,"Female"
"F...146521","A...909750","A...909610",1975,0,1989,1989,"Vlieland","45",53.270777,4.980888,"BLUE TIT",NA,NA,NA,NA,NA,"",NA,NA,NA,NA,NA,NA,NA,NA,NA,NA,NA,NA,NA,"Unknown"
"F...146522","A...909750","A...909610",1975,0,1989,1989,"Vlieland","45",53.270777,4.980888,"BLUE TIT",NA,NA,NA,NA,NA,"",NA,NA,NA,NA,NA,NA,NA,NA,NA,NA,NA,NA,NA,"Unknown"
"F...146523","A...909750","A...909610",1975,0,1989,1989,"Vlieland","45",53.270777,4.980888,"BLUE TIT",NA,NA,NA,NA,NA,"",NA,NA,NA,NA,NA,NA,NA,NA,NA,NA,NA,NA,NA,"Unknown"
"F...163013","A...904898","A...906331",2146,0,1989,1989,"Vlieland","534",53.29754,5.05056,"GREAT TIT",NA,NA,NA,NA,NA,"",NA,NA,NA,NA,NA,NA,NA,NA,NA,NA,NA,NA,NA,"Unknown"
"F...163014","A...904898","A...906331",2146,0,1989,1989,"Vlieland","534",53.29754,5.05056,"GREAT TIT",NA,NA,NA,NA,NA,"",NA,NA,NA,NA,NA,NA,NA,NA,NA,NA,NA,NA,NA,"Unknown"
"F...163015","A...904898","A...906331",2146,0,1989,1989,"Vlieland","534",53.29754,5.05056,"GREAT TIT",NA,NA,NA,NA,NA,"",NA,NA,NA,NA,NA,NA,NA,NA,NA,NA,NA,NA,NA,"Unknown"
"F...163016","A...904898","A...906331",2146,0,1989,1989,"Vlieland","534",53.29754,5.05056,"GREAT TIT",NA,NA,NA,NA,NA,"",NA,NA,NA,NA,NA,NA,NA,NA,NA,NA,NA,NA,NA,"Unknown"
"F...163017","A...904898","A...906331",2146,0,1989,1989,"Vlieland","534",53.29754,5.05056,"GREAT TIT",NA,NA,NA,NA,NA,"",NA,NA,NA,NA,NA,NA,NA,NA,NA,NA,NA,NA,NA,"Unknown"
"F...163018","A...904898","A...906331",2146,0,1989,1989,"Vlieland","534",53.29754,5.05056,"GREAT TIT",NA,NA,NA,NA,NA,"",NA,NA,NA,NA,NA,NA,NA,NA,NA,NA,NA,NA,NA,"Unknown"
"F...163019","A...904898","A...906331",2146,0,1989,1989,"Vlieland","534",53.29754,5.05056,"GREAT TIT",NA,NA,NA,NA,NA,"",NA,NA,NA,NA,NA,NA,NA,NA,NA,NA,NA,NA,NA,"Unknown"
"F...163020","A...904898","A...906331",2146,0,1989,1989,"Vlieland","534",53.29754,5.05056,"GREAT TIT",NA,NA,NA,NA,NA,"",NA,NA,NA,NA,NA,NA,NA,NA,NA,NA,NA,NA,NA,"Unknown"
"F...163021","A...904898","A...906331",2146,0,1989,1989,"Vlieland","534",53.29754,5.05056,"GREAT TIT",NA,NA,NA,NA,NA,"",NA,NA,NA,NA,NA,NA,NA,NA,NA,NA,NA,NA,NA,"Unknown"
"F...163162",NA,NA,6962,0,1989,1989,"Vlieland","937",53.29611,5.06619,"BLUE TIT",NA,NA,NA,NA,NA,"",NA,NA,NA,NA,NA,NA,NA,NA,NA,NA,NA,NA,NA,"Unknown"
"F...163163",NA,NA,6962,0,1989,1989,"Vlieland","937",53.29611,5.06619,"BLUE TIT",NA,NA,NA,NA,NA,"",NA,NA,NA,NA,NA,NA,NA,NA,NA,NA,NA,NA,NA,"Unknown"
"F...163164",NA,NA,6962,0,1989,1989,"Vlieland","937",53.29611,5.06619,"BLUE TIT",NA,NA,NA,NA,NA,"",NA,NA,NA,NA,NA,NA,NA,NA,NA,NA,NA,NA,NA,"Unknown"
"F...163165",NA,NA,6962,0,1989,1989,"Vlieland","937",53.29611,5.06619,"BLUE TIT",NA,NA,NA,NA,NA,"",NA,NA,NA,NA,NA,NA,NA,NA,NA,NA,NA,NA,NA,"Unknown"
"F...163166",NA,NA,6962,0,1989,1989,"Vlieland","937",53.29611,5.06619,"BLUE TIT",NA,NA,NA,NA,NA,"",NA,NA,NA,NA,NA,NA,NA,NA,NA,NA,NA,NA,NA,"Unknown"
"F...163167",NA,NA,6962,0,1989,1989,"Vlieland","937",53.29611,5.06619,"BLUE TIT",NA,NA,NA,NA,NA,"",NA,NA,NA,NA,NA,NA,NA,NA,NA,NA,NA,NA,NA,"Unknown"
"F...163168",NA,NA,6962,0,1989,1989,"Vlieland","937",53.29611,5.06619,"BLUE TIT",NA,NA,NA,NA,NA,"",NA,NA,NA,NA,NA,NA,NA,NA,NA,NA,NA,NA,NA,"Unknown"
"F...163169",NA,NA,6962,0,1989,1989,"Vlieland","937",53.29611,5.06619,"BLUE TIT",NA,NA,NA,NA,NA,"",NA,NA,NA,NA,NA,NA,NA,NA,NA,NA,NA,NA,NA,"Unknown"
"F...163170",NA,NA,6962,0,1989,1989,"Vlieland","937",53.29611,5.06619,"BLUE TIT",NA,NA,NA,NA,NA,"",NA,NA,NA,NA,NA,NA,NA,NA,NA,NA,NA,NA,NA,"Unknown"
"F...163171",NA,NA,6962,0,1989,1989,"Vlieland","937",53.29611,5.06619,"BLUE TIT",NA,NA,NA,NA,NA,"",NA,NA,NA,NA,NA,NA,NA,NA,NA,NA,NA,NA,NA,"Unknown"
"F...163303",NA,NA,2659,0,1989,1989,"Vlieland","678",53.29611,5.06619,"BLUE TIT",NA,NA,NA,NA,NA,"",NA,NA,NA,NA,NA,NA,NA,NA,NA,NA,NA,NA,NA,"Unknown"
"F...163304",NA,NA,2659,0,1989,1989,"Vlieland","678",53.29611,5.06619,"BLUE TIT",NA,NA,NA,NA,NA,"",NA,NA,NA,NA,NA,NA,NA,NA,NA,NA,NA,NA,NA,"Unknown"
"F...163305",NA,NA,2659,0,1989,1989,"Vlieland","678",53.29611,5.06619,"BLUE TIT",NA,NA,NA,NA,NA,"",NA,NA,NA,NA,NA,NA,NA,NA,NA,NA,NA,NA,NA,"Unknown"
"F...163306",NA,NA,2659,0,1989,1989,"Vlieland","678",53.29611,5.06619,"BLUE TIT",NA,NA,NA,NA,NA,"",NA,NA,NA,NA,NA,NA,NA,NA,NA,NA,NA,NA,NA,"Unknown"
"F...163307",NA,NA,2659,0,1989,1989,"Vlieland","678",53.29611,5.06619,"BLUE TIT",NA,NA,NA,NA,NA,"",NA,NA,NA,NA,NA,NA,NA,NA,NA,NA,NA,NA,NA,"Unknown"
"F...163308",NA,NA,2659,0,1989,1989,"Vlieland","678",53.29611,5.06619,"BLUE TIT",NA,NA,NA,NA,NA,"",NA,NA,NA,NA,NA,NA,NA,NA,NA,NA,NA,NA,NA,"Unknown"
"F...163309",NA,NA,2659,0,1989,1989,"Vlieland","678",53.29611,5.06619,"BLUE TIT",NA,NA,NA,NA,NA,"",NA,NA,NA,NA,NA,NA,NA,NA,NA,NA,NA,NA,NA,"Unknown"
"F...163310",NA,NA,2659,0,1989,1989,"Vlieland","678",53.29611,5.06619,"BLUE TIT",NA,NA,NA,NA,NA,"",NA,NA,NA,NA,NA,NA,NA,NA,NA,NA,NA,NA,NA,"Unknown"
"F...163311",NA,NA,2659,0,1989,1989,"Vlieland","678",53.29611,5.06619,"BLUE TIT",NA,NA,NA,NA,NA,"",NA,NA,NA,NA,NA,NA,NA,NA,NA,NA,NA,NA,NA,"Unknown"
"F...163312",NA,NA,2659,0,1989,1989,"Vlieland","678",53.29611,5.06619,"BLUE TIT",NA,NA,NA,NA,NA,"",NA,NA,NA,NA,NA,NA,NA,NA,NA,NA,NA,NA,NA,"Unknown"
"F...163542","A...840955","A...904664",1973,0,1989,1989,"Vlieland","43",53.27053,4.97819,"GREAT TIT",NA,NA,NA,NA,NA,"",NA,NA,NA,NA,NA,NA,NA,NA,NA,NA,NA,NA,NA,"Unknown"
"F...163543","A...840955","A...904664",1973,1,1989,1989,"Vlieland","43",53.27053,4.97819,"GREAT TIT",NA,NA,NA,NA,NA,"",NA,NA,NA,NA,NA,NA,NA,NA,NA,NA,NA,NA,NA,"Female"
"F...163544","A...840955","A...904664",1973,2,1989,1989,"Vlieland","43",53.27053,4.97819,"GREAT TIT",NA,NA,NA,NA,NA,"",NA,NA,NA,NA,NA,NA,NA,NA,NA,NA,NA,NA,NA,"Male"
"F...163545","A...840955","A...904664",1973,1,1989,1989,"Vlieland","43",53.27053,4.97819,"GREAT TIT",NA,NA,NA,NA,NA,"",NA,NA,NA,NA,NA,NA,NA,NA,NA,NA,NA,NA,NA,"Female"
"F...163546","A...840955","A...904664",1973,0,1989,1989,"Vlieland","43",53.27053,4.97819,"GREAT TIT",NA,NA,NA,NA,NA,"",NA,NA,NA,NA,NA,NA,NA,NA,NA,NA,NA,NA,NA,"Unknown"
"F...163547","A...840955","A...904664",1973,1,1989,1989,"Vlieland","43",53.27053,4.97819,"GREAT TIT",NA,NA,NA,NA,NA,"",NA,NA,NA,NA,NA,NA,NA,NA,NA,NA,NA,NA,NA,"Female"
"F...163548","A...840955","A...904664",1973,1,1989,1989,"Vlieland","43",53.27053,4.97819,"GREAT TIT",NA,NA,NA,NA,NA,"",NA,NA,NA,NA,NA,NA,NA,NA,NA,NA,NA,NA,NA,"Female"
"F...163964","A...906878",NA,9322,0,1989,1989,"Vlieland","1039",53.29611,5.06619,"BLUE TIT",NA,NA,NA,NA,NA,"",NA,NA,NA,NA,NA,NA,NA,NA,NA,NA,NA,NA,NA,"Unknown"
"F...163965","A...906878",NA,9322,0,1989,1989,"Vlieland","1039",53.29611,5.06619,"BLUE TIT",NA,NA,NA,NA,NA,"",NA,NA,NA,NA,NA,NA,NA,NA,NA,NA,NA,NA,NA,"Unknown"
"F...163966","A...906878",NA,9322,0,1989,1989,"Vlieland","1039",53.29611,5.06619,"BLUE TIT",NA,NA,NA,NA,NA,"",NA,NA,NA,NA,NA,NA,NA,NA,NA,NA,NA,NA,NA,"Unknown"
"F...163967","A...906878",NA,9322,0,1989,1989,"Vlieland","1039",53.29611,5.06619,"BLUE TIT",NA,NA,NA,NA,NA,"",NA,NA,NA,NA,NA,NA,NA,NA,NA,NA,NA,NA,NA,"Unknown"
"F...163968","A...906878",NA,9322,0,1989,1989,"Vlieland","1039",53.29611,5.06619,"BLUE TIT",NA,NA,NA,NA,NA,"",NA,NA,NA,NA,NA,NA,NA,NA,NA,NA,NA,NA,NA,"Unknown"
"F...163969","A...906878",NA,9322,0,1989,1989,"Vlieland","1039",53.29611,5.06619,"BLUE TIT",NA,NA,NA,NA,NA,"",NA,NA,NA,NA,NA,NA,NA,NA,NA,NA,NA,NA,NA,"Unknown"
"F...163970","A...906878",NA,9322,0,1989,1989,"Vlieland","1039",53.29611,5.06619,"BLUE TIT",NA,NA,NA,NA,NA,"",NA,NA,NA,NA,NA,NA,NA,NA,NA,NA,NA,NA,NA,"Unknown"
"F...163971","A...906878",NA,9322,0,1989,1989,"Vlieland","1039",53.29611,5.06619,"BLUE TIT",NA,NA,NA,NA,NA,"",NA,NA,NA,NA,NA,NA,NA,NA,NA,NA,NA,NA,NA,"Unknown"
"F...163972","A...906878",NA,9322,0,1989,1989,"Vlieland","1039",53.29611,5.06619,"BLUE TIT",NA,NA,NA,NA,NA,"",NA,NA,NA,NA,NA,NA,NA,NA,NA,NA,NA,NA,NA,"Unknown"
"F...164096","F...164095",NA,6804,0,1989,1989,"Vlieland","334",53.2854,5.02943,"BLUE TIT",NA,NA,NA,NA,NA,"",NA,NA,NA,NA,NA,NA,NA,NA,NA,NA,NA,NA,NA,"Unknown"
"F...164097","F...164095",NA,6804,0,1989,1989,"Vlieland","334",53.2854,5.02943,"BLUE TIT",NA,NA,NA,NA,NA,"",NA,NA,NA,NA,NA,NA,NA,NA,NA,NA,NA,NA,NA,"Unknown"
"F...164098","F...164095",NA,6804,0,1989,1989,"Vlieland","334",53.2854,5.02943,"BLUE TIT",NA,NA,NA,NA,NA,"",NA,NA,NA,NA,NA,NA,NA,NA,NA,NA,NA,NA,NA,"Unknown"
"F...164099","F...164095",NA,6804,0,1989,1989,"Vlieland","334",53.2854,5.02943,"BLUE TIT",NA,NA,NA,NA,NA,"",NA,NA,NA,NA,NA,NA,NA,NA,NA,NA,NA,NA,NA,"Unknown"
"F...164100","F...164095",NA,6804,0,1989,1989,"Vlieland","334",53.2854,5.02943,"BLUE TIT",NA,NA,NA,NA,NA,"",NA,NA,NA,NA,NA,NA,NA,NA,NA,NA,NA,NA,NA,"Unknown"
"F...164101",NA,NA,2813,0,1989,1989,"Vlieland","1004",53.26087,4.95874,"BLUE TIT",NA,NA,NA,NA,NA,"",NA,NA,NA,NA,NA,NA,NA,NA,NA,NA,NA,NA,NA,"Unknown"
"F...164102",NA,NA,2813,0,1989,1989,"Vlieland","1004",53.26087,4.95874,"BLUE TIT",NA,NA,NA,NA,NA,"",NA,NA,NA,NA,NA,NA,NA,NA,NA,NA,NA,NA,NA,"Unknown"
"F...164103",NA,NA,2813,0,1989,1989,"Vlieland","1004",53.26087,4.95874,"BLUE TIT",NA,NA,NA,NA,NA,"",NA,NA,NA,NA,NA,NA,NA,NA,NA,NA,NA,NA,NA,"Unknown"
"F...164104",NA,NA,2813,0,1989,1989,"Vlieland","1004",53.26087,4.95874,"BLUE TIT",NA,NA,NA,NA,NA,"",NA,NA,NA,NA,NA,NA,NA,NA,NA,NA,NA,NA,NA,"Unknown"
"F...164105",NA,NA,2813,0,1989,1989,"Vlieland","1004",53.26087,4.95874,"BLUE TIT",NA,NA,NA,NA,NA,"",NA,NA,NA,NA,NA,NA,NA,NA,NA,NA,NA,NA,NA,"Unknown"
"F...164106",NA,NA,2813,0,1989,1989,"Vlieland","1004",53.26087,4.95874,"BLUE TIT",NA,NA,NA,NA,NA,"",NA,NA,NA,NA,NA,NA,NA,NA,NA,NA,NA,NA,NA,"Unknown"
"F...164107",NA,NA,2813,0,1989,1989,"Vlieland","1004",53.26087,4.95874,"BLUE TIT",NA,NA,NA,NA,NA,"",NA,NA,NA,NA,NA,NA,NA,NA,NA,NA,NA,NA,NA,"Unknown"
"F...164108",NA,NA,2813,0,1989,1989,"Vlieland","1004",53.26087,4.95874,"BLUE TIT",NA,NA,NA,NA,NA,"",NA,NA,NA,NA,NA,NA,NA,NA,NA,NA,NA,NA,NA,"Unknown"
"F...164109",NA,NA,2813,0,1989,1989,"Vlieland","1004",53.26087,4.95874,"BLUE TIT",NA,NA,NA,NA,NA,"",NA,NA,NA,NA,NA,NA,NA,NA,NA,NA,NA,NA,NA,"Unknown"
"F...164110",NA,NA,2813,0,1989,1989,"Vlieland","1004",53.26087,4.95874,"BLUE TIT",NA,NA,NA,NA,NA,"",NA,NA,NA,NA,NA,NA,NA,NA,NA,NA,NA,NA,NA,"Unknown"
"F...164111",NA,NA,2813,0,1989,1989,"Vlieland","1004",53.26087,4.95874,"BLUE TIT",NA,NA,NA,NA,NA,"",NA,NA,NA,NA,NA,NA,NA,NA,NA,NA,NA,NA,NA,"Unknown"
"F...164112",NA,NA,2813,0,1989,1989,"Vlieland","1004",53.26087,4.95874,"BLUE TIT",NA,NA,NA,NA,NA,"",NA,NA,NA,NA,NA,NA,NA,NA,NA,NA,NA,NA,NA,"Unknown"
"F...164113",NA,NA,2813,0,1989,1989,"Vlieland","1004",53.26087,4.95874,"BLUE TIT",NA,NA,NA,NA,NA,"",NA,NA,NA,NA,NA,NA,NA,NA,NA,NA,NA,NA,NA,"Unknown"
"F...164132","F...164095",NA,6804,0,1989,1989,"Vlieland","334",53.2854,5.02943,"BLUE TIT",NA,NA,NA,NA,NA,"",NA,NA,NA,NA,NA,NA,NA,NA,NA,NA,NA,NA,NA,"Unknown"
"F...164133","F...164095",NA,6804,0,1989,1989,"Vlieland","334",53.2854,5.02943,"BLUE TIT",NA,NA,NA,NA,NA,"",NA,NA,NA,NA,NA,NA,NA,NA,NA,NA,NA,NA,NA,"Unknown"
"F...164134","F...164095",NA,6804,0,1989,1989,"Vlieland","334",53.2854,5.02943,"BLUE TIT",NA,NA,NA,NA,NA,"",NA,NA,NA,NA,NA,NA,NA,NA,NA,NA,NA,NA,NA,"Unknown"
"F...164135","F...164095",NA,6804,0,1989,1989,"Vlieland","334",53.2854,5.02943,"BLUE TIT",NA,NA,NA,NA,NA,"",NA,NA,NA,NA,NA,NA,NA,NA,NA,NA,NA,NA,NA,"Unknown"
"F...164136","F...164095",NA,6804,0,1989,1989,"Vlieland","334",53.2854,5.02943,"BLUE TIT",NA,NA,NA,NA,NA,"",NA,NA,NA,NA,NA,NA,NA,NA,NA,NA,NA,NA,NA,"Unknown"
"F...164137","F...164095",NA,6804,0,1989,1989,"Vlieland","334",53.2854,5.02943,"BLUE TIT",NA,NA,NA,NA,NA,"",NA,NA,NA,NA,NA,NA,NA,NA,NA,NA,NA,NA,NA,"Unknown"
"F...164138",NA,NA,1974,0,1989,1989,"Vlieland","44",53.27053,4.97819,"BLUE TIT",NA,NA,NA,NA,NA,"",NA,NA,NA,NA,NA,NA,NA,NA,NA,NA,NA,NA,NA,"Unknown"
"F...164139",NA,NA,1974,0,1989,1989,"Vlieland","44",53.27053,4.97819,"BLUE TIT",NA,NA,NA,NA,NA,"",NA,NA,NA,NA,NA,NA,NA,NA,NA,NA,NA,NA,NA,"Unknown"
"F...164140",NA,NA,1974,0,1989,1989,"Vlieland","44",53.27053,4.97819,"BLUE TIT",NA,NA,NA,NA,NA,"",NA,NA,NA,NA,NA,NA,NA,NA,NA,NA,NA,NA,NA,"Unknown"
"F...164141",NA,NA,1974,0,1989,1989,"Vlieland","44",53.27053,4.97819,"BLUE TIT",NA,NA,NA,NA,NA,"",NA,NA,NA,NA,NA,NA,NA,NA,NA,NA,NA,NA,NA,"Unknown"
"F...164142",NA,NA,1974,0,1989,1989,"Vlieland","44",53.27053,4.97819,"BLUE TIT",NA,NA,NA,NA,NA,"",NA,NA,NA,NA,NA,NA,NA,NA,NA,NA,NA,NA,NA,"Unknown"
"F...164143",NA,NA,1974,0,1989,1989,"Vlieland","44",53.27053,4.97819,"BLUE TIT",NA,NA,NA,NA,NA,"",NA,NA,NA,NA,NA,NA,NA,NA,NA,NA,NA,NA,NA,"Unknown"
"F...164144",NA,NA,1974,0,1989,1989,"Vlieland","44",53.27053,4.97819,"BLUE TIT",NA,NA,NA,NA,NA,"",NA,NA,NA,NA,NA,NA,NA,NA,NA,NA,NA,NA,NA,"Unknown"
"F...164145",NA,NA,1974,0,1989,1989,"Vlieland","44",53.27053,4.97819,"BLUE TIT",NA,NA,NA,NA,NA,"",NA,NA,NA,NA,NA,NA,NA,NA,NA,NA,NA,NA,NA,"Unknown"
"F...164146",NA,NA,1974,0,1989,1989,"Vlieland","44",53.27053,4.97819,"BLUE TIT",NA,NA,NA,NA,NA,"",NA,NA,NA,NA,NA,NA,NA,NA,NA,NA,NA,NA,NA,"Unknown"
"F...164147",NA,NA,1974,0,1989,1989,"Vlieland","44",53.27053,4.97819,"BLUE TIT",NA,NA,NA,NA,NA,"",NA,NA,NA,NA,NA,NA,NA,NA,NA,NA,NA,NA,NA,"Unknown"
"F...164173",NA,NA,2327,0,1989,1989,"Vlieland","569",53.30207,5.06711,"BLUE TIT",NA,NA,NA,NA,NA,"",NA,NA,NA,NA,NA,NA,NA,NA,NA,NA,NA,NA,NA,"Unknown"
"F...164174",NA,NA,2327,0,1989,1989,"Vlieland","569",53.30207,5.06711,"BLUE TIT",NA,NA,NA,NA,NA,"",NA,NA,NA,NA,NA,NA,NA,NA,NA,NA,NA,NA,NA,"Unknown"
"F...164175",NA,NA,2327,0,1989,1989,"Vlieland","569",53.30207,5.06711,"BLUE TIT",NA,NA,NA,NA,NA,"",NA,NA,NA,NA,NA,NA,NA,NA,NA,NA,NA,NA,NA,"Unknown"
"F...164176",NA,NA,2327,0,1989,1989,"Vlieland","569",53.30207,5.06711,"BLUE TIT",NA,NA,NA,NA,NA,"",NA,NA,NA,NA,NA,NA,NA,NA,NA,NA,NA,NA,NA,"Unknown"
"F...164177",NA,NA,2327,0,1989,1989,"Vlieland","569",53.30207,5.06711,"BLUE TIT",NA,NA,NA,NA,NA,"",NA,NA,NA,NA,NA,NA,NA,NA,NA,NA,NA,NA,NA,"Unknown"
"F...164178",NA,NA,2327,0,1989,1989,"Vlieland","569",53.30207,5.06711,"BLUE TIT",NA,NA,NA,NA,NA,"",NA,NA,NA,NA,NA,NA,NA,NA,NA,NA,NA,NA,NA,"Unknown"
"F...164179",NA,NA,2327,0,1989,1989,"Vlieland","569",53.30207,5.06711,"BLUE TIT",NA,NA,NA,NA,NA,"",NA,NA,NA,NA,NA,NA,NA,NA,NA,NA,NA,NA,NA,"Unknown"
"F...164180",NA,NA,2327,0,1989,1989,"Vlieland","569",53.30207,5.06711,"BLUE TIT",NA,NA,NA,NA,NA,"",NA,NA,NA,NA,NA,NA,NA,NA,NA,NA,NA,NA,NA,"Unknown"
"F...164181",NA,NA,2327,0,1989,1989,"Vlieland","569",53.30207,5.06711,"BLUE TIT",NA,NA,NA,NA,NA,"",NA,NA,NA,NA,NA,NA,NA,NA,NA,NA,NA,NA,NA,"Unknown"
"F...164182",NA,NA,2327,0,1989,1989,"Vlieland","569",53.30207,5.06711,"BLUE TIT",NA,NA,NA,NA,NA,"",NA,NA,NA,NA,NA,NA,NA,NA,NA,NA,NA,NA,NA,"Unknown"
"F...164183",NA,NA,2327,0,1989,1989,"Vlieland","569",53.30207,5.06711,"BLUE TIT",NA,NA,NA,NA,NA,"",NA,NA,NA,NA,NA,NA,NA,NA,NA,NA,NA,NA,NA,"Unknown"
"F...164327","A...775136","A...971297",10322,0,1989,1989,"Vlieland","2031",53.29973776,5.07430504,"GREAT TIT",NA,NA,NA,NA,NA,"",NA,NA,NA,NA,NA,NA,NA,NA,NA,NA,NA,NA,NA,"Unknown"
"F...164328","A...775136","A...971297",10322,0,1989,1989,"Vlieland","2031",53.29973776,5.07430504,"GREAT TIT",NA,NA,NA,NA,NA,"",NA,NA,NA,NA,NA,NA,NA,NA,NA,NA,NA,NA,NA,"Unknown"
"F...164329","A...775136","A...971297",10322,0,1989,1989,"Vlieland","2031",53.29973776,5.07430504,"GREAT TIT",NA,NA,NA,NA,NA,"",NA,NA,NA,NA,NA,NA,NA,NA,NA,NA,NA,NA,NA,"Unknown"
"F...164330","A...775136","A...971297",10322,0,1989,1989,"Vlieland","2031",53.29973776,5.07430504,"GREAT TIT",NA,NA,NA,NA,NA,"",NA,NA,NA,NA,NA,NA,NA,NA,NA,NA,NA,NA,NA,"Unknown"
"F...164331","A...775136","A...971297",10322,0,1989,1989,"Vlieland","2031",53.29973776,5.07430504,"GREAT TIT",NA,NA,NA,NA,NA,"",NA,NA,NA,NA,NA,NA,NA,NA,NA,NA,NA,NA,NA,"Unknown"
"F...164332","A...775136","A...971297",10322,0,1989,1989,"Vlieland","2031",53.29973776,5.07430504,"GREAT TIT",NA,NA,NA,NA,NA,"",NA,NA,NA,NA,NA,NA,NA,NA,NA,NA,NA,NA,NA,"Unknown"
"F...164333","A...775136","A...971297",10322,0,1989,1989,"Vlieland","2031",53.29973776,5.07430504,"GREAT TIT",NA,NA,NA,NA,NA,"",NA,NA,NA,NA,NA,NA,NA,NA,NA,NA,NA,NA,NA,"Unknown"
"F...164334","A...775136","A...971297",10322,0,1989,1989,"Vlieland","2031",53.29973776,5.07430504,"GREAT TIT",NA,NA,NA,NA,NA,"",NA,NA,NA,NA,NA,NA,NA,NA,NA,NA,NA,NA,NA,"Unknown"
"F...164335","A...775136","A...971297",10322,0,1989,1989,"Vlieland","2031",53.29973776,5.07430504,"GREAT TIT",NA,NA,NA,NA,NA,"",NA,NA,NA,NA,NA,NA,NA,NA,NA,NA,NA,NA,NA,"Unknown"
"F...164954","F...164970",NA,6164,0,1990,1990,"Vlieland","",53.27917,5.01198,"GREAT TIT",NA,NA,NA,NA,NA,"",NA,NA,NA,NA,NA,NA,NA,NA,NA,NA,NA,NA,NA,"Unknown"
"F...164955","F...164970",NA,6164,0,1990,1990,"Vlieland","",53.27917,5.01198,"GREAT TIT",NA,NA,NA,NA,NA,"",NA,NA,NA,NA,NA,NA,NA,NA,NA,NA,NA,NA,NA,"Unknown"
"F...164956","F...164970",NA,6164,0,1990,1990,"Vlieland","",53.27917,5.01198,"GREAT TIT",NA,NA,NA,NA,NA,"",NA,NA,NA,NA,NA,NA,NA,NA,NA,NA,NA,NA,NA,"Unknown"
"F...164957","F...164970",NA,6164,0,1990,1990,"Vlieland","",53.27917,5.01198,"GREAT TIT",NA,NA,NA,NA,NA,"",NA,NA,NA,NA,NA,NA,NA,NA,NA,NA,NA,NA,NA,"Unknown"
"F...164958","F...164970",NA,6164,0,1990,1990,"Vlieland","",53.27917,5.01198,"GREAT TIT",NA,NA,NA,NA,NA,"",NA,NA,NA,NA,NA,NA,NA,NA,NA,NA,NA,NA,NA,"Unknown"
"F...164959","F...164970",NA,6164,0,1990,1990,"Vlieland","",53.27917,5.01198,"GREAT TIT",NA,NA,NA,NA,NA,"",NA,NA,NA,NA,NA,NA,NA,NA,NA,NA,NA,NA,NA,"Unknown"
"F...164960","F...164970",NA,6164,0,1990,1990,"Vlieland","",53.27917,5.01198,"GREAT TIT",NA,NA,NA,NA,NA,"",NA,NA,NA,NA,NA,NA,NA,NA,NA,NA,NA,NA,NA,"Unknown"
"F...164985","F...164968","F...165249",1976,0,1990,1990,"Vlieland","45",53.27053,4.97819,"GREAT TIT",NA,NA,NA,NA,NA,"",NA,NA,NA,NA,NA,NA,NA,NA,NA,NA,NA,NA,NA,"Unknown"
"F...164986","F...164968","F...165249",1976,0,1990,1990,"Vlieland","45",53.27053,4.97819,"GREAT TIT",NA,NA,NA,NA,NA,"",NA,NA,NA,NA,NA,NA,NA,NA,NA,NA,NA,NA,NA,"Unknown"
"F...164987","F...164968","F...165249",1976,0,1990,1990,"Vlieland","45",53.27053,4.97819,"GREAT TIT",NA,NA,NA,NA,NA,"",NA,NA,NA,NA,NA,NA,NA,NA,NA,NA,NA,NA,NA,"Unknown"
"F...164988","F...164968","F...165249",1976,0,1990,1990,"Vlieland","45",53.27053,4.97819,"GREAT TIT",NA,NA,NA,NA,NA,"",NA,NA,NA,NA,NA,NA,NA,NA,NA,NA,NA,NA,NA,"Unknown"
"F...164989","F...164968","F...165249",1976,2,1990,1990,"Vlieland","45",53.27053,4.97819,"GREAT TIT",NA,NA,NA,NA,NA,"",NA,NA,NA,NA,NA,NA,NA,NA,NA,NA,NA,NA,NA,"Male"
"F...164990","F...164968","F...165249",1976,0,1990,1990,"Vlieland","45",53.27053,4.97819,"GREAT TIT",NA,NA,NA,NA,NA,"",NA,NA,NA,NA,NA,NA,NA,NA,NA,NA,NA,NA,NA,"Unknown"
"F...165056","A...842052","F...100091",2657,0,1989,1989,"Vlieland","676",53.29611,5.06619,"GREAT TIT",NA,NA,NA,NA,NA,"",NA,NA,NA,NA,NA,NA,NA,NA,NA,NA,NA,NA,NA,"Unknown"
"F...165057","A...842052","F...100091",2657,0,1989,1989,"Vlieland","676",53.29611,5.06619,"GREAT TIT",NA,NA,NA,NA,NA,"",NA,NA,NA,NA,NA,NA,NA,NA,NA,NA,NA,NA,NA,"Unknown"
"F...165058","A...842052","F...100091",2657,0,1989,1989,"Vlieland","676",53.29611,5.06619,"GREAT TIT",NA,NA,NA,NA,NA,"",NA,NA,NA,NA,NA,NA,NA,NA,NA,NA,NA,NA,NA,"Unknown"
"F...165059","A...842052","F...100091",2657,0,1989,1989,"Vlieland","676",53.29611,5.06619,"GREAT TIT",NA,NA,NA,NA,NA,"",NA,NA,NA,NA,NA,NA,NA,NA,NA,NA,NA,NA,NA,"Unknown"
"F...165060","A...842052","F...100091",2657,0,1989,1989,"Vlieland","676",53.29611,5.06619,"GREAT TIT",NA,NA,NA,NA,NA,"",NA,NA,NA,NA,NA,NA,NA,NA,NA,NA,NA,NA,NA,"Unknown"
"F...165061","A...842052","F...100091",2657,0,1989,1989,"Vlieland","676",53.29611,5.06619,"GREAT TIT",NA,NA,NA,NA,NA,"",NA,NA,NA,NA,NA,NA,NA,NA,NA,NA,NA,NA,NA,"Unknown"
"F...165062","A...842052","F...100091",2657,0,1989,1989,"Vlieland","676",53.29611,5.06619,"GREAT TIT",NA,NA,NA,NA,NA,"",NA,NA,NA,NA,NA,NA,NA,NA,NA,NA,NA,NA,NA,"Unknown"
"F...165063","A...842052","F...100091",2657,0,1989,1989,"Vlieland","676",53.29611,5.06619,"GREAT TIT",NA,NA,NA,NA,NA,"",NA,NA,NA,NA,NA,NA,NA,NA,NA,NA,NA,NA,NA,"Unknown"
"F...165064","A...842052","F...100091",2657,0,1989,1989,"Vlieland","676",53.29611,5.06619,"GREAT TIT",NA,NA,NA,NA,NA,"",NA,NA,NA,NA,NA,NA,NA,NA,NA,NA,NA,NA,NA,"Unknown"
"F...165065","A...842052","F...100091",2657,0,1989,1989,"Vlieland","676",53.29611,5.06619,"GREAT TIT",NA,NA,NA,NA,NA,"",NA,NA,NA,NA,NA,NA,NA,NA,NA,NA,NA,NA,NA,"Unknown"
"F...165066","A...842052","F...100091",2657,0,1989,1989,"Vlieland","676",53.29611,5.06619,"GREAT TIT",NA,NA,NA,NA,NA,"",NA,NA,NA,NA,NA,NA,NA,NA,NA,NA,NA,NA,NA,"Unknown"
"F...165228","F...165227","F...165225",6960,0,1989,1989,"Vlieland","935",53.29611,5.06619,"GREAT TIT",NA,NA,NA,NA,NA,"",NA,NA,NA,NA,NA,NA,NA,NA,NA,NA,NA,NA,NA,"Unknown"
"F...165229","F...165227","F...165225",6960,0,1989,1989,"Vlieland","935",53.29611,5.06619,"GREAT TIT",NA,NA,NA,NA,NA,"",NA,NA,NA,NA,NA,NA,NA,NA,NA,NA,NA,NA,NA,"Unknown"
"F...165230","F...165227","F...165225",6960,0,1989,1989,"Vlieland","935",53.29611,5.06619,"GREAT TIT",NA,NA,NA,NA,NA,"",NA,NA,NA,NA,NA,NA,NA,NA,NA,NA,NA,NA,NA,"Unknown"
"F...165231","F...165227","F...165225",6960,0,1989,1989,"Vlieland","935",53.29611,5.06619,"GREAT TIT",NA,NA,NA,NA,NA,"",NA,NA,NA,NA,NA,NA,NA,NA,NA,NA,NA,NA,NA,"Unknown"
"F...165232","F...165227","F...165225",6960,2,1989,1989,"Vlieland","935",53.29611,5.06619,"GREAT TIT",NA,NA,NA,NA,NA,"",NA,NA,NA,NA,NA,NA,NA,NA,NA,NA,NA,NA,NA,"Male"
"F...165233","F...165227","F...165225",6960,0,1989,1989,"Vlieland","935",53.29611,5.06619,"GREAT TIT",NA,NA,NA,NA,NA,"",NA,NA,NA,NA,NA,NA,NA,NA,NA,NA,NA,NA,NA,"Unknown"
"F...165234","F...165227","F...165225",6960,1,1989,1989,"Vlieland","935",53.29611,5.06619,"GREAT TIT",NA,NA,NA,NA,NA,"",NA,NA,NA,NA,NA,NA,NA,NA,NA,NA,NA,NA,NA,"Female"
"F...165235","F...165227","F...165225",6960,0,1989,1989,"Vlieland","935",53.29611,5.06619,"GREAT TIT",NA,NA,NA,NA,NA,"",NA,NA,NA,NA,NA,NA,NA,NA,NA,NA,NA,NA,NA,"Unknown"
"F...165236","F...165227","F...165225",6960,0,1989,1989,"Vlieland","935",53.29611,5.06619,"GREAT TIT",NA,NA,NA,NA,NA,"",NA,NA,NA,NA,NA,NA,NA,NA,NA,NA,NA,NA,NA,"Unknown"
"F...165237","F...165227","F...165225",6960,0,1989,1989,"Vlieland","935",53.29611,5.06619,"GREAT TIT",NA,NA,NA,NA,NA,"",NA,NA,NA,NA,NA,NA,NA,NA,NA,NA,NA,NA,NA,"Unknown"
"F...166720","F...100265","F...165016",2330,0,1990,1990,"Vlieland","572",53.30207,5.06711,"GREAT TIT",NA,NA,NA,NA,NA,"",NA,NA,NA,NA,NA,NA,NA,NA,NA,NA,NA,NA,NA,"Unknown"
"F...166721","F...100265","F...165016",2330,0,1990,1990,"Vlieland","572",53.30207,5.06711,"GREAT TIT",NA,NA,NA,NA,NA,"",NA,NA,NA,NA,NA,NA,NA,NA,NA,NA,NA,NA,NA,"Unknown"
"F...166722","F...100265","F...165016",2330,0,1990,1990,"Vlieland","572",53.30207,5.06711,"GREAT TIT",NA,NA,NA,NA,NA,"",NA,NA,NA,NA,NA,NA,NA,NA,NA,NA,NA,NA,NA,"Unknown"
"F...166723","F...100265","F...165016",2330,0,1990,1990,"Vlieland","572",53.30207,5.06711,"GREAT TIT",NA,NA,NA,NA,NA,"",NA,NA,NA,NA,NA,NA,NA,NA,NA,NA,NA,NA,NA,"Unknown"
"F...166724","F...100265","F...165016",2330,0,1990,1990,"Vlieland","572",53.30207,5.06711,"GREAT TIT",NA,NA,NA,NA,NA,"",NA,NA,NA,NA,NA,NA,NA,NA,NA,NA,NA,NA,NA,"Unknown"
"F...166725","F...100265","F...165016",2330,0,1990,1990,"Vlieland","572",53.30207,5.06711,"GREAT TIT",NA,NA,NA,NA,NA,"",NA,NA,NA,NA,NA,NA,NA,NA,NA,NA,NA,NA,NA,"Unknown"
"F...166726","F...100265","F...165016",2330,0,1990,1990,"Vlieland","572",53.30207,5.06711,"GREAT TIT",NA,NA,NA,NA,NA,"",NA,NA,NA,NA,NA,NA,NA,NA,NA,NA,NA,NA,NA,"Unknown"
"F...166727","F...100265","F...165016",2330,0,1990,1990,"Vlieland","572",53.30207,5.06711,"GREAT TIT",NA,NA,NA,NA,NA,"",NA,NA,NA,NA,NA,NA,NA,NA,NA,NA,NA,NA,NA,"Unknown"
"F...166728","F...100265","F...165016",2330,0,1990,1990,"Vlieland","572",53.30207,5.06711,"GREAT TIT",NA,NA,NA,NA,NA,"",NA,NA,NA,NA,NA,NA,NA,NA,NA,NA,NA,NA,NA,"Unknown"
"F...166729","F...100265","F...165016",2330,0,1990,1990,"Vlieland","572",53.30207,5.06711,"GREAT TIT",NA,NA,NA,NA,NA,"",NA,NA,NA,NA,NA,NA,NA,NA,NA,NA,NA,NA,NA,"Unknown"
"F...166730","F...100265","F...165016",2330,0,1990,1990,"Vlieland","572",53.30207,5.06711,"GREAT TIT",NA,NA,NA,NA,NA,"",NA,NA,NA,NA,NA,NA,NA,NA,NA,NA,NA,NA,NA,"Unknown"
"F...166946","F...164444",NA,2333,0,1990,1990,"Vlieland","574",53.30207,5.06711,"BLUE TIT",NA,NA,NA,NA,NA,"",NA,NA,NA,NA,NA,NA,NA,NA,NA,NA,NA,NA,NA,"Unknown"
"F...166947","F...164444",NA,2333,0,1990,1990,"Vlieland","574",53.30207,5.06711,"BLUE TIT",NA,NA,NA,NA,NA,"",NA,NA,NA,NA,NA,NA,NA,NA,NA,NA,NA,NA,NA,"Unknown"
"F...166948","F...164444",NA,2333,0,1990,1990,"Vlieland","574",53.30207,5.06711,"BLUE TIT",NA,NA,NA,NA,NA,"",NA,NA,NA,NA,NA,NA,NA,NA,NA,NA,NA,NA,NA,"Unknown"
"F...166949","F...164444",NA,2333,0,1990,1990,"Vlieland","574",53.30207,5.06711,"BLUE TIT",NA,NA,NA,NA,NA,"",NA,NA,NA,NA,NA,NA,NA,NA,NA,NA,NA,NA,NA,"Unknown"
"F...166950","F...164444",NA,2333,0,1990,1990,"Vlieland","574",53.30207,5.06711,"BLUE TIT",NA,NA,NA,NA,NA,"",NA,NA,NA,NA,NA,NA,NA,NA,NA,NA,NA,NA,NA,"Unknown"
"F...166980","F...100849",NA,1979,0,1990,1990,"Vlieland","47",53.27053,4.97819,"BLUE TIT",NA,NA,NA,NA,NA,"",NA,NA,NA,NA,NA,NA,NA,NA,NA,NA,NA,NA,NA,"Unknown"
"F...166981","F...100849",NA,1979,0,1990,1990,"Vlieland","47",53.27053,4.97819,"BLUE TIT",NA,NA,NA,NA,NA,"",NA,NA,NA,NA,NA,NA,NA,NA,NA,NA,NA,NA,NA,"Unknown"
"F...166982","F...100849",NA,1979,0,1990,1990,"Vlieland","47",53.27053,4.97819,"BLUE TIT",NA,NA,NA,NA,NA,"",NA,NA,NA,NA,NA,NA,NA,NA,NA,NA,NA,NA,NA,"Unknown"
"F...166983","F...100849",NA,1979,0,1990,1990,"Vlieland","47",53.27053,4.97819,"BLUE TIT",NA,NA,NA,NA,NA,"",NA,NA,NA,NA,NA,NA,NA,NA,NA,NA,NA,NA,NA,"Unknown"
"F...166984","F...100849",NA,1979,0,1990,1990,"Vlieland","47",53.27053,4.97819,"BLUE TIT",NA,NA,NA,NA,NA,"",NA,NA,NA,NA,NA,NA,NA,NA,NA,NA,NA,NA,NA,"Unknown"
"F...166985","F...100849",NA,1979,0,1990,1990,"Vlieland","47",53.27053,4.97819,"BLUE TIT",NA,NA,NA,NA,NA,"",NA,NA,NA,NA,NA,NA,NA,NA,NA,NA,NA,NA,NA,"Unknown"
"F...166986","F...100849",NA,1979,0,1990,1990,"Vlieland","47",53.27053,4.97819,"BLUE TIT",NA,NA,NA,NA,NA,"",NA,NA,NA,NA,NA,NA,NA,NA,NA,NA,NA,NA,NA,"Unknown"
"F...166987","F...100849",NA,1979,0,1990,1990,"Vlieland","47",53.27053,4.97819,"BLUE TIT",NA,NA,NA,NA,NA,"",NA,NA,NA,NA,NA,NA,NA,NA,NA,NA,NA,NA,NA,"Unknown"
"F...166988","F...100849",NA,1979,0,1990,1990,"Vlieland","47",53.27053,4.97819,"BLUE TIT",NA,NA,NA,NA,NA,"",NA,NA,NA,NA,NA,NA,NA,NA,NA,NA,NA,NA,NA,"Unknown"
"F...166989","F...100849",NA,1979,0,1990,1990,"Vlieland","47",53.27053,4.97819,"BLUE TIT",NA,NA,NA,NA,NA,"",NA,NA,NA,NA,NA,NA,NA,NA,NA,NA,NA,NA,NA,"Unknown"
"F...166990","F...100849",NA,1979,0,1990,1990,"Vlieland","47",53.27053,4.97819,"BLUE TIT",NA,NA,NA,NA,NA,"",NA,NA,NA,NA,NA,NA,NA,NA,NA,NA,NA,NA,NA,"Unknown"
"F...171176","F...103829","A...900359",2149,2,1989,1989,"Vlieland","538",53.29754,5.05056,"GREAT TIT",NA,NA,NA,NA,NA,"",NA,NA,NA,NA,NA,NA,NA,NA,NA,NA,NA,NA,NA,"Male"
"F...171177","F...103829","A...900359",2149,2,1989,1989,"Vlieland","538",53.29754,5.05056,"GREAT TIT",NA,NA,NA,NA,NA,"",NA,NA,NA,NA,NA,NA,NA,NA,NA,NA,NA,NA,NA,"Male"
"F...171178","F...103829","A...900359",2149,2,1989,1989,"Vlieland","538",53.29754,5.05056,"GREAT TIT",NA,NA,NA,NA,NA,"",NA,NA,NA,NA,NA,NA,NA,NA,NA,NA,NA,NA,NA,"Male"
"F...171179","F...103829","A...900359",2149,2,1989,1989,"Vlieland","538",53.29754,5.05056,"GREAT TIT",NA,NA,NA,NA,NA,"",NA,NA,NA,NA,NA,NA,NA,NA,NA,NA,NA,NA,NA,"Male"
"F...171180","F...103829","A...900359",2149,2,1989,1989,"Vlieland","538",53.29754,5.05056,"GREAT TIT",NA,NA,NA,NA,NA,"",NA,NA,NA,NA,NA,NA,NA,NA,NA,NA,NA,NA,NA,"Male"
"F...171181","F...103829","A...900359",2149,1,1989,1989,"Vlieland","538",53.29754,5.05056,"GREAT TIT",NA,NA,NA,NA,NA,"",NA,NA,NA,NA,NA,NA,NA,NA,NA,NA,NA,NA,NA,"Female"
"F...171182","F...103829","A...900359",2149,2,1989,1989,"Vlieland","538",53.29754,5.05056,"GREAT TIT",NA,NA,NA,NA,NA,"",NA,NA,NA,NA,NA,NA,NA,NA,NA,NA,NA,NA,NA,"Male"
"F...171829","F...171711","F...171252",1978,2,1990,1990,"Vlieland","46",53.27053,4.97819,"GREAT TIT",NA,NA,NA,NA,NA,"",NA,NA,NA,NA,NA,NA,NA,NA,NA,NA,NA,NA,NA,"Male"
"F...171830","F...171711","F...171252",1978,2,1990,1990,"Vlieland","46",53.27053,4.97819,"GREAT TIT",NA,NA,NA,NA,NA,"",NA,NA,NA,NA,NA,NA,NA,NA,NA,NA,NA,NA,NA,"Male"
"F...171831","F...171711","F...171252",1978,2,1990,1990,"Vlieland","46",53.27053,4.97819,"GREAT TIT",NA,NA,NA,NA,NA,"",NA,NA,NA,NA,NA,NA,NA,NA,NA,NA,NA,NA,NA,"Male"
"F...171832","F...171711","F...171252",1978,1,1990,1990,"Vlieland","46",53.27053,4.97819,"GREAT TIT",NA,NA,NA,NA,NA,"",NA,NA,NA,NA,NA,NA,NA,NA,NA,NA,NA,NA,NA,"Female"
"F...171833","F...171711","F...171252",1978,1,1990,1990,"Vlieland","46",53.27053,4.97819,"GREAT TIT",NA,NA,NA,NA,NA,"",NA,NA,NA,NA,NA,NA,NA,NA,NA,NA,NA,NA,NA,"Female"
"F...171834","F...171711","F...171252",1978,2,1990,1990,"Vlieland","46",53.27053,4.97819,"GREAT TIT",NA,NA,NA,NA,NA,"",NA,NA,NA,NA,NA,NA,NA,NA,NA,NA,NA,NA,NA,"Male"
"F...171835","F...171711","F...171252",1978,2,1990,1990,"Vlieland","46",53.27053,4.97819,"GREAT TIT",NA,NA,NA,NA,NA,"",NA,NA,NA,NA,NA,NA,NA,NA,NA,NA,NA,NA,NA,"Male"
"F...245110","A...840338","A...817170",6162,1,1990,1990,"Vlieland","",53.27509,4.99745,"GREAT TIT",NA,NA,NA,NA,NA,"",NA,NA,NA,NA,NA,NA,NA,NA,NA,NA,NA,NA,NA,"Female"
"F...245111","A...840338","A...817170",6162,2,1990,1990,"Vlieland","",53.27509,4.99745,"GREAT TIT",NA,NA,NA,NA,NA,"",NA,NA,NA,NA,NA,NA,NA,NA,NA,NA,NA,NA,NA,"Male"
"F...245112","A...840338","A...817170",6162,2,1990,1990,"Vlieland","",53.27509,4.99745,"GREAT TIT",NA,NA,NA,NA,NA,"",NA,NA,NA,NA,NA,NA,NA,NA,NA,NA,NA,NA,NA,"Male"
"F...245113","A...840338","A...817170",6162,2,1990,1990,"Vlieland","",53.27509,4.99745,"GREAT TIT",NA,NA,NA,NA,NA,"",NA,NA,NA,NA,NA,NA,NA,NA,NA,NA,NA,NA,NA,"Male"
"F...245114","A...840338","A...817170",6162,1,1990,1990,"Vlieland","",53.27509,4.99745,"GREAT TIT",NA,NA,NA,NA,NA,"",NA,NA,NA,NA,NA,NA,NA,NA,NA,NA,NA,NA,NA,"Female"
"F...245115","A...840338","A...817170",6162,2,1990,1990,"Vlieland","",53.27509,4.99745,"GREAT TIT",NA,NA,NA,NA,NA,"",NA,NA,NA,NA,NA,NA,NA,NA,NA,NA,NA,NA,NA,"Male"
"F...245116","A...840338","A...817170",6162,2,1990,1990,"Vlieland","",53.27509,4.99745,"GREAT TIT",NA,NA,NA,NA,NA,"",NA,NA,NA,NA,NA,NA,NA,NA,NA,NA,NA,NA,NA,"Male"
"F...245117","A...840338","A...817170",6162,2,1990,1990,"Vlieland","",53.27509,4.99745,"GREAT TIT",NA,NA,NA,NA,NA,"",NA,NA,NA,NA,NA,NA,NA,NA,NA,NA,NA,NA,NA,"Male"
"F...245157","F...245150","F...164952",2660,0,1990,1990,"Vlieland","680",53.29611,5.06619,"GREAT TIT",NA,NA,NA,NA,NA,"",NA,NA,NA,NA,NA,NA,NA,NA,NA,NA,NA,NA,NA,"Unknown"
"F...245158","F...245150","F...164952",2660,1,1990,1990,"Vlieland","680",53.29611,5.06619,"GREAT TIT",NA,NA,NA,NA,NA,"",NA,NA,NA,NA,NA,NA,NA,NA,NA,NA,NA,NA,NA,"Female"
"F...245159","F...245150","F...164952",2660,1,1990,1990,"Vlieland","680",53.29611,5.06619,"GREAT TIT",NA,NA,NA,NA,NA,"",NA,NA,NA,NA,NA,NA,NA,NA,NA,NA,NA,NA,NA,"Female"
"F...245160","F...245150","F...164952",2660,0,1990,1990,"Vlieland","680",53.29611,5.06619,"GREAT TIT",NA,NA,NA,NA,NA,"",NA,NA,NA,NA,NA,NA,NA,NA,NA,NA,NA,NA,NA,"Unknown"
"F...245161","F...245150","F...164952",2660,1,1990,1990,"Vlieland","680",53.29611,5.06619,"GREAT TIT",NA,NA,NA,NA,NA,"",NA,NA,NA,NA,NA,NA,NA,NA,NA,NA,NA,NA,NA,"Female"
"F...245162","F...245150","F...164952",2660,1,1990,1990,"Vlieland","680",53.29611,5.06619,"GREAT TIT",NA,NA,NA,NA,NA,"",NA,NA,NA,NA,NA,NA,NA,NA,NA,NA,NA,NA,NA,"Female"
"F...245163","F...245150","F...164952",2660,2,1990,1990,"Vlieland","680",53.29611,5.06619,"GREAT TIT",NA,NA,NA,NA,NA,"",NA,NA,NA,NA,NA,NA,NA,NA,NA,NA,NA,NA,NA,"Male"
"F...245201","F...164444",NA,2333,0,1990,1990,"Vlieland","574",53.30207,5.06711,"BLUE TIT",NA,NA,NA,NA,NA,"",NA,NA,NA,NA,NA,NA,NA,NA,NA,NA,NA,NA,NA,"Unknown"
"F...245202","F...164444",NA,2333,0,1990,1990,"Vlieland","574",53.30207,5.06711,"BLUE TIT",NA,NA,NA,NA,NA,"",NA,NA,NA,NA,NA,NA,NA,NA,NA,NA,NA,NA,NA,"Unknown"
"F...245203","F...164444",NA,2333,0,1990,1990,"Vlieland","574",53.30207,5.06711,"BLUE TIT",NA,NA,NA,NA,NA,"",NA,NA,NA,NA,NA,NA,NA,NA,NA,NA,NA,NA,NA,"Unknown"
"F...245204","F...164444",NA,2333,0,1990,1990,"Vlieland","574",53.30207,5.06711,"BLUE TIT",NA,NA,NA,NA,NA,"",NA,NA,NA,NA,NA,NA,NA,NA,NA,NA,NA,NA,NA,"Unknown"
"F...245205","F...164444",NA,2333,0,1990,1990,"Vlieland","574",53.30207,5.06711,"BLUE TIT",NA,NA,NA,NA,NA,"",NA,NA,NA,NA,NA,NA,NA,NA,NA,NA,NA,NA,NA,"Unknown"
"F...245206","F...164444",NA,2333,0,1990,1990,"Vlieland","574",53.30207,5.06711,"BLUE TIT",NA,NA,NA,NA,NA,"",NA,NA,NA,NA,NA,NA,NA,NA,NA,NA,NA,NA,NA,"Unknown"
"F...245207","F...164444",NA,2333,0,1990,1990,"Vlieland","574",53.30207,5.06711,"BLUE TIT",NA,NA,NA,NA,NA,"",NA,NA,NA,NA,NA,NA,NA,NA,NA,NA,NA,NA,NA,"Unknown"
"F...245218","F...164446",NA,2817,0,1990,1990,"Vlieland","1008",53.26087,4.95874,"BLUE TIT",NA,NA,NA,NA,NA,"",NA,NA,NA,NA,NA,NA,NA,NA,NA,NA,NA,NA,NA,"Unknown"
"F...245219","F...164446",NA,2817,0,1990,1990,"Vlieland","1008",53.26087,4.95874,"BLUE TIT",NA,NA,NA,NA,NA,"",NA,NA,NA,NA,NA,NA,NA,NA,NA,NA,NA,NA,NA,"Unknown"
"F...245220","F...164446",NA,2817,0,1990,1990,"Vlieland","1008",53.26087,4.95874,"BLUE TIT",NA,NA,NA,NA,NA,"",NA,NA,NA,NA,NA,NA,NA,NA,NA,NA,NA,NA,NA,"Unknown"
"F...245221","F...164446",NA,2817,0,1990,1990,"Vlieland","1008",53.26087,4.95874,"BLUE TIT",NA,NA,NA,NA,NA,"",NA,NA,NA,NA,NA,NA,NA,NA,NA,NA,NA,NA,NA,"Unknown"
"F...245222","F...164446",NA,2817,0,1990,1990,"Vlieland","1008",53.26087,4.95874,"BLUE TIT",NA,NA,NA,NA,NA,"",NA,NA,NA,NA,NA,NA,NA,NA,NA,NA,NA,NA,NA,"Unknown"
"F...245223","F...164446",NA,2817,0,1990,1990,"Vlieland","1008",53.26087,4.95874,"BLUE TIT",NA,NA,NA,NA,NA,"",NA,NA,NA,NA,NA,NA,NA,NA,NA,NA,NA,NA,NA,"Unknown"
"F...245224","F...164446",NA,2817,0,1990,1990,"Vlieland","1008",53.26087,4.95874,"BLUE TIT",NA,NA,NA,NA,NA,"",NA,NA,NA,NA,NA,NA,NA,NA,NA,NA,NA,NA,NA,"Unknown"
"F...245225","F...164446",NA,2817,0,1990,1990,"Vlieland","1008",53.26087,4.95874,"BLUE TIT",NA,NA,NA,NA,NA,"",NA,NA,NA,NA,NA,NA,NA,NA,NA,NA,NA,NA,NA,"Unknown"
"F...245226","F...164446",NA,2817,0,1990,1990,"Vlieland","1008",53.26087,4.95874,"BLUE TIT",NA,NA,NA,NA,NA,"",NA,NA,NA,NA,NA,NA,NA,NA,NA,NA,NA,NA,NA,"Unknown"
"F...245560","F...245150","F...164952",2660,1,1990,1990,"Vlieland","680",53.29611,5.06619,"GREAT TIT",NA,NA,NA,NA,NA,"",NA,NA,NA,NA,NA,NA,NA,NA,NA,NA,NA,NA,NA,"Female"
"F...245572","A...904843","F...100665",6964,0,1990,1990,"Vlieland","939",53.29611,5.06619,"GREAT TIT",NA,NA,NA,NA,NA,"",NA,NA,NA,NA,NA,NA,NA,NA,NA,NA,NA,NA,NA,"Unknown"
"F...245573","A...817101","A...906559",7135,1,1990,1990,"Vlieland","939",53.29611,5.06619,"GREAT TIT",NA,NA,NA,NA,NA,"",NA,NA,NA,NA,NA,NA,NA,NA,NA,NA,NA,NA,NA,"Female"
"F...245574","A...904843","F...100665",6964,1,1990,1990,"Vlieland","939",53.29611,5.06619,"GREAT TIT",NA,NA,NA,NA,NA,"",NA,NA,NA,NA,NA,NA,NA,NA,NA,NA,NA,NA,NA,"Female"
"F...245575","A...904843","F...100665",6964,1,1990,1990,"Vlieland","939",53.29611,5.06619,"GREAT TIT",NA,NA,NA,NA,NA,"",NA,NA,NA,NA,NA,NA,NA,NA,NA,NA,NA,NA,NA,"Female"
"F...245576","A...817101","A...906559",7135,2,1990,1990,"Vlieland","939",53.29611,5.06619,"GREAT TIT",NA,NA,NA,NA,NA,"",NA,NA,NA,NA,NA,NA,NA,NA,NA,NA,NA,NA,NA,"Male"
"F...245577","A...817101","A...906559",7135,1,1990,1990,"Vlieland","939",53.29611,5.06619,"GREAT TIT",NA,NA,NA,NA,NA,"",NA,NA,NA,NA,NA,NA,NA,NA,NA,NA,NA,NA,NA,"Female"
"F...245578","A...904843","F...100665",6964,1,1990,1990,"Vlieland","939",53.29611,5.06619,"GREAT TIT",NA,NA,NA,NA,NA,"",NA,NA,NA,NA,NA,NA,NA,NA,NA,NA,NA,NA,NA,"Female"
"F...245579","A...904843","F...100665",6964,0,1990,1990,"Vlieland","939",53.29611,5.06619,"GREAT TIT",NA,NA,NA,NA,NA,"",NA,NA,NA,NA,NA,NA,NA,NA,NA,NA,NA,NA,NA,"Unknown"
"F...245580","A...817101","A...906559",7135,2,1990,1990,"Vlieland","939",53.29611,5.06619,"GREAT TIT",NA,NA,NA,NA,NA,"",NA,NA,NA,NA,NA,NA,NA,NA,NA,NA,NA,NA,NA,"Male"
"F...245581","A...904843","F...100665",6964,1,1990,1990,"Vlieland","939",53.29611,5.06619,"GREAT TIT",NA,NA,NA,NA,NA,"",NA,NA,NA,NA,NA,NA,NA,NA,NA,NA,NA,NA,NA,"Female"
"F...245582","A...904843","F...100665",6964,2,1990,1990,"Vlieland","939",53.29611,5.06619,"GREAT TIT",NA,NA,NA,NA,NA,"",NA,NA,NA,NA,NA,NA,NA,NA,NA,NA,NA,NA,NA,"Male"
"F...245583","A...817101","A...906559",7135,2,1990,1990,"Vlieland","939",53.29611,5.06619,"GREAT TIT",NA,NA,NA,NA,NA,"",NA,NA,NA,NA,NA,NA,NA,NA,NA,NA,NA,NA,NA,"Male"
"F...245584","A...904843","F...100665",6964,1,1990,1990,"Vlieland","939",53.29611,5.06619,"GREAT TIT",NA,NA,NA,NA,NA,"",NA,NA,NA,NA,NA,NA,NA,NA,NA,NA,NA,NA,NA,"Female"
"F...245585","A...904843","F...100665",6964,1,1990,1990,"Vlieland","939",53.29611,5.06619,"GREAT TIT",NA,NA,NA,NA,NA,"",NA,NA,NA,NA,NA,NA,NA,NA,NA,NA,NA,NA,NA,"Female"
"F...245586","A...904843","F...100665",6964,1,1990,1990,"Vlieland","939",53.29611,5.06619,"GREAT TIT",NA,NA,NA,NA,NA,"",NA,NA,NA,NA,NA,NA,NA,NA,NA,NA,NA,NA,NA,"Female"
"F...245760","A...905328","F...164743",9325,1,1990,1990,"Vlieland","2022",53.2984909,5.0751979,"GREAT TIT",NA,NA,NA,NA,NA,"",NA,NA,NA,NA,NA,NA,NA,NA,NA,NA,NA,NA,NA,"Female"
"F...245761","A...905328","F...164743",9325,2,1990,1990,"Vlieland","2022",53.2984909,5.0751979,"GREAT TIT",NA,NA,NA,NA,NA,"",NA,NA,NA,NA,NA,NA,NA,NA,NA,NA,NA,NA,NA,"Male"
"F...245762","A...905328","F...164743",9325,2,1990,1990,"Vlieland","2022",53.2984909,5.0751979,"GREAT TIT",NA,NA,NA,NA,NA,"",NA,NA,NA,NA,NA,NA,NA,NA,NA,NA,NA,NA,NA,"Male"
"F...245763","A...905328","F...164743",9325,2,1990,1990,"Vlieland","2022",53.2984909,5.0751979,"GREAT TIT",NA,NA,NA,NA,NA,"",NA,NA,NA,NA,NA,NA,NA,NA,NA,NA,NA,NA,NA,"Male"
"F...245764","A...905328","F...164743",9325,1,1990,1990,"Vlieland","2022",53.2984909,5.0751979,"GREAT TIT",NA,NA,NA,NA,NA,"",NA,NA,NA,NA,NA,NA,NA,NA,NA,NA,NA,NA,NA,"Female"
"F...245765","A...905328","F...164743",9325,2,1990,1990,"Vlieland","2022",53.2984909,5.0751979,"GREAT TIT",NA,NA,NA,NA,NA,"",NA,NA,NA,NA,NA,NA,NA,NA,NA,NA,NA,NA,NA,"Male"
"F...245766","A...905328","F...164743",9325,1,1990,1990,"Vlieland","2022",53.2984909,5.0751979,"GREAT TIT",NA,NA,NA,NA,NA,"",NA,NA,NA,NA,NA,NA,NA,NA,NA,NA,NA,NA,NA,"Female"
"F...245781","F...164736","F...166229",6808,2,1990,1990,"Vlieland","874",53.29611,5.06619,"GREAT TIT",NA,NA,NA,NA,NA,"",NA,NA,NA,NA,NA,NA,NA,NA,NA,NA,NA,NA,NA,"Male"
"F...245782","F...164736","F...166229",6808,1,1990,1990,"Vlieland","874",53.29611,5.06619,"GREAT TIT",NA,NA,NA,NA,NA,"",NA,NA,NA,NA,NA,NA,NA,NA,NA,NA,NA,NA,NA,"Female"
"F...245783","F...164736","F...166229",6808,2,1990,1990,"Vlieland","874",53.29611,5.06619,"GREAT TIT",NA,NA,NA,NA,NA,"",NA,NA,NA,NA,NA,NA,NA,NA,NA,NA,NA,NA,NA,"Male"
"F...245784","F...164736","F...166229",6808,1,1990,1990,"Vlieland","874",53.29611,5.06619,"GREAT TIT",NA,NA,NA,NA,NA,"",NA,NA,NA,NA,NA,NA,NA,NA,NA,NA,NA,NA,NA,"Female"
"F...245785","F...164736","F...166229",6808,2,1990,1990,"Vlieland","874",53.29611,5.06619,"GREAT TIT",NA,NA,NA,NA,NA,"",NA,NA,NA,NA,NA,NA,NA,NA,NA,NA,NA,NA,NA,"Male"
"F...245786","F...164736","F...166229",6808,2,1990,1990,"Vlieland","874",53.29611,5.06619,"GREAT TIT",NA,NA,NA,NA,NA,"",NA,NA,NA,NA,NA,NA,NA,NA,NA,NA,NA,NA,NA,"Male"
"F...245787","F...164736","F...166229",6808,1,1990,1990,"Vlieland","874",53.29611,5.06619,"GREAT TIT",NA,NA,NA,NA,NA,"",NA,NA,NA,NA,NA,NA,NA,NA,NA,NA,NA,NA,NA,"Female"
"F...245788","F...164736","F...166229",6808,2,1990,1990,"Vlieland","874",53.29611,5.06619,"GREAT TIT",NA,NA,NA,NA,NA,"",NA,NA,NA,NA,NA,NA,NA,NA,NA,NA,NA,NA,NA,"Male"
"F...245789","F...164736","F...166229",6808,1,1990,1990,"Vlieland","874",53.29611,5.06619,"GREAT TIT",NA,NA,NA,NA,NA,"",NA,NA,NA,NA,NA,NA,NA,NA,NA,NA,NA,NA,NA,"Female"
"F...245790","F...164736","F...166229",6808,1,1990,1990,"Vlieland","874",53.29611,5.06619,"GREAT TIT",NA,NA,NA,NA,NA,"",NA,NA,NA,NA,NA,NA,NA,NA,NA,NA,NA,NA,NA,"Female"
"F...245791","F...164736","F...166229",6808,1,1990,1990,"Vlieland","874",53.29611,5.06619,"GREAT TIT",NA,NA,NA,NA,NA,"",NA,NA,NA,NA,NA,NA,NA,NA,NA,NA,NA,NA,NA,"Female"
"F...245792","F...164736","F...166229",6808,1,1990,1990,"Vlieland","874",53.29611,5.06619,"GREAT TIT",NA,NA,NA,NA,NA,"",NA,NA,NA,NA,NA,NA,NA,NA,NA,NA,NA,NA,NA,"Female"
"F...245931","F...164995","F...164996",2815,0,1990,1990,"Vlieland","1006",53.26087,4.95874,"GREAT TIT",NA,NA,NA,NA,NA,"",NA,NA,NA,NA,NA,NA,NA,NA,NA,NA,NA,NA,NA,"Unknown"
"F...245932","F...164995","F...164996",2815,0,1990,1990,"Vlieland","1006",53.26087,4.95874,"GREAT TIT",NA,NA,NA,NA,NA,"",NA,NA,NA,NA,NA,NA,NA,NA,NA,NA,NA,NA,NA,"Unknown"
"F...245933","F...164995","F...164996",2815,2,1990,1990,"Vlieland","1006",53.26087,4.95874,"GREAT TIT",NA,NA,NA,NA,NA,"",NA,NA,NA,NA,NA,NA,NA,NA,NA,NA,NA,NA,NA,"Male"
"F...245934","F...164995","F...164996",2815,0,1990,1990,"Vlieland","1006",53.26087,4.95874,"GREAT TIT",NA,NA,NA,NA,NA,"",NA,NA,NA,NA,NA,NA,NA,NA,NA,NA,NA,NA,NA,"Unknown"
"F...245935","F...164995","F...164996",2815,0,1990,1990,"Vlieland","1006",53.26087,4.95874,"GREAT TIT",NA,NA,NA,NA,NA,"",NA,NA,NA,NA,NA,NA,NA,NA,NA,NA,NA,NA,NA,"Unknown"
"F...245936","F...164995","F...164996",2815,0,1990,1990,"Vlieland","1006",53.26087,4.95874,"GREAT TIT",NA,NA,NA,NA,NA,"",NA,NA,NA,NA,NA,NA,NA,NA,NA,NA,NA,NA,NA,"Unknown"
"F...245937","F...164995","F...164996",2815,0,1990,1990,"Vlieland","1006",53.26087,4.95874,"GREAT TIT",NA,NA,NA,NA,NA,"",NA,NA,NA,NA,NA,NA,NA,NA,NA,NA,NA,NA,NA,"Unknown"
"F...245938","F...164995","F...164996",2815,0,1990,1990,"Vlieland","1006",53.26087,4.95874,"GREAT TIT",NA,NA,NA,NA,NA,"",NA,NA,NA,NA,NA,NA,NA,NA,NA,NA,NA,NA,NA,"Unknown"
"F...246558","F...166623",NA,9326,0,1990,1990,"Vlieland","2023",53.2993063,5.075886,"GREAT TIT",NA,NA,NA,NA,NA,"",NA,NA,NA,NA,NA,NA,NA,NA,NA,NA,NA,NA,NA,"Unknown"
"F...246559","F...166623",NA,9326,0,1990,1990,"Vlieland","2023",53.2993063,5.075886,"GREAT TIT",NA,NA,NA,NA,NA,"",NA,NA,NA,NA,NA,NA,NA,NA,NA,NA,NA,NA,NA,"Unknown"
"F...246560","F...166623",NA,9326,0,1990,1990,"Vlieland","2023",53.2993063,5.075886,"GREAT TIT",NA,NA,NA,NA,NA,"",NA,NA,NA,NA,NA,NA,NA,NA,NA,NA,NA,NA,NA,"Unknown"
"F...246561","F...166623",NA,9326,0,1990,1990,"Vlieland","2023",53.2993063,5.075886,"GREAT TIT",NA,NA,NA,NA,NA,"",NA,NA,NA,NA,NA,NA,NA,NA,NA,NA,NA,NA,NA,"Unknown"
"F...246562","F...166623",NA,9326,0,1990,1990,"Vlieland","2023",53.2993063,5.075886,"GREAT TIT",NA,NA,NA,NA,NA,"",NA,NA,NA,NA,NA,NA,NA,NA,NA,NA,NA,NA,NA,"Unknown"
"F...246563","F...166623",NA,9326,0,1990,1990,"Vlieland","2023",53.2993063,5.075886,"GREAT TIT",NA,NA,NA,NA,NA,"",NA,NA,NA,NA,NA,NA,NA,NA,NA,NA,NA,NA,NA,"Unknown"
"F...246564","F...166623",NA,9326,0,1990,1990,"Vlieland","2023",53.2993063,5.075886,"GREAT TIT",NA,NA,NA,NA,NA,"",NA,NA,NA,NA,NA,NA,NA,NA,NA,NA,NA,NA,NA,"Unknown"
"F...246565","F...166623",NA,9326,0,1990,1990,"Vlieland","2023",53.2993063,5.075886,"GREAT TIT",NA,NA,NA,NA,NA,"",NA,NA,NA,NA,NA,NA,NA,NA,NA,NA,NA,NA,NA,"Unknown"
"F...246865","F...246862","F...246864",2332,0,1990,1990,"Vlieland","573",53.30207,5.06711,"GREAT TIT",NA,NA,NA,NA,NA,"",NA,NA,NA,NA,NA,NA,NA,NA,NA,NA,NA,NA,NA,"Unknown"
"F...246866","F...246862","F...246864",2332,0,1990,1990,"Vlieland","573",53.30207,5.06711,"GREAT TIT",NA,NA,NA,NA,NA,"",NA,NA,NA,NA,NA,NA,NA,NA,NA,NA,NA,NA,NA,"Unknown"
"F...246867","F...246862","F...246864",2332,0,1990,1990,"Vlieland","573",53.30207,5.06711,"GREAT TIT",NA,NA,NA,NA,NA,"",NA,NA,NA,NA,NA,NA,NA,NA,NA,NA,NA,NA,NA,"Unknown"
"F...246868","F...246862","F...246864",2332,0,1990,1990,"Vlieland","573",53.30207,5.06711,"GREAT TIT",NA,NA,NA,NA,NA,"",NA,NA,NA,NA,NA,NA,NA,NA,NA,NA,NA,NA,NA,"Unknown"
"F...246869","F...246862","F...246864",2332,0,1990,1990,"Vlieland","573",53.30207,5.06711,"GREAT TIT",NA,NA,NA,NA,NA,"",NA,NA,NA,NA,NA,NA,NA,NA,NA,NA,NA,NA,NA,"Unknown"
"F...246870","F...246862","F...246864",2332,0,1990,1990,"Vlieland","573",53.30207,5.06711,"GREAT TIT",NA,NA,NA,NA,NA,"",NA,NA,NA,NA,NA,NA,NA,NA,NA,NA,NA,NA,NA,"Unknown"
"F...246871","F...246862","F...246864",2332,0,1990,1990,"Vlieland","573",53.30207,5.06711,"GREAT TIT",NA,NA,NA,NA,NA,"",NA,NA,NA,NA,NA,NA,NA,NA,NA,NA,NA,NA,NA,"Unknown"
"F...247789","F...100187","F...247788",2151,0,1990,1990,"Vlieland","540",53.297847,5.046433,"GREAT TIT",NA,NA,NA,NA,NA,"",NA,NA,NA,NA,NA,NA,NA,NA,NA,NA,NA,NA,NA,"Unknown"
"F...247790","F...100187","F...247788",2151,0,1990,1990,"Vlieland","540",53.297847,5.046433,"GREAT TIT",NA,NA,NA,NA,NA,"",NA,NA,NA,NA,NA,NA,NA,NA,NA,NA,NA,NA,NA,"Unknown"
"F...247791","F...100187","F...247788",2151,0,1990,1990,"Vlieland","540",53.297847,5.046433,"GREAT TIT",NA,NA,NA,NA,NA,"",NA,NA,NA,NA,NA,NA,NA,NA,NA,NA,NA,NA,NA,"Unknown"
"F...247792","F...100187","F...247788",2151,0,1990,1990,"Vlieland","540",53.297847,5.046433,"GREAT TIT",NA,NA,NA,NA,NA,"",NA,NA,NA,NA,NA,NA,NA,NA,NA,NA,NA,NA,NA,"Unknown"
"F...247793","F...100187","F...247788",2151,0,1990,1990,"Vlieland","540",53.297847,5.046433,"GREAT TIT",NA,NA,NA,NA,NA,"",NA,NA,NA,NA,NA,NA,NA,NA,NA,NA,NA,NA,NA,"Unknown"
"F...247794","F...100187","F...247788",2151,0,1990,1990,"Vlieland","540",53.297847,5.046433,"GREAT TIT",NA,NA,NA,NA,NA,"",NA,NA,NA,NA,NA,NA,NA,NA,NA,NA,NA,NA,NA,"Unknown"
"F...247795","F...100187","F...247788",2151,0,1990,1990,"Vlieland","540",53.297847,5.046433,"GREAT TIT",NA,NA,NA,NA,NA,"",NA,NA,NA,NA,NA,NA,NA,NA,NA,NA,NA,NA,NA,"Unknown"
"F...247796","F...100187","F...247788",2151,0,1990,1990,"Vlieland","540",53.297847,5.046433,"GREAT TIT",NA,NA,NA,NA,NA,"",NA,NA,NA,NA,NA,NA,NA,NA,NA,NA,NA,NA,NA,"Unknown"
"F...247797","F...100187","F...247788",2151,0,1990,1990,"Vlieland","540",53.297847,5.046433,"GREAT TIT",NA,NA,NA,NA,NA,"",NA,NA,NA,NA,NA,NA,NA,NA,NA,NA,NA,NA,NA,"Unknown"
"F...247798","F...100187","F...247788",2151,0,1990,1990,"Vlieland","540",53.297847,5.046433,"GREAT TIT",NA,NA,NA,NA,NA,"",NA,NA,NA,NA,NA,NA,NA,NA,NA,NA,NA,NA,NA,"Unknown"
"F...247812","F...247811",NA,6809,0,1990,1990,"Vlieland","892",53.29611,5.06619,"GREAT TIT",NA,NA,NA,NA,NA,"",NA,NA,NA,NA,NA,NA,NA,NA,NA,NA,NA,NA,NA,"Unknown"
"F...247813","F...247811",NA,6809,0,1990,1990,"Vlieland","892",53.29611,5.06619,"GREAT TIT",NA,NA,NA,NA,NA,"",NA,NA,NA,NA,NA,NA,NA,NA,NA,NA,NA,NA,NA,"Unknown"
"F...247814","F...247811",NA,6809,0,1990,1990,"Vlieland","892",53.29611,5.06619,"GREAT TIT",NA,NA,NA,NA,NA,"",NA,NA,NA,NA,NA,NA,NA,NA,NA,NA,NA,NA,NA,"Unknown"
"F...247815","F...247811",NA,6809,0,1990,1990,"Vlieland","892",53.29611,5.06619,"GREAT TIT",NA,NA,NA,NA,NA,"",NA,NA,NA,NA,NA,NA,NA,NA,NA,NA,NA,NA,NA,"Unknown"
"F...247816","F...247811",NA,6809,0,1990,1990,"Vlieland","892",53.29611,5.06619,"GREAT TIT",NA,NA,NA,NA,NA,"",NA,NA,NA,NA,NA,NA,NA,NA,NA,NA,NA,NA,NA,"Unknown"
"F...247817","F...247811",NA,6809,0,1990,1990,"Vlieland","892",53.29611,5.06619,"GREAT TIT",NA,NA,NA,NA,NA,"",NA,NA,NA,NA,NA,NA,NA,NA,NA,NA,NA,NA,NA,"Unknown"
"F...247818","F...247811",NA,6809,0,1990,1990,"Vlieland","892",53.29611,5.06619,"GREAT TIT",NA,NA,NA,NA,NA,"",NA,NA,NA,NA,NA,NA,NA,NA,NA,NA,NA,NA,NA,"Unknown"
"F...247819","F...247811",NA,6809,0,1990,1990,"Vlieland","892",53.29611,5.06619,"GREAT TIT",NA,NA,NA,NA,NA,"",NA,NA,NA,NA,NA,NA,NA,NA,NA,NA,NA,NA,NA,"Unknown"
"F...247911","A...840338","A...817170",6163,0,1990,1990,"Vlieland","143",53.27509,4.99745,"GREAT TIT",NA,NA,NA,NA,NA,"",NA,NA,NA,NA,NA,NA,NA,NA,NA,NA,NA,NA,NA,"Unknown"
"F...247912","A...840338","A...817170",6163,0,1990,1990,"Vlieland","143",53.27509,4.99745,"GREAT TIT",NA,NA,NA,NA,NA,"",NA,NA,NA,NA,NA,NA,NA,NA,NA,NA,NA,NA,NA,"Unknown"
"F...247913","A...840338","A...817170",6163,2,1990,1990,"Vlieland","143",53.27509,4.99745,"GREAT TIT",NA,NA,NA,NA,NA,"",NA,NA,NA,NA,NA,NA,NA,NA,NA,NA,NA,NA,NA,"Male"
"F...247914","A...840338","A...817170",6163,2,1990,1990,"Vlieland","143",53.27509,4.99745,"GREAT TIT",NA,NA,NA,NA,NA,"",NA,NA,NA,NA,NA,NA,NA,NA,NA,NA,NA,NA,NA,"Male"
"F...247915","A...840338","A...817170",6163,0,1990,1990,"Vlieland","143",53.27509,4.99745,"GREAT TIT",NA,NA,NA,NA,NA,"",NA,NA,NA,NA,NA,NA,NA,NA,NA,NA,NA,NA,NA,"Unknown"
"F...247916","A...840338","A...817170",6163,0,1990,1990,"Vlieland","143",53.27509,4.99745,"GREAT TIT",NA,NA,NA,NA,NA,"",NA,NA,NA,NA,NA,NA,NA,NA,NA,NA,NA,NA,NA,"Unknown"
"F...247917","A...840338","A...817170",6163,0,1990,1990,"Vlieland","143",53.27509,4.99745,"GREAT TIT",NA,NA,NA,NA,NA,"",NA,NA,NA,NA,NA,NA,NA,NA,NA,NA,NA,NA,NA,"Unknown"
"F...255629","F...255401","F...146734",2504,0,1991,1991,"Vlieland","903",53.30207,5.06711,"BLUE TIT",NA,NA,NA,NA,NA,"",NA,NA,NA,NA,NA,NA,NA,NA,NA,NA,NA,NA,NA,"Unknown"
"F...255630","F...255401","F...146734",2504,0,1991,1991,"Vlieland","903",53.30207,5.06711,"BLUE TIT",NA,NA,NA,NA,NA,"",NA,NA,NA,NA,NA,NA,NA,NA,NA,NA,NA,NA,NA,"Unknown"
"F...255631","F...255401","F...146734",2504,0,1991,1991,"Vlieland","903",53.30207,5.06711,"BLUE TIT",NA,NA,NA,NA,NA,"",NA,NA,NA,NA,NA,NA,NA,NA,NA,NA,NA,NA,NA,"Unknown"
"F...255632","F...255401","F...146734",2504,0,1991,1991,"Vlieland","903",53.30207,5.06711,"BLUE TIT",NA,NA,NA,NA,NA,"",NA,NA,NA,NA,NA,NA,NA,NA,NA,NA,NA,NA,NA,"Unknown"
"F...255633","F...255401","F...146734",2504,0,1991,1991,"Vlieland","903",53.30207,5.06711,"BLUE TIT",NA,NA,NA,NA,NA,"",NA,NA,NA,NA,NA,NA,NA,NA,NA,NA,NA,NA,NA,"Unknown"
"F...258482","F...164475","F...332525",6812,0,1991,1991,"Vlieland","895",53.29611,5.06619,"GREAT TIT",NA,NA,NA,NA,NA,"",NA,NA,NA,NA,NA,NA,NA,NA,NA,NA,NA,NA,NA,"Unknown"
"F...258483","F...164475","F...332525",6812,0,1991,1991,"Vlieland","895",53.29611,5.06619,"GREAT TIT",NA,NA,NA,NA,NA,"",NA,NA,NA,NA,NA,NA,NA,NA,NA,NA,NA,NA,NA,"Unknown"
"F...258484","F...164475","F...332525",6812,0,1991,1991,"Vlieland","895",53.29611,5.06619,"GREAT TIT",NA,NA,NA,NA,NA,"",NA,NA,NA,NA,NA,NA,NA,NA,NA,NA,NA,NA,NA,"Unknown"
"F...258485","F...164475","F...332525",6812,0,1991,1991,"Vlieland","895",53.29611,5.06619,"GREAT TIT",NA,NA,NA,NA,NA,"",NA,NA,NA,NA,NA,NA,NA,NA,NA,NA,NA,NA,NA,"Unknown"
"F...331035","F...166714","F...166979",6168,0,1991,1991,"Vlieland","670",53.29754,5.05056,"GREAT TIT",NA,NA,NA,NA,NA,"",NA,NA,NA,NA,NA,NA,NA,NA,NA,NA,NA,NA,NA,"Unknown"
"F...331036","F...166714","F...166979",6168,0,1991,1991,"Vlieland","670",53.29754,5.05056,"GREAT TIT",NA,NA,NA,NA,NA,"",NA,NA,NA,NA,NA,NA,NA,NA,NA,NA,NA,NA,NA,"Unknown"
"F...331037","F...166714","F...166979",6168,0,1991,1991,"Vlieland","670",53.29754,5.05056,"GREAT TIT",NA,NA,NA,NA,NA,"",NA,NA,NA,NA,NA,NA,NA,NA,NA,NA,NA,NA,NA,"Unknown"
"F...331038","F...166714","F...166979",6168,0,1991,1991,"Vlieland","670",53.29754,5.05056,"GREAT TIT",NA,NA,NA,NA,NA,"",NA,NA,NA,NA,NA,NA,NA,NA,NA,NA,NA,NA,NA,"Unknown"
"F...331039","F...166714","F...166979",6168,0,1991,1991,"Vlieland","670",53.29754,5.05056,"GREAT TIT",NA,NA,NA,NA,NA,"",NA,NA,NA,NA,NA,NA,NA,NA,NA,NA,NA,NA,NA,"Unknown"
"F...331040","F...166714","F...166979",6168,0,1991,1991,"Vlieland","670",53.29754,5.05056,"GREAT TIT",NA,NA,NA,NA,NA,"",NA,NA,NA,NA,NA,NA,NA,NA,NA,NA,NA,NA,NA,"Unknown"
"F...331041","F...166714","F...166979",6168,0,1991,1991,"Vlieland","670",53.29754,5.05056,"GREAT TIT",NA,NA,NA,NA,NA,"",NA,NA,NA,NA,NA,NA,NA,NA,NA,NA,NA,NA,NA,"Unknown"
"F...331042","F...166714","F...166979",6168,0,1991,1991,"Vlieland","670",53.29754,5.05056,"GREAT TIT",NA,NA,NA,NA,NA,"",NA,NA,NA,NA,NA,NA,NA,NA,NA,NA,NA,NA,NA,"Unknown"
"F...331173","F...100265",NA,2155,0,1991,1991,"Vlieland","585",53.29754,5.05056,"GREAT TIT",NA,NA,NA,NA,NA,"",NA,NA,NA,NA,NA,NA,NA,NA,NA,NA,NA,NA,NA,"Unknown"
"F...331174","F...331189","F...331187",1981,0,1991,1991,"Vlieland","48",53.271473,4.984663,"GREAT TIT",NA,NA,NA,NA,NA,"",NA,NA,NA,NA,NA,NA,NA,NA,NA,NA,NA,NA,NA,"Unknown"
"F...331175","F...331189","F...331187",1981,0,1991,1991,"Vlieland","48",53.271473,4.984663,"GREAT TIT",NA,NA,NA,NA,NA,"",NA,NA,NA,NA,NA,NA,NA,NA,NA,NA,NA,NA,NA,"Unknown"
"F...331176","F...331189","F...331187",1981,0,1991,1991,"Vlieland","48",53.271473,4.984663,"GREAT TIT",NA,NA,NA,NA,NA,"",NA,NA,NA,NA,NA,NA,NA,NA,NA,NA,NA,NA,NA,"Unknown"
"F...331177","F...331189","F...331187",1981,0,1991,1991,"Vlieland","48",53.271473,4.984663,"GREAT TIT",NA,NA,NA,NA,NA,"",NA,NA,NA,NA,NA,NA,NA,NA,NA,NA,NA,NA,NA,"Unknown"
"F...331178","F...331189","F...331187",1981,0,1991,1991,"Vlieland","48",53.271473,4.984663,"GREAT TIT",NA,NA,NA,NA,NA,"",NA,NA,NA,NA,NA,NA,NA,NA,NA,NA,NA,NA,NA,"Unknown"
"F...331179","F...331189","F...331187",1981,0,1991,1991,"Vlieland","48",53.271473,4.984663,"GREAT TIT",NA,NA,NA,NA,NA,"",NA,NA,NA,NA,NA,NA,NA,NA,NA,NA,NA,NA,NA,"Unknown"
"F...331380","F...100265","F...331393",2334,0,1991,1991,"Vlieland","575",53.30207,5.06711,"GREAT TIT",NA,NA,NA,NA,NA,"",NA,NA,NA,NA,NA,NA,NA,NA,NA,NA,NA,NA,NA,"Unknown"
"F...331381","F...100265","F...331393",2334,0,1991,1991,"Vlieland","575",53.30207,5.06711,"GREAT TIT",NA,NA,NA,NA,NA,"",NA,NA,NA,NA,NA,NA,NA,NA,NA,NA,NA,NA,NA,"Unknown"
"F...331382","F...100265","F...331393",2334,0,1991,1991,"Vlieland","575",53.30207,5.06711,"GREAT TIT",NA,NA,NA,NA,NA,"",NA,NA,NA,NA,NA,NA,NA,NA,NA,NA,NA,NA,NA,"Unknown"
"F...331383","F...100265","F...331393",2334,0,1991,1991,"Vlieland","575",53.30207,5.06711,"GREAT TIT",NA,NA,NA,NA,NA,"",NA,NA,NA,NA,NA,NA,NA,NA,NA,NA,NA,NA,NA,"Unknown"
"F...331384","F...100265","F...331393",2334,0,1991,1991,"Vlieland","575",53.30207,5.06711,"GREAT TIT",NA,NA,NA,NA,NA,"",NA,NA,NA,NA,NA,NA,NA,NA,NA,NA,NA,NA,NA,"Unknown"
"F...331385","F...100265","F...331393",2334,0,1991,1991,"Vlieland","575",53.30207,5.06711,"GREAT TIT",NA,NA,NA,NA,NA,"",NA,NA,NA,NA,NA,NA,NA,NA,NA,NA,NA,NA,NA,"Unknown"
"F...331464",NA,NA,2503,0,1991,1991,"Vlieland","899",53.30207,5.06711,"BLUE TIT",NA,NA,NA,NA,NA,"",NA,NA,NA,NA,NA,NA,NA,NA,NA,NA,NA,NA,NA,"Unknown"
"F...331465",NA,NA,2503,0,1991,1991,"Vlieland","899",53.30207,5.06711,"BLUE TIT",NA,NA,NA,NA,NA,"",NA,NA,NA,NA,NA,NA,NA,NA,NA,NA,NA,NA,NA,"Unknown"
"F...331466",NA,NA,2503,0,1991,1991,"Vlieland","899",53.30207,5.06711,"BLUE TIT",NA,NA,NA,NA,NA,"",NA,NA,NA,NA,NA,NA,NA,NA,NA,NA,NA,NA,NA,"Unknown"
"F...331467",NA,NA,2503,0,1991,1991,"Vlieland","899",53.30207,5.06711,"BLUE TIT",NA,NA,NA,NA,NA,"",NA,NA,NA,NA,NA,NA,NA,NA,NA,NA,NA,NA,NA,"Unknown"
"F...331730",NA,NA,2337,0,1991,1991,"Vlieland","577",53.30207,5.06711,"BLUE TIT",NA,NA,NA,NA,NA,"",NA,NA,NA,NA,NA,NA,NA,NA,NA,NA,NA,NA,NA,"Unknown"
"F...331731",NA,NA,2337,0,1991,1991,"Vlieland","577",53.30207,5.06711,"BLUE TIT",NA,NA,NA,NA,NA,"",NA,NA,NA,NA,NA,NA,NA,NA,NA,NA,NA,NA,NA,"Unknown"
"F...331732",NA,NA,2337,0,1991,1991,"Vlieland","577",53.30207,5.06711,"BLUE TIT",NA,NA,NA,NA,NA,"",NA,NA,NA,NA,NA,NA,NA,NA,NA,NA,NA,NA,NA,"Unknown"
"F...331733",NA,NA,2337,0,1991,1991,"Vlieland","577",53.30207,5.06711,"BLUE TIT",NA,NA,NA,NA,NA,"",NA,NA,NA,NA,NA,NA,NA,NA,NA,NA,NA,NA,NA,"Unknown"
"F...332035","F...171814","A...901441",2335,0,1991,1991,"Vlieland","576",53.30207,5.06711,"GREAT TIT",NA,NA,NA,NA,NA,"",NA,NA,NA,NA,NA,NA,NA,NA,NA,NA,NA,NA,NA,"Unknown"
"F...332036","F...171814","A...901441",2335,0,1991,1991,"Vlieland","576",53.30207,5.06711,"GREAT TIT",NA,NA,NA,NA,NA,"",NA,NA,NA,NA,NA,NA,NA,NA,NA,NA,NA,NA,NA,"Unknown"
"F...332037","F...171814","A...901441",2335,0,1991,1991,"Vlieland","576",53.30207,5.06711,"GREAT TIT",NA,NA,NA,NA,NA,"",NA,NA,NA,NA,NA,NA,NA,NA,NA,NA,NA,NA,NA,"Unknown"
"F...332038","F...171814","A...901441",2335,0,1991,1991,"Vlieland","576",53.30207,5.06711,"GREAT TIT",NA,NA,NA,NA,NA,"",NA,NA,NA,NA,NA,NA,NA,NA,NA,NA,NA,NA,NA,"Unknown"
"F...332039","F...171814","A...901441",2335,0,1991,1991,"Vlieland","576",53.30207,5.06711,"GREAT TIT",NA,NA,NA,NA,NA,"",NA,NA,NA,NA,NA,NA,NA,NA,NA,NA,NA,NA,NA,"Unknown"
"F...332040","F...171814","A...901441",2335,0,1991,1991,"Vlieland","576",53.30207,5.06711,"GREAT TIT",NA,NA,NA,NA,NA,"",NA,NA,NA,NA,NA,NA,NA,NA,NA,NA,NA,NA,NA,"Unknown"
"F...332041","F...171814","A...901441",2335,0,1991,1991,"Vlieland","576",53.30207,5.06711,"GREAT TIT",NA,NA,NA,NA,NA,"",NA,NA,NA,NA,NA,NA,NA,NA,NA,NA,NA,NA,NA,"Unknown"
"F...332549","F...332562",NA,6169,0,1991,1991,"Vlieland","799",53.29754,5.05056,"GREAT TIT",NA,NA,NA,NA,NA,"",NA,NA,NA,NA,NA,NA,NA,NA,NA,NA,NA,NA,NA,"Unknown"
"F...332550","F...332562",NA,6169,0,1991,1991,"Vlieland","799",53.29754,5.05056,"GREAT TIT",NA,NA,NA,NA,NA,"",NA,NA,NA,NA,NA,NA,NA,NA,NA,NA,NA,NA,NA,"Unknown"
"F...332561","F...332562",NA,6169,2,1991,1991,"Vlieland","799",53.29754,5.05056,"GREAT TIT",NA,NA,NA,NA,NA,"",NA,NA,NA,NA,NA,NA,NA,NA,NA,NA,NA,NA,NA,"Male"
"F...333001",NA,NA,1983,0,1991,1991,"Vlieland","49",53.271969,4.974012,"BLUE TIT",NA,NA,NA,NA,NA,"",NA,NA,NA,NA,NA,NA,NA,NA,NA,NA,NA,NA,NA,"Unknown"
"F...333002",NA,NA,1983,0,1991,1991,"Vlieland","49",53.271969,4.974012,"BLUE TIT",NA,NA,NA,NA,NA,"",NA,NA,NA,NA,NA,NA,NA,NA,NA,NA,NA,NA,NA,"Unknown"
"F...333003",NA,NA,1983,0,1991,1991,"Vlieland","49",53.271969,4.974012,"BLUE TIT",NA,NA,NA,NA,NA,"",NA,NA,NA,NA,NA,NA,NA,NA,NA,NA,NA,NA,NA,"Unknown"
"F...333004",NA,NA,1983,0,1991,1991,"Vlieland","49",53.271969,4.974012,"BLUE TIT",NA,NA,NA,NA,NA,"",NA,NA,NA,NA,NA,NA,NA,NA,NA,NA,NA,NA,NA,"Unknown"
"F...333005",NA,NA,1983,0,1991,1991,"Vlieland","49",53.271969,4.974012,"BLUE TIT",NA,NA,NA,NA,NA,"",NA,NA,NA,NA,NA,NA,NA,NA,NA,NA,NA,NA,NA,"Unknown"
"F...333006",NA,NA,1983,0,1991,1991,"Vlieland","49",53.271969,4.974012,"BLUE TIT",NA,NA,NA,NA,NA,"",NA,NA,NA,NA,NA,NA,NA,NA,NA,NA,NA,NA,NA,"Unknown"
"F...333007",NA,NA,1983,0,1991,1991,"Vlieland","49",53.271969,4.974012,"BLUE TIT",NA,NA,NA,NA,NA,"",NA,NA,NA,NA,NA,NA,NA,NA,NA,NA,NA,NA,NA,"Unknown"
"F...333008",NA,NA,1983,0,1991,1991,"Vlieland","49",53.271969,4.974012,"BLUE TIT",NA,NA,NA,NA,NA,"",NA,NA,NA,NA,NA,NA,NA,NA,NA,NA,NA,NA,NA,"Unknown"
"F...333063","F...248668","F...332700",2154,0,1991,1991,"Vlieland","585",53.296485,5.048099,"GREAT TIT",NA,NA,NA,NA,NA,"",NA,NA,NA,NA,NA,NA,NA,NA,NA,NA,NA,NA,NA,"Unknown"
"F...333064","F...245045","F...246831",25823,0,1991,1991,"Vlieland","585",53.296485,5.048099,"GREAT TIT",NA,NA,NA,NA,NA,"",NA,NA,NA,NA,NA,NA,NA,NA,NA,NA,NA,NA,NA,"Unknown"
"F...333065","F...248668","F...332700",2154,0,1991,1991,"Vlieland","585",53.296485,5.048099,"GREAT TIT",NA,NA,NA,NA,NA,"",NA,NA,NA,NA,NA,NA,NA,NA,NA,NA,NA,NA,NA,"Unknown"
"F...333066","F...245045","F...246831",25823,0,1991,1991,"Vlieland","585",53.296485,5.048099,"GREAT TIT",NA,NA,NA,NA,NA,"",NA,NA,NA,NA,NA,NA,NA,NA,NA,NA,NA,NA,NA,"Unknown"
"F...333067","F...248668","F...332700",2154,1,1991,1991,"Vlieland","585",53.296485,5.048099,"GREAT TIT",NA,NA,NA,NA,NA,"",NA,NA,NA,NA,NA,NA,NA,NA,NA,NA,NA,NA,NA,"Female"
"F...333068","F...248668","F...332700",2154,0,1991,1991,"Vlieland","585",53.296485,5.048099,"GREAT TIT",NA,NA,NA,NA,NA,"",NA,NA,NA,NA,NA,NA,NA,NA,NA,NA,NA,NA,NA,"Unknown"
"F...333387","F...164736","F...166229",6811,0,1991,1991,"Vlieland","894",53.29611,5.06619,"GREAT TIT",NA,NA,NA,NA,NA,"",NA,NA,NA,NA,NA,NA,NA,NA,NA,NA,NA,NA,NA,"Unknown"
"F...333388","F...164736","F...166229",6811,0,1991,1991,"Vlieland","894",53.29611,5.06619,"GREAT TIT",NA,NA,NA,NA,NA,"",NA,NA,NA,NA,NA,NA,NA,NA,NA,NA,NA,NA,NA,"Unknown"
"F...333389","F...164736","F...166229",6811,0,1991,1991,"Vlieland","894",53.29611,5.06619,"GREAT TIT",NA,NA,NA,NA,NA,"",NA,NA,NA,NA,NA,NA,NA,NA,NA,NA,NA,NA,NA,"Unknown"
"F...333390","F...248489","F...248612",31151,0,1991,1991,"Vlieland","894",53.29611,5.06619,"GREAT TIT",NA,NA,NA,NA,NA,"",NA,NA,NA,NA,NA,NA,NA,NA,NA,NA,NA,NA,NA,"Unknown"
"F...333391","F...248489","F...248612",31151,0,1991,1991,"Vlieland","894",53.29611,5.06619,"GREAT TIT",NA,NA,NA,NA,NA,"",NA,NA,NA,NA,NA,NA,NA,NA,NA,NA,NA,NA,NA,"Unknown"
"F...333392","F...248570","F...245082",15860,0,1991,1991,"Vlieland","894",53.29611,5.06619,"GREAT TIT",NA,NA,NA,NA,NA,"",NA,NA,NA,NA,NA,NA,NA,NA,NA,NA,NA,NA,NA,"Unknown"
"F...333393","F...248489","F...248612",31151,0,1991,1991,"Vlieland","894",53.29611,5.06619,"GREAT TIT",NA,NA,NA,NA,NA,"",NA,NA,NA,NA,NA,NA,NA,NA,NA,NA,NA,NA,NA,"Unknown"
"F...333434","F...245555","F...245702",15054,0,1991,1991,"Vlieland","850",53.30207,5.06711,"GREAT TIT",NA,NA,NA,NA,NA,"",NA,NA,NA,NA,NA,NA,NA,NA,NA,NA,NA,NA,NA,"Unknown"
"F...333435","A...904898","F...164952",2500,0,1991,1991,"Vlieland","850",53.30207,5.06711,"GREAT TIT",NA,NA,NA,NA,NA,"",NA,NA,NA,NA,NA,NA,NA,NA,NA,NA,NA,NA,NA,"Unknown"
"F...333436","F...166521","F...245868",16857,0,1991,1991,"Vlieland","850",53.30207,5.06711,"GREAT TIT",NA,NA,NA,NA,NA,"",NA,NA,NA,NA,NA,NA,NA,NA,NA,NA,NA,NA,NA,"Unknown"
"F...333437","F...245555","F...245702",15054,0,1991,1991,"Vlieland","850",53.30207,5.06711,"GREAT TIT",NA,NA,NA,NA,NA,"",NA,NA,NA,NA,NA,NA,NA,NA,NA,NA,NA,NA,NA,"Unknown"
"F...333438","A...904898","F...164952",2500,0,1991,1991,"Vlieland","850",53.30207,5.06711,"GREAT TIT",NA,NA,NA,NA,NA,"",NA,NA,NA,NA,NA,NA,NA,NA,NA,NA,NA,NA,NA,"Unknown"
"F...333439","F...166521","F...245868",16857,0,1991,1991,"Vlieland","850",53.30207,5.06711,"GREAT TIT",NA,NA,NA,NA,NA,"",NA,NA,NA,NA,NA,NA,NA,NA,NA,NA,NA,NA,NA,"Unknown"
"F...333440","A...904898","F...164952",2500,0,1991,1991,"Vlieland","850",53.30207,5.06711,"GREAT TIT",NA,NA,NA,NA,NA,"",NA,NA,NA,NA,NA,NA,NA,NA,NA,NA,NA,NA,NA,"Unknown"
"F...333486","F...333485","F...333483",2502,0,1991,1991,"Vlieland","879",53.29611,5.06619,"GREAT TIT",NA,NA,NA,NA,NA,"",NA,NA,NA,NA,NA,NA,NA,NA,NA,NA,NA,NA,NA,"Unknown"
"F...333487","F...333485","F...333483",2502,0,1991,1991,"Vlieland","879",53.29611,5.06619,"GREAT TIT",NA,NA,NA,NA,NA,"",NA,NA,NA,NA,NA,NA,NA,NA,NA,NA,NA,NA,NA,"Unknown"
"F...333488","F...333485","F...333483",2502,0,1991,1991,"Vlieland","879",53.29611,5.06619,"GREAT TIT",NA,NA,NA,NA,NA,"",NA,NA,NA,NA,NA,NA,NA,NA,NA,NA,NA,NA,NA,"Unknown"
"F...333489","F...333485","F...333483",2502,0,1991,1991,"Vlieland","879",53.29611,5.06619,"GREAT TIT",NA,NA,NA,NA,NA,"",NA,NA,NA,NA,NA,NA,NA,NA,NA,NA,NA,NA,NA,"Unknown"
"F...333490","F...333485","F...333483",2502,0,1991,1991,"Vlieland","879",53.29611,5.06619,"GREAT TIT",NA,NA,NA,NA,NA,"",NA,NA,NA,NA,NA,NA,NA,NA,NA,NA,NA,NA,NA,"Unknown"
"F...333491","F...333485","F...333483",2502,0,1991,1991,"Vlieland","879",53.29611,5.06619,"GREAT TIT",NA,NA,NA,NA,NA,"",NA,NA,NA,NA,NA,NA,NA,NA,NA,NA,NA,NA,NA,"Unknown"
"F...333492","F...333485","F...333483",2502,0,1991,1991,"Vlieland","879",53.29611,5.06619,"GREAT TIT",NA,NA,NA,NA,NA,"",NA,NA,NA,NA,NA,NA,NA,NA,NA,NA,NA,NA,NA,"Unknown"
"F...334140","F...171814",NA,2336,0,1991,1991,"Vlieland","577",53.30207,5.06711,"GREAT TIT",NA,NA,NA,NA,NA,"",NA,NA,NA,NA,NA,NA,NA,NA,NA,NA,NA,NA,NA,"Unknown"
"F...334141","F...171814",NA,2336,0,1991,1991,"Vlieland","577",53.30207,5.06711,"GREAT TIT",NA,NA,NA,NA,NA,"",NA,NA,NA,NA,NA,NA,NA,NA,NA,NA,NA,NA,NA,"Unknown"
"F...334142","F...171814",NA,2336,0,1991,1991,"Vlieland","577",53.30207,5.06711,"GREAT TIT",NA,NA,NA,NA,NA,"",NA,NA,NA,NA,NA,NA,NA,NA,NA,NA,NA,NA,NA,"Unknown"
"F...334143","F...171814",NA,2336,0,1991,1991,"Vlieland","577",53.30207,5.06711,"GREAT TIT",NA,NA,NA,NA,NA,"",NA,NA,NA,NA,NA,NA,NA,NA,NA,NA,NA,NA,NA,"Unknown"
"F...334144","F...171814",NA,2336,0,1991,1991,"Vlieland","577",53.30207,5.06711,"GREAT TIT",NA,NA,NA,NA,NA,"",NA,NA,NA,NA,NA,NA,NA,NA,NA,NA,NA,NA,NA,"Unknown"
"F...398786","F...398012","F...255391",2347,1,1993,1993,"Vlieland","588",53.30207,5.06711,"BLUE TIT",NA,NA,NA,NA,NA,"",NA,NA,NA,NA,NA,NA,NA,NA,NA,NA,NA,NA,NA,"Female"
"F...398787","F...398012","F...255391",2347,0,1993,1993,"Vlieland","588",53.30207,5.06711,"BLUE TIT",NA,NA,NA,NA,NA,"",NA,NA,NA,NA,NA,NA,NA,NA,NA,NA,NA,NA,NA,"Unknown"
"F...398788","F...398012","F...255391",2347,0,1993,1993,"Vlieland","588",53.30207,5.06711,"BLUE TIT",NA,NA,NA,NA,NA,"",NA,NA,NA,NA,NA,NA,NA,NA,NA,NA,NA,NA,NA,"Unknown"
"F...398789","F...398012","F...255391",2347,0,1993,1993,"Vlieland","588",53.30207,5.06711,"BLUE TIT",NA,NA,NA,NA,NA,"",NA,NA,NA,NA,NA,NA,NA,NA,NA,NA,NA,NA,NA,"Unknown"
"F...398790","F...398012","F...255391",2347,0,1993,1993,"Vlieland","588",53.30207,5.06711,"BLUE TIT",NA,NA,NA,NA,NA,"",NA,NA,NA,NA,NA,NA,NA,NA,NA,NA,NA,NA,NA,"Unknown"
"F...398791","F...398012","F...255391",2347,0,1993,1993,"Vlieland","588",53.30207,5.06711,"BLUE TIT",NA,NA,NA,NA,NA,"",NA,NA,NA,NA,NA,NA,NA,NA,NA,NA,NA,NA,NA,"Unknown"
"F...398792","F...398012","F...255391",2347,0,1993,1993,"Vlieland","588",53.30207,5.06711,"BLUE TIT",NA,NA,NA,NA,NA,"",NA,NA,NA,NA,NA,NA,NA,NA,NA,NA,NA,NA,NA,"Unknown"
"F...398793","F...398012","F...255391",2347,0,1993,1993,"Vlieland","588",53.30207,5.06711,"BLUE TIT",NA,NA,NA,NA,NA,"",NA,NA,NA,NA,NA,NA,NA,NA,NA,NA,NA,NA,NA,"Unknown"
"F...398794","F...398012","F...255391",2347,0,1993,1993,"Vlieland","588",53.30207,5.06711,"BLUE TIT",NA,NA,NA,NA,NA,"",NA,NA,NA,NA,NA,NA,NA,NA,NA,NA,NA,NA,NA,"Unknown"
"F...398795","F...398012","F...255391",2347,0,1993,1993,"Vlieland","588",53.30207,5.06711,"BLUE TIT",NA,NA,NA,NA,NA,"",NA,NA,NA,NA,NA,NA,NA,NA,NA,NA,NA,NA,NA,"Unknown"
"F...398796","F...398012","F...255391",2347,0,1993,1993,"Vlieland","588",53.30207,5.06711,"BLUE TIT",NA,NA,NA,NA,NA,"",NA,NA,NA,NA,NA,NA,NA,NA,NA,NA,NA,NA,NA,"Unknown"
"F...398797","F...398012","F...255391",2347,0,1993,1993,"Vlieland","588",53.30207,5.06711,"BLUE TIT",NA,NA,NA,NA,NA,"",NA,NA,NA,NA,NA,NA,NA,NA,NA,NA,NA,NA,NA,"Unknown"
"F...398896",NA,"F...255930",1992,2,1993,1993,"Vlieland","54",53.27053,4.97819,"BLUE TIT",NA,NA,NA,NA,NA,"",NA,NA,NA,NA,NA,NA,NA,NA,NA,NA,NA,NA,NA,"Male"
"F...398897",NA,"F...255930",1992,0,1993,1993,"Vlieland","54",53.27053,4.97819,"BLUE TIT",NA,NA,NA,NA,NA,"",NA,NA,NA,NA,NA,NA,NA,NA,NA,NA,NA,NA,NA,"Unknown"
"F...398898",NA,"F...255930",1992,2,1993,1993,"Vlieland","54",53.27053,4.97819,"BLUE TIT",NA,NA,NA,NA,NA,"",NA,NA,NA,NA,NA,NA,NA,NA,NA,NA,NA,NA,NA,"Male"
"F...398899",NA,"F...255930",1992,1,1993,1993,"Vlieland","54",53.27053,4.97819,"BLUE TIT",NA,NA,NA,NA,NA,"",NA,NA,NA,NA,NA,NA,NA,NA,NA,NA,NA,NA,NA,"Female"
"F...398900",NA,"F...255930",1992,2,1993,1993,"Vlieland","54",53.27053,4.97819,"BLUE TIT",NA,NA,NA,NA,NA,"",3,3,1994,1996,2,10.6666666666667,9,12,32,NA,NA,897.281950522142,1349.02139680402,"Male"
"F...398951",NA,"F...255930",1992,0,1993,1993,"Vlieland","54",53.27053,4.97819,"BLUE TIT",NA,NA,NA,NA,NA,"",NA,NA,NA,NA,NA,NA,NA,NA,NA,NA,NA,NA,NA,"Unknown"
"F...398952",NA,"F...255930",1992,2,1993,1993,"Vlieland","54",53.27053,4.97819,"BLUE TIT",NA,NA,NA,NA,NA,"",NA,NA,NA,NA,NA,NA,NA,NA,NA,NA,NA,NA,NA,"Male"
"F...398953",NA,"F...255930",1992,0,1993,1993,"Vlieland","54",53.27053,4.97819,"BLUE TIT",NA,NA,NA,NA,NA,"",NA,NA,NA,NA,NA,NA,NA,NA,NA,NA,NA,NA,NA,"Unknown"
"F...398954",NA,"F...255930",1992,2,1993,1993,"Vlieland","54",53.27053,4.97819,"BLUE TIT",NA,NA,NA,NA,NA,"",1,1,1994,1994,0,11,11,11,11,NA,NA,92.6415388919856,92.6415388919856,"Male"
"F...398955",NA,"F...255930",1992,1,1993,1993,"Vlieland","54",53.27053,4.97819,"BLUE TIT",NA,NA,NA,NA,NA,"",NA,NA,NA,NA,NA,NA,NA,NA,NA,NA,NA,NA,NA,"Female"
"F...398956",NA,"F...255930",1992,2,1993,1993,"Vlieland","54",53.27053,4.97819,"BLUE TIT",NA,NA,NA,NA,NA,"",NA,NA,NA,NA,NA,NA,NA,NA,NA,NA,NA,NA,NA,"Male"
"F...398957",NA,"F...255930",1992,1,1993,1993,"Vlieland","54",53.27053,4.97819,"BLUE TIT",NA,NA,NA,NA,NA,"",NA,NA,NA,NA,NA,NA,NA,NA,NA,NA,NA,NA,NA,"Female"
"F...401782","F...401725",NA,2163,0,1992,1992,"Vlieland","657",53.294554,5.053034,"BLUE TIT",NA,NA,NA,NA,NA,"",NA,NA,NA,NA,NA,NA,NA,NA,NA,NA,NA,NA,NA,"Unknown"
"F...401783","F...401725",NA,2163,0,1992,1992,"Vlieland","657",53.294554,5.053034,"BLUE TIT",NA,NA,NA,NA,NA,"",NA,NA,NA,NA,NA,NA,NA,NA,NA,NA,NA,NA,NA,"Unknown"
"F...401784","F...401725",NA,2163,0,1992,1992,"Vlieland","657",53.294554,5.053034,"BLUE TIT",NA,NA,NA,NA,NA,"",NA,NA,NA,NA,NA,NA,NA,NA,NA,NA,NA,NA,NA,"Unknown"
"F...401785","F...401725",NA,2163,0,1992,1992,"Vlieland","657",53.294554,5.053034,"BLUE TIT",NA,NA,NA,NA,NA,"",NA,NA,NA,NA,NA,NA,NA,NA,NA,NA,NA,NA,NA,"Unknown"
"F...401786","F...401725",NA,2163,0,1992,1992,"Vlieland","657",53.294554,5.053034,"BLUE TIT",NA,NA,NA,NA,NA,"",NA,NA,NA,NA,NA,NA,NA,NA,NA,NA,NA,NA,NA,"Unknown"
"F...401787","F...401725",NA,2163,0,1992,1992,"Vlieland","657",53.294554,5.053034,"BLUE TIT",NA,NA,NA,NA,NA,"",NA,NA,NA,NA,NA,NA,NA,NA,NA,NA,NA,NA,NA,"Unknown"
"F...401788","F...401725",NA,2163,0,1992,1992,"Vlieland","657",53.294554,5.053034,"BLUE TIT",NA,NA,NA,NA,NA,"",NA,NA,NA,NA,NA,NA,NA,NA,NA,NA,NA,NA,NA,"Unknown"
"F...401789","F...401725",NA,2163,0,1992,1992,"Vlieland","657",53.294554,5.053034,"BLUE TIT",NA,NA,NA,NA,NA,"",NA,NA,NA,NA,NA,NA,NA,NA,NA,NA,NA,NA,NA,"Unknown"
"F...401790","F...401725",NA,2163,0,1992,1992,"Vlieland","657",53.294554,5.053034,"BLUE TIT",NA,NA,NA,NA,NA,"",NA,NA,NA,NA,NA,NA,NA,NA,NA,NA,NA,NA,NA,"Unknown"
"F...401791","F...401725",NA,2163,0,1992,1992,"Vlieland","657",53.294554,5.053034,"BLUE TIT",NA,NA,NA,NA,NA,"",NA,NA,NA,NA,NA,NA,NA,NA,NA,NA,NA,NA,NA,"Unknown"
"F...401792","F...401725",NA,2163,0,1992,1992,"Vlieland","657",53.294554,5.053034,"BLUE TIT",NA,NA,NA,NA,NA,"",NA,NA,NA,NA,NA,NA,NA,NA,NA,NA,NA,NA,NA,"Unknown"
"F...411023","F...382213",NA,32949,0,1992,1992,"Vlieland","",53.30207,5.06711,"GREAT TIT",NA,NA,NA,NA,NA,"",NA,NA,NA,NA,NA,NA,NA,NA,NA,NA,NA,NA,NA,"Unknown"
"F...411024","F...248318","F...334743",24816,1,1992,1992,"Vlieland","",53.30207,5.06711,"GREAT TIT",NA,NA,NA,NA,NA,"",NA,NA,NA,NA,NA,NA,NA,NA,NA,NA,NA,NA,NA,"Female"
"F...411025","F...248318","F...334743",24816,0,1992,1992,"Vlieland","",53.30207,5.06711,"GREAT TIT",NA,NA,NA,NA,NA,"",NA,NA,NA,NA,NA,NA,NA,NA,NA,NA,NA,NA,NA,"Unknown"
"F...411026","F...248318","F...334743",24816,2,1992,1992,"Vlieland","",53.30207,5.06711,"GREAT TIT",NA,NA,NA,NA,NA,"",NA,NA,NA,NA,NA,NA,NA,NA,NA,NA,NA,NA,NA,"Male"
"F...411027","F...382213",NA,32949,1,1992,1992,"Vlieland","",53.30207,5.06711,"GREAT TIT",NA,NA,NA,NA,NA,"",NA,NA,NA,NA,NA,NA,NA,NA,NA,NA,NA,NA,NA,"Female"
"F...411028","F...382213",NA,32949,0,1992,1992,"Vlieland","",53.30207,5.06711,"GREAT TIT",NA,NA,NA,NA,NA,"",NA,NA,NA,NA,NA,NA,NA,NA,NA,NA,NA,NA,NA,"Unknown"
"F...411029","F...382213",NA,32949,0,1992,1992,"Vlieland","",53.30207,5.06711,"GREAT TIT",NA,NA,NA,NA,NA,"",NA,NA,NA,NA,NA,NA,NA,NA,NA,NA,NA,NA,NA,"Unknown"
"F...411030","F...248561","F...248376",6171,0,1992,1992,"Vlieland","",53.30207,5.06711,"GREAT TIT",NA,NA,NA,NA,NA,"",NA,NA,NA,NA,NA,NA,NA,NA,NA,NA,NA,NA,NA,"Unknown"
"F...411031","F...248561","F...248376",6171,0,1992,1992,"Vlieland","",53.30207,5.06711,"GREAT TIT",NA,NA,NA,NA,NA,"",NA,NA,NA,NA,NA,NA,NA,NA,NA,NA,NA,NA,NA,"Unknown"
"F...411032","F...248561","F...248376",6171,2,1992,1992,"Vlieland","",53.30207,5.06711,"GREAT TIT",NA,NA,NA,NA,NA,"",NA,NA,NA,NA,NA,NA,NA,NA,NA,NA,NA,NA,NA,"Male"
"F...411046","F...246319","F...332954",6814,0,1992,1992,"Vlieland","897",53.29611,5.06619,"GREAT TIT",NA,NA,NA,NA,NA,"",NA,NA,NA,NA,NA,NA,NA,NA,NA,NA,NA,NA,NA,"Unknown"
"F...411047","F...246319","F...332954",6814,0,1992,1992,"Vlieland","897",53.29611,5.06619,"GREAT TIT",NA,NA,NA,NA,NA,"",NA,NA,NA,NA,NA,NA,NA,NA,NA,NA,NA,NA,NA,"Unknown"
"F...411048","F...246319","F...332954",6814,0,1992,1992,"Vlieland","897",53.29611,5.06619,"GREAT TIT",NA,NA,NA,NA,NA,"",NA,NA,NA,NA,NA,NA,NA,NA,NA,NA,NA,NA,NA,"Unknown"
"F...411049","F...246319","F...332954",6814,1,1992,1992,"Vlieland","897",53.29611,5.06619,"GREAT TIT",NA,NA,NA,NA,NA,"",NA,NA,NA,NA,NA,NA,NA,NA,NA,NA,NA,NA,NA,"Female"
"F...411050","F...246319","F...332954",6814,2,1992,1992,"Vlieland","897",53.29611,5.06619,"GREAT TIT",NA,NA,NA,NA,NA,"",NA,NA,NA,NA,NA,NA,NA,NA,NA,NA,NA,NA,NA,"Male"
"F...411051","F...246319","F...332954",6814,1,1992,1992,"Vlieland","897",53.29611,5.06619,"GREAT TIT",NA,NA,NA,NA,NA,"",NA,NA,NA,NA,NA,NA,NA,NA,NA,NA,NA,NA,NA,"Female"
"F...411052","F...246319","F...332954",6814,0,1992,1992,"Vlieland","897",53.29611,5.06619,"GREAT TIT",NA,NA,NA,NA,NA,"",NA,NA,NA,NA,NA,NA,NA,NA,NA,NA,NA,NA,NA,"Unknown"
"F...411053","F...246319","F...332954",6814,0,1992,1992,"Vlieland","897",53.29611,5.06619,"GREAT TIT",NA,NA,NA,NA,NA,"",NA,NA,NA,NA,NA,NA,NA,NA,NA,NA,NA,NA,NA,"Unknown"
"F...411054","F...246319","F...332954",6814,0,1992,1992,"Vlieland","897",53.29611,5.06619,"GREAT TIT",NA,NA,NA,NA,NA,"",NA,NA,NA,NA,NA,NA,NA,NA,NA,NA,NA,NA,NA,"Unknown"
"F...411055","F...246319","F...332954",6814,0,1992,1992,"Vlieland","897",53.29611,5.06619,"GREAT TIT",NA,NA,NA,NA,NA,"",NA,NA,NA,NA,NA,NA,NA,NA,NA,NA,NA,NA,NA,"Unknown"
"F...411251","F...382184","F...248147",20615,0,1992,1992,"Vlieland","2001",53.29611,5.06619,"GREAT TIT",NA,NA,NA,NA,NA,"",NA,NA,NA,NA,NA,NA,NA,NA,NA,NA,NA,NA,NA,"Unknown"
"F...411252","F...246382","F...164952",1602,0,1992,1992,"Vlieland","2001",53.29611,5.06619,"GREAT TIT",NA,NA,NA,NA,NA,"",NA,NA,NA,NA,NA,NA,NA,NA,NA,NA,NA,NA,NA,"Unknown"
"F...411253","F...382184","F...248147",20615,0,1992,1992,"Vlieland","2001",53.29611,5.06619,"GREAT TIT",NA,NA,NA,NA,NA,"",NA,NA,NA,NA,NA,NA,NA,NA,NA,NA,NA,NA,NA,"Unknown"
"F...411254","F...382184","F...248147",20615,0,1992,1992,"Vlieland","2001",53.29611,5.06619,"GREAT TIT",NA,NA,NA,NA,NA,"",NA,NA,NA,NA,NA,NA,NA,NA,NA,NA,NA,NA,NA,"Unknown"
"F...411255","F...332656","F...245128",8337,0,1992,1992,"Vlieland","2001",53.29611,5.06619,"GREAT TIT",NA,NA,NA,NA,NA,"",NA,NA,NA,NA,NA,NA,NA,NA,NA,NA,NA,NA,NA,"Unknown"
"F...411256","F...246382","F...164952",1602,0,1992,1992,"Vlieland","2001",53.29611,5.06619,"GREAT TIT",NA,NA,NA,NA,NA,"",NA,NA,NA,NA,NA,NA,NA,NA,NA,NA,NA,NA,NA,"Unknown"
"F...411257","F...246382","F...164952",1602,0,1992,1992,"Vlieland","2001",53.29611,5.06619,"GREAT TIT",NA,NA,NA,NA,NA,"",NA,NA,NA,NA,NA,NA,NA,NA,NA,NA,NA,NA,NA,"Unknown"
"F...411258","F...332656","F...245128",8337,2,1992,1992,"Vlieland","2001",53.29611,5.06619,"GREAT TIT",NA,NA,NA,NA,NA,"",NA,NA,NA,NA,NA,NA,NA,NA,NA,NA,NA,NA,NA,"Male"
"F...411320",NA,NA,2669,0,1992,1992,"Vlieland","701",53.29611,5.06619,"BLUE TIT",NA,NA,NA,NA,NA,"",NA,NA,NA,NA,NA,NA,NA,NA,NA,NA,NA,NA,NA,"Unknown"
"F...411321",NA,NA,2669,0,1992,1992,"Vlieland","701",53.29611,5.06619,"BLUE TIT",NA,NA,NA,NA,NA,"",NA,NA,NA,NA,NA,NA,NA,NA,NA,NA,NA,NA,NA,"Unknown"
"F...411322",NA,NA,2669,0,1992,1992,"Vlieland","701",53.29611,5.06619,"BLUE TIT",NA,NA,NA,NA,NA,"",NA,NA,NA,NA,NA,NA,NA,NA,NA,NA,NA,NA,NA,"Unknown"
"F...411323",NA,NA,2669,0,1992,1992,"Vlieland","701",53.29611,5.06619,"BLUE TIT",NA,NA,NA,NA,NA,"",NA,NA,NA,NA,NA,NA,NA,NA,NA,NA,NA,NA,NA,"Unknown"
"F...411324",NA,NA,2669,0,1992,1992,"Vlieland","701",53.29611,5.06619,"BLUE TIT",NA,NA,NA,NA,NA,"",NA,NA,NA,NA,NA,NA,NA,NA,NA,NA,NA,NA,NA,"Unknown"
"F...411660","F...401746",NA,8339,0,1992,1992,"Vlieland","2003",53.29611,5.06619,"BLUE TIT",NA,NA,NA,NA,NA,"",NA,NA,NA,NA,NA,NA,NA,NA,NA,NA,NA,NA,NA,"Unknown"
"F...411661","F...401746",NA,8339,0,1992,1992,"Vlieland","2003",53.29611,5.06619,"BLUE TIT",NA,NA,NA,NA,NA,"",NA,NA,NA,NA,NA,NA,NA,NA,NA,NA,NA,NA,NA,"Unknown"
"F...411662","F...401746",NA,8339,0,1992,1992,"Vlieland","2003",53.29611,5.06619,"BLUE TIT",NA,NA,NA,NA,NA,"",NA,NA,NA,NA,NA,NA,NA,NA,NA,NA,NA,NA,NA,"Unknown"
"F...411663","F...401746",NA,8339,0,1992,1992,"Vlieland","2003",53.29611,5.06619,"BLUE TIT",NA,NA,NA,NA,NA,"",NA,NA,NA,NA,NA,NA,NA,NA,NA,NA,NA,NA,NA,"Unknown"
"F...411664","F...401746",NA,8339,0,1992,1992,"Vlieland","2003",53.29611,5.06619,"BLUE TIT",NA,NA,NA,NA,NA,"",NA,NA,NA,NA,NA,NA,NA,NA,NA,NA,NA,NA,NA,"Unknown"
"F...411665","F...401746",NA,8339,0,1992,1992,"Vlieland","2003",53.29611,5.06619,"BLUE TIT",NA,NA,NA,NA,NA,"",NA,NA,NA,NA,NA,NA,NA,NA,NA,NA,NA,NA,NA,"Unknown"
"F...412369","F...497100","F...497087",2350,2,1994,1994,"Vlieland","590",53.304038,5.070869,"GREAT TIT",NA,NA,NA,NA,NA,"",NA,NA,NA,NA,NA,NA,NA,NA,NA,NA,NA,NA,NA,"Male"
"F...413009","F...332797","F...245893",8338,0,1992,1992,"Vlieland","2002",53.29611,5.06619,"GREAT TIT",NA,NA,NA,NA,NA,"",NA,NA,NA,NA,NA,NA,NA,NA,NA,NA,NA,NA,NA,"Unknown"
"F...413010","F...332797","F...245893",8338,0,1992,1992,"Vlieland","2002",53.29611,5.06619,"GREAT TIT",NA,NA,NA,NA,NA,"",NA,NA,NA,NA,NA,NA,NA,NA,NA,NA,NA,NA,NA,"Unknown"
"F...413011","F...332797","F...245893",8338,0,1992,1992,"Vlieland","2002",53.29611,5.06619,"GREAT TIT",NA,NA,NA,NA,NA,"",NA,NA,NA,NA,NA,NA,NA,NA,NA,NA,NA,NA,NA,"Unknown"
"F...413012","F...332797","F...245893",8338,2,1992,1992,"Vlieland","2002",53.29611,5.06619,"GREAT TIT",NA,NA,NA,NA,NA,"",NA,NA,NA,NA,NA,NA,NA,NA,NA,NA,NA,NA,NA,"Male"
"F...413013","F...332797","F...245893",8338,0,1992,1992,"Vlieland","2002",53.29611,5.06619,"GREAT TIT",NA,NA,NA,NA,NA,"",NA,NA,NA,NA,NA,NA,NA,NA,NA,NA,NA,NA,NA,"Unknown"
"F...413014","F...332797","F...245893",8338,0,1992,1992,"Vlieland","2002",53.29611,5.06619,"GREAT TIT",NA,NA,NA,NA,NA,"",NA,NA,NA,NA,NA,NA,NA,NA,NA,NA,NA,NA,NA,"Unknown"
"F...413015","F...332797","F...245893",8338,2,1992,1992,"Vlieland","2002",53.29611,5.06619,"GREAT TIT",NA,NA,NA,NA,NA,"",NA,NA,NA,NA,NA,NA,NA,NA,NA,NA,NA,NA,NA,"Male"
"F...413140","F...399375","F...332823",6816,0,1992,1992,"Vlieland","899",53.29611,5.06619,"GREAT TIT",NA,NA,NA,NA,NA,"",NA,NA,NA,NA,NA,NA,NA,NA,NA,NA,NA,NA,NA,"Unknown"
"F...413141","F...399375","F...332823",6816,2,1992,1992,"Vlieland","899",53.29611,5.06619,"GREAT TIT",NA,NA,NA,NA,NA,"",NA,NA,NA,NA,NA,NA,NA,NA,NA,NA,NA,NA,NA,"Male"
"F...413142","F...399375","F...332823",6816,0,1992,1992,"Vlieland","899",53.29611,5.06619,"GREAT TIT",NA,NA,NA,NA,NA,"",NA,NA,NA,NA,NA,NA,NA,NA,NA,NA,NA,NA,NA,"Unknown"
"F...413143","F...399375","F...332823",6816,0,1992,1992,"Vlieland","899",53.29611,5.06619,"GREAT TIT",NA,NA,NA,NA,NA,"",NA,NA,NA,NA,NA,NA,NA,NA,NA,NA,NA,NA,NA,"Unknown"
"F...413144","F...399375","F...332823",6816,0,1992,1992,"Vlieland","899",53.29611,5.06619,"GREAT TIT",NA,NA,NA,NA,NA,"",NA,NA,NA,NA,NA,NA,NA,NA,NA,NA,NA,NA,NA,"Unknown"
"F...413145","F...399375","F...332823",6816,0,1992,1992,"Vlieland","899",53.29611,5.06619,"GREAT TIT",NA,NA,NA,NA,NA,"",NA,NA,NA,NA,NA,NA,NA,NA,NA,NA,NA,NA,NA,"Unknown"
"F...413146","F...399375","F...332823",6816,0,1992,1992,"Vlieland","899",53.29611,5.06619,"GREAT TIT",NA,NA,NA,NA,NA,"",NA,NA,NA,NA,NA,NA,NA,NA,NA,NA,NA,NA,NA,"Unknown"
"F...413147","F...399375","F...332823",6816,0,1992,1992,"Vlieland","899",53.29611,5.06619,"GREAT TIT",NA,NA,NA,NA,NA,"",NA,NA,NA,NA,NA,NA,NA,NA,NA,NA,NA,NA,NA,"Unknown"
"F...413889","F...413648",NA,2341,0,1992,1992,"Vlieland","581",53.30207,5.06711,"BLUE TIT",NA,NA,NA,NA,NA,"",NA,NA,NA,NA,NA,NA,NA,NA,NA,NA,NA,NA,NA,"Unknown"
"F...413890","F...413648",NA,2341,0,1992,1992,"Vlieland","581",53.30207,5.06711,"BLUE TIT",NA,NA,NA,NA,NA,"",NA,NA,NA,NA,NA,NA,NA,NA,NA,NA,NA,NA,NA,"Unknown"
"F...413891","F...413648",NA,2341,2,1992,1992,"Vlieland","581",53.30207,5.06711,"BLUE TIT",NA,NA,NA,NA,NA,"",NA,NA,NA,NA,NA,NA,NA,NA,NA,NA,NA,NA,NA,"Male"
"F...413892","F...413648",NA,2341,0,1992,1992,"Vlieland","581",53.30207,5.06711,"BLUE TIT",NA,NA,NA,NA,NA,"",NA,NA,NA,NA,NA,NA,NA,NA,NA,NA,NA,NA,NA,"Unknown"
"F...413893","F...413648",NA,2341,0,1992,1992,"Vlieland","581",53.30207,5.06711,"BLUE TIT",NA,NA,NA,NA,NA,"",NA,NA,NA,NA,NA,NA,NA,NA,NA,NA,NA,NA,NA,"Unknown"
"F...413894","F...413648",NA,2341,0,1992,1992,"Vlieland","581",53.30207,5.06711,"BLUE TIT",NA,NA,NA,NA,NA,"",NA,NA,NA,NA,NA,NA,NA,NA,NA,NA,NA,NA,NA,"Unknown"
"F...413895","F...413648",NA,2341,2,1992,1992,"Vlieland","581",53.30207,5.06711,"BLUE TIT",NA,NA,NA,NA,NA,"",NA,NA,NA,NA,NA,NA,NA,NA,NA,NA,NA,NA,NA,"Male"
"F...413896","F...413648",NA,2341,0,1992,1992,"Vlieland","581",53.30207,5.06711,"BLUE TIT",NA,NA,NA,NA,NA,"",NA,NA,NA,NA,NA,NA,NA,NA,NA,NA,NA,NA,NA,"Unknown"
"F...413897","F...413648",NA,2341,0,1992,1992,"Vlieland","581",53.30207,5.06711,"BLUE TIT",NA,NA,NA,NA,NA,"",NA,NA,NA,NA,NA,NA,NA,NA,NA,NA,NA,NA,NA,"Unknown"
"F...413898","F...413648",NA,2341,0,1992,1992,"Vlieland","581",53.30207,5.06711,"BLUE TIT",NA,NA,NA,NA,NA,"",NA,NA,NA,NA,NA,NA,NA,NA,NA,NA,NA,NA,NA,"Unknown"
"F...414192","F...414191","F...414189",2340,0,1992,1992,"Vlieland","580",53.30207,5.06711,"GREAT TIT",NA,NA,NA,NA,NA,"",NA,NA,NA,NA,NA,NA,NA,NA,NA,NA,NA,NA,NA,"Unknown"
"F...414193","F...414191","F...414189",2340,0,1992,1992,"Vlieland","580",53.30207,5.06711,"GREAT TIT",NA,NA,NA,NA,NA,"",NA,NA,NA,NA,NA,NA,NA,NA,NA,NA,NA,NA,NA,"Unknown"
"F...414194","F...414191","F...414189",2340,0,1992,1992,"Vlieland","580",53.30207,5.06711,"GREAT TIT",NA,NA,NA,NA,NA,"",NA,NA,NA,NA,NA,NA,NA,NA,NA,NA,NA,NA,NA,"Unknown"
"F...414195","F...414191","F...414189",2340,2,1992,1992,"Vlieland","580",53.30207,5.06711,"GREAT TIT",NA,NA,NA,NA,NA,"",NA,NA,NA,NA,NA,NA,NA,NA,NA,NA,NA,NA,NA,"Male"
"F...414196","F...414191","F...414189",2340,0,1992,1992,"Vlieland","580",53.30207,5.06711,"GREAT TIT",NA,NA,NA,NA,NA,"",NA,NA,NA,NA,NA,NA,NA,NA,NA,NA,NA,NA,NA,"Unknown"
"F...414197","F...414191","F...414189",2340,0,1992,1992,"Vlieland","580",53.30207,5.06711,"GREAT TIT",NA,NA,NA,NA,NA,"",NA,NA,NA,NA,NA,NA,NA,NA,NA,NA,NA,NA,NA,"Unknown"
"F...414313","F...414399","F...247187",2507,0,1992,1992,"Vlieland","907",53.30207,5.06711,"GREAT TIT",NA,NA,NA,NA,NA,"",NA,NA,NA,NA,NA,NA,NA,NA,NA,NA,NA,NA,NA,"Unknown"
"F...414314","F...414399","F...247187",2507,0,1992,1992,"Vlieland","907",53.30207,5.06711,"GREAT TIT",NA,NA,NA,NA,NA,"",NA,NA,NA,NA,NA,NA,NA,NA,NA,NA,NA,NA,NA,"Unknown"
"F...414315","F...414399","F...247187",2507,0,1992,1992,"Vlieland","907",53.30207,5.06711,"GREAT TIT",NA,NA,NA,NA,NA,"",NA,NA,NA,NA,NA,NA,NA,NA,NA,NA,NA,NA,NA,"Unknown"
"F...414316","F...414399","F...247187",2507,0,1992,1992,"Vlieland","907",53.30207,5.06711,"GREAT TIT",NA,NA,NA,NA,NA,"",NA,NA,NA,NA,NA,NA,NA,NA,NA,NA,NA,NA,NA,"Unknown"
"F...414317","F...414399","F...247187",2507,0,1992,1992,"Vlieland","907",53.30207,5.06711,"GREAT TIT",NA,NA,NA,NA,NA,"",NA,NA,NA,NA,NA,NA,NA,NA,NA,NA,NA,NA,NA,"Unknown"
"F...414318","F...414399","F...247187",2507,0,1992,1992,"Vlieland","907",53.30207,5.06711,"GREAT TIT",NA,NA,NA,NA,NA,"",NA,NA,NA,NA,NA,NA,NA,NA,NA,NA,NA,NA,NA,"Unknown"
"F...414319","F...414399","F...247187",2507,0,1992,1992,"Vlieland","907",53.30207,5.06711,"GREAT TIT",NA,NA,NA,NA,NA,"",NA,NA,NA,NA,NA,NA,NA,NA,NA,NA,NA,NA,NA,"Unknown"
"F...414320","F...414399","F...247187",2507,0,1992,1992,"Vlieland","907",53.30207,5.06711,"GREAT TIT",NA,NA,NA,NA,NA,"",NA,NA,NA,NA,NA,NA,NA,NA,NA,NA,NA,NA,NA,"Unknown"
"F...414551","F...248526",NA,1984,0,1992,1992,"Vlieland","49",53.27053,4.97819,"GREAT TIT",NA,NA,NA,NA,NA,"",NA,NA,NA,NA,NA,NA,NA,NA,NA,NA,NA,NA,NA,"Unknown"
"F...414552","F...248526",NA,1984,0,1992,1992,"Vlieland","49",53.27053,4.97819,"GREAT TIT",NA,NA,NA,NA,NA,"",NA,NA,NA,NA,NA,NA,NA,NA,NA,NA,NA,NA,NA,"Unknown"
"F...414553","F...248526",NA,1984,0,1992,1992,"Vlieland","49",53.27053,4.97819,"GREAT TIT",NA,NA,NA,NA,NA,"",NA,NA,NA,NA,NA,NA,NA,NA,NA,NA,NA,NA,NA,"Unknown"
"F...414554","F...248526",NA,1984,0,1992,1992,"Vlieland","49",53.27053,4.97819,"GREAT TIT",NA,NA,NA,NA,NA,"",NA,NA,NA,NA,NA,NA,NA,NA,NA,NA,NA,NA,NA,"Unknown"
"F...414555","F...248526",NA,1984,0,1992,1992,"Vlieland","49",53.27053,4.97819,"GREAT TIT",NA,NA,NA,NA,NA,"",NA,NA,NA,NA,NA,NA,NA,NA,NA,NA,NA,NA,NA,"Unknown"
"F...414556","F...248526",NA,1984,0,1992,1992,"Vlieland","49",53.27053,4.97819,"GREAT TIT",NA,NA,NA,NA,NA,"",NA,NA,NA,NA,NA,NA,NA,NA,NA,NA,NA,NA,NA,"Unknown"
"F...414593","F...248561","F...248376",6172,0,1992,1992,"Vlieland","556",53.30207,5.06711,"GREAT TIT",NA,NA,NA,NA,NA,"",NA,NA,NA,NA,NA,NA,NA,NA,NA,NA,NA,NA,NA,"Unknown"
"F...414594","F...248561","F...248376",6172,0,1992,1992,"Vlieland","556",53.30207,5.06711,"GREAT TIT",NA,NA,NA,NA,NA,"",NA,NA,NA,NA,NA,NA,NA,NA,NA,NA,NA,NA,NA,"Unknown"
"F...414595","F...248561","F...248376",6172,0,1992,1992,"Vlieland","556",53.30207,5.06711,"GREAT TIT",NA,NA,NA,NA,NA,"",NA,NA,NA,NA,NA,NA,NA,NA,NA,NA,NA,NA,NA,"Unknown"
"F...414596","F...248561","F...248376",6172,0,1992,1992,"Vlieland","556",53.30207,5.06711,"GREAT TIT",NA,NA,NA,NA,NA,"",NA,NA,NA,NA,NA,NA,NA,NA,NA,NA,NA,NA,NA,"Unknown"
"F...414597","F...248561","F...248376",6172,0,1992,1992,"Vlieland","556",53.30207,5.06711,"GREAT TIT",NA,NA,NA,NA,NA,"",NA,NA,NA,NA,NA,NA,NA,NA,NA,NA,NA,NA,NA,"Unknown"
"F...414598","F...248561","F...248376",6172,0,1992,1992,"Vlieland","556",53.30207,5.06711,"GREAT TIT",NA,NA,NA,NA,NA,"",NA,NA,NA,NA,NA,NA,NA,NA,NA,NA,NA,NA,NA,"Unknown"
"F...414601",NA,"F...411796",1985,0,1992,1992,"Vlieland","50",53.270662,4.974303,"GREAT TIT",NA,NA,NA,NA,NA,"",NA,NA,NA,NA,NA,NA,NA,NA,NA,NA,NA,NA,NA,"Unknown"
"F...414602",NA,"F...411796",1985,0,1992,1992,"Vlieland","50",53.270662,4.974303,"GREAT TIT",NA,NA,NA,NA,NA,"",NA,NA,NA,NA,NA,NA,NA,NA,NA,NA,NA,NA,NA,"Unknown"
"F...414603",NA,"F...411796",1985,0,1992,1992,"Vlieland","50",53.270662,4.974303,"GREAT TIT",NA,NA,NA,NA,NA,"",NA,NA,NA,NA,NA,NA,NA,NA,NA,NA,NA,NA,NA,"Unknown"
"F...414604",NA,"F...411796",1985,0,1992,1992,"Vlieland","50",53.270662,4.974303,"GREAT TIT",NA,NA,NA,NA,NA,"",NA,NA,NA,NA,NA,NA,NA,NA,NA,NA,NA,NA,NA,"Unknown"
"F...414605",NA,"F...411796",1985,0,1992,1992,"Vlieland","50",53.270662,4.974303,"GREAT TIT",NA,NA,NA,NA,NA,"",NA,NA,NA,NA,NA,NA,NA,NA,NA,NA,NA,NA,NA,"Unknown"
"F...414606",NA,"F...411796",1985,0,1992,1992,"Vlieland","50",53.270662,4.974303,"GREAT TIT",NA,NA,NA,NA,NA,"",NA,NA,NA,NA,NA,NA,NA,NA,NA,NA,NA,NA,NA,"Unknown"
"F...414607",NA,"F...411796",1985,0,1992,1992,"Vlieland","50",53.270662,4.974303,"GREAT TIT",NA,NA,NA,NA,NA,"",NA,NA,NA,NA,NA,NA,NA,NA,NA,NA,NA,NA,NA,"Unknown"
"F...414608",NA,"F...411796",1985,0,1992,1992,"Vlieland","50",53.270662,4.974303,"GREAT TIT",NA,NA,NA,NA,NA,"",NA,NA,NA,NA,NA,NA,NA,NA,NA,NA,NA,NA,NA,"Unknown"
"F...414609",NA,"F...411796",1985,0,1992,1992,"Vlieland","50",53.270662,4.974303,"GREAT TIT",NA,NA,NA,NA,NA,"",NA,NA,NA,NA,NA,NA,NA,NA,NA,NA,NA,NA,NA,"Unknown"
"F...414610",NA,"F...411796",1985,0,1992,1992,"Vlieland","50",53.270662,4.974303,"GREAT TIT",NA,NA,NA,NA,NA,"",NA,NA,NA,NA,NA,NA,NA,NA,NA,NA,NA,NA,NA,"Unknown"
"F...414611","F...100265",NA,2339,0,1992,1992,"Vlieland","579",53.30207,5.06711,"GREAT TIT",NA,NA,NA,NA,NA,"",NA,NA,NA,NA,NA,NA,NA,NA,NA,NA,NA,NA,NA,"Unknown"
"F...414612","F...100265",NA,2339,0,1992,1992,"Vlieland","579",53.30207,5.06711,"GREAT TIT",NA,NA,NA,NA,NA,"",NA,NA,NA,NA,NA,NA,NA,NA,NA,NA,NA,NA,NA,"Unknown"
"F...414613","F...100265",NA,2339,0,1992,1992,"Vlieland","579",53.30207,5.06711,"GREAT TIT",NA,NA,NA,NA,NA,"",NA,NA,NA,NA,NA,NA,NA,NA,NA,NA,NA,NA,NA,"Unknown"
"F...414614","F...100265",NA,2339,0,1992,1992,"Vlieland","579",53.30207,5.06711,"GREAT TIT",NA,NA,NA,NA,NA,"",NA,NA,NA,NA,NA,NA,NA,NA,NA,NA,NA,NA,NA,"Unknown"
"F...414615","F...100265",NA,2339,0,1992,1992,"Vlieland","579",53.30207,5.06711,"GREAT TIT",NA,NA,NA,NA,NA,"",NA,NA,NA,NA,NA,NA,NA,NA,NA,NA,NA,NA,NA,"Unknown"
"F...414616","F...100265",NA,2339,0,1992,1992,"Vlieland","579",53.30207,5.06711,"GREAT TIT",NA,NA,NA,NA,NA,"",NA,NA,NA,NA,NA,NA,NA,NA,NA,NA,NA,NA,NA,"Unknown"
"F...414617","F...100265",NA,2339,0,1992,1992,"Vlieland","579",53.30207,5.06711,"GREAT TIT",NA,NA,NA,NA,NA,"",NA,NA,NA,NA,NA,NA,NA,NA,NA,NA,NA,NA,NA,"Unknown"
"F...414755",NA,NA,2670,0,1992,1992,"Vlieland","703",53.29611,5.06619,"BLUE TIT",NA,NA,NA,NA,NA,"",NA,NA,NA,NA,NA,NA,NA,NA,NA,NA,NA,NA,NA,"Unknown"
"F...414756",NA,NA,2670,0,1992,1992,"Vlieland","703",53.29611,5.06619,"BLUE TIT",NA,NA,NA,NA,NA,"",NA,NA,NA,NA,NA,NA,NA,NA,NA,NA,NA,NA,NA,"Unknown"
"F...414757",NA,NA,2670,0,1992,1992,"Vlieland","703",53.29611,5.06619,"BLUE TIT",NA,NA,NA,NA,NA,"",NA,NA,NA,NA,NA,NA,NA,NA,NA,NA,NA,NA,NA,"Unknown"
"F...414758",NA,NA,2670,0,1992,1992,"Vlieland","703",53.29611,5.06619,"BLUE TIT",NA,NA,NA,NA,NA,"",NA,NA,NA,NA,NA,NA,NA,NA,NA,NA,NA,NA,NA,"Unknown"
"F...415307",NA,NA,2508,0,1992,1992,"Vlieland","908",53.30207,5.06711,"GREAT TIT",NA,NA,NA,NA,NA,"",NA,NA,NA,NA,NA,NA,NA,NA,NA,NA,NA,NA,NA,"Unknown"
"F...415308",NA,NA,2508,2,1992,1992,"Vlieland","908",53.30207,5.06711,"GREAT TIT",NA,NA,NA,NA,NA,"",NA,NA,NA,NA,NA,NA,NA,NA,NA,NA,NA,NA,NA,"Male"
"F...415309",NA,NA,2508,0,1992,1992,"Vlieland","908",53.30207,5.06711,"GREAT TIT",NA,NA,NA,NA,NA,"",NA,NA,NA,NA,NA,NA,NA,NA,NA,NA,NA,NA,NA,"Unknown"
"F...415310",NA,NA,2508,0,1992,1992,"Vlieland","908",53.30207,5.06711,"GREAT TIT",NA,NA,NA,NA,NA,"",NA,NA,NA,NA,NA,NA,NA,NA,NA,NA,NA,NA,NA,"Unknown"
"F...415311",NA,NA,2508,0,1992,1992,"Vlieland","908",53.30207,5.06711,"GREAT TIT",NA,NA,NA,NA,NA,"",NA,NA,NA,NA,NA,NA,NA,NA,NA,NA,NA,NA,NA,"Unknown"
"F...415312",NA,NA,2508,0,1992,1992,"Vlieland","908",53.30207,5.06711,"GREAT TIT",NA,NA,NA,NA,NA,"",NA,NA,NA,NA,NA,NA,NA,NA,NA,NA,NA,NA,NA,"Unknown"
"F...415313",NA,NA,2508,2,1992,1992,"Vlieland","908",53.30207,5.06711,"GREAT TIT",NA,NA,NA,NA,NA,"",NA,NA,NA,NA,NA,NA,NA,NA,NA,NA,NA,NA,NA,"Male"
"F...415314",NA,NA,2508,0,1992,1992,"Vlieland","908",53.30207,5.06711,"GREAT TIT",NA,NA,NA,NA,NA,"",NA,NA,NA,NA,NA,NA,NA,NA,NA,NA,NA,NA,NA,"Unknown"
"F...415343","F...415350",NA,6174,0,1992,1992,"Vlieland","647",53.30207,5.06711,"GREAT TIT",NA,NA,NA,NA,NA,"",NA,NA,NA,NA,NA,NA,NA,NA,NA,NA,NA,NA,NA,"Unknown"
"F...415344","F...415350",NA,6174,0,1992,1992,"Vlieland","647",53.30207,5.06711,"GREAT TIT",NA,NA,NA,NA,NA,"",NA,NA,NA,NA,NA,NA,NA,NA,NA,NA,NA,NA,NA,"Unknown"
"F...415345","F...415350",NA,6174,0,1992,1992,"Vlieland","647",53.30207,5.06711,"GREAT TIT",NA,NA,NA,NA,NA,"",NA,NA,NA,NA,NA,NA,NA,NA,NA,NA,NA,NA,NA,"Unknown"
"F...415346","F...415350",NA,6174,0,1992,1992,"Vlieland","647",53.30207,5.06711,"GREAT TIT",NA,NA,NA,NA,NA,"",NA,NA,NA,NA,NA,NA,NA,NA,NA,NA,NA,NA,NA,"Unknown"
"F...415347","F...415350",NA,6174,0,1992,1992,"Vlieland","647",53.30207,5.06711,"GREAT TIT",NA,NA,NA,NA,NA,"",NA,NA,NA,NA,NA,NA,NA,NA,NA,NA,NA,NA,NA,"Unknown"
"F...415348","F...415350",NA,6174,0,1992,1992,"Vlieland","647",53.30207,5.06711,"GREAT TIT",NA,NA,NA,NA,NA,"",NA,NA,NA,NA,NA,NA,NA,NA,NA,NA,NA,NA,NA,"Unknown"
"F...415349","F...415350",NA,6174,0,1992,1992,"Vlieland","647",53.30207,5.06711,"GREAT TIT",NA,NA,NA,NA,NA,"",NA,NA,NA,NA,NA,NA,NA,NA,NA,NA,NA,NA,NA,"Unknown"
"F...415511",NA,NA,1986,1,1992,1992,"Vlieland","50",53.27053,4.97819,"GREAT TIT",NA,NA,NA,NA,NA,"",NA,NA,NA,NA,NA,NA,NA,NA,NA,NA,NA,NA,NA,"Female"
"F...415512",NA,NA,1986,0,1992,1992,"Vlieland","50",53.27053,4.97819,"GREAT TIT",NA,NA,NA,NA,NA,"",NA,NA,NA,NA,NA,NA,NA,NA,NA,NA,NA,NA,NA,"Unknown"
"F...415513",NA,NA,1986,0,1992,1992,"Vlieland","50",53.27053,4.97819,"GREAT TIT",NA,NA,NA,NA,NA,"",NA,NA,NA,NA,NA,NA,NA,NA,NA,NA,NA,NA,NA,"Unknown"
"F...415514",NA,NA,1986,0,1992,1992,"Vlieland","50",53.27053,4.97819,"GREAT TIT",NA,NA,NA,NA,NA,"",NA,NA,NA,NA,NA,NA,NA,NA,NA,NA,NA,NA,NA,"Unknown"
"F...415515",NA,NA,1986,0,1992,1992,"Vlieland","50",53.27053,4.97819,"GREAT TIT",NA,NA,NA,NA,NA,"",NA,NA,NA,NA,NA,NA,NA,NA,NA,NA,NA,NA,NA,"Unknown"
"F...415516",NA,NA,1986,0,1992,1992,"Vlieland","50",53.27053,4.97819,"GREAT TIT",NA,NA,NA,NA,NA,"",NA,NA,NA,NA,NA,NA,NA,NA,NA,NA,NA,NA,NA,"Unknown"
"F...415593","F...415804","F...259286",6177,0,1993,1993,"Vlieland","750",53.30207,5.06711,"GREAT TIT",NA,NA,NA,NA,NA,"",NA,NA,NA,NA,NA,NA,NA,NA,NA,NA,NA,NA,NA,"Unknown"
"F...415594","F...415804","F...259286",6177,0,1993,1993,"Vlieland","750",53.30207,5.06711,"GREAT TIT",NA,NA,NA,NA,NA,"",NA,NA,NA,NA,NA,NA,NA,NA,NA,NA,NA,NA,NA,"Unknown"
"F...415595","F...415804","F...259286",6177,0,1993,1993,"Vlieland","750",53.30207,5.06711,"GREAT TIT",NA,NA,NA,NA,NA,"",NA,NA,NA,NA,NA,NA,NA,NA,NA,NA,NA,NA,NA,"Unknown"
"F...415596","F...415804","F...259286",6177,0,1993,1993,"Vlieland","750",53.30207,5.06711,"GREAT TIT",NA,NA,NA,NA,NA,"",NA,NA,NA,NA,NA,NA,NA,NA,NA,NA,NA,NA,NA,"Unknown"
"F...415597","F...415804","F...259286",6177,0,1993,1993,"Vlieland","750",53.30207,5.06711,"GREAT TIT",NA,NA,NA,NA,NA,"",NA,NA,NA,NA,NA,NA,NA,NA,NA,NA,NA,NA,NA,"Unknown"
"F...415598","F...415804","F...259286",6177,0,1993,1993,"Vlieland","750",53.30207,5.06711,"GREAT TIT",NA,NA,NA,NA,NA,"",NA,NA,NA,NA,NA,NA,NA,NA,NA,NA,NA,NA,NA,"Unknown"
"F...415599","F...415804","F...259286",6177,0,1993,1993,"Vlieland","750",53.30207,5.06711,"GREAT TIT",NA,NA,NA,NA,NA,"",NA,NA,NA,NA,NA,NA,NA,NA,NA,NA,NA,NA,NA,"Unknown"
"F...415600","F...415804","F...259286",6177,0,1993,1993,"Vlieland","750",53.30207,5.06711,"GREAT TIT",NA,NA,NA,NA,NA,"",NA,NA,NA,NA,NA,NA,NA,NA,NA,NA,NA,NA,NA,"Unknown"
"F...415884","F...415709",NA,6822,0,1993,1993,"Vlieland","905",53.30207,5.06711,"GREAT TIT",NA,NA,NA,NA,NA,"",NA,NA,NA,NA,NA,NA,NA,NA,NA,NA,NA,NA,NA,"Unknown"
"F...415885","F...415709",NA,6822,0,1993,1993,"Vlieland","905",53.30207,5.06711,"GREAT TIT",NA,NA,NA,NA,NA,"",NA,NA,NA,NA,NA,NA,NA,NA,NA,NA,NA,NA,NA,"Unknown"
"F...415886","F...415709",NA,6822,0,1993,1993,"Vlieland","905",53.30207,5.06711,"GREAT TIT",NA,NA,NA,NA,NA,"",NA,NA,NA,NA,NA,NA,NA,NA,NA,NA,NA,NA,NA,"Unknown"
"F...415887","F...415709",NA,6822,0,1993,1993,"Vlieland","905",53.30207,5.06711,"GREAT TIT",NA,NA,NA,NA,NA,"",NA,NA,NA,NA,NA,NA,NA,NA,NA,NA,NA,NA,NA,"Unknown"
"F...415888","F...415709",NA,6822,0,1993,1993,"Vlieland","905",53.30207,5.06711,"GREAT TIT",NA,NA,NA,NA,NA,"",NA,NA,NA,NA,NA,NA,NA,NA,NA,NA,NA,NA,NA,"Unknown"
"F...415889","F...415709",NA,6822,0,1993,1993,"Vlieland","905",53.30207,5.06711,"GREAT TIT",NA,NA,NA,NA,NA,"",NA,NA,NA,NA,NA,NA,NA,NA,NA,NA,NA,NA,NA,"Unknown"
"F...415890","F...415709",NA,6822,0,1993,1993,"Vlieland","905",53.30207,5.06711,"GREAT TIT",NA,NA,NA,NA,NA,"",NA,NA,NA,NA,NA,NA,NA,NA,NA,NA,NA,NA,NA,"Unknown"
"F...415996","F...259234",NA,2345,0,1993,1993,"Vlieland","587",53.300523,5.056053,"GREAT TIT",NA,NA,NA,NA,NA,"",NA,NA,NA,NA,NA,NA,NA,NA,NA,NA,NA,NA,NA,"Unknown"
"F...415997","F...259234",NA,2345,0,1993,1993,"Vlieland","587",53.300523,5.056053,"GREAT TIT",NA,NA,NA,NA,NA,"",NA,NA,NA,NA,NA,NA,NA,NA,NA,NA,NA,NA,NA,"Unknown"
"F...415998","F...259234",NA,2345,0,1993,1993,"Vlieland","587",53.300523,5.056053,"GREAT TIT",NA,NA,NA,NA,NA,"",NA,NA,NA,NA,NA,NA,NA,NA,NA,NA,NA,NA,NA,"Unknown"
"F...415999","F...259234",NA,2345,0,1993,1993,"Vlieland","587",53.300523,5.056053,"GREAT TIT",NA,NA,NA,NA,NA,"",NA,NA,NA,NA,NA,NA,NA,NA,NA,NA,NA,NA,NA,"Unknown"
"F...432477","F...248395","F...246389",2160,0,1992,1992,"Vlieland","610",53.29754,5.05056,"GREAT TIT",NA,NA,NA,NA,NA,"",NA,NA,NA,NA,NA,NA,NA,NA,NA,NA,NA,NA,NA,"Unknown"
"F...432478","F...248395","F...246389",2160,0,1992,1992,"Vlieland","610",53.29754,5.05056,"GREAT TIT",NA,NA,NA,NA,NA,"",NA,NA,NA,NA,NA,NA,NA,NA,NA,NA,NA,NA,NA,"Unknown"
"F...432479","F...248395","F...246389",2160,0,1992,1992,"Vlieland","610",53.29754,5.05056,"GREAT TIT",NA,NA,NA,NA,NA,"",NA,NA,NA,NA,NA,NA,NA,NA,NA,NA,NA,NA,NA,"Unknown"
"F...432480","F...248395","F...246389",2160,0,1992,1992,"Vlieland","610",53.29754,5.05056,"GREAT TIT",NA,NA,NA,NA,NA,"",NA,NA,NA,NA,NA,NA,NA,NA,NA,NA,NA,NA,NA,"Unknown"
"F...432481","F...248395","F...246389",2160,0,1992,1992,"Vlieland","610",53.29754,5.05056,"GREAT TIT",NA,NA,NA,NA,NA,"",NA,NA,NA,NA,NA,NA,NA,NA,NA,NA,NA,NA,NA,"Unknown"
"F...432482","F...248395","F...246389",2160,0,1992,1992,"Vlieland","610",53.29754,5.05056,"GREAT TIT",NA,NA,NA,NA,NA,"",NA,NA,NA,NA,NA,NA,NA,NA,NA,NA,NA,NA,NA,"Unknown"
"F...442046","F...415259","F...415983",8344,0,1993,1993,"Vlieland","2007",53.29611,5.06619,"GREAT TIT",NA,NA,NA,NA,NA,"",NA,NA,NA,NA,NA,NA,NA,NA,NA,NA,NA,NA,NA,"Unknown"
"F...442047","F...415259","F...415983",8344,0,1993,1993,"Vlieland","2007",53.29611,5.06619,"GREAT TIT",NA,NA,NA,NA,NA,"",NA,NA,NA,NA,NA,NA,NA,NA,NA,NA,NA,NA,NA,"Unknown"
"F...442048","F...415259","F...415983",8344,0,1993,1993,"Vlieland","2007",53.29611,5.06619,"GREAT TIT",NA,NA,NA,NA,NA,"",NA,NA,NA,NA,NA,NA,NA,NA,NA,NA,NA,NA,NA,"Unknown"
"F...442049","F...415259","F...415983",8344,0,1993,1993,"Vlieland","2007",53.29611,5.06619,"GREAT TIT",NA,NA,NA,NA,NA,"",NA,NA,NA,NA,NA,NA,NA,NA,NA,NA,NA,NA,NA,"Unknown"
"F...442050","F...415259","F...415983",8344,0,1993,1993,"Vlieland","2007",53.29611,5.06619,"GREAT TIT",NA,NA,NA,NA,NA,"",NA,NA,NA,NA,NA,NA,NA,NA,NA,NA,NA,NA,NA,"Unknown"
"F...442051","F...415259","F...415983",8344,0,1993,1993,"Vlieland","2007",53.29611,5.06619,"GREAT TIT",NA,NA,NA,NA,NA,"",NA,NA,NA,NA,NA,NA,NA,NA,NA,NA,NA,NA,NA,"Unknown"
"F...442052","F...415259","F...415983",8344,0,1993,1993,"Vlieland","2007",53.29611,5.06619,"GREAT TIT",NA,NA,NA,NA,NA,"",NA,NA,NA,NA,NA,NA,NA,NA,NA,NA,NA,NA,NA,"Unknown"
"F...442053","F...415259","F...415983",8344,0,1993,1993,"Vlieland","2007",53.29611,5.06619,"GREAT TIT",NA,NA,NA,NA,NA,"",NA,NA,NA,NA,NA,NA,NA,NA,NA,NA,NA,NA,NA,"Unknown"
"F...442061",NA,NA,2166,0,1993,1993,"Vlieland","662",53.292583,5.055482,"BLUE TIT",NA,NA,NA,NA,NA,"",NA,NA,NA,NA,NA,NA,NA,NA,NA,NA,NA,NA,NA,"Unknown"
"F...442062",NA,NA,2166,0,1993,1993,"Vlieland","662",53.292583,5.055482,"BLUE TIT",NA,NA,NA,NA,NA,"",NA,NA,NA,NA,NA,NA,NA,NA,NA,NA,NA,NA,NA,"Unknown"
"F...442063",NA,NA,2166,0,1993,1993,"Vlieland","662",53.292583,5.055482,"BLUE TIT",NA,NA,NA,NA,NA,"",NA,NA,NA,NA,NA,NA,NA,NA,NA,NA,NA,NA,NA,"Unknown"
"F...442064",NA,NA,2166,0,1993,1993,"Vlieland","662",53.292583,5.055482,"BLUE TIT",NA,NA,NA,NA,NA,"",NA,NA,NA,NA,NA,NA,NA,NA,NA,NA,NA,NA,NA,"Unknown"
"F...442065",NA,NA,2166,0,1993,1993,"Vlieland","662",53.292583,5.055482,"BLUE TIT",NA,NA,NA,NA,NA,"",NA,NA,NA,NA,NA,NA,NA,NA,NA,NA,NA,NA,NA,"Unknown"
"F...442066",NA,NA,2166,0,1993,1993,"Vlieland","662",53.292583,5.055482,"BLUE TIT",NA,NA,NA,NA,NA,"",NA,NA,NA,NA,NA,NA,NA,NA,NA,NA,NA,NA,NA,"Unknown"
"F...442067",NA,NA,2166,0,1993,1993,"Vlieland","662",53.292583,5.055482,"BLUE TIT",NA,NA,NA,NA,NA,"",NA,NA,NA,NA,NA,NA,NA,NA,NA,NA,NA,NA,NA,"Unknown"
"F...442068",NA,NA,2166,0,1993,1993,"Vlieland","662",53.292583,5.055482,"BLUE TIT",NA,NA,NA,NA,NA,"",NA,NA,NA,NA,NA,NA,NA,NA,NA,NA,NA,NA,NA,"Unknown"
"F...442069",NA,NA,2166,0,1993,1993,"Vlieland","662",53.292583,5.055482,"BLUE TIT",NA,NA,NA,NA,NA,"",NA,NA,NA,NA,NA,NA,NA,NA,NA,NA,NA,NA,NA,"Unknown"
"F...473510","F...473465","F...473520",2343,0,1993,1993,"Vlieland","583",53.30207,5.06711,"GREAT TIT",NA,NA,NA,NA,NA,"",NA,NA,NA,NA,NA,NA,NA,NA,NA,NA,NA,NA,NA,"Unknown"
"F...473511","F...473465","F...473520",2343,0,1993,1993,"Vlieland","583",53.30207,5.06711,"GREAT TIT",NA,NA,NA,NA,NA,"",NA,NA,NA,NA,NA,NA,NA,NA,NA,NA,NA,NA,NA,"Unknown"
"F...473512","F...473465","F...473520",2343,0,1993,1993,"Vlieland","583",53.30207,5.06711,"GREAT TIT",NA,NA,NA,NA,NA,"",NA,NA,NA,NA,NA,NA,NA,NA,NA,NA,NA,NA,NA,"Unknown"
"F...473513","F...473465","F...473520",2343,0,1993,1993,"Vlieland","583",53.30207,5.06711,"GREAT TIT",NA,NA,NA,NA,NA,"",NA,NA,NA,NA,NA,NA,NA,NA,NA,NA,NA,NA,NA,"Unknown"
"F...473514","F...473465","F...473520",2343,0,1993,1993,"Vlieland","583",53.30207,5.06711,"GREAT TIT",NA,NA,NA,NA,NA,"",NA,NA,NA,NA,NA,NA,NA,NA,NA,NA,NA,NA,NA,"Unknown"
"F...473515","F...473465","F...473520",2343,0,1993,1993,"Vlieland","583",53.30207,5.06711,"GREAT TIT",NA,NA,NA,NA,NA,"",NA,NA,NA,NA,NA,NA,NA,NA,NA,NA,NA,NA,NA,"Unknown"
"F...473516","F...473465","F...473520",2343,0,1993,1993,"Vlieland","583",53.30207,5.06711,"GREAT TIT",NA,NA,NA,NA,NA,"",NA,NA,NA,NA,NA,NA,NA,NA,NA,NA,NA,NA,NA,"Unknown"
"F...473517","F...473465","F...473520",2343,0,1993,1993,"Vlieland","583",53.30207,5.06711,"GREAT TIT",NA,NA,NA,NA,NA,"",NA,NA,NA,NA,NA,NA,NA,NA,NA,NA,NA,NA,NA,"Unknown"
"F...473518","F...473465","F...473520",2343,0,1993,1993,"Vlieland","583",53.30207,5.06711,"GREAT TIT",NA,NA,NA,NA,NA,"",NA,NA,NA,NA,NA,NA,NA,NA,NA,NA,NA,NA,NA,"Unknown"
"F...473519","F...473465","F...473520",2343,0,1993,1993,"Vlieland","583",53.30207,5.06711,"GREAT TIT",NA,NA,NA,NA,NA,"",NA,NA,NA,NA,NA,NA,NA,NA,NA,NA,NA,NA,NA,"Unknown"
"F...495009","F...332656","F...432556",2671,2,1993,1993,"Vlieland","710",53.29611,5.06619,"GREAT TIT",NA,NA,NA,NA,NA,"",NA,NA,NA,NA,NA,NA,NA,NA,NA,NA,NA,NA,NA,"Male"
"F...495010","F...332656","F...432556",2671,0,1993,1993,"Vlieland","710",53.29611,5.06619,"GREAT TIT",NA,NA,NA,NA,NA,"",NA,NA,NA,NA,NA,NA,NA,NA,NA,NA,NA,NA,NA,"Unknown"
"F...495011","F...332656","F...432556",2671,2,1993,1993,"Vlieland","710",53.29611,5.06619,"GREAT TIT",NA,NA,NA,NA,NA,"",NA,NA,NA,NA,NA,NA,NA,NA,NA,NA,NA,NA,NA,"Male"
"F...495012","F...332656","F...432556",2671,1,1993,1993,"Vlieland","710",53.29611,5.06619,"GREAT TIT",NA,NA,NA,NA,NA,"",NA,NA,NA,NA,NA,NA,NA,NA,NA,NA,NA,NA,NA,"Female"
"F...495013","F...332656","F...432556",2671,2,1993,1993,"Vlieland","710",53.29611,5.06619,"GREAT TIT",NA,NA,NA,NA,NA,"",NA,NA,NA,NA,NA,NA,NA,NA,NA,NA,NA,NA,NA,"Male"
"F...495014","F...332656","F...432556",2671,2,1993,1993,"Vlieland","710",53.29611,5.06619,"GREAT TIT",NA,NA,NA,NA,NA,"",NA,NA,NA,NA,NA,NA,NA,NA,NA,NA,NA,NA,NA,"Male"
"F...495015","F...332656","F...432556",2671,0,1993,1993,"Vlieland","710",53.29611,5.06619,"GREAT TIT",NA,NA,NA,NA,NA,"",NA,NA,NA,NA,NA,NA,NA,NA,NA,NA,NA,NA,NA,"Unknown"
"F...495016","F...332656","F...432556",2671,0,1993,1993,"Vlieland","710",53.29611,5.06619,"GREAT TIT",NA,NA,NA,NA,NA,"",NA,NA,NA,NA,NA,NA,NA,NA,NA,NA,NA,NA,NA,"Unknown"
"F...495251","F...432165","F...333529",8342,1,1993,1993,"Vlieland","2005",53.29611,5.06619,"GREAT TIT",NA,NA,NA,NA,NA,"",NA,NA,NA,NA,NA,NA,NA,NA,NA,NA,NA,NA,NA,"Female"
"F...495252","F...432165","F...333529",8342,1,1993,1993,"Vlieland","2005",53.29611,5.06619,"GREAT TIT",NA,NA,NA,NA,NA,"",NA,NA,NA,NA,NA,NA,NA,NA,NA,NA,NA,NA,NA,"Female"
"F...495253","F...432165","F...333529",8342,1,1993,1993,"Vlieland","2005",53.29611,5.06619,"GREAT TIT",NA,NA,NA,NA,NA,"",NA,NA,NA,NA,NA,NA,NA,NA,NA,NA,NA,NA,NA,"Female"
"F...495254","F...432165","F...333529",8342,2,1993,1993,"Vlieland","2005",53.29611,5.06619,"GREAT TIT",NA,NA,NA,NA,NA,"",NA,NA,NA,NA,NA,NA,NA,NA,NA,NA,NA,NA,NA,"Male"
"F...495255","F...432165","F...333529",8342,2,1993,1993,"Vlieland","2005",53.29611,5.06619,"GREAT TIT",NA,NA,NA,NA,NA,"",NA,NA,NA,NA,NA,NA,NA,NA,NA,NA,NA,NA,NA,"Male"
"F...495256","F...432165","F...333529",8342,2,1993,1993,"Vlieland","2005",53.29611,5.06619,"GREAT TIT",NA,NA,NA,NA,NA,"",NA,NA,NA,NA,NA,NA,NA,NA,NA,NA,NA,NA,NA,"Male"
"F...495257","F...432165","F...333529",8342,2,1993,1993,"Vlieland","2005",53.29611,5.06619,"GREAT TIT",NA,NA,NA,NA,NA,"",NA,NA,NA,NA,NA,NA,NA,NA,NA,NA,NA,NA,NA,"Male"
"F...495258","F...432165","F...333529",8342,1,1993,1993,"Vlieland","2005",53.29611,5.06619,"GREAT TIT",NA,NA,NA,NA,NA,"",NA,NA,NA,NA,NA,NA,NA,NA,NA,NA,NA,NA,NA,"Female"
"F...495259","F...334692","F...246311",6819,2,1993,1993,"Vlieland","902",53.29611,5.06619,"GREAT TIT",NA,NA,NA,NA,NA,"",NA,NA,NA,NA,NA,NA,NA,NA,NA,NA,NA,NA,NA,"Male"
"F...495260","F...334692","F...246311",6819,1,1993,1993,"Vlieland","902",53.29611,5.06619,"GREAT TIT",NA,NA,NA,NA,NA,"",NA,NA,NA,NA,NA,NA,NA,NA,NA,NA,NA,NA,NA,"Female"
"F...495261","F...334692","F...246311",6819,0,1993,1993,"Vlieland","902",53.29611,5.06619,"GREAT TIT",NA,NA,NA,NA,NA,"",NA,NA,NA,NA,NA,NA,NA,NA,NA,NA,NA,NA,NA,"Unknown"
"F...495262","F...334692","F...246311",6819,2,1993,1993,"Vlieland","902",53.29611,5.06619,"GREAT TIT",NA,NA,NA,NA,NA,"",NA,NA,NA,NA,NA,NA,NA,NA,NA,NA,NA,NA,NA,"Male"
"F...495263","F...334692","F...246311",6819,1,1993,1993,"Vlieland","902",53.29611,5.06619,"GREAT TIT",NA,NA,NA,NA,NA,"",NA,NA,NA,NA,NA,NA,NA,NA,NA,NA,NA,NA,NA,"Female"
"F...495264","F...334692","F...246311",6819,2,1993,1993,"Vlieland","902",53.29611,5.06619,"GREAT TIT",NA,NA,NA,NA,NA,"",NA,NA,NA,NA,NA,NA,NA,NA,NA,NA,NA,NA,NA,"Male"
"F...495265","F...334692","F...246311",6819,2,1993,1993,"Vlieland","902",53.29611,5.06619,"GREAT TIT",NA,NA,NA,NA,NA,"",NA,NA,NA,NA,NA,NA,NA,NA,NA,NA,NA,NA,NA,"Male"
"F...495266","F...334692","F...246311",6819,1,1993,1993,"Vlieland","902",53.29611,5.06619,"GREAT TIT",NA,NA,NA,NA,NA,"",NA,NA,NA,NA,NA,NA,NA,NA,NA,NA,NA,NA,NA,"Female"
"F...495267","F...334692","F...246311",6819,1,1993,1993,"Vlieland","902",53.29611,5.06619,"GREAT TIT",NA,NA,NA,NA,NA,"",NA,NA,NA,NA,NA,NA,NA,NA,NA,NA,NA,NA,NA,"Female"
"F...495268","F...334692","F...246311",6819,1,1993,1993,"Vlieland","902",53.29611,5.06619,"GREAT TIT",NA,NA,NA,NA,NA,"",NA,NA,NA,NA,NA,NA,NA,NA,NA,NA,NA,NA,NA,"Female"
"F...495269","F...334692","F...246311",6819,1,1993,1993,"Vlieland","902",53.29611,5.06619,"GREAT TIT",NA,NA,NA,NA,NA,"",NA,NA,NA,NA,NA,NA,NA,NA,NA,NA,NA,NA,NA,"Female"
"F...495351","F...413268","F...411383",2164,1,1993,1993,"Vlieland","658",53.295373,5.051631,"GREAT TIT",NA,NA,NA,NA,NA,"",NA,NA,NA,NA,NA,NA,NA,NA,NA,NA,NA,NA,NA,"Female"
"F...495352","F...413268","F...411383",2164,2,1993,1993,"Vlieland","658",53.295373,5.051631,"GREAT TIT",NA,NA,NA,NA,NA,"",NA,NA,NA,NA,NA,NA,NA,NA,NA,NA,NA,NA,NA,"Male"
"F...495353","F...413268","F...411383",2164,2,1993,1993,"Vlieland","658",53.295373,5.051631,"GREAT TIT",NA,NA,NA,NA,NA,"",NA,NA,NA,NA,NA,NA,NA,NA,NA,NA,NA,NA,NA,"Male"
"F...495354","F...413268","F...411383",2164,1,1993,1993,"Vlieland","658",53.295373,5.051631,"GREAT TIT",NA,NA,NA,NA,NA,"",NA,NA,NA,NA,NA,NA,NA,NA,NA,NA,NA,NA,NA,"Female"
"F...495355","F...413268","F...411383",2164,1,1993,1993,"Vlieland","658",53.295373,5.051631,"GREAT TIT",NA,NA,NA,NA,NA,"",NA,NA,NA,NA,NA,NA,NA,NA,NA,NA,NA,NA,NA,"Female"
"F...495356","F...413268","F...411383",2164,1,1993,1993,"Vlieland","658",53.295373,5.051631,"GREAT TIT",NA,NA,NA,NA,NA,"",NA,NA,NA,NA,NA,NA,NA,NA,NA,NA,NA,NA,NA,"Female"
"F...495357","F...413268","F...411383",2164,2,1993,1993,"Vlieland","658",53.295373,5.051631,"GREAT TIT",NA,NA,NA,NA,NA,"",NA,NA,NA,NA,NA,NA,NA,NA,NA,NA,NA,NA,NA,"Male"
"F...495383","F...245790",NA,1989,2,1993,1993,"Vlieland","52",53.270812,4.97551,"GREAT TIT",NA,NA,NA,NA,NA,"",NA,NA,NA,NA,NA,NA,NA,NA,NA,NA,NA,NA,NA,"Male"
"F...495384","F...245790",NA,1989,2,1993,1993,"Vlieland","52",53.270812,4.97551,"GREAT TIT",NA,NA,NA,NA,NA,"",NA,NA,NA,NA,NA,NA,NA,NA,NA,NA,NA,NA,NA,"Male"
"F...495385","F...245790",NA,1989,1,1993,1993,"Vlieland","52",53.270812,4.97551,"GREAT TIT",NA,NA,NA,NA,NA,"",NA,NA,NA,NA,NA,NA,NA,NA,NA,NA,NA,NA,NA,"Female"
"F...495386","F...245790",NA,1989,1,1993,1993,"Vlieland","52",53.270812,4.97551,"GREAT TIT",NA,NA,NA,NA,NA,"",NA,NA,NA,NA,NA,NA,NA,NA,NA,NA,NA,NA,NA,"Female"
"F...495387","F...245790",NA,1989,1,1993,1993,"Vlieland","52",53.270812,4.97551,"GREAT TIT",NA,NA,NA,NA,NA,"",NA,NA,NA,NA,NA,NA,NA,NA,NA,NA,NA,NA,NA,"Female"
"F...495388","F...245790",NA,1989,0,1993,1993,"Vlieland","52",53.270812,4.97551,"GREAT TIT",NA,NA,NA,NA,NA,"",NA,NA,NA,NA,NA,NA,NA,NA,NA,NA,NA,NA,NA,"Unknown"
"F...495389","F...245790",NA,1989,1,1993,1993,"Vlieland","52",53.270812,4.97551,"GREAT TIT",NA,NA,NA,NA,NA,"",NA,NA,NA,NA,NA,NA,NA,NA,NA,NA,NA,NA,NA,"Female"
"F...496002","F...332797",NA,8343,0,1993,1993,"Vlieland","2006",53.29611,5.06619,"GREAT TIT",NA,NA,NA,NA,NA,"",NA,NA,NA,NA,NA,NA,NA,NA,NA,NA,NA,NA,NA,"Unknown"
"F...496003","F...332797",NA,8343,0,1993,1993,"Vlieland","2006",53.29611,5.06619,"GREAT TIT",NA,NA,NA,NA,NA,"",NA,NA,NA,NA,NA,NA,NA,NA,NA,NA,NA,NA,NA,"Unknown"
"F...496004","F...332797",NA,8343,0,1993,1993,"Vlieland","2006",53.29611,5.06619,"GREAT TIT",NA,NA,NA,NA,NA,"",NA,NA,NA,NA,NA,NA,NA,NA,NA,NA,NA,NA,NA,"Unknown"
"F...496005","F...332797",NA,8343,0,1993,1993,"Vlieland","2006",53.29611,5.06619,"GREAT TIT",NA,NA,NA,NA,NA,"",NA,NA,NA,NA,NA,NA,NA,NA,NA,NA,NA,NA,NA,"Unknown"
"F...496006","F...332797",NA,8343,0,1993,1993,"Vlieland","2006",53.29611,5.06619,"GREAT TIT",NA,NA,NA,NA,NA,"",NA,NA,NA,NA,NA,NA,NA,NA,NA,NA,NA,NA,NA,"Unknown"
"F...496007","F...332797",NA,8343,0,1993,1993,"Vlieland","2006",53.29611,5.06619,"GREAT TIT",NA,NA,NA,NA,NA,"",NA,NA,NA,NA,NA,NA,NA,NA,NA,NA,NA,NA,NA,"Unknown"
"F...496047","F...425322","F...247187",2672,2,1993,1993,"Vlieland","711",53.29611,5.06619,"GREAT TIT",NA,NA,NA,NA,NA,"",NA,NA,NA,NA,NA,NA,NA,NA,NA,NA,NA,NA,NA,"Male"
"F...496048","F...425322","F...247187",2672,0,1993,1993,"Vlieland","711",53.29611,5.06619,"GREAT TIT",NA,NA,NA,NA,NA,"",NA,NA,NA,NA,NA,NA,NA,NA,NA,NA,NA,NA,NA,"Unknown"
"F...496049","F...425322","F...247187",2672,0,1993,1993,"Vlieland","711",53.29611,5.06619,"GREAT TIT",NA,NA,NA,NA,NA,"",NA,NA,NA,NA,NA,NA,NA,NA,NA,NA,NA,NA,NA,"Unknown"
"F...496050","F...425322","F...247187",2672,0,1993,1993,"Vlieland","711",53.29611,5.06619,"GREAT TIT",NA,NA,NA,NA,NA,"",NA,NA,NA,NA,NA,NA,NA,NA,NA,NA,NA,NA,NA,"Unknown"
"F...496051","F...425322","F...247187",2672,0,1993,1993,"Vlieland","711",53.29611,5.06619,"GREAT TIT",NA,NA,NA,NA,NA,"",NA,NA,NA,NA,NA,NA,NA,NA,NA,NA,NA,NA,NA,"Unknown"
"F...496052","F...425322","F...247187",2672,0,1993,1993,"Vlieland","711",53.29611,5.06619,"GREAT TIT",NA,NA,NA,NA,NA,"",NA,NA,NA,NA,NA,NA,NA,NA,NA,NA,NA,NA,NA,"Unknown"
"F...496053","F...425322","F...247187",2672,0,1993,1993,"Vlieland","711",53.29611,5.06619,"GREAT TIT",NA,NA,NA,NA,NA,"",NA,NA,NA,NA,NA,NA,NA,NA,NA,NA,NA,NA,NA,"Unknown"
"F...496054","F...425322","F...247187",2672,0,1993,1993,"Vlieland","711",53.29611,5.06619,"GREAT TIT",NA,NA,NA,NA,NA,"",NA,NA,NA,NA,NA,NA,NA,NA,NA,NA,NA,NA,NA,"Unknown"
"F...496262","F...413042","F...413043",6176,0,1993,1993,"Vlieland","739",53.30207,5.06711,"GREAT TIT",NA,NA,NA,NA,NA,"",NA,NA,NA,NA,NA,NA,NA,NA,NA,NA,NA,NA,NA,"Unknown"
"F...496263","F...413042","F...413043",6176,0,1993,1993,"Vlieland","739",53.30207,5.06711,"GREAT TIT",NA,NA,NA,NA,NA,"",NA,NA,NA,NA,NA,NA,NA,NA,NA,NA,NA,NA,NA,"Unknown"
"F...496264","F...413042","F...413043",6176,1,1993,1993,"Vlieland","739",53.30207,5.06711,"GREAT TIT",NA,NA,NA,NA,NA,"",NA,NA,NA,NA,NA,NA,NA,NA,NA,NA,NA,NA,NA,"Female"
"F...496265","F...413042","F...413043",6176,0,1993,1993,"Vlieland","739",53.30207,5.06711,"GREAT TIT",NA,NA,NA,NA,NA,"",NA,NA,NA,NA,NA,NA,NA,NA,NA,NA,NA,NA,NA,"Unknown"
"F...496266","F...413042","F...413043",6176,0,1993,1993,"Vlieland","739",53.30207,5.06711,"GREAT TIT",NA,NA,NA,NA,NA,"",NA,NA,NA,NA,NA,NA,NA,NA,NA,NA,NA,NA,NA,"Unknown"
"F...496267","F...413042","F...413043",6176,0,1993,1993,"Vlieland","739",53.30207,5.06711,"GREAT TIT",NA,NA,NA,NA,NA,"",NA,NA,NA,NA,NA,NA,NA,NA,NA,NA,NA,NA,NA,"Unknown"
"F...497001",NA,NA,2674,0,1993,1993,"Vlieland","713",53.29611,5.06619,"BLUE TIT",NA,NA,NA,NA,NA,"",NA,NA,NA,NA,NA,NA,NA,NA,NA,NA,NA,NA,NA,"Unknown"
"F...497002",NA,NA,2674,0,1993,1993,"Vlieland","713",53.29611,5.06619,"BLUE TIT",NA,NA,NA,NA,NA,"",NA,NA,NA,NA,NA,NA,NA,NA,NA,NA,NA,NA,NA,"Unknown"
"F...497003",NA,NA,2674,0,1993,1993,"Vlieland","713",53.29611,5.06619,"BLUE TIT",NA,NA,NA,NA,NA,"",NA,NA,NA,NA,NA,NA,NA,NA,NA,NA,NA,NA,NA,"Unknown"
"F...497004",NA,NA,2674,0,1993,1993,"Vlieland","713",53.29611,5.06619,"BLUE TIT",NA,NA,NA,NA,NA,"",NA,NA,NA,NA,NA,NA,NA,NA,NA,NA,NA,NA,NA,"Unknown"
"F...497005",NA,NA,2674,0,1993,1993,"Vlieland","713",53.29611,5.06619,"BLUE TIT",NA,NA,NA,NA,NA,"",NA,NA,NA,NA,NA,NA,NA,NA,NA,NA,NA,NA,NA,"Unknown"
"F...497006",NA,NA,2674,0,1993,1993,"Vlieland","713",53.29611,5.06619,"BLUE TIT",NA,NA,NA,NA,NA,"",NA,NA,NA,NA,NA,NA,NA,NA,NA,NA,NA,NA,NA,"Unknown"
"F...497007",NA,NA,2674,0,1993,1993,"Vlieland","713",53.29611,5.06619,"BLUE TIT",NA,NA,NA,NA,NA,"",NA,NA,NA,NA,NA,NA,NA,NA,NA,NA,NA,NA,NA,"Unknown"
"F...497008",NA,NA,2674,0,1993,1993,"Vlieland","713",53.29611,5.06619,"BLUE TIT",NA,NA,NA,NA,NA,"",NA,NA,NA,NA,NA,NA,NA,NA,NA,NA,NA,NA,NA,"Unknown"
"F...497009",NA,NA,2674,0,1993,1993,"Vlieland","713",53.29611,5.06619,"BLUE TIT",NA,NA,NA,NA,NA,"",NA,NA,NA,NA,NA,NA,NA,NA,NA,NA,NA,NA,NA,"Unknown"
"F...497010",NA,NA,2674,0,1993,1993,"Vlieland","713",53.29611,5.06619,"BLUE TIT",NA,NA,NA,NA,NA,"",NA,NA,NA,NA,NA,NA,NA,NA,NA,NA,NA,NA,NA,"Unknown"
"F...497011",NA,NA,2674,0,1993,1993,"Vlieland","713",53.29611,5.06619,"BLUE TIT",NA,NA,NA,NA,NA,"",NA,NA,NA,NA,NA,NA,NA,NA,NA,NA,NA,NA,NA,"Unknown"
"F...497075","F...497448","F...404884",1990,0,1993,1993,"Vlieland","52",53.27053,4.97819,"GREAT TIT",NA,NA,NA,NA,NA,"",NA,NA,NA,NA,NA,NA,NA,NA,NA,NA,NA,NA,NA,"Unknown"
"F...497076","F...497448","F...404884",1990,2,1993,1993,"Vlieland","52",53.27053,4.97819,"GREAT TIT",NA,NA,NA,NA,NA,"",NA,NA,NA,NA,NA,NA,NA,NA,NA,NA,NA,NA,NA,"Male"
"F...497077","F...497448","F...404884",1990,1,1993,1993,"Vlieland","52",53.27053,4.97819,"GREAT TIT","re re - ye al","red","red","yellow","metal","red-red-yellow-metal",NA,NA,NA,NA,NA,NA,NA,NA,NA,NA,NA,NA,NA,"Female"
"F...497078","F...497448","F...404884",1990,0,1993,1993,"Vlieland","52",53.27053,4.97819,"GREAT TIT",NA,NA,NA,NA,NA,"",NA,NA,NA,NA,NA,NA,NA,NA,NA,NA,NA,NA,NA,"Unknown"
"F...497517",NA,NA,6828,0,1994,1994,"Vlieland","1005",53.30207,5.06711,"BLUE TIT",NA,NA,NA,NA,NA,"",NA,NA,NA,NA,NA,NA,NA,NA,NA,NA,NA,NA,NA,"Unknown"
"F...497518",NA,NA,6828,0,1994,1994,"Vlieland","1005",53.30207,5.06711,"BLUE TIT",NA,NA,NA,NA,NA,"",NA,NA,NA,NA,NA,NA,NA,NA,NA,NA,NA,NA,NA,"Unknown"
"F...497519",NA,NA,6828,0,1994,1994,"Vlieland","1005",53.30207,5.06711,"BLUE TIT",NA,NA,NA,NA,NA,"",NA,NA,NA,NA,NA,NA,NA,NA,NA,NA,NA,NA,NA,"Unknown"
"F...497520",NA,NA,6828,0,1994,1994,"Vlieland","1005",53.30207,5.06711,"BLUE TIT",NA,NA,NA,NA,NA,"",NA,NA,NA,NA,NA,NA,NA,NA,NA,NA,NA,NA,NA,"Unknown"
"F...497521",NA,NA,6828,0,1994,1994,"Vlieland","1005",53.30207,5.06711,"BLUE TIT",NA,NA,NA,NA,NA,"",NA,NA,NA,NA,NA,NA,NA,NA,NA,NA,NA,NA,NA,"Unknown"
"F...497522",NA,NA,6828,0,1994,1994,"Vlieland","1005",53.30207,5.06711,"BLUE TIT",NA,NA,NA,NA,NA,"",NA,NA,NA,NA,NA,NA,NA,NA,NA,NA,NA,NA,NA,"Unknown"
"F...497523",NA,NA,6828,0,1994,1994,"Vlieland","1005",53.30207,5.06711,"BLUE TIT",NA,NA,NA,NA,NA,"",NA,NA,NA,NA,NA,NA,NA,NA,NA,NA,NA,NA,NA,"Unknown"
"F...498237","F...498209","F...498236",2673,0,1993,1993,"Vlieland","712",53.29611,5.06619,"GREAT TIT",NA,NA,NA,NA,NA,"",NA,NA,NA,NA,NA,NA,NA,NA,NA,NA,NA,NA,NA,"Unknown"
"F...498238","F...498209","F...498236",2673,0,1993,1993,"Vlieland","712",53.29611,5.06619,"GREAT TIT",NA,NA,NA,NA,NA,"",NA,NA,NA,NA,NA,NA,NA,NA,NA,NA,NA,NA,NA,"Unknown"
"F...498239","F...498209","F...498236",2673,0,1993,1993,"Vlieland","712",53.29611,5.06619,"GREAT TIT",NA,NA,NA,NA,NA,"",NA,NA,NA,NA,NA,NA,NA,NA,NA,NA,NA,NA,NA,"Unknown"
"F...498240","F...498209","F...498236",2673,0,1993,1993,"Vlieland","712",53.29611,5.06619,"GREAT TIT",NA,NA,NA,NA,NA,"",NA,NA,NA,NA,NA,NA,NA,NA,NA,NA,NA,NA,NA,"Unknown"
"F...498242","F...498241","F...498224",2512,0,1993,1993,"Vlieland","936",53.30207,5.06711,"GREAT TIT",NA,NA,NA,NA,NA,"",NA,NA,NA,NA,NA,NA,NA,NA,NA,NA,NA,NA,NA,"Unknown"
"F...498243","F...498241","F...498224",2512,0,1993,1993,"Vlieland","936",53.30207,5.06711,"GREAT TIT",NA,NA,NA,NA,NA,"",NA,NA,NA,NA,NA,NA,NA,NA,NA,NA,NA,NA,NA,"Unknown"
"F...498244","F...498241","F...498224",2512,0,1993,1993,"Vlieland","936",53.30207,5.06711,"GREAT TIT",NA,NA,NA,NA,NA,"",NA,NA,NA,NA,NA,NA,NA,NA,NA,NA,NA,NA,NA,"Unknown"
"F...498245","F...498241","F...498224",2512,0,1993,1993,"Vlieland","936",53.30207,5.06711,"GREAT TIT",NA,NA,NA,NA,NA,"",NA,NA,NA,NA,NA,NA,NA,NA,NA,NA,NA,NA,NA,"Unknown"
"F...498246","F...498241","F...498224",2512,0,1993,1993,"Vlieland","936",53.30207,5.06711,"GREAT TIT",NA,NA,NA,NA,NA,"",NA,NA,NA,NA,NA,NA,NA,NA,NA,NA,NA,NA,NA,"Unknown"
"F...498247","F...498241","F...498224",2512,0,1993,1993,"Vlieland","936",53.30207,5.06711,"GREAT TIT",NA,NA,NA,NA,NA,"",NA,NA,NA,NA,NA,NA,NA,NA,NA,NA,NA,NA,NA,"Unknown"
"F...498248","F...498241","F...498224",2512,0,1993,1993,"Vlieland","936",53.30207,5.06711,"GREAT TIT",NA,NA,NA,NA,NA,"",NA,NA,NA,NA,NA,NA,NA,NA,NA,NA,NA,NA,NA,"Unknown"
"F...498249","F...498241","F...498224",2512,0,1993,1993,"Vlieland","936",53.30207,5.06711,"GREAT TIT",NA,NA,NA,NA,NA,"",NA,NA,NA,NA,NA,NA,NA,NA,NA,NA,NA,NA,NA,"Unknown"
"F...498250","F...498241","F...498224",2512,0,1993,1993,"Vlieland","936",53.30207,5.06711,"GREAT TIT",NA,NA,NA,NA,NA,"",NA,NA,NA,NA,NA,NA,NA,NA,NA,NA,NA,NA,NA,"Unknown"
"F...498462","F...498208",NA,6821,0,1993,1993,"Vlieland","904",53.29611,5.06619,"GREAT TIT",NA,NA,NA,NA,NA,"",NA,NA,NA,NA,NA,NA,NA,NA,NA,NA,NA,NA,NA,"Unknown"
"F...498463","F...498208",NA,6821,0,1993,1993,"Vlieland","904",53.29611,5.06619,"GREAT TIT",NA,NA,NA,NA,NA,"",NA,NA,NA,NA,NA,NA,NA,NA,NA,NA,NA,NA,NA,"Unknown"
"F...498464","F...498208",NA,6821,0,1993,1993,"Vlieland","904",53.29611,5.06619,"GREAT TIT",NA,NA,NA,NA,NA,"",NA,NA,NA,NA,NA,NA,NA,NA,NA,NA,NA,NA,NA,"Unknown"
"F...498465","F...498208",NA,6821,0,1993,1993,"Vlieland","904",53.29611,5.06619,"GREAT TIT",NA,NA,NA,NA,NA,"",NA,NA,NA,NA,NA,NA,NA,NA,NA,NA,NA,NA,NA,"Unknown"
"F...498466","F...498208",NA,6821,0,1993,1993,"Vlieland","904",53.29611,5.06619,"GREAT TIT",NA,NA,NA,NA,NA,"",NA,NA,NA,NA,NA,NA,NA,NA,NA,NA,NA,NA,NA,"Unknown"
"F...498467","F...498208",NA,6821,0,1993,1993,"Vlieland","904",53.29611,5.06619,"GREAT TIT",NA,NA,NA,NA,NA,"",NA,NA,NA,NA,NA,NA,NA,NA,NA,NA,NA,NA,NA,"Unknown"
"F...498468","F...498208",NA,6821,0,1993,1993,"Vlieland","904",53.29611,5.06619,"GREAT TIT",NA,NA,NA,NA,NA,"",NA,NA,NA,NA,NA,NA,NA,NA,NA,NA,NA,NA,NA,"Unknown"
"F...498480","F...498210","F...498479",2344,0,1993,1993,"Vlieland","584",53.30207,5.06711,"GREAT TIT",NA,NA,NA,NA,NA,"",NA,NA,NA,NA,NA,NA,NA,NA,NA,NA,NA,NA,NA,"Unknown"
"F...498481","F...498210","F...498479",2344,0,1993,1993,"Vlieland","584",53.30207,5.06711,"GREAT TIT",NA,NA,NA,NA,NA,"",NA,NA,NA,NA,NA,NA,NA,NA,NA,NA,NA,NA,NA,"Unknown"
"F...498482","F...498210","F...498479",2344,0,1993,1993,"Vlieland","584",53.30207,5.06711,"GREAT TIT",NA,NA,NA,NA,NA,"",NA,NA,NA,NA,NA,NA,NA,NA,NA,NA,NA,NA,NA,"Unknown"
"F...498483","F...498210","F...498479",2344,0,1993,1993,"Vlieland","584",53.30207,5.06711,"GREAT TIT",NA,NA,NA,NA,NA,"",NA,NA,NA,NA,NA,NA,NA,NA,NA,NA,NA,NA,NA,"Unknown"
"F...498484","F...498210","F...498479",2344,0,1993,1993,"Vlieland","584",53.30207,5.06711,"GREAT TIT",NA,NA,NA,NA,NA,"",NA,NA,NA,NA,NA,NA,NA,NA,NA,NA,NA,NA,NA,"Unknown"
"F...498485","F...498210","F...498479",2344,0,1993,1993,"Vlieland","584",53.30207,5.06711,"GREAT TIT",NA,NA,NA,NA,NA,"",NA,NA,NA,NA,NA,NA,NA,NA,NA,NA,NA,NA,NA,"Unknown"
"F...498486","F...498210","F...498479",2344,0,1993,1993,"Vlieland","584",53.30207,5.06711,"GREAT TIT",NA,NA,NA,NA,NA,"",NA,NA,NA,NA,NA,NA,NA,NA,NA,NA,NA,NA,NA,"Unknown"
"F...498487","F...498210","F...498479",2344,0,1993,1993,"Vlieland","584",53.30207,5.06711,"GREAT TIT",NA,NA,NA,NA,NA,"",NA,NA,NA,NA,NA,NA,NA,NA,NA,NA,NA,NA,NA,"Unknown"
"F...498488","F...498210","F...498479",2344,0,1993,1993,"Vlieland","584",53.30207,5.06711,"GREAT TIT",NA,NA,NA,NA,NA,"",NA,NA,NA,NA,NA,NA,NA,NA,NA,NA,NA,NA,NA,"Unknown"
"F...498489","F...498210","F...498479",2344,0,1993,1993,"Vlieland","584",53.30207,5.06711,"GREAT TIT",NA,NA,NA,NA,NA,"",NA,NA,NA,NA,NA,NA,NA,NA,NA,NA,NA,NA,NA,"Unknown"
"F...498490","F...498210","F...498479",2344,0,1993,1993,"Vlieland","584",53.30207,5.06711,"GREAT TIT",NA,NA,NA,NA,NA,"",NA,NA,NA,NA,NA,NA,NA,NA,NA,NA,NA,NA,NA,"Unknown"
"F...498512","F...498478",NA,2165,0,1993,1993,"Vlieland","661",53.294451,5.056512,"GREAT TIT",NA,NA,NA,NA,NA,"",NA,NA,NA,NA,NA,NA,NA,NA,NA,NA,NA,NA,NA,"Unknown"
"F...498513","F...498478",NA,2165,0,1993,1993,"Vlieland","661",53.294451,5.056512,"GREAT TIT",NA,NA,NA,NA,NA,"",NA,NA,NA,NA,NA,NA,NA,NA,NA,NA,NA,NA,NA,"Unknown"
"F...498514","F...498478",NA,2165,0,1993,1993,"Vlieland","661",53.294451,5.056512,"GREAT TIT",NA,NA,NA,NA,NA,"",NA,NA,NA,NA,NA,NA,NA,NA,NA,NA,NA,NA,NA,"Unknown"
"F...498515","F...498478",NA,2165,0,1993,1993,"Vlieland","661",53.294451,5.056512,"GREAT TIT",NA,NA,NA,NA,NA,"",NA,NA,NA,NA,NA,NA,NA,NA,NA,NA,NA,NA,NA,"Unknown"
"F...498516","F...498478",NA,2165,0,1993,1993,"Vlieland","661",53.294451,5.056512,"GREAT TIT",NA,NA,NA,NA,NA,"",NA,NA,NA,NA,NA,NA,NA,NA,NA,NA,NA,NA,NA,"Unknown"
"F...498517","F...498478",NA,2165,0,1993,1993,"Vlieland","661",53.294451,5.056512,"GREAT TIT",NA,NA,NA,NA,NA,"",NA,NA,NA,NA,NA,NA,NA,NA,NA,NA,NA,NA,NA,"Unknown"
"F...498518","F...498478",NA,2165,0,1993,1993,"Vlieland","661",53.294451,5.056512,"GREAT TIT",NA,NA,NA,NA,NA,"",NA,NA,NA,NA,NA,NA,NA,NA,NA,NA,NA,NA,NA,"Unknown"
"F...498519","F...498478",NA,2165,0,1993,1993,"Vlieland","661",53.294451,5.056512,"GREAT TIT",NA,NA,NA,NA,NA,"",NA,NA,NA,NA,NA,NA,NA,NA,NA,NA,NA,NA,NA,"Unknown"
"F...498520","F...498478",NA,2165,0,1993,1993,"Vlieland","661",53.294451,5.056512,"GREAT TIT",NA,NA,NA,NA,NA,"",NA,NA,NA,NA,NA,NA,NA,NA,NA,NA,NA,NA,NA,"Unknown"
"F...520095",NA,NA,1991,0,1993,1993,"Vlieland","53",53.27053,4.97819,"GREAT TIT",NA,NA,NA,NA,NA,"",NA,NA,NA,NA,NA,NA,NA,NA,NA,NA,NA,NA,NA,"Unknown"
"F...520096",NA,NA,1991,0,1993,1993,"Vlieland","53",53.27053,4.97819,"GREAT TIT",NA,NA,NA,NA,NA,"",NA,NA,NA,NA,NA,NA,NA,NA,NA,NA,NA,NA,NA,"Unknown"
"F...520097",NA,NA,1991,0,1993,1993,"Vlieland","53",53.27053,4.97819,"GREAT TIT",NA,NA,NA,NA,NA,"",NA,NA,NA,NA,NA,NA,NA,NA,NA,NA,NA,NA,NA,"Unknown"
"F...520098",NA,NA,1991,0,1993,1993,"Vlieland","53",53.27053,4.97819,"GREAT TIT",NA,NA,NA,NA,NA,"",NA,NA,NA,NA,NA,NA,NA,NA,NA,NA,NA,NA,NA,"Unknown"
"F...520099",NA,NA,1991,0,1993,1993,"Vlieland","53",53.27053,4.97819,"GREAT TIT",NA,NA,NA,NA,NA,"",NA,NA,NA,NA,NA,NA,NA,NA,NA,NA,NA,NA,NA,"Unknown"
"F...520566","F...520471",NA,2000,0,1994,1994,"Vlieland","101",53.27509,4.99745,"BLUE TIT",NA,NA,NA,NA,NA,"",NA,NA,NA,NA,NA,NA,NA,NA,NA,NA,NA,NA,NA,"Unknown"
"F...520567","F...520471",NA,2000,0,1994,1994,"Vlieland","101",53.27509,4.99745,"BLUE TIT",NA,NA,NA,NA,NA,"",NA,NA,NA,NA,NA,NA,NA,NA,NA,NA,NA,NA,NA,"Unknown"
"F...520568","F...520471",NA,2000,0,1994,1994,"Vlieland","101",53.27509,4.99745,"BLUE TIT",NA,NA,NA,NA,NA,"",NA,NA,NA,NA,NA,NA,NA,NA,NA,NA,NA,NA,NA,"Unknown"
"F...520569","F...520471",NA,2000,0,1994,1994,"Vlieland","101",53.27509,4.99745,"BLUE TIT",NA,NA,NA,NA,NA,"",NA,NA,NA,NA,NA,NA,NA,NA,NA,NA,NA,NA,NA,"Unknown"
"F...520570","F...520471",NA,2000,0,1994,1994,"Vlieland","101",53.27509,4.99745,"BLUE TIT",NA,NA,NA,NA,NA,"",NA,NA,NA,NA,NA,NA,NA,NA,NA,NA,NA,NA,NA,"Unknown"
"F...520571","F...520471",NA,2000,0,1994,1994,"Vlieland","101",53.27509,4.99745,"BLUE TIT",NA,NA,NA,NA,NA,"",NA,NA,NA,NA,NA,NA,NA,NA,NA,NA,NA,NA,NA,"Unknown"
"F...520572","F...520471",NA,2000,0,1994,1994,"Vlieland","101",53.27509,4.99745,"BLUE TIT",NA,NA,NA,NA,NA,"",NA,NA,NA,NA,NA,NA,NA,NA,NA,NA,NA,NA,NA,"Unknown"
"F...520641",NA,"F...520631",8347,0,1994,1994,"Vlieland","2010",53.29611,5.06619,"GREAT TIT",NA,NA,NA,NA,NA,"",NA,NA,NA,NA,NA,NA,NA,NA,NA,NA,NA,NA,NA,"Unknown"
"F...520642",NA,"F...520631",8347,0,1994,1994,"Vlieland","2010",53.29611,5.06619,"GREAT TIT",NA,NA,NA,NA,NA,"",NA,NA,NA,NA,NA,NA,NA,NA,NA,NA,NA,NA,NA,"Unknown"
"F...520643",NA,"F...520631",8347,0,1994,1994,"Vlieland","2010",53.29611,5.06619,"GREAT TIT",NA,NA,NA,NA,NA,"",NA,NA,NA,NA,NA,NA,NA,NA,NA,NA,NA,NA,NA,"Unknown"
"F...520644",NA,"F...520631",8347,0,1994,1994,"Vlieland","2010",53.29611,5.06619,"GREAT TIT",NA,NA,NA,NA,NA,"",NA,NA,NA,NA,NA,NA,NA,NA,NA,NA,NA,NA,NA,"Unknown"
"F...522482","F...398012","F...398984",2352,0,1994,1994,"Vlieland","591",53.30207,5.06711,"BLUE TIT",NA,NA,NA,NA,NA,"",NA,NA,NA,NA,NA,NA,NA,NA,NA,NA,NA,NA,NA,"Unknown"
"F...522483","F...398012","F...398984",2352,0,1994,1994,"Vlieland","591",53.30207,5.06711,"BLUE TIT",NA,NA,NA,NA,NA,"",NA,NA,NA,NA,NA,NA,NA,NA,NA,NA,NA,NA,NA,"Unknown"
"F...522484","F...398012","F...398984",2352,0,1994,1994,"Vlieland","591",53.30207,5.06711,"BLUE TIT",NA,NA,NA,NA,NA,"",NA,NA,NA,NA,NA,NA,NA,NA,NA,NA,NA,NA,NA,"Unknown"
"F...522485","F...398012","F...398984",2352,0,1994,1994,"Vlieland","591",53.30207,5.06711,"BLUE TIT",NA,NA,NA,NA,NA,"",NA,NA,NA,NA,NA,NA,NA,NA,NA,NA,NA,NA,NA,"Unknown"
"F...522486","F...398012","F...398984",2352,0,1994,1994,"Vlieland","591",53.30207,5.06711,"BLUE TIT",NA,NA,NA,NA,NA,"",NA,NA,NA,NA,NA,NA,NA,NA,NA,NA,NA,NA,NA,"Unknown"
"F...522487","F...398012","F...398984",2352,0,1994,1994,"Vlieland","591",53.30207,5.06711,"BLUE TIT",NA,NA,NA,NA,NA,"",NA,NA,NA,NA,NA,NA,NA,NA,NA,NA,NA,NA,NA,"Unknown"
"F...522488","F...398012","F...398984",2352,0,1994,1994,"Vlieland","591",53.30207,5.06711,"BLUE TIT",NA,NA,NA,NA,NA,"",NA,NA,NA,NA,NA,NA,NA,NA,NA,NA,NA,NA,NA,"Unknown"
"F...522489","F...398012","F...398984",2352,0,1994,1994,"Vlieland","591",53.30207,5.06711,"BLUE TIT",NA,NA,NA,NA,NA,"",NA,NA,NA,NA,NA,NA,NA,NA,NA,NA,NA,NA,NA,"Unknown"
"F...522490","F...398012","F...398984",2352,0,1994,1994,"Vlieland","591",53.30207,5.06711,"BLUE TIT",NA,NA,NA,NA,NA,"",NA,NA,NA,NA,NA,NA,NA,NA,NA,NA,NA,NA,NA,"Unknown"
"F...522491","F...398012","F...398984",2352,0,1994,1994,"Vlieland","591",53.30207,5.06711,"BLUE TIT",NA,NA,NA,NA,NA,"",NA,NA,NA,NA,NA,NA,NA,NA,NA,NA,NA,NA,NA,"Unknown"
"F...522492","F...398012","F...398984",2352,1,1994,1994,"Vlieland","591",53.30207,5.06711,"BLUE TIT",NA,NA,NA,NA,NA,"",4,5,1995,1997,2,10.2,8,12,51,NA,NA,908.668030679744,1224.37254346906,"Female"
"F...571267","F...473096","F...473218",2675,0,1994,1994,"Vlieland","714",53.29611,5.06619,"GREAT TIT",NA,NA,NA,NA,NA,"",NA,NA,NA,NA,NA,NA,NA,NA,NA,NA,NA,NA,NA,"Unknown"
"F...571268","F...473096","F...473218",2675,0,1994,1994,"Vlieland","714",53.29611,5.06619,"GREAT TIT",NA,NA,NA,NA,NA,"",NA,NA,NA,NA,NA,NA,NA,NA,NA,NA,NA,NA,NA,"Unknown"
"F...571269","F...473096","F...473218",2675,0,1994,1994,"Vlieland","714",53.29611,5.06619,"GREAT TIT",NA,NA,NA,NA,NA,"",NA,NA,NA,NA,NA,NA,NA,NA,NA,NA,NA,NA,NA,"Unknown"
"F...571270","F...473096","F...473218",2675,0,1994,1994,"Vlieland","714",53.29611,5.06619,"GREAT TIT",NA,NA,NA,NA,NA,"",NA,NA,NA,NA,NA,NA,NA,NA,NA,NA,NA,NA,NA,"Unknown"
"F...571271","F...473096","F...473218",2675,0,1994,1994,"Vlieland","714",53.29611,5.06619,"GREAT TIT",NA,NA,NA,NA,NA,"",NA,NA,NA,NA,NA,NA,NA,NA,NA,NA,NA,NA,NA,"Unknown"
"F...571272","F...473096","F...473218",2675,0,1994,1994,"Vlieland","714",53.29611,5.06619,"GREAT TIT",NA,NA,NA,NA,NA,"",NA,NA,NA,NA,NA,NA,NA,NA,NA,NA,NA,NA,NA,"Unknown"
"F...571273","F...473096","F...473218",2675,0,1994,1994,"Vlieland","714",53.29611,5.06619,"GREAT TIT",NA,NA,NA,NA,NA,"",NA,NA,NA,NA,NA,NA,NA,NA,NA,NA,NA,NA,NA,"Unknown"
"F...571274","F...473096","F...473218",2675,0,1994,1994,"Vlieland","714",53.29611,5.06619,"GREAT TIT",NA,NA,NA,NA,NA,"",NA,NA,NA,NA,NA,NA,NA,NA,NA,NA,NA,NA,NA,"Unknown"
"F...571275","F...473096","F...473218",2675,0,1994,1994,"Vlieland","714",53.29611,5.06619,"GREAT TIT",NA,NA,NA,NA,NA,"",NA,NA,NA,NA,NA,NA,NA,NA,NA,NA,NA,NA,NA,"Unknown"
"F...571276","F...473096","F...473218",2675,0,1994,1994,"Vlieland","714",53.29611,5.06619,"GREAT TIT",NA,NA,NA,NA,NA,"",NA,NA,NA,NA,NA,NA,NA,NA,NA,NA,NA,NA,NA,"Unknown"
"F...571277","F...473096","F...473218",2675,0,1994,1994,"Vlieland","714",53.29611,5.06619,"GREAT TIT",NA,NA,NA,NA,NA,"",NA,NA,NA,NA,NA,NA,NA,NA,NA,NA,NA,NA,NA,"Unknown"
"F...571367","F...571416",NA,1994,0,1994,1994,"Vlieland","56",53.271281,4.979887,"GREAT TIT",NA,NA,NA,NA,NA,"",NA,NA,NA,NA,NA,NA,NA,NA,NA,NA,NA,NA,NA,"Unknown"
"F...571368","F...571416",NA,1994,2,1994,1994,"Vlieland","56",53.271281,4.979887,"GREAT TIT",NA,NA,NA,NA,NA,"",NA,NA,NA,NA,NA,NA,NA,NA,NA,NA,NA,NA,NA,"Male"
"F...571369","F...571416",NA,1994,0,1994,1994,"Vlieland","56",53.271281,4.979887,"GREAT TIT",NA,NA,NA,NA,NA,"",NA,NA,NA,NA,NA,NA,NA,NA,NA,NA,NA,NA,NA,"Unknown"
"F...571370","F...571416",NA,1994,0,1994,1994,"Vlieland","56",53.271281,4.979887,"GREAT TIT",NA,NA,NA,NA,NA,"",NA,NA,NA,NA,NA,NA,NA,NA,NA,NA,NA,NA,NA,"Unknown"
"F...571395",NA,"F...571415",2349,0,1994,1994,"Vlieland","589",53.30207,5.06711,"GREAT TIT",NA,NA,NA,NA,NA,"",NA,NA,NA,NA,NA,NA,NA,NA,NA,NA,NA,NA,NA,"Unknown"
"F...571396",NA,"F...571415",2349,0,1994,1994,"Vlieland","589",53.30207,5.06711,"GREAT TIT",NA,NA,NA,NA,NA,"",NA,NA,NA,NA,NA,NA,NA,NA,NA,NA,NA,NA,NA,"Unknown"
"F...571397",NA,"F...571415",2349,0,1994,1994,"Vlieland","589",53.30207,5.06711,"GREAT TIT",NA,NA,NA,NA,NA,"",NA,NA,NA,NA,NA,NA,NA,NA,NA,NA,NA,NA,NA,"Unknown"
"F...571398",NA,"F...571415",2349,0,1994,1994,"Vlieland","589",53.30207,5.06711,"GREAT TIT",NA,NA,NA,NA,NA,"",NA,NA,NA,NA,NA,NA,NA,NA,NA,NA,NA,NA,NA,"Unknown"
"F...571399",NA,"F...571415",2349,0,1994,1994,"Vlieland","589",53.30207,5.06711,"GREAT TIT",NA,NA,NA,NA,NA,"",NA,NA,NA,NA,NA,NA,NA,NA,NA,NA,NA,NA,NA,"Unknown"
"F...571400",NA,"F...571415",2349,0,1994,1994,"Vlieland","589",53.30207,5.06711,"GREAT TIT",NA,NA,NA,NA,NA,"",NA,NA,NA,NA,NA,NA,NA,NA,NA,NA,NA,NA,NA,"Unknown"
"F...571401",NA,"F...571415",2349,1,1994,1994,"Vlieland","589",53.30207,5.06711,"GREAT TIT",NA,NA,NA,NA,NA,"",NA,NA,NA,NA,NA,NA,NA,NA,NA,NA,NA,NA,NA,"Female"
"F...571402",NA,"F...571415",2349,0,1994,1994,"Vlieland","589",53.30207,5.06711,"GREAT TIT",NA,NA,NA,NA,NA,"",NA,NA,NA,NA,NA,NA,NA,NA,NA,NA,NA,NA,NA,"Unknown"
"F...571493",NA,"F...571524",6178,0,1994,1994,"Vlieland","756",53.30207,5.06711,"GREAT TIT",NA,NA,NA,NA,NA,"",NA,NA,NA,NA,NA,NA,NA,NA,NA,NA,NA,NA,NA,"Unknown"
"F...571494",NA,"F...571524",6178,0,1994,1994,"Vlieland","756",53.30207,5.06711,"GREAT TIT",NA,NA,NA,NA,NA,"",NA,NA,NA,NA,NA,NA,NA,NA,NA,NA,NA,NA,NA,"Unknown"
"F...571495",NA,"F...571524",6178,0,1994,1994,"Vlieland","756",53.30207,5.06711,"GREAT TIT",NA,NA,NA,NA,NA,"",NA,NA,NA,NA,NA,NA,NA,NA,NA,NA,NA,NA,NA,"Unknown"
"F...571496",NA,"F...571524",6178,0,1994,1994,"Vlieland","756",53.30207,5.06711,"GREAT TIT",NA,NA,NA,NA,NA,"",NA,NA,NA,NA,NA,NA,NA,NA,NA,NA,NA,NA,NA,"Unknown"
"F...571497",NA,"F...571524",6178,0,1994,1994,"Vlieland","756",53.30207,5.06711,"GREAT TIT",NA,NA,NA,NA,NA,"",NA,NA,NA,NA,NA,NA,NA,NA,NA,NA,NA,NA,NA,"Unknown"
"F...571498",NA,"F...571524",6178,0,1994,1994,"Vlieland","756",53.30207,5.06711,"GREAT TIT",NA,NA,NA,NA,NA,"",NA,NA,NA,NA,NA,NA,NA,NA,NA,NA,NA,NA,NA,"Unknown"
"F...571559","F...571154","F...571155",8346,0,1994,1994,"Vlieland","2009",53.29611,5.06619,"GREAT TIT",NA,NA,NA,NA,NA,"",NA,NA,NA,NA,NA,NA,NA,NA,NA,NA,NA,NA,NA,"Unknown"
"F...571560","F...571154","F...571155",8346,0,1994,1994,"Vlieland","2009",53.29611,5.06619,"GREAT TIT",NA,NA,NA,NA,NA,"",NA,NA,NA,NA,NA,NA,NA,NA,NA,NA,NA,NA,NA,"Unknown"
"F...571561","F...571154","F...571155",8346,0,1994,1994,"Vlieland","2009",53.29611,5.06619,"GREAT TIT",NA,NA,NA,NA,NA,"",NA,NA,NA,NA,NA,NA,NA,NA,NA,NA,NA,NA,NA,"Unknown"
"F...571562","F...571154","F...571155",8346,0,1994,1994,"Vlieland","2009",53.29611,5.06619,"GREAT TIT",NA,NA,NA,NA,NA,"",NA,NA,NA,NA,NA,NA,NA,NA,NA,NA,NA,NA,NA,"Unknown"
"F...571564","F...571154","F...571155",8346,0,1994,1994,"Vlieland","2009",53.29611,5.06619,"GREAT TIT",NA,NA,NA,NA,NA,"",NA,NA,NA,NA,NA,NA,NA,NA,NA,NA,NA,NA,NA,"Unknown"
"F...571565","F...571154","F...571155",8346,0,1994,1994,"Vlieland","2009",53.29611,5.06619,"GREAT TIT",NA,NA,NA,NA,NA,"",NA,NA,NA,NA,NA,NA,NA,NA,NA,NA,NA,NA,NA,"Unknown"
"F...571566","F...571154","F...571155",8346,0,1994,1994,"Vlieland","2009",53.29611,5.06619,"GREAT TIT",NA,NA,NA,NA,NA,"",NA,NA,NA,NA,NA,NA,NA,NA,NA,NA,NA,NA,NA,"Unknown"
"F...571567","F...571154","F...571155",8346,0,1994,1994,"Vlieland","2009",53.29611,5.06619,"GREAT TIT",NA,NA,NA,NA,NA,"",NA,NA,NA,NA,NA,NA,NA,NA,NA,NA,NA,NA,NA,"Unknown"
"F...571637","F...571768","F...571714",2168,0,1994,1994,"Vlieland","664",53.29754,5.05056,"GREAT TIT",NA,NA,NA,NA,NA,"",NA,NA,NA,NA,NA,NA,NA,NA,NA,NA,NA,NA,NA,"Unknown"
"F...571638","F...571768","F...571714",2168,0,1994,1994,"Vlieland","664",53.29754,5.05056,"GREAT TIT",NA,NA,NA,NA,NA,"",NA,NA,NA,NA,NA,NA,NA,NA,NA,NA,NA,NA,NA,"Unknown"
"F...571639","F...571768","F...571714",2168,0,1994,1994,"Vlieland","664",53.29754,5.05056,"GREAT TIT",NA,NA,NA,NA,NA,"",NA,NA,NA,NA,NA,NA,NA,NA,NA,NA,NA,NA,NA,"Unknown"
"F...571640","F...571768","F...571714",2168,0,1994,1994,"Vlieland","664",53.29754,5.05056,"GREAT TIT",NA,NA,NA,NA,NA,"",NA,NA,NA,NA,NA,NA,NA,NA,NA,NA,NA,NA,NA,"Unknown"
"F...571641","F...571768","F...571714",2168,0,1994,1994,"Vlieland","664",53.29754,5.05056,"GREAT TIT",NA,NA,NA,NA,NA,"",NA,NA,NA,NA,NA,NA,NA,NA,NA,NA,NA,NA,NA,"Unknown"
"F...571642","F...571768","F...571714",2168,2,1994,1994,"Vlieland","664",53.29754,5.05056,"GREAT TIT",NA,NA,NA,NA,NA,"",NA,NA,NA,NA,NA,NA,NA,NA,NA,NA,NA,NA,NA,"Male"
"F...571643","F...571768","F...571714",2168,0,1994,1994,"Vlieland","664",53.29754,5.05056,"GREAT TIT",NA,NA,NA,NA,NA,"",NA,NA,NA,NA,NA,NA,NA,NA,NA,NA,NA,NA,NA,"Unknown"
"F...571644","F...571768","F...571714",2168,0,1994,1994,"Vlieland","664",53.29754,5.05056,"GREAT TIT",NA,NA,NA,NA,NA,"",NA,NA,NA,NA,NA,NA,NA,NA,NA,NA,NA,NA,NA,"Unknown"
"F...571645","F...571768","F...571714",2168,0,1994,1994,"Vlieland","664",53.29754,5.05056,"GREAT TIT",NA,NA,NA,NA,NA,"",NA,NA,NA,NA,NA,NA,NA,NA,NA,NA,NA,NA,NA,"Unknown"
"F...571646","F...571715","F...571770",2514,0,1994,1994,"Vlieland","939",53.30207,5.06711,"GREAT TIT",NA,NA,NA,NA,NA,"",NA,NA,NA,NA,NA,NA,NA,NA,NA,NA,NA,NA,NA,"Unknown"
"F...571647","F...571715","F...571770",2514,0,1994,1994,"Vlieland","939",53.30207,5.06711,"GREAT TIT",NA,NA,NA,NA,NA,"",NA,NA,NA,NA,NA,NA,NA,NA,NA,NA,NA,NA,NA,"Unknown"
"F...571648","F...571715","F...571770",2514,0,1994,1994,"Vlieland","939",53.30207,5.06711,"GREAT TIT",NA,NA,NA,NA,NA,"",NA,NA,NA,NA,NA,NA,NA,NA,NA,NA,NA,NA,NA,"Unknown"
"F...571649","F...571715","F...571770",2514,0,1994,1994,"Vlieland","939",53.30207,5.06711,"GREAT TIT",NA,NA,NA,NA,NA,"",NA,NA,NA,NA,NA,NA,NA,NA,NA,NA,NA,NA,NA,"Unknown"
"F...571650","F...571715","F...571770",2514,0,1994,1994,"Vlieland","939",53.30207,5.06711,"GREAT TIT",NA,NA,NA,NA,NA,"",NA,NA,NA,NA,NA,NA,NA,NA,NA,NA,NA,NA,NA,"Unknown"
"F...571651","F...571715","F...571770",2514,0,1994,1994,"Vlieland","939",53.30207,5.06711,"GREAT TIT",NA,NA,NA,NA,NA,"",NA,NA,NA,NA,NA,NA,NA,NA,NA,NA,NA,NA,NA,"Unknown"
"F...571652","F...571715","F...571770",2514,0,1994,1994,"Vlieland","939",53.30207,5.06711,"GREAT TIT",NA,NA,NA,NA,NA,"",NA,NA,NA,NA,NA,NA,NA,NA,NA,NA,NA,NA,NA,"Unknown"
"F...571653","F...571715","F...571770",2514,0,1994,1994,"Vlieland","939",53.30207,5.06711,"GREAT TIT",NA,NA,NA,NA,NA,"",NA,NA,NA,NA,NA,NA,NA,NA,NA,NA,NA,NA,NA,"Unknown"
"F...571654","F...571715","F...571770",2514,0,1994,1994,"Vlieland","939",53.30207,5.06711,"GREAT TIT",NA,NA,NA,NA,NA,"",NA,NA,NA,NA,NA,NA,NA,NA,NA,NA,NA,NA,NA,"Unknown"
"F...588072","F...588071","F...411602",2351,0,1994,1994,"Vlieland","591",53.304433,5.073971,"BLUE TIT",NA,NA,NA,NA,NA,"",NA,NA,NA,NA,NA,NA,NA,NA,NA,NA,NA,NA,NA,"Unknown"
"F...588073","F...588071","F...411602",2351,0,1994,1994,"Vlieland","591",53.304433,5.073971,"BLUE TIT",NA,NA,NA,NA,NA,"",NA,NA,NA,NA,NA,NA,NA,NA,NA,NA,NA,NA,NA,"Unknown"
"F...588074","F...588071","F...411602",2351,0,1994,1994,"Vlieland","591",53.304433,5.073971,"BLUE TIT",NA,NA,NA,NA,NA,"",NA,NA,NA,NA,NA,NA,NA,NA,NA,NA,NA,NA,NA,"Unknown"
"F...588075","F...588071","F...411602",2351,0,1994,1994,"Vlieland","591",53.304433,5.073971,"BLUE TIT",NA,NA,NA,NA,NA,"",NA,NA,NA,NA,NA,NA,NA,NA,NA,NA,NA,NA,NA,"Unknown"
"F...588076","F...588071","F...411602",2351,0,1994,1994,"Vlieland","591",53.304433,5.073971,"BLUE TIT",NA,NA,NA,NA,NA,"",NA,NA,NA,NA,NA,NA,NA,NA,NA,NA,NA,NA,NA,"Unknown"
"F...588077","F...588071","F...411602",2351,0,1994,1994,"Vlieland","591",53.304433,5.073971,"BLUE TIT",NA,NA,NA,NA,NA,"",NA,NA,NA,NA,NA,NA,NA,NA,NA,NA,NA,NA,NA,"Unknown"
"F...588078","F...588071","F...411602",2351,0,1994,1994,"Vlieland","591",53.304433,5.073971,"BLUE TIT",NA,NA,NA,NA,NA,"",NA,NA,NA,NA,NA,NA,NA,NA,NA,NA,NA,NA,NA,"Unknown"
"F...588079","F...588071","F...411602",2351,0,1994,1994,"Vlieland","591",53.304433,5.073971,"BLUE TIT",NA,NA,NA,NA,NA,"",NA,NA,NA,NA,NA,NA,NA,NA,NA,NA,NA,NA,NA,"Unknown"
"F...588080","F...588071","F...411602",2351,0,1994,1994,"Vlieland","591",53.304433,5.073971,"BLUE TIT",NA,NA,NA,NA,NA,"",NA,NA,NA,NA,NA,NA,NA,NA,NA,NA,NA,NA,NA,"Unknown"
"F...588081","F...588071","F...411602",2351,0,1994,1994,"Vlieland","591",53.304433,5.073971,"BLUE TIT",NA,NA,NA,NA,NA,"",NA,NA,NA,NA,NA,NA,NA,NA,NA,NA,NA,NA,NA,"Unknown"
"F...588263","F...404860","F...413100",10343,1,1994,1994,"Vlieland","1041",53.30207,5.06711,"GREAT TIT",NA,NA,NA,NA,NA,"",NA,NA,NA,NA,NA,NA,NA,NA,NA,NA,NA,NA,NA,"Female"
"F...588264","F...404860","F...413100",10343,1,1994,1994,"Vlieland","1041",53.30207,5.06711,"GREAT TIT",NA,NA,NA,NA,NA,"",NA,NA,NA,NA,NA,NA,NA,NA,NA,NA,NA,NA,NA,"Female"
"F...588265","F...404860","F...413100",10343,2,1994,1994,"Vlieland","1041",53.30207,5.06711,"GREAT TIT",NA,NA,NA,NA,NA,"",NA,NA,NA,NA,NA,NA,NA,NA,NA,NA,NA,NA,NA,"Male"
"F...588266","F...404860","F...413100",10343,1,1994,1994,"Vlieland","1041",53.30207,5.06711,"GREAT TIT",NA,NA,NA,NA,NA,"",NA,NA,NA,NA,NA,NA,NA,NA,NA,NA,NA,NA,NA,"Female"
"F...588267","F...404860","F...413100",10343,1,1994,1994,"Vlieland","1041",53.30207,5.06711,"GREAT TIT",NA,NA,NA,NA,NA,"",NA,NA,NA,NA,NA,NA,NA,NA,NA,NA,NA,NA,NA,"Female"
"F...588268","F...404860","F...413100",10343,2,1994,1994,"Vlieland","1041",53.30207,5.06711,"GREAT TIT",NA,NA,NA,NA,NA,"",NA,NA,NA,NA,NA,NA,NA,NA,NA,NA,NA,NA,NA,"Male"
"F...588269","F...404860","F...413100",10343,2,1994,1994,"Vlieland","1041",53.30207,5.06711,"GREAT TIT",NA,NA,NA,NA,NA,"",NA,NA,NA,NA,NA,NA,NA,NA,NA,NA,NA,NA,NA,"Male"
"F...588270","F...404860","F...413100",10343,1,1994,1994,"Vlieland","1041",53.30207,5.06711,"GREAT TIT",NA,NA,NA,NA,NA,"",NA,NA,NA,NA,NA,NA,NA,NA,NA,NA,NA,NA,NA,"Female"
"F...588271","F...404860","F...413100",10343,1,1994,1994,"Vlieland","1041",53.30207,5.06711,"GREAT TIT",NA,NA,NA,NA,NA,"",NA,NA,NA,NA,NA,NA,NA,NA,NA,NA,NA,NA,NA,"Female"
"F...588272","F...404860","F...413100",10343,2,1994,1994,"Vlieland","1041",53.30207,5.06711,"GREAT TIT",NA,NA,NA,NA,NA,"",NA,NA,NA,NA,NA,NA,NA,NA,NA,NA,NA,NA,NA,"Male"
"F...588471","F...588367","F...588363",2170,2,1994,1994,"Vlieland","666",53.294648,5.051056,"GREAT TIT",NA,NA,NA,NA,NA,"",NA,NA,NA,NA,NA,NA,NA,NA,NA,NA,NA,NA,NA,"Male"
"F...588472","F...588367","F...588363",2170,2,1994,1994,"Vlieland","666",53.294648,5.051056,"GREAT TIT",NA,NA,NA,NA,NA,"",NA,NA,NA,NA,NA,NA,NA,NA,NA,NA,NA,NA,NA,"Male"
"F...588473","F...588367","F...588363",2170,1,1994,1994,"Vlieland","666",53.294648,5.051056,"GREAT TIT",NA,NA,NA,NA,NA,"",NA,NA,NA,NA,NA,NA,NA,NA,NA,NA,NA,NA,NA,"Female"
"F...588474","F...588367","F...588363",2170,2,1994,1994,"Vlieland","666",53.294648,5.051056,"GREAT TIT",NA,NA,NA,NA,NA,"",NA,NA,NA,NA,NA,NA,NA,NA,NA,NA,NA,NA,NA,"Male"
"F...588475","F...588367","F...588363",2170,2,1994,1994,"Vlieland","666",53.294648,5.051056,"GREAT TIT",NA,NA,NA,NA,NA,"",NA,NA,NA,NA,NA,NA,NA,NA,NA,NA,NA,NA,NA,"Male"
"F...588476","F...588367","F...588363",2170,2,1994,1994,"Vlieland","666",53.294648,5.051056,"GREAT TIT",NA,NA,NA,NA,NA,"",NA,NA,NA,NA,NA,NA,NA,NA,NA,NA,NA,NA,NA,"Male"
"F...588477","F...588367","F...588363",2170,1,1994,1994,"Vlieland","666",53.294648,5.051056,"GREAT TIT",NA,NA,NA,NA,NA,"",NA,NA,NA,NA,NA,NA,NA,NA,NA,NA,NA,NA,NA,"Female"
"F...588478","F...588367","F...588363",2170,2,1994,1994,"Vlieland","666",53.294648,5.051056,"GREAT TIT",NA,NA,NA,NA,NA,"",NA,NA,NA,NA,NA,NA,NA,NA,NA,NA,NA,NA,NA,"Male"
"F...588479","F...588367","F...588363",2170,2,1994,1994,"Vlieland","666",53.294648,5.051056,"GREAT TIT",NA,NA,NA,NA,NA,"",NA,NA,NA,NA,NA,NA,NA,NA,NA,NA,NA,NA,NA,"Male"
"F...588480","F...588367","F...588363",2170,1,1994,1994,"Vlieland","666",53.294648,5.051056,"GREAT TIT",NA,NA,NA,NA,NA,"",NA,NA,NA,NA,NA,NA,NA,NA,NA,NA,NA,NA,NA,"Female"
"F...588870",NA,NA,6825,0,1994,1994,"Vlieland","1002",53.30207,5.06711,"GREAT TIT",NA,NA,NA,NA,NA,"",NA,NA,NA,NA,NA,NA,NA,NA,NA,NA,NA,NA,NA,"Unknown"
"F...588871",NA,NA,6825,0,1994,1994,"Vlieland","1002",53.30207,5.06711,"GREAT TIT",NA,NA,NA,NA,NA,"",NA,NA,NA,NA,NA,NA,NA,NA,NA,NA,NA,NA,NA,"Unknown"
"F...589939","F...495028","F...164681",6826,0,1994,1994,"Vlieland","1003",53.30207,5.06711,"BLUE TIT",NA,NA,NA,NA,NA,"",NA,NA,NA,NA,NA,NA,NA,NA,NA,NA,NA,NA,NA,"Unknown"
"F...589940","F...495028","F...164681",6826,0,1994,1994,"Vlieland","1003",53.30207,5.06711,"BLUE TIT",NA,NA,NA,NA,NA,"",NA,NA,NA,NA,NA,NA,NA,NA,NA,NA,NA,NA,NA,"Unknown"
"F...589941","F...495028","F...164681",6826,0,1994,1994,"Vlieland","1003",53.30207,5.06711,"BLUE TIT",NA,NA,NA,NA,NA,"",NA,NA,NA,NA,NA,NA,NA,NA,NA,NA,NA,NA,NA,"Unknown"
"F...589942","F...495028","F...164681",6826,0,1994,1994,"Vlieland","1003",53.30207,5.06711,"BLUE TIT",NA,NA,NA,NA,NA,"",NA,NA,NA,NA,NA,NA,NA,NA,NA,NA,NA,NA,NA,"Unknown"
"F...589943","F...495028","F...164681",6826,0,1994,1994,"Vlieland","1003",53.30207,5.06711,"BLUE TIT",NA,NA,NA,NA,NA,"",NA,NA,NA,NA,NA,NA,NA,NA,NA,NA,NA,NA,NA,"Unknown"
"F...589944","F...495028","F...164681",6826,0,1994,1994,"Vlieland","1003",53.30207,5.06711,"BLUE TIT",NA,NA,NA,NA,NA,"",NA,NA,NA,NA,NA,NA,NA,NA,NA,NA,NA,NA,NA,"Unknown"
"F...589945","F...495028","F...164681",6826,0,1994,1994,"Vlieland","1003",53.30207,5.06711,"BLUE TIT",NA,NA,NA,NA,NA,"",NA,NA,NA,NA,NA,NA,NA,NA,NA,NA,NA,NA,NA,"Unknown"
"F...589946","F...495028","F...164681",6826,0,1994,1994,"Vlieland","1003",53.30207,5.06711,"BLUE TIT",NA,NA,NA,NA,NA,"",NA,NA,NA,NA,NA,NA,NA,NA,NA,NA,NA,NA,NA,"Unknown"
"F...589947","F...495028","F...164681",6826,0,1994,1994,"Vlieland","1003",53.30207,5.06711,"BLUE TIT",NA,NA,NA,NA,NA,"",NA,NA,NA,NA,NA,NA,NA,NA,NA,NA,NA,NA,NA,"Unknown"
"F...589948","F...495028","F...164681",6826,0,1994,1994,"Vlieland","1003",53.30207,5.06711,"BLUE TIT",NA,NA,NA,NA,NA,"",NA,NA,NA,NA,NA,NA,NA,NA,NA,NA,NA,NA,NA,"Unknown"
"F...590001","F...497034","F...497115",2515,2,1994,1994,"Vlieland","942",53.30207,5.06711,"GREAT TIT",NA,NA,NA,NA,NA,"",NA,NA,NA,NA,NA,NA,NA,NA,NA,NA,NA,NA,NA,"Male"
"F...590002","F...497034","F...497115",2515,1,1994,1994,"Vlieland","942",53.30207,5.06711,"GREAT TIT",NA,NA,NA,NA,NA,"",NA,NA,NA,NA,NA,NA,NA,NA,NA,NA,NA,NA,NA,"Female"
"F...590003","F...497034","F...497115",2515,2,1994,1994,"Vlieland","942",53.30207,5.06711,"GREAT TIT",NA,NA,NA,NA,NA,"",NA,NA,NA,NA,NA,NA,NA,NA,NA,NA,NA,NA,NA,"Male"
"F...590004","F...497034","F...497115",2515,0,1994,1994,"Vlieland","942",53.30207,5.06711,"GREAT TIT",NA,NA,NA,NA,NA,"",NA,NA,NA,NA,NA,NA,NA,NA,NA,NA,NA,NA,NA,"Unknown"
"F...590005","F...497034","F...497115",2515,1,1994,1994,"Vlieland","942",53.30207,5.06711,"GREAT TIT",NA,NA,NA,NA,NA,"",NA,NA,NA,NA,NA,NA,NA,NA,NA,NA,NA,NA,NA,"Female"
"F...590006","F...497034","F...497115",2515,0,1994,1994,"Vlieland","942",53.30207,5.06711,"GREAT TIT",NA,NA,NA,NA,NA,"",NA,NA,NA,NA,NA,NA,NA,NA,NA,NA,NA,NA,NA,"Unknown"
"F...590007","F...497034","F...497115",2515,1,1994,1994,"Vlieland","942",53.30207,5.06711,"GREAT TIT",NA,NA,NA,NA,NA,"",NA,NA,NA,NA,NA,NA,NA,NA,NA,NA,NA,NA,NA,"Female"
"F...590008","F...497034","F...497115",2515,1,1994,1994,"Vlieland","942",53.30207,5.06711,"GREAT TIT",NA,NA,NA,NA,NA,"",NA,NA,NA,NA,NA,NA,NA,NA,NA,NA,NA,NA,NA,"Female"
"F...590009","F...497034","F...497115",2515,0,1994,1994,"Vlieland","942",53.30207,5.06711,"GREAT TIT",NA,NA,NA,NA,NA,"",NA,NA,NA,NA,NA,NA,NA,NA,NA,NA,NA,NA,NA,"Unknown"
"F...590101",NA,NA,2679,0,1994,1994,"Vlieland","722",53.29611,5.06619,"BLUE TIT",NA,NA,NA,NA,NA,"",NA,NA,NA,NA,NA,NA,NA,NA,NA,NA,NA,NA,NA,"Unknown"
"F...590102",NA,NA,2679,0,1994,1994,"Vlieland","722",53.29611,5.06619,"BLUE TIT",NA,NA,NA,NA,NA,"",NA,NA,NA,NA,NA,NA,NA,NA,NA,NA,NA,NA,NA,"Unknown"
"F...590103",NA,NA,2679,0,1994,1994,"Vlieland","722",53.29611,5.06619,"BLUE TIT",NA,NA,NA,NA,NA,"",NA,NA,NA,NA,NA,NA,NA,NA,NA,NA,NA,NA,NA,"Unknown"
"F...590104",NA,NA,2679,0,1994,1994,"Vlieland","722",53.29611,5.06619,"BLUE TIT",NA,NA,NA,NA,NA,"",NA,NA,NA,NA,NA,NA,NA,NA,NA,NA,NA,NA,NA,"Unknown"
"F...590105",NA,NA,2679,0,1994,1994,"Vlieland","722",53.29611,5.06619,"BLUE TIT",NA,NA,NA,NA,NA,"",NA,NA,NA,NA,NA,NA,NA,NA,NA,NA,NA,NA,NA,"Unknown"
"F...590106",NA,NA,2679,0,1994,1994,"Vlieland","722",53.29611,5.06619,"BLUE TIT",NA,NA,NA,NA,NA,"",NA,NA,NA,NA,NA,NA,NA,NA,NA,NA,NA,NA,NA,"Unknown"
"F...590107",NA,NA,2679,0,1994,1994,"Vlieland","722",53.29611,5.06619,"BLUE TIT",NA,NA,NA,NA,NA,"",NA,NA,NA,NA,NA,NA,NA,NA,NA,NA,NA,NA,NA,"Unknown"
"F...590108",NA,NA,2679,0,1994,1994,"Vlieland","722",53.29611,5.06619,"BLUE TIT",NA,NA,NA,NA,NA,"",NA,NA,NA,NA,NA,NA,NA,NA,NA,NA,NA,NA,NA,"Unknown"
"F...590109",NA,NA,2679,0,1994,1994,"Vlieland","722",53.29611,5.06619,"BLUE TIT",NA,NA,NA,NA,NA,"",NA,NA,NA,NA,NA,NA,NA,NA,NA,NA,NA,NA,NA,"Unknown"
"F...590451","F...497297","F...404890",1995,2,1994,1994,"Vlieland","57",53.269268,4.976369,"GREAT TIT",NA,NA,NA,NA,NA,"",NA,NA,NA,NA,NA,NA,NA,NA,NA,NA,NA,NA,NA,"Male"
"F...590452","F...497297","F...404890",1995,0,1994,1994,"Vlieland","57",53.269268,4.976369,"GREAT TIT",NA,NA,NA,NA,NA,"",NA,NA,NA,NA,NA,NA,NA,NA,NA,NA,NA,NA,NA,"Unknown"
"F...590453","F...497297","F...404890",1995,1,1994,1994,"Vlieland","57",53.269268,4.976369,"GREAT TIT",NA,NA,NA,NA,NA,"",NA,NA,NA,NA,NA,NA,NA,NA,NA,NA,NA,NA,NA,"Female"
"F...590454","F...497297","F...404890",1995,2,1994,1994,"Vlieland","57",53.269268,4.976369,"GREAT TIT",NA,NA,NA,NA,NA,"",NA,NA,NA,NA,NA,NA,NA,NA,NA,NA,NA,NA,NA,"Male"
"F...590455","F...497297","F...404890",1995,1,1994,1994,"Vlieland","57",53.269268,4.976369,"GREAT TIT",NA,NA,NA,NA,NA,"",NA,NA,NA,NA,NA,NA,NA,NA,NA,NA,NA,NA,NA,"Female"
"F...590502","F...497100","F...497087",2350,1,1994,1994,"Vlieland","590",53.304038,5.070869,"GREAT TIT",NA,NA,NA,NA,NA,"",NA,NA,NA,NA,NA,NA,NA,NA,NA,NA,NA,NA,NA,"Female"
"F...590503","F...497100","F...497087",2350,2,1994,1994,"Vlieland","590",53.304038,5.070869,"GREAT TIT",NA,NA,NA,NA,NA,"",NA,NA,NA,NA,NA,NA,NA,NA,NA,NA,NA,NA,NA,"Male"
"F...590504","F...497100","F...497087",2350,0,1994,1994,"Vlieland","590",53.304038,5.070869,"GREAT TIT",NA,NA,NA,NA,NA,"",NA,NA,NA,NA,NA,NA,NA,NA,NA,NA,NA,NA,NA,"Unknown"
"F...590505","F...497100","F...497087",2350,1,1994,1994,"Vlieland","590",53.304038,5.070869,"GREAT TIT",NA,NA,NA,NA,NA,"",NA,NA,NA,NA,NA,NA,NA,NA,NA,NA,NA,NA,NA,"Female"
"F...590506","F...497100","F...497087",2350,1,1994,1994,"Vlieland","590",53.304038,5.070869,"GREAT TIT",NA,NA,NA,NA,NA,"",NA,NA,NA,NA,NA,NA,NA,NA,NA,NA,NA,NA,NA,"Female"
"F...590507","F...497100","F...497087",2350,1,1994,1994,"Vlieland","590",53.304038,5.070869,"GREAT TIT",NA,NA,NA,NA,NA,"",NA,NA,NA,NA,NA,NA,NA,NA,NA,NA,NA,NA,NA,"Female"
"F...590508","F...497100","F...497087",2350,2,1994,1994,"Vlieland","590",53.304038,5.070869,"GREAT TIT",NA,NA,NA,NA,NA,"",NA,NA,NA,NA,NA,NA,NA,NA,NA,NA,NA,NA,NA,"Male"
"F...590509","F...497100","F...497087",2350,2,1994,1994,"Vlieland","590",53.304038,5.070869,"GREAT TIT",NA,NA,NA,NA,NA,"",NA,NA,NA,NA,NA,NA,NA,NA,NA,NA,NA,NA,NA,"Male"
"F...591363","F...588054","F...591362",10344,0,1994,1994,"Vlieland","1042",53.293062,5.059241,"GREAT TIT",NA,NA,NA,NA,NA,"",NA,NA,NA,NA,NA,NA,NA,NA,NA,NA,NA,NA,NA,"Unknown"
"F...591364","F...588054","F...591362",10344,0,1994,1994,"Vlieland","1042",53.293062,5.059241,"GREAT TIT",NA,NA,NA,NA,NA,"",NA,NA,NA,NA,NA,NA,NA,NA,NA,NA,NA,NA,NA,"Unknown"
"F...591365","F...588054","F...591362",10344,0,1994,1994,"Vlieland","1042",53.293062,5.059241,"GREAT TIT",NA,NA,NA,NA,NA,"",NA,NA,NA,NA,NA,NA,NA,NA,NA,NA,NA,NA,NA,"Unknown"
"F...591366","F...588054","F...591362",10344,0,1994,1994,"Vlieland","1042",53.293062,5.059241,"GREAT TIT",NA,NA,NA,NA,NA,"",NA,NA,NA,NA,NA,NA,NA,NA,NA,NA,NA,NA,NA,"Unknown"
"F...591367","F...588054","F...591362",10344,0,1994,1994,"Vlieland","1042",53.293062,5.059241,"GREAT TIT",NA,NA,NA,NA,NA,"",NA,NA,NA,NA,NA,NA,NA,NA,NA,NA,NA,NA,NA,"Unknown"
"F...591875","F...496595","F...333702",2167,2,1994,1994,"Vlieland","663",53.29754,5.05056,"GREAT TIT",NA,NA,NA,NA,NA,"",NA,NA,NA,NA,NA,NA,NA,NA,NA,NA,NA,NA,NA,"Male"
"F...591876","F...496595","F...333702",2167,1,1994,1994,"Vlieland","663",53.29754,5.05056,"GREAT TIT",NA,NA,NA,NA,NA,"",NA,NA,NA,NA,NA,NA,NA,NA,NA,NA,NA,NA,NA,"Female"
"F...591877","F...496595","F...333702",2167,1,1994,1994,"Vlieland","663",53.29754,5.05056,"GREAT TIT",NA,NA,NA,NA,NA,"",NA,NA,NA,NA,NA,NA,NA,NA,NA,NA,NA,NA,NA,"Female"
"F...591878","F...496595","F...333702",2167,1,1994,1994,"Vlieland","663",53.29754,5.05056,"GREAT TIT",NA,NA,NA,NA,NA,"",NA,NA,NA,NA,NA,NA,NA,NA,NA,NA,NA,NA,NA,"Female"
"F...601953","F...399375","F...332873",6823,2,1994,1994,"Vlieland","906",53.30207,5.06711,"GREAT TIT",NA,NA,NA,NA,NA,"",NA,NA,NA,NA,NA,NA,NA,NA,NA,NA,NA,NA,NA,"Male"
"F...601954","F...399375","F...332873",6823,2,1994,1994,"Vlieland","906",53.30207,5.06711,"GREAT TIT",NA,NA,NA,NA,NA,"",NA,NA,NA,NA,NA,NA,NA,NA,NA,NA,NA,NA,NA,"Male"
"F...601955","F...399375","F...332873",6823,2,1994,1994,"Vlieland","906",53.30207,5.06711,"GREAT TIT",NA,NA,NA,NA,NA,"",NA,NA,NA,NA,NA,NA,NA,NA,NA,NA,NA,NA,NA,"Male"
"F...601956","F...399375","F...332873",6823,2,1994,1994,"Vlieland","906",53.30207,5.06711,"GREAT TIT",NA,NA,NA,NA,NA,"",NA,NA,NA,NA,NA,NA,NA,NA,NA,NA,NA,NA,NA,"Male"
"F...601957","F...399375","F...332873",6823,0,1994,1994,"Vlieland","906",53.30207,5.06711,"GREAT TIT",NA,NA,NA,NA,NA,"",NA,NA,NA,NA,NA,NA,NA,NA,NA,NA,NA,NA,NA,"Unknown"
"F...601958","F...399375","F...332873",6823,1,1994,1994,"Vlieland","906",53.30207,5.06711,"GREAT TIT",NA,NA,NA,NA,NA,"",NA,NA,NA,NA,NA,NA,NA,NA,NA,NA,NA,NA,NA,"Female"
"F...601959","F...399375","F...332873",6823,1,1994,1994,"Vlieland","906",53.30207,5.06711,"GREAT TIT",NA,NA,NA,NA,NA,"",NA,NA,NA,NA,NA,NA,NA,NA,NA,NA,NA,NA,NA,"Female"
"F...615075","F...498198","F...498044",6179,1,1994,1994,"Vlieland","880",53.30207,5.06711,"GREAT TIT",NA,NA,NA,NA,NA,"",NA,NA,NA,NA,NA,NA,NA,NA,NA,NA,NA,NA,NA,"Female"
"F...615076","F...498198","F...498044",6179,1,1994,1994,"Vlieland","880",53.30207,5.06711,"GREAT TIT",NA,NA,NA,NA,NA,"",NA,NA,NA,NA,NA,NA,NA,NA,NA,NA,NA,NA,NA,"Female"
"F...615077","F...498198","F...498044",6179,2,1994,1994,"Vlieland","880",53.30207,5.06711,"GREAT TIT",NA,NA,NA,NA,NA,"",NA,NA,NA,NA,NA,NA,NA,NA,NA,NA,NA,NA,NA,"Male"
"F...615078","F...498198","F...498044",6179,2,1994,1994,"Vlieland","880",53.30207,5.06711,"GREAT TIT",NA,NA,NA,NA,NA,"",NA,NA,NA,NA,NA,NA,NA,NA,NA,NA,NA,NA,NA,"Male"
"F...615079","F...498198","F...498044",6179,2,1994,1994,"Vlieland","880",53.30207,5.06711,"GREAT TIT",NA,NA,NA,NA,NA,"",NA,NA,NA,NA,NA,NA,NA,NA,NA,NA,NA,NA,NA,"Male"
"F...615080","F...498198","F...498044",6179,1,1994,1994,"Vlieland","880",53.30207,5.06711,"GREAT TIT",NA,NA,NA,NA,NA,"",NA,NA,NA,NA,NA,NA,NA,NA,NA,NA,NA,NA,NA,"Female"
"F...615081","F...498198","F...498044",6179,2,1994,1994,"Vlieland","880",53.30207,5.06711,"GREAT TIT",NA,NA,NA,NA,NA,"",NA,NA,NA,NA,NA,NA,NA,NA,NA,NA,NA,NA,NA,"Male"
"F...615082","F...498198","F...498044",6179,1,1994,1994,"Vlieland","880",53.30207,5.06711,"GREAT TIT",NA,NA,NA,NA,NA,"",NA,NA,NA,NA,NA,NA,NA,NA,NA,NA,NA,NA,NA,"Female"
"F...615083","F...498198","F...498044",6179,1,1994,1994,"Vlieland","880",53.30207,5.06711,"GREAT TIT",NA,NA,NA,NA,NA,"",NA,NA,NA,NA,NA,NA,NA,NA,NA,NA,NA,NA,NA,"Female"
"F...615084","F...498198","F...498044",6179,1,1994,1994,"Vlieland","880",53.30207,5.06711,"GREAT TIT",NA,NA,NA,NA,NA,"",NA,NA,NA,NA,NA,NA,NA,NA,NA,NA,NA,NA,NA,"Female"
"F...615189","F...498900","F...498224",2171,2,1994,1994,"Vlieland","667",53.295398,5.052337,"GREAT TIT",NA,NA,NA,NA,NA,"",NA,NA,NA,NA,NA,NA,NA,NA,NA,NA,NA,NA,NA,"Male"
"F...615190","F...498900","F...498224",2171,2,1994,1994,"Vlieland","667",53.295398,5.052337,"GREAT TIT",NA,NA,NA,NA,NA,"",NA,NA,NA,NA,NA,NA,NA,NA,NA,NA,NA,NA,NA,"Male"
"F...615191","F...498900","F...498224",2171,2,1994,1994,"Vlieland","667",53.295398,5.052337,"GREAT TIT",NA,NA,NA,NA,NA,"",NA,NA,NA,NA,NA,NA,NA,NA,NA,NA,NA,NA,NA,"Male"
"F...615192","F...498900","F...498224",2171,1,1994,1994,"Vlieland","667",53.295398,5.052337,"GREAT TIT",NA,NA,NA,NA,NA,"",NA,NA,NA,NA,NA,NA,NA,NA,NA,NA,NA,NA,NA,"Female"
"F...615193","F...498900","F...498224",2171,0,1994,1994,"Vlieland","667",53.295398,5.052337,"GREAT TIT",NA,NA,NA,NA,NA,"",NA,NA,NA,NA,NA,NA,NA,NA,NA,NA,NA,NA,NA,"Unknown"
"F...615194","F...498900","F...498224",2171,2,1994,1994,"Vlieland","667",53.295398,5.052337,"GREAT TIT",NA,NA,NA,NA,NA,"",NA,NA,NA,NA,NA,NA,NA,NA,NA,NA,NA,NA,NA,"Male"
"F...615195","F...498900","F...498224",2171,1,1994,1994,"Vlieland","667",53.295398,5.052337,"GREAT TIT",NA,NA,NA,NA,NA,"",NA,NA,NA,NA,NA,NA,NA,NA,NA,NA,NA,NA,NA,"Female"
"F...615196","F...498900","F...498224",2171,2,1994,1994,"Vlieland","667",53.295398,5.052337,"GREAT TIT",NA,NA,NA,NA,NA,"",NA,NA,NA,NA,NA,NA,NA,NA,NA,NA,NA,NA,NA,"Male"
"F...615197","F...498900","F...498224",2171,1,1994,1994,"Vlieland","667",53.295398,5.052337,"GREAT TIT",NA,NA,NA,NA,NA,"",NA,NA,NA,NA,NA,NA,NA,NA,NA,NA,NA,NA,NA,"Female"
"F...615198","F...498900","F...498224",2171,1,1994,1994,"Vlieland","667",53.295398,5.052337,"GREAT TIT",NA,NA,NA,NA,NA,"",NA,NA,NA,NA,NA,NA,NA,NA,NA,NA,NA,NA,NA,"Female"
"F...615199","F...498900","F...498224",2171,1,1994,1994,"Vlieland","667",53.295398,5.052337,"GREAT TIT",NA,NA,NA,NA,NA,"",NA,NA,NA,NA,NA,NA,NA,NA,NA,NA,NA,NA,NA,"Female"
"F...615246",NA,NA,1999,0,1994,1994,"Vlieland","899",53.27053,4.97819,"BLUE TIT",NA,NA,NA,NA,NA,"",NA,NA,NA,NA,NA,NA,NA,NA,NA,NA,NA,NA,NA,"Unknown"
"F...615247","F...498967","F...498454",1997,1,1994,1994,"Vlieland","80",53.27053,4.97819,"GREAT TIT",NA,NA,NA,NA,NA,"",NA,NA,NA,NA,NA,NA,NA,NA,NA,NA,NA,NA,NA,"Female"
"F...615248","F...498967","F...498454",1997,0,1994,1994,"Vlieland","80",53.27053,4.97819,"GREAT TIT",NA,NA,NA,NA,NA,"",NA,NA,NA,NA,NA,NA,NA,NA,NA,NA,NA,NA,NA,"Unknown"
"F...615249","F...498967","F...498454",1997,1,1994,1994,"Vlieland","80",53.27053,4.97819,"GREAT TIT",NA,NA,NA,NA,NA,"",NA,NA,NA,NA,NA,NA,NA,NA,NA,NA,NA,NA,NA,"Female"
"F...615250","F...498967","F...498454",1997,0,1994,1994,"Vlieland","80",53.27053,4.97819,"GREAT TIT",NA,NA,NA,NA,NA,"",NA,NA,NA,NA,NA,NA,NA,NA,NA,NA,NA,NA,NA,"Unknown"
"F...615270","F...498209","F...498278",2516,2,1994,1994,"Vlieland","945",53.30207,5.06711,"GREAT TIT",NA,NA,NA,NA,NA,"",NA,NA,NA,NA,NA,NA,NA,NA,NA,NA,NA,NA,NA,"Male"
"F...615271","F...498209","F...498278",2516,1,1994,1994,"Vlieland","945",53.30207,5.06711,"GREAT TIT",NA,NA,NA,NA,NA,"",NA,NA,NA,NA,NA,NA,NA,NA,NA,NA,NA,NA,NA,"Female"
"F...615272","F...498209","F...498278",2516,2,1994,1994,"Vlieland","945",53.30207,5.06711,"GREAT TIT",NA,NA,NA,NA,NA,"",NA,NA,NA,NA,NA,NA,NA,NA,NA,NA,NA,NA,NA,"Male"
"F...615273","F...498209","F...498278",2516,2,1994,1994,"Vlieland","945",53.30207,5.06711,"GREAT TIT",NA,NA,NA,NA,NA,"",NA,NA,NA,NA,NA,NA,NA,NA,NA,NA,NA,NA,NA,"Male"
"F...615274","F...498209","F...498278",2516,1,1994,1994,"Vlieland","945",53.30207,5.06711,"GREAT TIT",NA,NA,NA,NA,NA,"",NA,NA,NA,NA,NA,NA,NA,NA,NA,NA,NA,NA,NA,"Female"
"F...615275","F...498209","F...498278",2516,2,1994,1994,"Vlieland","945",53.30207,5.06711,"GREAT TIT",NA,NA,NA,NA,NA,"",NA,NA,NA,NA,NA,NA,NA,NA,NA,NA,NA,NA,NA,"Male"
"F...615276","F...498209","F...498278",2516,2,1994,1994,"Vlieland","945",53.30207,5.06711,"GREAT TIT",NA,NA,NA,NA,NA,"",NA,NA,NA,NA,NA,NA,NA,NA,NA,NA,NA,NA,NA,"Male"
"F...615277","F...498209","F...498278",2516,1,1994,1994,"Vlieland","945",53.30207,5.06711,"GREAT TIT",NA,NA,NA,NA,NA,"",NA,NA,NA,NA,NA,NA,NA,NA,NA,NA,NA,NA,NA,"Female"
"F...615278","F...413233","F...498969",2678,1,1994,1994,"Vlieland","720",53.29611,5.06619,"GREAT TIT",NA,NA,NA,NA,NA,"",NA,NA,NA,NA,NA,NA,NA,NA,NA,NA,NA,NA,NA,"Female"
"F...615279","F...413233","F...498969",2678,1,1994,1994,"Vlieland","720",53.29611,5.06619,"GREAT TIT",NA,NA,NA,NA,NA,"",NA,NA,NA,NA,NA,NA,NA,NA,NA,NA,NA,NA,NA,"Female"
"F...615280","F...413233","F...498969",2678,0,1994,1994,"Vlieland","720",53.29611,5.06619,"GREAT TIT",NA,NA,NA,NA,NA,"",NA,NA,NA,NA,NA,NA,NA,NA,NA,NA,NA,NA,NA,"Unknown"
"F...615281","F...413233","F...498969",2678,2,1994,1994,"Vlieland","720",53.29611,5.06619,"GREAT TIT",NA,NA,NA,NA,NA,"",NA,NA,NA,NA,NA,NA,NA,NA,NA,NA,NA,NA,NA,"Male"
"F...615282","F...413233","F...498969",2678,2,1994,1994,"Vlieland","720",53.29611,5.06619,"GREAT TIT",NA,NA,NA,NA,NA,"",NA,NA,NA,NA,NA,NA,NA,NA,NA,NA,NA,NA,NA,"Male"
"F...615283","F...413233","F...498969",2678,2,1994,1994,"Vlieland","720",53.29611,5.06619,"GREAT TIT",NA,NA,NA,NA,NA,"",NA,NA,NA,NA,NA,NA,NA,NA,NA,NA,NA,NA,NA,"Male"
"F...615284","F...413233","F...498969",2678,2,1994,1994,"Vlieland","720",53.29611,5.06619,"GREAT TIT",NA,NA,NA,NA,NA,"",NA,NA,NA,NA,NA,NA,NA,NA,NA,NA,NA,NA,NA,"Male"
"F...615285","F...413233","F...498969",2678,1,1994,1994,"Vlieland","720",53.29611,5.06619,"GREAT TIT",NA,NA,NA,NA,NA,"",NA,NA,NA,NA,NA,NA,NA,NA,NA,NA,NA,NA,NA,"Female"
"F...615286","F...413233","F...498969",2678,1,1994,1994,"Vlieland","720",53.29611,5.06619,"GREAT TIT",NA,NA,NA,NA,NA,"",NA,NA,NA,NA,NA,NA,NA,NA,NA,NA,NA,NA,NA,"Female"
"F...615362","F...498977","F...498457",6824,0,1994,1994,"Vlieland","1001",53.30207,5.06711,"GREAT TIT",NA,NA,NA,NA,NA,"",NA,NA,NA,NA,NA,NA,NA,NA,NA,NA,NA,NA,NA,"Unknown"
"F...615363","F...498977","F...498457",6824,0,1994,1994,"Vlieland","1001",53.30207,5.06711,"GREAT TIT",NA,NA,NA,NA,NA,"",NA,NA,NA,NA,NA,NA,NA,NA,NA,NA,NA,NA,NA,"Unknown"
"F...615364","F...498977","F...498457",6824,0,1994,1994,"Vlieland","1001",53.30207,5.06711,"GREAT TIT",NA,NA,NA,NA,NA,"",NA,NA,NA,NA,NA,NA,NA,NA,NA,NA,NA,NA,NA,"Unknown"
"F...615365","F...498977","F...498457",6824,0,1994,1994,"Vlieland","1001",53.30207,5.06711,"GREAT TIT",NA,NA,NA,NA,NA,"",NA,NA,NA,NA,NA,NA,NA,NA,NA,NA,NA,NA,NA,"Unknown"
"F...615366","F...498977","F...498457",6824,0,1994,1994,"Vlieland","1001",53.30207,5.06711,"GREAT TIT",NA,NA,NA,NA,NA,"",NA,NA,NA,NA,NA,NA,NA,NA,NA,NA,NA,NA,NA,"Unknown"
"F...615367","F...498977","F...498457",6824,2,1994,1994,"Vlieland","1001",53.30207,5.06711,"GREAT TIT",NA,NA,NA,NA,NA,"",NA,NA,NA,NA,NA,NA,NA,NA,NA,NA,NA,NA,NA,"Male"
"F...615368","F...498977","F...498457",6824,2,1994,1994,"Vlieland","1001",53.30207,5.06711,"GREAT TIT",NA,NA,NA,NA,NA,"",NA,NA,NA,NA,NA,NA,NA,NA,NA,NA,NA,NA,NA,"Male"
"F...615714","F...498669","F...498891",8785,0,1994,1994,"Vlieland","2015",53.2982432,5.0753629,"GREAT TIT",NA,NA,NA,NA,NA,"",NA,NA,NA,NA,NA,NA,NA,NA,NA,NA,NA,NA,NA,"Unknown"
"F...615715","F...498669","F...498891",8785,0,1994,1994,"Vlieland","2015",53.2982432,5.0753629,"GREAT TIT",NA,NA,NA,NA,NA,"",NA,NA,NA,NA,NA,NA,NA,NA,NA,NA,NA,NA,NA,"Unknown"
"F...615716","F...498669","F...498891",8785,2,1994,1994,"Vlieland","2015",53.2982432,5.0753629,"GREAT TIT",NA,NA,NA,NA,NA,"",NA,NA,NA,NA,NA,NA,NA,NA,NA,NA,NA,NA,NA,"Male"
"F...615717","F...498669","F...498891",8785,0,1994,1994,"Vlieland","2015",53.2982432,5.0753629,"GREAT TIT",NA,NA,NA,NA,NA,"",NA,NA,NA,NA,NA,NA,NA,NA,NA,NA,NA,NA,NA,"Unknown"
"F...615718","F...498669","F...498891",8785,0,1994,1994,"Vlieland","2015",53.2982432,5.0753629,"GREAT TIT",NA,NA,NA,NA,NA,"",NA,NA,NA,NA,NA,NA,NA,NA,NA,NA,NA,NA,NA,"Unknown"
"F...615719","F...498669","F...498891",8785,0,1994,1994,"Vlieland","2015",53.2982432,5.0753629,"GREAT TIT",NA,NA,NA,NA,NA,"",NA,NA,NA,NA,NA,NA,NA,NA,NA,NA,NA,NA,NA,"Unknown"
"F...615720","F...498669","F...498891",8785,0,1994,1994,"Vlieland","2015",53.2982432,5.0753629,"GREAT TIT",NA,NA,NA,NA,NA,"",NA,NA,NA,NA,NA,NA,NA,NA,NA,NA,NA,NA,NA,"Unknown"
"F...615721","F...498669","F...498891",8785,2,1994,1994,"Vlieland","2015",53.2982432,5.0753629,"GREAT TIT",NA,NA,NA,NA,NA,"",NA,NA,NA,NA,NA,NA,NA,NA,NA,NA,NA,NA,NA,"Male"
"F...615722","F...498669","F...498891",8785,0,1994,1994,"Vlieland","2015",53.2982432,5.0753629,"GREAT TIT",NA,NA,NA,NA,NA,"",NA,NA,NA,NA,NA,NA,NA,NA,NA,NA,NA,NA,NA,"Unknown"
"F...615723","F...498669","F...498891",8785,0,1994,1994,"Vlieland","2015",53.2982432,5.0753629,"GREAT TIT",NA,NA,NA,NA,NA,"",NA,NA,NA,NA,NA,NA,NA,NA,NA,NA,NA,NA,NA,"Unknown"
"F...616948","F...616239",NA,2522,0,1995,1995,"Vlieland","957",53.30207,5.06711,"BLUE TIT",NA,NA,NA,NA,NA,"",NA,NA,NA,NA,NA,NA,NA,NA,NA,NA,NA,NA,NA,"Unknown"
"F...616949","F...616239",NA,2522,0,1995,1995,"Vlieland","957",53.30207,5.06711,"BLUE TIT",NA,NA,NA,NA,NA,"",NA,NA,NA,NA,NA,NA,NA,NA,NA,NA,NA,NA,NA,"Unknown"
"F...616950","F...616239",NA,2522,0,1995,1995,"Vlieland","957",53.30207,5.06711,"BLUE TIT",NA,NA,NA,NA,NA,"",NA,NA,NA,NA,NA,NA,NA,NA,NA,NA,NA,NA,NA,"Unknown"
"F...616951","F...616239",NA,2522,0,1995,1995,"Vlieland","957",53.30207,5.06711,"BLUE TIT",NA,NA,NA,NA,NA,"",NA,NA,NA,NA,NA,NA,NA,NA,NA,NA,NA,NA,NA,"Unknown"
"F...616952","F...616239",NA,2522,2,1995,1995,"Vlieland","957",53.30207,5.06711,"BLUE TIT",NA,NA,NA,NA,NA,"",NA,NA,NA,NA,NA,NA,NA,NA,NA,NA,NA,NA,NA,"Male"
"F...616953","F...616239",NA,2522,0,1995,1995,"Vlieland","957",53.30207,5.06711,"BLUE TIT",NA,NA,NA,NA,NA,"",NA,NA,NA,NA,NA,NA,NA,NA,NA,NA,NA,NA,NA,"Unknown"
"F...616954","F...616239",NA,2522,0,1995,1995,"Vlieland","957",53.30207,5.06711,"BLUE TIT",NA,NA,NA,NA,NA,"",NA,NA,NA,NA,NA,NA,NA,NA,NA,NA,NA,NA,NA,"Unknown"
"F...616955","F...616239",NA,2522,0,1995,1995,"Vlieland","957",53.30207,5.06711,"BLUE TIT",NA,NA,NA,NA,NA,"",NA,NA,NA,NA,NA,NA,NA,NA,NA,NA,NA,NA,NA,"Unknown"
"F...616956","F...616239",NA,2522,0,1995,1995,"Vlieland","957",53.30207,5.06711,"BLUE TIT",NA,NA,NA,NA,NA,"",NA,NA,NA,NA,NA,NA,NA,NA,NA,NA,NA,NA,NA,"Unknown"
"F...616957","F...616239",NA,2522,0,1995,1995,"Vlieland","957",53.30207,5.06711,"BLUE TIT",NA,NA,NA,NA,NA,"",NA,NA,NA,NA,NA,NA,NA,NA,NA,NA,NA,NA,NA,"Unknown"
"F...616958","F...616239",NA,2522,0,1995,1995,"Vlieland","957",53.30207,5.06711,"BLUE TIT",NA,NA,NA,NA,NA,"",NA,NA,NA,NA,NA,NA,NA,NA,NA,NA,NA,NA,NA,"Unknown"
"F...616959","F...616239",NA,2522,0,1995,1995,"Vlieland","957",53.30207,5.06711,"BLUE TIT",NA,NA,NA,NA,NA,"",NA,NA,NA,NA,NA,NA,NA,NA,NA,NA,NA,NA,NA,"Unknown"
"F...616960","F...616239",NA,2522,2,1995,1995,"Vlieland","957",53.30207,5.06711,"BLUE TIT",NA,NA,NA,NA,NA,"",NA,NA,NA,NA,NA,NA,NA,NA,NA,NA,NA,NA,NA,"Male"
"F...616961","F...616239",NA,2522,0,1995,1995,"Vlieland","957",53.30207,5.06711,"BLUE TIT",NA,NA,NA,NA,NA,"",NA,NA,NA,NA,NA,NA,NA,NA,NA,NA,NA,NA,NA,"Unknown"
"F...616962","F...616239",NA,2522,0,1995,1995,"Vlieland","957",53.30207,5.06711,"BLUE TIT",NA,NA,NA,NA,NA,"",NA,NA,NA,NA,NA,NA,NA,NA,NA,NA,NA,NA,NA,"Unknown"
"F...665159","F...588070","F...413891",6831,1,1995,1995,"Vlieland","1008",53.30207,5.06711,"BLUE TIT",NA,NA,NA,NA,NA,"",NA,NA,NA,NA,NA,NA,NA,NA,NA,NA,NA,NA,NA,"Female"
"F...665160","F...588070","F...413891",6831,0,1995,1995,"Vlieland","1008",53.30207,5.06711,"BLUE TIT",NA,NA,NA,NA,NA,"",NA,NA,NA,NA,NA,NA,NA,NA,NA,NA,NA,NA,NA,"Unknown"
"F...665161","F...588070","F...413891",6831,0,1995,1995,"Vlieland","1008",53.30207,5.06711,"BLUE TIT",NA,NA,NA,NA,NA,"",NA,NA,NA,NA,NA,NA,NA,NA,NA,NA,NA,NA,NA,"Unknown"
"F...665162","F...588070","F...413891",6831,0,1995,1995,"Vlieland","1008",53.30207,5.06711,"BLUE TIT",NA,NA,NA,NA,NA,"",NA,NA,NA,NA,NA,NA,NA,NA,NA,NA,NA,NA,NA,"Unknown"
"F...665163","F...588070","F...413891",6831,0,1995,1995,"Vlieland","1008",53.30207,5.06711,"BLUE TIT",NA,NA,NA,NA,NA,"",NA,NA,NA,NA,NA,NA,NA,NA,NA,NA,NA,NA,NA,"Unknown"
"F...665164","F...588070","F...413891",6831,0,1995,1995,"Vlieland","1008",53.30207,5.06711,"BLUE TIT",NA,NA,NA,NA,NA,"",NA,NA,NA,NA,NA,NA,NA,NA,NA,NA,NA,NA,NA,"Unknown"
"F...665165","F...588070","F...413891",6831,0,1995,1995,"Vlieland","1008",53.30207,5.06711,"BLUE TIT",NA,NA,NA,NA,NA,"",NA,NA,NA,NA,NA,NA,NA,NA,NA,NA,NA,NA,NA,"Unknown"
"F...665166","F...588070","F...413891",6831,0,1995,1995,"Vlieland","1008",53.30207,5.06711,"BLUE TIT",NA,NA,NA,NA,NA,"",NA,NA,NA,NA,NA,NA,NA,NA,NA,NA,NA,NA,NA,"Unknown"
"F...665167","F...588070","F...413891",6831,0,1995,1995,"Vlieland","1008",53.30207,5.06711,"BLUE TIT",NA,NA,NA,NA,NA,"",NA,NA,NA,NA,NA,NA,NA,NA,NA,NA,NA,NA,NA,"Unknown"
"F...665168","F...588070","F...413891",6831,0,1995,1995,"Vlieland","1008",53.30207,5.06711,"BLUE TIT",NA,NA,NA,NA,NA,"",NA,NA,NA,NA,NA,NA,NA,NA,NA,NA,NA,NA,NA,"Unknown"
"F...665169","F...588070","F...413891",6831,0,1995,1995,"Vlieland","1008",53.30207,5.06711,"BLUE TIT",NA,NA,NA,NA,NA,"",NA,NA,NA,NA,NA,NA,NA,NA,NA,NA,NA,NA,NA,"Unknown"
"F...665170","F...588070","F...413891",6831,0,1995,1995,"Vlieland","1008",53.30207,5.06711,"BLUE TIT",NA,NA,NA,NA,NA,"",NA,NA,NA,NA,NA,NA,NA,NA,NA,NA,NA,NA,NA,"Unknown"
"F...665171","F...588070","F...413891",6831,0,1995,1995,"Vlieland","1008",53.30207,5.06711,"BLUE TIT",NA,NA,NA,NA,NA,"",NA,NA,NA,NA,NA,NA,NA,NA,NA,NA,NA,NA,NA,"Unknown"
"F...679284","F...679283","F...679641",8351,0,1995,1995,"Vlieland","2013",53.2993063,5.075886,"BLUE TIT",NA,NA,NA,NA,NA,"",NA,NA,NA,NA,NA,NA,NA,NA,NA,NA,NA,NA,NA,"Unknown"
"F...679285","F...679283","F...679641",8351,0,1995,1995,"Vlieland","2013",53.2993063,5.075886,"BLUE TIT",NA,NA,NA,NA,NA,"",NA,NA,NA,NA,NA,NA,NA,NA,NA,NA,NA,NA,NA,"Unknown"
"F...679286","F...679283","F...679641",8351,0,1995,1995,"Vlieland","2013",53.2993063,5.075886,"BLUE TIT",NA,NA,NA,NA,NA,"",NA,NA,NA,NA,NA,NA,NA,NA,NA,NA,NA,NA,NA,"Unknown"
"F...679287","F...679283","F...679641",8351,0,1995,1995,"Vlieland","2013",53.2993063,5.075886,"BLUE TIT",NA,NA,NA,NA,NA,"",NA,NA,NA,NA,NA,NA,NA,NA,NA,NA,NA,NA,NA,"Unknown"
"F...679288","F...679283","F...679641",8351,0,1995,1995,"Vlieland","2013",53.2993063,5.075886,"BLUE TIT",NA,NA,NA,NA,NA,"",NA,NA,NA,NA,NA,NA,NA,NA,NA,NA,NA,NA,NA,"Unknown"
"F...679289","F...679283","F...679641",8351,0,1995,1995,"Vlieland","2013",53.2993063,5.075886,"BLUE TIT",NA,NA,NA,NA,NA,"",NA,NA,NA,NA,NA,NA,NA,NA,NA,NA,NA,NA,NA,"Unknown"
"F...679290","F...679283","F...679641",8351,0,1995,1995,"Vlieland","2013",53.2993063,5.075886,"BLUE TIT",NA,NA,NA,NA,NA,"",NA,NA,NA,NA,NA,NA,NA,NA,NA,NA,NA,NA,NA,"Unknown"
"F...679291","F...679283","F...679641",8351,0,1995,1995,"Vlieland","2013",53.2993063,5.075886,"BLUE TIT",NA,NA,NA,NA,NA,"",NA,NA,NA,NA,NA,NA,NA,NA,NA,NA,NA,NA,NA,"Unknown"
"F...679437","F...571416","F...571754",2002,0,1995,1995,"Vlieland","103",53.274433,4.996236,"GREAT TIT",NA,NA,NA,NA,NA,"",NA,NA,NA,NA,NA,NA,NA,NA,NA,NA,NA,NA,NA,"Unknown"
"F...679438","F...571416","F...571754",2002,0,1995,1995,"Vlieland","103",53.274433,4.996236,"GREAT TIT",NA,NA,NA,NA,NA,"",NA,NA,NA,NA,NA,NA,NA,NA,NA,NA,NA,NA,NA,"Unknown"
"F...679439","F...571416","F...571754",2002,0,1995,1995,"Vlieland","103",53.274433,4.996236,"GREAT TIT",NA,NA,NA,NA,NA,"",NA,NA,NA,NA,NA,NA,NA,NA,NA,NA,NA,NA,NA,"Unknown"
"F...679440","F...571416","F...571754",2002,0,1995,1995,"Vlieland","103",53.274433,4.996236,"GREAT TIT",NA,NA,NA,NA,NA,"",NA,NA,NA,NA,NA,NA,NA,NA,NA,NA,NA,NA,NA,"Unknown"
"F...679441","F...571416","F...571754",2002,0,1995,1995,"Vlieland","103",53.274433,4.996236,"GREAT TIT",NA,NA,NA,NA,NA,"",NA,NA,NA,NA,NA,NA,NA,NA,NA,NA,NA,NA,NA,"Unknown"
"F...679442","F...571416","F...571754",2002,0,1995,1995,"Vlieland","103",53.274433,4.996236,"GREAT TIT",NA,NA,NA,NA,NA,"",NA,NA,NA,NA,NA,NA,NA,NA,NA,NA,NA,NA,NA,"Unknown"
"F...679443","F...571416","F...571754",2002,1,1995,1995,"Vlieland","103",53.274433,4.996236,"GREAT TIT",NA,NA,NA,NA,NA,"",NA,NA,NA,NA,NA,NA,NA,NA,NA,NA,NA,NA,NA,"Female"
"F...679444","F...473397","F...473522",2174,0,1995,1995,"Vlieland","671",53.29754,5.05056,"GREAT TIT",NA,NA,NA,NA,NA,"",NA,NA,NA,NA,NA,NA,NA,NA,NA,NA,NA,NA,NA,"Unknown"
"F...679445","F...473397","F...473522",2174,0,1995,1995,"Vlieland","671",53.29754,5.05056,"GREAT TIT",NA,NA,NA,NA,NA,"",NA,NA,NA,NA,NA,NA,NA,NA,NA,NA,NA,NA,NA,"Unknown"
"F...679446","F...473397","F...473522",2174,0,1995,1995,"Vlieland","671",53.29754,5.05056,"GREAT TIT",NA,NA,NA,NA,NA,"",NA,NA,NA,NA,NA,NA,NA,NA,NA,NA,NA,NA,NA,"Unknown"
"F...679447","F...473397","F...473522",2174,0,1995,1995,"Vlieland","671",53.29754,5.05056,"GREAT TIT",NA,NA,NA,NA,NA,"",NA,NA,NA,NA,NA,NA,NA,NA,NA,NA,NA,NA,NA,"Unknown"
"F...679448","F...473397","F...473522",2174,0,1995,1995,"Vlieland","671",53.29754,5.05056,"GREAT TIT",NA,NA,NA,NA,NA,"",NA,NA,NA,NA,NA,NA,NA,NA,NA,NA,NA,NA,NA,"Unknown"
"F...679449","F...473397","F...473522",2174,0,1995,1995,"Vlieland","671",53.29754,5.05056,"GREAT TIT",NA,NA,NA,NA,NA,"",NA,NA,NA,NA,NA,NA,NA,NA,NA,NA,NA,NA,NA,"Unknown"
"F...679450","F...473397","F...473522",2174,0,1995,1995,"Vlieland","671",53.29754,5.05056,"GREAT TIT",NA,NA,NA,NA,NA,"",NA,NA,NA,NA,NA,NA,NA,NA,NA,NA,NA,NA,NA,"Unknown"
"F...679451","F...473397","F...473522",2174,0,1995,1995,"Vlieland","671",53.29754,5.05056,"GREAT TIT",NA,NA,NA,NA,NA,"",NA,NA,NA,NA,NA,NA,NA,NA,NA,NA,NA,NA,NA,"Unknown"
"F...679452","F...679651","F...571415",2354,0,1995,1995,"Vlieland","592",53.30207,5.06711,"GREAT TIT",NA,NA,NA,NA,NA,"",NA,NA,NA,NA,NA,NA,NA,NA,NA,NA,NA,NA,NA,"Unknown"
"F...679453","F...679651","F...571415",2354,0,1995,1995,"Vlieland","592",53.30207,5.06711,"GREAT TIT",NA,NA,NA,NA,NA,"",NA,NA,NA,NA,NA,NA,NA,NA,NA,NA,NA,NA,NA,"Unknown"
"F...679454","F...679651","F...571415",2354,0,1995,1995,"Vlieland","592",53.30207,5.06711,"GREAT TIT",NA,NA,NA,NA,NA,"",NA,NA,NA,NA,NA,NA,NA,NA,NA,NA,NA,NA,NA,"Unknown"
"F...679455","F...679651","F...571415",2354,0,1995,1995,"Vlieland","592",53.30207,5.06711,"GREAT TIT",NA,NA,NA,NA,NA,"",NA,NA,NA,NA,NA,NA,NA,NA,NA,NA,NA,NA,NA,"Unknown"
"F...679456","F...679651","F...571415",2354,0,1995,1995,"Vlieland","592",53.30207,5.06711,"GREAT TIT",NA,NA,NA,NA,NA,"",NA,NA,NA,NA,NA,NA,NA,NA,NA,NA,NA,NA,NA,"Unknown"
"F...679457","F...679651","F...571415",2354,0,1995,1995,"Vlieland","592",53.30207,5.06711,"GREAT TIT",NA,NA,NA,NA,NA,"",NA,NA,NA,NA,NA,NA,NA,NA,NA,NA,NA,NA,NA,"Unknown"
"F...679458","F...679651","F...571415",2354,0,1995,1995,"Vlieland","592",53.30207,5.06711,"GREAT TIT",NA,NA,NA,NA,NA,"",NA,NA,NA,NA,NA,NA,NA,NA,NA,NA,NA,NA,NA,"Unknown"
"F...679459","F...679651","F...571415",2354,0,1995,1995,"Vlieland","592",53.30207,5.06711,"GREAT TIT",NA,NA,NA,NA,NA,"",NA,NA,NA,NA,NA,NA,NA,NA,NA,NA,NA,NA,NA,"Unknown"
"F...679460","F...679651","F...571415",2354,0,1995,1995,"Vlieland","592",53.30207,5.06711,"GREAT TIT",NA,NA,NA,NA,NA,"",NA,NA,NA,NA,NA,NA,NA,NA,NA,NA,NA,NA,NA,"Unknown"
"F...679461","F...679651","F...571415",2354,0,1995,1995,"Vlieland","592",53.30207,5.06711,"GREAT TIT",NA,NA,NA,NA,NA,"",NA,NA,NA,NA,NA,NA,NA,NA,NA,NA,NA,NA,NA,"Unknown"
"F...679462","F...679651","F...571415",2354,0,1995,1995,"Vlieland","592",53.30207,5.06711,"GREAT TIT",NA,NA,NA,NA,NA,"",NA,NA,NA,NA,NA,NA,NA,NA,NA,NA,NA,NA,NA,"Unknown"
"F...679664","F...679708","F...571686",6829,0,1995,1995,"Vlieland","1006",53.30207,5.06711,"GREAT TIT",NA,NA,NA,NA,NA,"",NA,NA,NA,NA,NA,NA,NA,NA,NA,NA,NA,NA,NA,"Unknown"
"F...679665","F...679708","F...571686",6829,0,1995,1995,"Vlieland","1006",53.30207,5.06711,"GREAT TIT",NA,NA,NA,NA,NA,"",NA,NA,NA,NA,NA,NA,NA,NA,NA,NA,NA,NA,NA,"Unknown"
"F...679666","F...679708","F...571686",6829,0,1995,1995,"Vlieland","1006",53.30207,5.06711,"GREAT TIT",NA,NA,NA,NA,NA,"",NA,NA,NA,NA,NA,NA,NA,NA,NA,NA,NA,NA,NA,"Unknown"
"F...679667","F...679708","F...571686",6829,0,1995,1995,"Vlieland","1006",53.30207,5.06711,"GREAT TIT",NA,NA,NA,NA,NA,"",NA,NA,NA,NA,NA,NA,NA,NA,NA,NA,NA,NA,NA,"Unknown"
"F...679668","F...679708","F...571686",6829,0,1995,1995,"Vlieland","1006",53.30207,5.06711,"GREAT TIT",NA,NA,NA,NA,NA,"",NA,NA,NA,NA,NA,NA,NA,NA,NA,NA,NA,NA,NA,"Unknown"
"F...679669","F...679708","F...571686",6829,0,1995,1995,"Vlieland","1006",53.30207,5.06711,"GREAT TIT",NA,NA,NA,NA,NA,"",NA,NA,NA,NA,NA,NA,NA,NA,NA,NA,NA,NA,NA,"Unknown"
"F...679670","F...679708","F...571686",6829,0,1995,1995,"Vlieland","1006",53.30207,5.06711,"GREAT TIT",NA,NA,NA,NA,NA,"",NA,NA,NA,NA,NA,NA,NA,NA,NA,NA,NA,NA,NA,"Unknown"
"F...679671","F...679708","F...571686",6829,0,1995,1995,"Vlieland","1006",53.30207,5.06711,"GREAT TIT",NA,NA,NA,NA,NA,"",NA,NA,NA,NA,NA,NA,NA,NA,NA,NA,NA,NA,NA,"Unknown"
"F...679672","F...679708","F...571686",6829,0,1995,1995,"Vlieland","1006",53.30207,5.06711,"GREAT TIT",NA,NA,NA,NA,NA,"",NA,NA,NA,NA,NA,NA,NA,NA,NA,NA,NA,NA,NA,"Unknown"
"F...679726","F...679737","F...679747",2520,0,1995,1995,"Vlieland","954",53.30207,5.06711,"BLUE TIT",NA,NA,NA,NA,NA,"",NA,NA,NA,NA,NA,NA,NA,NA,NA,NA,NA,NA,NA,"Unknown"
"F...679727","F...679737","F...679747",2520,0,1995,1995,"Vlieland","954",53.30207,5.06711,"BLUE TIT",NA,NA,NA,NA,NA,"",NA,NA,NA,NA,NA,NA,NA,NA,NA,NA,NA,NA,NA,"Unknown"
"F...679728","F...679737","F...679747",2520,0,1995,1995,"Vlieland","954",53.30207,5.06711,"BLUE TIT",NA,NA,NA,NA,NA,"",NA,NA,NA,NA,NA,NA,NA,NA,NA,NA,NA,NA,NA,"Unknown"
"F...679729","F...679737","F...679747",2520,0,1995,1995,"Vlieland","954",53.30207,5.06711,"BLUE TIT",NA,NA,NA,NA,NA,"",NA,NA,NA,NA,NA,NA,NA,NA,NA,NA,NA,NA,NA,"Unknown"
"F...679730","F...679737","F...679747",2520,0,1995,1995,"Vlieland","954",53.30207,5.06711,"BLUE TIT",NA,NA,NA,NA,NA,"",NA,NA,NA,NA,NA,NA,NA,NA,NA,NA,NA,NA,NA,"Unknown"
"F...679731","F...679737","F...679747",2520,0,1995,1995,"Vlieland","954",53.30207,5.06711,"BLUE TIT",NA,NA,NA,NA,NA,"",NA,NA,NA,NA,NA,NA,NA,NA,NA,NA,NA,NA,NA,"Unknown"
"F...679732","F...679737","F...679747",2520,0,1995,1995,"Vlieland","954",53.30207,5.06711,"BLUE TIT",NA,NA,NA,NA,NA,"",NA,NA,NA,NA,NA,NA,NA,NA,NA,NA,NA,NA,NA,"Unknown"
"F...679733","F...679737","F...679747",2520,0,1995,1995,"Vlieland","954",53.30207,5.06711,"BLUE TIT",NA,NA,NA,NA,NA,"",NA,NA,NA,NA,NA,NA,NA,NA,NA,NA,NA,NA,NA,"Unknown"
"F...679734","F...679737","F...679747",2520,0,1995,1995,"Vlieland","954",53.30207,5.06711,"BLUE TIT",NA,NA,NA,NA,NA,"",NA,NA,NA,NA,NA,NA,NA,NA,NA,NA,NA,NA,NA,"Unknown"
"F...679735","F...679737","F...679747",2520,0,1995,1995,"Vlieland","954",53.30207,5.06711,"BLUE TIT",NA,NA,NA,NA,NA,"",NA,NA,NA,NA,NA,NA,NA,NA,NA,NA,NA,NA,NA,"Unknown"
"F...679736","F...679737","F...679747",2520,0,1995,1995,"Vlieland","954",53.30207,5.06711,"BLUE TIT",NA,NA,NA,NA,NA,"",NA,NA,NA,NA,NA,NA,NA,NA,NA,NA,NA,NA,NA,"Unknown"
"F...686679","F...683980","F...588803",15762,0,1995,1995,"Vlieland","884",53.30207,5.06711,"GREAT TIT",NA,NA,NA,NA,NA,"",NA,NA,NA,NA,NA,NA,NA,NA,NA,NA,NA,NA,NA,"Unknown"
"F...686680","F...683980","F...588803",15762,0,1995,1995,"Vlieland","884",53.30207,5.06711,"GREAT TIT",NA,NA,NA,NA,NA,"",NA,NA,NA,NA,NA,NA,NA,NA,NA,NA,NA,NA,NA,"Unknown"
"F...686681","F...683967","F...683963",6183,0,1995,1995,"Vlieland","884",53.30207,5.06711,"GREAT TIT",NA,NA,NA,NA,NA,"",NA,NA,NA,NA,NA,NA,NA,NA,NA,NA,NA,NA,NA,"Unknown"
"F...686682","F...683967","F...683963",6183,1,1995,1995,"Vlieland","884",53.30207,5.06711,"GREAT TIT",NA,NA,NA,NA,NA,"",NA,NA,NA,NA,NA,NA,NA,NA,NA,NA,NA,NA,NA,"Female"
"F...686683","F...683980","F...588803",15762,0,1995,1995,"Vlieland","884",53.30207,5.06711,"GREAT TIT",NA,NA,NA,NA,NA,"",NA,NA,NA,NA,NA,NA,NA,NA,NA,NA,NA,NA,NA,"Unknown"
"F...686684","F...683967","F...683963",6183,0,1995,1995,"Vlieland","884",53.30207,5.06711,"GREAT TIT",NA,NA,NA,NA,NA,"",NA,NA,NA,NA,NA,NA,NA,NA,NA,NA,NA,NA,NA,"Unknown"
"F...686685","F...683967","F...683963",6183,1,1995,1995,"Vlieland","884",53.30207,5.06711,"GREAT TIT","re bl - rw al","red","blue","red/white","metal","red-blue-red/white-metal",NA,NA,NA,NA,NA,NA,NA,NA,NA,NA,NA,NA,NA,"Female"
"F...686686","F...683980","F...588803",15762,0,1995,1995,"Vlieland","884",53.30207,5.06711,"GREAT TIT",NA,NA,NA,NA,NA,"",NA,NA,NA,NA,NA,NA,NA,NA,NA,NA,NA,NA,NA,"Unknown"
"F...686687","F...683980","F...588803",15762,1,1995,1995,"Vlieland","884",53.30207,5.06711,"GREAT TIT",NA,NA,NA,NA,NA,"",NA,NA,NA,NA,NA,NA,NA,NA,NA,NA,NA,NA,NA,"Female"
"F...691122",NA,NA,2682,0,1995,1995,"Vlieland","727",53.29611,5.06619,"BLUE TIT",NA,NA,NA,NA,NA,"",NA,NA,NA,NA,NA,NA,NA,NA,NA,NA,NA,NA,NA,"Unknown"
"F...691123",NA,NA,2682,0,1995,1995,"Vlieland","727",53.29611,5.06619,"BLUE TIT",NA,NA,NA,NA,NA,"",NA,NA,NA,NA,NA,NA,NA,NA,NA,NA,NA,NA,NA,"Unknown"
"F...691124",NA,NA,2682,0,1995,1995,"Vlieland","727",53.29611,5.06619,"BLUE TIT",NA,NA,NA,NA,NA,"",NA,NA,NA,NA,NA,NA,NA,NA,NA,NA,NA,NA,NA,"Unknown"
"F...691125",NA,NA,2682,0,1995,1995,"Vlieland","727",53.29611,5.06619,"BLUE TIT",NA,NA,NA,NA,NA,"",NA,NA,NA,NA,NA,NA,NA,NA,NA,NA,NA,NA,NA,"Unknown"
"F...691126",NA,NA,2682,0,1995,1995,"Vlieland","727",53.29611,5.06619,"BLUE TIT",NA,NA,NA,NA,NA,"",NA,NA,NA,NA,NA,NA,NA,NA,NA,NA,NA,NA,NA,"Unknown"
"F...691127",NA,NA,2682,0,1995,1995,"Vlieland","727",53.29611,5.06619,"BLUE TIT",NA,NA,NA,NA,NA,"",NA,NA,NA,NA,NA,NA,NA,NA,NA,NA,NA,NA,NA,"Unknown"
"F...691128",NA,NA,2682,0,1995,1995,"Vlieland","727",53.29611,5.06619,"BLUE TIT",NA,NA,NA,NA,NA,"",NA,NA,NA,NA,NA,NA,NA,NA,NA,NA,NA,NA,NA,"Unknown"
"F...691129",NA,NA,2682,0,1995,1995,"Vlieland","727",53.29611,5.06619,"BLUE TIT",NA,NA,NA,NA,NA,"",NA,NA,NA,NA,NA,NA,NA,NA,NA,NA,NA,NA,NA,"Unknown"
"F...691130",NA,NA,2682,0,1995,1995,"Vlieland","727",53.29611,5.06619,"BLUE TIT",NA,NA,NA,NA,NA,"",NA,NA,NA,NA,NA,NA,NA,NA,NA,NA,NA,NA,NA,"Unknown"
"F...691131",NA,NA,2682,0,1995,1995,"Vlieland","727",53.29611,5.06619,"BLUE TIT",NA,NA,NA,NA,NA,"",NA,NA,NA,NA,NA,NA,NA,NA,NA,NA,NA,NA,NA,"Unknown"
"F...691132",NA,NA,2682,0,1995,1995,"Vlieland","727",53.29611,5.06619,"BLUE TIT",NA,NA,NA,NA,NA,"",NA,NA,NA,NA,NA,NA,NA,NA,NA,NA,NA,NA,NA,"Unknown"
"F...691133",NA,NA,2682,0,1995,1995,"Vlieland","727",53.29611,5.06619,"BLUE TIT",NA,NA,NA,NA,NA,"",NA,NA,NA,NA,NA,NA,NA,NA,NA,NA,NA,NA,NA,"Unknown"
"F...691338",NA,NA,2521,0,1995,1995,"Vlieland","955",53.30207,5.06711,"BLUE TIT",NA,NA,NA,NA,NA,"",NA,NA,NA,NA,NA,NA,NA,NA,NA,NA,NA,NA,NA,"Unknown"
"F...691339",NA,NA,2521,0,1995,1995,"Vlieland","955",53.30207,5.06711,"BLUE TIT",NA,NA,NA,NA,NA,"",NA,NA,NA,NA,NA,NA,NA,NA,NA,NA,NA,NA,NA,"Unknown"
"F...691340",NA,NA,2521,0,1995,1995,"Vlieland","955",53.30207,5.06711,"BLUE TIT",NA,NA,NA,NA,NA,"",NA,NA,NA,NA,NA,NA,NA,NA,NA,NA,NA,NA,NA,"Unknown"
"F...691341",NA,NA,2521,0,1995,1995,"Vlieland","955",53.30207,5.06711,"BLUE TIT",NA,NA,NA,NA,NA,"",NA,NA,NA,NA,NA,NA,NA,NA,NA,NA,NA,NA,NA,"Unknown"
"F...691342",NA,NA,2521,0,1995,1995,"Vlieland","955",53.30207,5.06711,"BLUE TIT",NA,NA,NA,NA,NA,"",NA,NA,NA,NA,NA,NA,NA,NA,NA,NA,NA,NA,NA,"Unknown"
"F...691343",NA,NA,2521,0,1995,1995,"Vlieland","955",53.30207,5.06711,"BLUE TIT",NA,NA,NA,NA,NA,"",NA,NA,NA,NA,NA,NA,NA,NA,NA,NA,NA,NA,NA,"Unknown"
"F...691344",NA,NA,2521,0,1995,1995,"Vlieland","955",53.30207,5.06711,"BLUE TIT",NA,NA,NA,NA,NA,"",NA,NA,NA,NA,NA,NA,NA,NA,NA,NA,NA,NA,NA,"Unknown"
"F...691345",NA,NA,2521,0,1995,1995,"Vlieland","955",53.30207,5.06711,"BLUE TIT",NA,NA,NA,NA,NA,"",NA,NA,NA,NA,NA,NA,NA,NA,NA,NA,NA,NA,NA,"Unknown"
"F...691577","F...588953","F...691318",2525,0,1996,1996,"Vlieland","-101",53.29611,5.06619,"GREAT TIT",NA,NA,NA,NA,NA,"",NA,NA,NA,NA,NA,NA,NA,NA,NA,NA,NA,NA,NA,"Unknown"
"F...691578","F...588953","F...691318",2525,0,1996,1996,"Vlieland","-101",53.29611,5.06619,"GREAT TIT",NA,NA,NA,NA,NA,"",NA,NA,NA,NA,NA,NA,NA,NA,NA,NA,NA,NA,NA,"Unknown"
"F...691579","F...588953","F...691318",2525,2,1996,1996,"Vlieland","-101",53.29611,5.06619,"GREAT TIT",NA,NA,NA,NA,NA,"",NA,NA,NA,NA,NA,NA,NA,NA,NA,NA,NA,NA,NA,"Male"
"F...691580","F...588953","F...691318",2525,0,1996,1996,"Vlieland","-101",53.29611,5.06619,"GREAT TIT",NA,NA,NA,NA,NA,"",NA,NA,NA,NA,NA,NA,NA,NA,NA,NA,NA,NA,NA,"Unknown"
"F...691581","F...588953","F...691318",2525,0,1996,1996,"Vlieland","-101",53.29611,5.06619,"GREAT TIT",NA,NA,NA,NA,NA,"",NA,NA,NA,NA,NA,NA,NA,NA,NA,NA,NA,NA,NA,"Unknown"
"F...691582","F...588953","F...691318",2525,0,1996,1996,"Vlieland","-101",53.29611,5.06619,"GREAT TIT",NA,NA,NA,NA,NA,"",NA,NA,NA,NA,NA,NA,NA,NA,NA,NA,NA,NA,NA,"Unknown"
"F...691583","F...588953","F...691318",2525,0,1996,1996,"Vlieland","-101",53.29611,5.06619,"GREAT TIT",NA,NA,NA,NA,NA,"",NA,NA,NA,NA,NA,NA,NA,NA,NA,NA,NA,NA,NA,"Unknown"
"F...691861","F...588952","F...432712",2007,0,1996,1996,"Vlieland","108",53.27405,4.999194,"GREAT TIT",NA,NA,NA,NA,NA,"",NA,NA,NA,NA,NA,NA,NA,NA,NA,NA,NA,NA,NA,"Unknown"
"F...691863","F...588952","F...432712",2007,0,1996,1996,"Vlieland","108",53.27405,4.999194,"GREAT TIT",NA,NA,NA,NA,NA,"",NA,NA,NA,NA,NA,NA,NA,NA,NA,NA,NA,NA,NA,"Unknown"
"F...691864","F...588952","F...432712",2007,0,1996,1996,"Vlieland","108",53.27405,4.999194,"GREAT TIT",NA,NA,NA,NA,NA,"",NA,NA,NA,NA,NA,NA,NA,NA,NA,NA,NA,NA,NA,"Unknown"
"F...691865","F...588952","F...432712",2007,0,1996,1996,"Vlieland","108",53.27405,4.999194,"GREAT TIT",NA,NA,NA,NA,NA,"",NA,NA,NA,NA,NA,NA,NA,NA,NA,NA,NA,NA,NA,"Unknown"
"F...691866","F...588952","F...432712",2007,0,1996,1996,"Vlieland","108",53.27405,4.999194,"GREAT TIT",NA,NA,NA,NA,NA,"",NA,NA,NA,NA,NA,NA,NA,NA,NA,NA,NA,NA,NA,"Unknown"
"F...691867","F...588952","F...432712",2007,0,1996,1996,"Vlieland","108",53.27405,4.999194,"GREAT TIT",NA,NA,NA,NA,NA,"",NA,NA,NA,NA,NA,NA,NA,NA,NA,NA,NA,NA,NA,"Unknown"
"F...691868","F...588952","F...432712",2007,0,1996,1996,"Vlieland","108",53.27405,4.999194,"GREAT TIT",NA,NA,NA,NA,NA,"",NA,NA,NA,NA,NA,NA,NA,NA,NA,NA,NA,NA,NA,"Unknown"
"F...691869","F...588952","F...432712",2007,0,1996,1996,"Vlieland","108",53.27405,4.999194,"GREAT TIT",NA,NA,NA,NA,NA,"",NA,NA,NA,NA,NA,NA,NA,NA,NA,NA,NA,NA,NA,"Unknown"
"F...691870","F...588952","F...432712",2007,0,1996,1996,"Vlieland","108",53.27405,4.999194,"GREAT TIT",NA,NA,NA,NA,NA,"",NA,NA,NA,NA,NA,NA,NA,NA,NA,NA,NA,NA,NA,"Unknown"
"F...692958","F...771493","F...771467",2005,1,1996,1996,"Vlieland","106",53.275514,4.997076,"GREAT TIT",NA,NA,NA,NA,NA,"",NA,NA,NA,NA,NA,NA,NA,NA,NA,NA,NA,NA,NA,"Female"
"F...692959","F...799630","F...432890",928,2,1996,1996,"Vlieland","106",53.275514,4.997076,"GREAT TIT",NA,NA,NA,NA,NA,"",NA,NA,NA,NA,NA,NA,NA,NA,NA,NA,NA,NA,NA,"Male"
"F...692960","F...799630","F...432890",928,2,1996,1996,"Vlieland","106",53.275514,4.997076,"GREAT TIT",NA,NA,NA,NA,NA,"",NA,NA,NA,NA,NA,NA,NA,NA,NA,NA,NA,NA,NA,"Male"
"F...692961","F...799630","F...432890",928,2,1996,1996,"Vlieland","106",53.275514,4.997076,"GREAT TIT",NA,NA,NA,NA,NA,"",NA,NA,NA,NA,NA,NA,NA,NA,NA,NA,NA,NA,NA,"Male"
"F...692962","F...689365","F...689062",9089,1,1996,1996,"Vlieland","106",53.275514,4.997076,"GREAT TIT",NA,NA,NA,NA,NA,"",NA,NA,NA,NA,NA,NA,NA,NA,NA,NA,NA,NA,NA,"Female"
"F...692963","F...689365","F...689062",9089,1,1996,1996,"Vlieland","106",53.275514,4.997076,"GREAT TIT",NA,NA,NA,NA,NA,"",NA,NA,NA,NA,NA,NA,NA,NA,NA,NA,NA,NA,NA,"Female"
"F...692964","F...689365","F...689062",9089,1,1996,1996,"Vlieland","106",53.275514,4.997076,"GREAT TIT",NA,NA,NA,NA,NA,"",NA,NA,NA,NA,NA,NA,NA,NA,NA,NA,NA,NA,NA,"Female"
"F...692965","F...689365","F...689062",9089,2,1996,1996,"Vlieland","106",53.275514,4.997076,"GREAT TIT",NA,NA,NA,NA,NA,"",NA,NA,NA,NA,NA,NA,NA,NA,NA,NA,NA,NA,NA,"Male"
"F...692966","F...799100","F...799086",32376,1,1996,1996,"Vlieland","106",53.275514,4.997076,"GREAT TIT",NA,NA,NA,NA,NA,"",NA,NA,NA,NA,NA,NA,NA,NA,NA,NA,NA,NA,NA,"Female"
"F...692967","F...771493","F...771467",2005,0,1996,1996,"Vlieland","106",53.275514,4.997076,"GREAT TIT",NA,NA,NA,NA,NA,"",NA,NA,NA,NA,NA,NA,NA,NA,NA,NA,NA,NA,NA,"Unknown"
"F...692968","F...689365","F...689062",9089,2,1996,1996,"Vlieland","106",53.275514,4.997076,"GREAT TIT",NA,NA,NA,NA,NA,"",NA,NA,NA,NA,NA,NA,NA,NA,NA,NA,NA,NA,NA,"Male"
"F...692969","F...771493","F...771467",2005,0,1996,1996,"Vlieland","106",53.275514,4.997076,"GREAT TIT",NA,NA,NA,NA,NA,"",NA,NA,NA,NA,NA,NA,NA,NA,NA,NA,NA,NA,NA,"Unknown"
"F...711495",NA,"F...498897",8350,2,1995,1995,"Vlieland","2012",53.2958616,5.0683313,"GREAT TIT",NA,NA,NA,NA,NA,"",NA,NA,NA,NA,NA,NA,NA,NA,NA,NA,NA,NA,NA,"Male"
"F...711496",NA,"F...498897",8350,1,1995,1995,"Vlieland","2012",53.2958616,5.0683313,"GREAT TIT",NA,NA,NA,NA,NA,"",NA,NA,NA,NA,NA,NA,NA,NA,NA,NA,NA,NA,NA,"Female"
"F...711497",NA,"F...498897",8350,0,1995,1995,"Vlieland","2012",53.2958616,5.0683313,"GREAT TIT",NA,NA,NA,NA,NA,"",NA,NA,NA,NA,NA,NA,NA,NA,NA,NA,NA,NA,NA,"Unknown"
"F...711498",NA,"F...498897",8350,1,1995,1995,"Vlieland","2012",53.2958616,5.0683313,"GREAT TIT",NA,NA,NA,NA,NA,"",NA,NA,NA,NA,NA,NA,NA,NA,NA,NA,NA,NA,NA,"Female"
"F...711499",NA,"F...498897",8350,2,1995,1995,"Vlieland","2012",53.2958616,5.0683313,"GREAT TIT",NA,NA,NA,NA,NA,"",NA,NA,NA,NA,NA,NA,NA,NA,NA,NA,NA,NA,NA,"Male"
"F...711501",NA,"F...498897",8350,2,1995,1995,"Vlieland","2012",53.2958616,5.0683313,"GREAT TIT",NA,NA,NA,NA,NA,"",NA,NA,NA,NA,NA,NA,NA,NA,NA,NA,NA,NA,NA,"Male"
"F...711502",NA,"F...498897",8350,1,1995,1995,"Vlieland","2012",53.2958616,5.0683313,"GREAT TIT",NA,NA,NA,NA,NA,"",NA,NA,NA,NA,NA,NA,NA,NA,NA,NA,NA,NA,NA,"Female"
"F...711503",NA,"F...498897",8350,2,1995,1995,"Vlieland","2012",53.2958616,5.0683313,"GREAT TIT",NA,NA,NA,NA,NA,"",NA,NA,NA,NA,NA,NA,NA,NA,NA,NA,NA,NA,NA,"Male"
"F...711504",NA,"F...498897",8350,2,1995,1995,"Vlieland","2012",53.2958616,5.0683313,"GREAT TIT",NA,NA,NA,NA,NA,"",NA,NA,NA,NA,NA,NA,NA,NA,NA,NA,NA,NA,NA,"Male"
"F...711797","F...498845","F...615235",2175,2,1995,1995,"Vlieland","672",53.29875,5.049821,"GREAT TIT",NA,NA,NA,NA,NA,"",NA,NA,NA,NA,NA,NA,NA,NA,NA,NA,NA,NA,NA,"Male"
"F...711798","F...498845","F...615235",2175,1,1995,1995,"Vlieland","672",53.29875,5.049821,"GREAT TIT",NA,NA,NA,NA,NA,"",NA,NA,NA,NA,NA,NA,NA,NA,NA,NA,NA,NA,NA,"Female"
"F...711799","F...498845","F...615235",2175,2,1995,1995,"Vlieland","672",53.29875,5.049821,"GREAT TIT",NA,NA,NA,NA,NA,"",NA,NA,NA,NA,NA,NA,NA,NA,NA,NA,NA,NA,NA,"Male"
"F...711800","F...498845","F...615235",2175,2,1995,1995,"Vlieland","672",53.29875,5.049821,"GREAT TIT",NA,NA,NA,NA,NA,"",NA,NA,NA,NA,NA,NA,NA,NA,NA,NA,NA,NA,NA,"Male"
"F...711801","F...498845","F...615235",2175,1,1995,1995,"Vlieland","672",53.29875,5.049821,"GREAT TIT",NA,NA,NA,NA,NA,"",NA,NA,NA,NA,NA,NA,NA,NA,NA,NA,NA,NA,NA,"Female"
"F...711802","F...498845","F...615235",2175,1,1995,1995,"Vlieland","672",53.29875,5.049821,"GREAT TIT",NA,NA,NA,NA,NA,"",NA,NA,NA,NA,NA,NA,NA,NA,NA,NA,NA,NA,NA,"Female"
"F...711803","F...498845","F...615235",2175,0,1995,1995,"Vlieland","672",53.29875,5.049821,"GREAT TIT",NA,NA,NA,NA,NA,"",NA,NA,NA,NA,NA,NA,NA,NA,NA,NA,NA,NA,NA,"Unknown"
"F...711804","F...498845","F...615235",2175,1,1995,1995,"Vlieland","672",53.29875,5.049821,"GREAT TIT",NA,NA,NA,NA,NA,"",NA,NA,NA,NA,NA,NA,NA,NA,NA,NA,NA,NA,NA,"Female"
"F...711805","F...498845","F...615235",2175,1,1995,1995,"Vlieland","672",53.29875,5.049821,"GREAT TIT",NA,NA,NA,NA,NA,"",NA,NA,NA,NA,NA,NA,NA,NA,NA,NA,NA,NA,NA,"Female"
"F...711806","F...498845","F...615235",2175,1,1995,1995,"Vlieland","672",53.29875,5.049821,"GREAT TIT",NA,NA,NA,NA,NA,"",NA,NA,NA,NA,NA,NA,NA,NA,NA,NA,NA,NA,NA,"Female"
"F...711807","F...498845","F...615235",2175,2,1995,1995,"Vlieland","672",53.29875,5.049821,"GREAT TIT",NA,NA,NA,NA,NA,"",NA,NA,NA,NA,NA,NA,NA,NA,NA,NA,NA,NA,NA,"Male"
"F...711820","F...616664","F...616466",2681,2,1995,1995,"Vlieland","725",53.29611,5.06619,"GREAT TIT",NA,NA,NA,NA,NA,"",NA,NA,NA,NA,NA,NA,NA,NA,NA,NA,NA,NA,NA,"Male"
"F...711821","F...616664","F...616466",2681,1,1995,1995,"Vlieland","725",53.29611,5.06619,"GREAT TIT",NA,NA,NA,NA,NA,"",NA,NA,NA,NA,NA,NA,NA,NA,NA,NA,NA,NA,NA,"Female"
"F...711822","F...616664","F...616466",2681,1,1995,1995,"Vlieland","725",53.29611,5.06619,"GREAT TIT",NA,NA,NA,NA,NA,"",NA,NA,NA,NA,NA,NA,NA,NA,NA,NA,NA,NA,NA,"Female"
"F...711823","F...616664","F...616466",2681,2,1995,1995,"Vlieland","725",53.29611,5.06619,"GREAT TIT",NA,NA,NA,NA,NA,"",NA,NA,NA,NA,NA,NA,NA,NA,NA,NA,NA,NA,NA,"Male"
"F...711824","F...616664","F...616466",2681,1,1995,1995,"Vlieland","725",53.29611,5.06619,"GREAT TIT",NA,NA,NA,NA,NA,"",NA,NA,NA,NA,NA,NA,NA,NA,NA,NA,NA,NA,NA,"Female"
"F...711825","F...616664","F...616466",2681,1,1995,1995,"Vlieland","725",53.29611,5.06619,"GREAT TIT",NA,NA,NA,NA,NA,"",NA,NA,NA,NA,NA,NA,NA,NA,NA,NA,NA,NA,NA,"Female"
"F...711826","F...616664","F...616466",2681,2,1995,1995,"Vlieland","725",53.29611,5.06619,"GREAT TIT",NA,NA,NA,NA,NA,"",NA,NA,NA,NA,NA,NA,NA,NA,NA,NA,NA,NA,NA,"Male"
"F...711827","F...616664","F...616466",2681,2,1995,1995,"Vlieland","725",53.29611,5.06619,"GREAT TIT",NA,NA,NA,NA,NA,"",NA,NA,NA,NA,NA,NA,NA,NA,NA,NA,NA,NA,NA,"Male"
"F...711828","F...616664","F...616466",2681,1,1995,1995,"Vlieland","725",53.29611,5.06619,"GREAT TIT",NA,NA,NA,NA,NA,"",NA,NA,NA,NA,NA,NA,NA,NA,NA,NA,NA,NA,NA,"Female"
"F...711829","F...616664","F...616466",2681,0,1995,1995,"Vlieland","725",53.29611,5.06619,"GREAT TIT",NA,NA,NA,NA,NA,"",NA,NA,NA,NA,NA,NA,NA,NA,NA,NA,NA,NA,NA,"Unknown"
"F...711982","F...498963","F...616599",2355,0,1995,1995,"Vlieland","593",53.29963,5.084452,"GREAT TIT",NA,NA,NA,NA,NA,"",NA,NA,NA,NA,NA,NA,NA,NA,NA,NA,NA,NA,NA,"Unknown"
"F...711983","F...498963","F...616599",2355,0,1995,1995,"Vlieland","593",53.29963,5.084452,"GREAT TIT",NA,NA,NA,NA,NA,"",NA,NA,NA,NA,NA,NA,NA,NA,NA,NA,NA,NA,NA,"Unknown"
"F...711984","F...498963","F...616599",2355,0,1995,1995,"Vlieland","593",53.29963,5.084452,"GREAT TIT",NA,NA,NA,NA,NA,"",NA,NA,NA,NA,NA,NA,NA,NA,NA,NA,NA,NA,NA,"Unknown"
"F...711985","F...498963","F...616599",2355,0,1995,1995,"Vlieland","593",53.29963,5.084452,"GREAT TIT",NA,NA,NA,NA,NA,"",NA,NA,NA,NA,NA,NA,NA,NA,NA,NA,NA,NA,NA,"Unknown"
"F...711986","F...498963","F...616599",2355,0,1995,1995,"Vlieland","593",53.29963,5.084452,"GREAT TIT",NA,NA,NA,NA,NA,"",NA,NA,NA,NA,NA,NA,NA,NA,NA,NA,NA,NA,NA,"Unknown"
"F...771438","F...590565","F...689529",2683,0,1996,1996,"Vlieland","728",53.29611,5.06619,"GREAT TIT",NA,NA,NA,NA,NA,"",NA,NA,NA,NA,NA,NA,NA,NA,NA,NA,NA,NA,NA,"Unknown"
"F...771439","F...590565","F...689529",2683,0,1996,1996,"Vlieland","728",53.29611,5.06619,"GREAT TIT",NA,NA,NA,NA,NA,"",NA,NA,NA,NA,NA,NA,NA,NA,NA,NA,NA,NA,NA,"Unknown"
"F...771440","F...590565","F...689529",2683,0,1996,1996,"Vlieland","728",53.29611,5.06619,"GREAT TIT",NA,NA,NA,NA,NA,"",NA,NA,NA,NA,NA,NA,NA,NA,NA,NA,NA,NA,NA,"Unknown"
"F...771441","F...590565","F...689529",2683,0,1996,1996,"Vlieland","728",53.29611,5.06619,"GREAT TIT",NA,NA,NA,NA,NA,"",NA,NA,NA,NA,NA,NA,NA,NA,NA,NA,NA,NA,NA,"Unknown"
"F...771442","F...590565","F...689529",2683,0,1996,1996,"Vlieland","728",53.29611,5.06619,"GREAT TIT",NA,NA,NA,NA,NA,"",NA,NA,NA,NA,NA,NA,NA,NA,NA,NA,NA,NA,NA,"Unknown"
"F...771443","F...590565","F...689529",2683,0,1996,1996,"Vlieland","728",53.29611,5.06619,"GREAT TIT",NA,NA,NA,NA,NA,"",NA,NA,NA,NA,NA,NA,NA,NA,NA,NA,NA,NA,NA,"Unknown"
"F...771444","F...590565","F...689529",2683,0,1996,1996,"Vlieland","728",53.29611,5.06619,"GREAT TIT",NA,NA,NA,NA,NA,"",NA,NA,NA,NA,NA,NA,NA,NA,NA,NA,NA,NA,NA,"Unknown"
"F...771445","F...590565","F...689529",2683,0,1996,1996,"Vlieland","728",53.29611,5.06619,"GREAT TIT",NA,NA,NA,NA,NA,"",NA,NA,NA,NA,NA,NA,NA,NA,NA,NA,NA,NA,NA,"Unknown"
"F...771446","F...590565","F...689529",2683,0,1996,1996,"Vlieland","728",53.29611,5.06619,"GREAT TIT",NA,NA,NA,NA,NA,"",NA,NA,NA,NA,NA,NA,NA,NA,NA,NA,NA,NA,NA,"Unknown"
"F...771447","F...590565","F...689529",2683,0,1996,1996,"Vlieland","728",53.29611,5.06619,"GREAT TIT",NA,NA,NA,NA,NA,"",NA,NA,NA,NA,NA,NA,NA,NA,NA,NA,NA,NA,NA,"Unknown"
"F...771448","F...590565","F...689529",2683,0,1996,1996,"Vlieland","728",53.29611,5.06619,"GREAT TIT",NA,NA,NA,NA,NA,"",NA,NA,NA,NA,NA,NA,NA,NA,NA,NA,NA,NA,NA,"Unknown"
"F...786008","F...786079","F...786080",2177,0,1996,1996,"Vlieland","699",53.291743,5.046331,"GREAT TIT",NA,NA,NA,NA,NA,"",NA,NA,NA,NA,NA,NA,NA,NA,NA,NA,NA,NA,NA,"Unknown"
"F...786009","F...786079","F...786080",2177,1,1996,1996,"Vlieland","699",53.291743,5.046331,"GREAT TIT",NA,NA,NA,NA,NA,"",NA,NA,NA,NA,NA,NA,NA,NA,NA,NA,NA,NA,NA,"Female"
"F...786010","F...786079","F...786080",2177,0,1996,1996,"Vlieland","699",53.291743,5.046331,"GREAT TIT",NA,NA,NA,NA,NA,"",NA,NA,NA,NA,NA,NA,NA,NA,NA,NA,NA,NA,NA,"Unknown"
"F...786011","F...786079","F...786080",2177,0,1996,1996,"Vlieland","699",53.291743,5.046331,"GREAT TIT",NA,NA,NA,NA,NA,"",NA,NA,NA,NA,NA,NA,NA,NA,NA,NA,NA,NA,NA,"Unknown"
"F...786012","F...786079","F...786080",2177,0,1996,1996,"Vlieland","699",53.291743,5.046331,"GREAT TIT",NA,NA,NA,NA,NA,"",NA,NA,NA,NA,NA,NA,NA,NA,NA,NA,NA,NA,NA,"Unknown"
"F...786013","F...786079","F...786080",2177,0,1996,1996,"Vlieland","699",53.291743,5.046331,"GREAT TIT",NA,NA,NA,NA,NA,"",NA,NA,NA,NA,NA,NA,NA,NA,NA,NA,NA,NA,NA,"Unknown"
"F...786032","F...786081","F...679180",2360,1,1996,1996,"Vlieland","600",53.30207,5.06711,"BLUE TIT",NA,NA,NA,NA,NA,"",NA,NA,NA,NA,NA,NA,NA,NA,NA,NA,NA,NA,NA,"Female"
"F...786033","F...786081","F...679180",2360,0,1996,1996,"Vlieland","600",53.30207,5.06711,"BLUE TIT",NA,NA,NA,NA,NA,"",NA,NA,NA,NA,NA,NA,NA,NA,NA,NA,NA,NA,NA,"Unknown"
"F...786034","F...786081","F...679180",2360,0,1996,1996,"Vlieland","600",53.30207,5.06711,"BLUE TIT",NA,NA,NA,NA,NA,"",NA,NA,NA,NA,NA,NA,NA,NA,NA,NA,NA,NA,NA,"Unknown"
"F...786035","F...786081","F...679180",2360,0,1996,1996,"Vlieland","600",53.30207,5.06711,"BLUE TIT",NA,NA,NA,NA,NA,"",NA,NA,NA,NA,NA,NA,NA,NA,NA,NA,NA,NA,NA,"Unknown"
"F...786036","F...786081","F...679180",2360,0,1996,1996,"Vlieland","600",53.30207,5.06711,"BLUE TIT",NA,NA,NA,NA,NA,"",NA,NA,NA,NA,NA,NA,NA,NA,NA,NA,NA,NA,NA,"Unknown"
"F...786037","F...786081","F...679180",2360,0,1996,1996,"Vlieland","600",53.30207,5.06711,"BLUE TIT",NA,NA,NA,NA,NA,"",NA,NA,NA,NA,NA,NA,NA,NA,NA,NA,NA,NA,NA,"Unknown"
"F...786038","F...786081","F...679180",2360,0,1996,1996,"Vlieland","600",53.30207,5.06711,"BLUE TIT",NA,NA,NA,NA,NA,"",NA,NA,NA,NA,NA,NA,NA,NA,NA,NA,NA,NA,NA,"Unknown"
"F...786039","F...786081","F...679180",2360,0,1996,1996,"Vlieland","600",53.30207,5.06711,"BLUE TIT",NA,NA,NA,NA,NA,"",NA,NA,NA,NA,NA,NA,NA,NA,NA,NA,NA,NA,NA,"Unknown"
"F...786040","F...786081","F...679180",2360,0,1996,1996,"Vlieland","600",53.30207,5.06711,"BLUE TIT",NA,NA,NA,NA,NA,"",NA,NA,NA,NA,NA,NA,NA,NA,NA,NA,NA,NA,NA,"Unknown"
"F...786041","F...786081","F...679180",2360,0,1996,1996,"Vlieland","600",53.30207,5.06711,"BLUE TIT",NA,NA,NA,NA,NA,"",NA,NA,NA,NA,NA,NA,NA,NA,NA,NA,NA,NA,NA,"Unknown"
"F...786042","F...786081","F...679180",2360,0,1996,1996,"Vlieland","600",53.30207,5.06711,"BLUE TIT",NA,NA,NA,NA,NA,"",NA,NA,NA,NA,NA,NA,NA,NA,NA,NA,NA,NA,NA,"Unknown"
"F...786187","F...679708","F...473140",6187,0,1996,1996,"Vlieland","",53.29611,5.06619,"GREAT TIT",NA,NA,NA,NA,NA,"",NA,NA,NA,NA,NA,NA,NA,NA,NA,NA,NA,NA,NA,"Unknown"
"F...786188","F...679708","F...473140",6187,0,1996,1996,"Vlieland","",53.29611,5.06619,"GREAT TIT",NA,NA,NA,NA,NA,"",NA,NA,NA,NA,NA,NA,NA,NA,NA,NA,NA,NA,NA,"Unknown"
"F...786189","F...679708","F...473140",6187,0,1996,1996,"Vlieland","",53.29611,5.06619,"GREAT TIT",NA,NA,NA,NA,NA,"",NA,NA,NA,NA,NA,NA,NA,NA,NA,NA,NA,NA,NA,"Unknown"
"F...786190","F...679708","F...473140",6187,0,1996,1996,"Vlieland","",53.29611,5.06619,"GREAT TIT",NA,NA,NA,NA,NA,"",NA,NA,NA,NA,NA,NA,NA,NA,NA,NA,NA,NA,NA,"Unknown"
"F...786191","F...679708","F...473140",6187,0,1996,1996,"Vlieland","",53.29611,5.06619,"GREAT TIT",NA,NA,NA,NA,NA,"",NA,NA,NA,NA,NA,NA,NA,NA,NA,NA,NA,NA,NA,"Unknown"
"F...786192","F...679708","F...473140",6187,0,1996,1996,"Vlieland","",53.29611,5.06619,"GREAT TIT",NA,NA,NA,NA,NA,"",NA,NA,NA,NA,NA,NA,NA,NA,NA,NA,NA,NA,NA,"Unknown"
"F...786193","F...679708","F...473140",6187,0,1996,1996,"Vlieland","",53.29611,5.06619,"GREAT TIT",NA,NA,NA,NA,NA,"",NA,NA,NA,NA,NA,NA,NA,NA,NA,NA,NA,NA,NA,"Unknown"
"F...786194","F...679708","F...473140",6187,0,1996,1996,"Vlieland","",53.29611,5.06619,"GREAT TIT",NA,NA,NA,NA,NA,"",NA,NA,NA,NA,NA,NA,NA,NA,NA,NA,NA,NA,NA,"Unknown"
"F...786204","F...786249",NA,6837,0,1996,1996,"Vlieland","1014",53.303381,5.068344,"BLUE TIT",NA,NA,NA,NA,NA,"",NA,NA,NA,NA,NA,NA,NA,NA,NA,NA,NA,NA,NA,"Unknown"
"F...786205","F...786249",NA,6837,0,1996,1996,"Vlieland","1014",53.303381,5.068344,"BLUE TIT",NA,NA,NA,NA,NA,"",NA,NA,NA,NA,NA,NA,NA,NA,NA,NA,NA,NA,NA,"Unknown"
"F...786206","F...786249",NA,6837,0,1996,1996,"Vlieland","1014",53.303381,5.068344,"BLUE TIT",NA,NA,NA,NA,NA,"",NA,NA,NA,NA,NA,NA,NA,NA,NA,NA,NA,NA,NA,"Unknown"
"F...786207","F...786249",NA,6837,0,1996,1996,"Vlieland","1014",53.303381,5.068344,"BLUE TIT",NA,NA,NA,NA,NA,"",NA,NA,NA,NA,NA,NA,NA,NA,NA,NA,NA,NA,NA,"Unknown"
"F...786208","F...786249",NA,6837,0,1996,1996,"Vlieland","1014",53.303381,5.068344,"BLUE TIT",NA,NA,NA,NA,NA,"",NA,NA,NA,NA,NA,NA,NA,NA,NA,NA,NA,NA,NA,"Unknown"
"F...786209","F...786249",NA,6837,0,1996,1996,"Vlieland","1014",53.303381,5.068344,"BLUE TIT",NA,NA,NA,NA,NA,"",NA,NA,NA,NA,NA,NA,NA,NA,NA,NA,NA,NA,NA,"Unknown"
"F...786210","F...786249",NA,6837,0,1996,1996,"Vlieland","1014",53.303381,5.068344,"BLUE TIT",NA,NA,NA,NA,NA,"",NA,NA,NA,NA,NA,NA,NA,NA,NA,NA,NA,NA,NA,"Unknown"
"F...786211","F...786249",NA,6837,0,1996,1996,"Vlieland","1014",53.303381,5.068344,"BLUE TIT",NA,NA,NA,NA,NA,"",NA,NA,NA,NA,NA,NA,NA,NA,NA,NA,NA,NA,NA,"Unknown"
"F...786212","F...786249",NA,6837,0,1996,1996,"Vlieland","1014",53.303381,5.068344,"BLUE TIT",NA,NA,NA,NA,NA,"",NA,NA,NA,NA,NA,NA,NA,NA,NA,NA,NA,NA,NA,"Unknown"
"F...786213","F...786249",NA,6837,0,1996,1996,"Vlieland","1014",53.303381,5.068344,"BLUE TIT",NA,NA,NA,NA,NA,"",NA,NA,NA,NA,NA,NA,NA,NA,NA,NA,NA,NA,NA,"Unknown"
"F...786468",NA,"F...571754",2006,0,1996,1996,"Vlieland","107",53.27509,4.99745,"GREAT TIT",NA,NA,NA,NA,NA,"",NA,NA,NA,NA,NA,NA,NA,NA,NA,NA,NA,NA,NA,"Unknown"
"F...786469",NA,"F...571754",2006,0,1996,1996,"Vlieland","107",53.27509,4.99745,"GREAT TIT",NA,NA,NA,NA,NA,"",NA,NA,NA,NA,NA,NA,NA,NA,NA,NA,NA,NA,NA,"Unknown"
"F...786470",NA,"F...571754",2006,0,1996,1996,"Vlieland","107",53.27509,4.99745,"GREAT TIT",NA,NA,NA,NA,NA,"",NA,NA,NA,NA,NA,NA,NA,NA,NA,NA,NA,NA,NA,"Unknown"
"F...786471",NA,"F...571754",2006,0,1996,1996,"Vlieland","107",53.27509,4.99745,"GREAT TIT",NA,NA,NA,NA,NA,"",NA,NA,NA,NA,NA,NA,NA,NA,NA,NA,NA,NA,NA,"Unknown"
"F...786472",NA,"F...571754",2006,0,1996,1996,"Vlieland","107",53.27509,4.99745,"GREAT TIT",NA,NA,NA,NA,NA,"",NA,NA,NA,NA,NA,NA,NA,NA,NA,NA,NA,NA,NA,"Unknown"
"F...786473",NA,"F...571754",2006,0,1996,1996,"Vlieland","107",53.27509,4.99745,"GREAT TIT",NA,NA,NA,NA,NA,"",NA,NA,NA,NA,NA,NA,NA,NA,NA,NA,NA,NA,NA,"Unknown"
"F...786474",NA,"F...571754",2006,0,1996,1996,"Vlieland","107",53.27509,4.99745,"GREAT TIT",NA,NA,NA,NA,NA,"",NA,NA,NA,NA,NA,NA,NA,NA,NA,NA,NA,NA,NA,"Unknown"
"F...786475",NA,"F...571754",2006,0,1996,1996,"Vlieland","107",53.27509,4.99745,"GREAT TIT",NA,NA,NA,NA,NA,"",NA,NA,NA,NA,NA,NA,NA,NA,NA,NA,NA,NA,NA,"Unknown"
"F...786476",NA,"F...571754",2006,0,1996,1996,"Vlieland","107",53.27509,4.99745,"GREAT TIT",NA,NA,NA,NA,NA,"",NA,NA,NA,NA,NA,NA,NA,NA,NA,NA,NA,NA,NA,"Unknown"
"F...786534","F...786666","F...679163",2684,2,1996,1996,"Vlieland","728",53.29611,5.06619,"GREAT TIT",NA,NA,NA,NA,NA,"",NA,NA,NA,NA,NA,NA,NA,NA,NA,NA,NA,NA,NA,"Male"
"F...786535","F...786666","F...679163",2684,0,1996,1996,"Vlieland","728",53.29611,5.06619,"GREAT TIT",NA,NA,NA,NA,NA,"",NA,NA,NA,NA,NA,NA,NA,NA,NA,NA,NA,NA,NA,"Unknown"
"F...786536","F...786666","F...679163",2684,0,1996,1996,"Vlieland","728",53.29611,5.06619,"GREAT TIT",NA,NA,NA,NA,NA,"",NA,NA,NA,NA,NA,NA,NA,NA,NA,NA,NA,NA,NA,"Unknown"
"F...786537","F...786666","F...679163",2684,0,1996,1996,"Vlieland","728",53.29611,5.06619,"GREAT TIT",NA,NA,NA,NA,NA,"",NA,NA,NA,NA,NA,NA,NA,NA,NA,NA,NA,NA,NA,"Unknown"
"F...786538","F...786666","F...679163",2684,0,1996,1996,"Vlieland","728",53.29611,5.06619,"GREAT TIT",NA,NA,NA,NA,NA,"",NA,NA,NA,NA,NA,NA,NA,NA,NA,NA,NA,NA,NA,"Unknown"
"F...786539","F...786666","F...679163",2684,0,1996,1996,"Vlieland","728",53.29611,5.06619,"GREAT TIT",NA,NA,NA,NA,NA,"",NA,NA,NA,NA,NA,NA,NA,NA,NA,NA,NA,NA,NA,"Unknown"
"F...786540","F...786666","F...679163",2684,0,1996,1996,"Vlieland","728",53.29611,5.06619,"GREAT TIT",NA,NA,NA,NA,NA,"",NA,NA,NA,NA,NA,NA,NA,NA,NA,NA,NA,NA,NA,"Unknown"
"F...786541",NA,"F...786665",2530,0,1996,1996,"Vlieland","-96",53.29611,5.06619,"BLUE TIT",NA,NA,NA,NA,NA,"",NA,NA,NA,NA,NA,NA,NA,NA,NA,NA,NA,NA,NA,"Unknown"
"F...786542",NA,"F...786665",2530,0,1996,1996,"Vlieland","-96",53.29611,5.06619,"BLUE TIT",NA,NA,NA,NA,NA,"",NA,NA,NA,NA,NA,NA,NA,NA,NA,NA,NA,NA,NA,"Unknown"
"F...786543",NA,"F...786665",2530,0,1996,1996,"Vlieland","-96",53.29611,5.06619,"BLUE TIT",NA,NA,NA,NA,NA,"",NA,NA,NA,NA,NA,NA,NA,NA,NA,NA,NA,NA,NA,"Unknown"
"F...786544",NA,"F...786665",2530,0,1996,1996,"Vlieland","-96",53.29611,5.06619,"BLUE TIT",NA,NA,NA,NA,NA,"",NA,NA,NA,NA,NA,NA,NA,NA,NA,NA,NA,NA,NA,"Unknown"
"F...786545",NA,"F...786665",2530,0,1996,1996,"Vlieland","-96",53.29611,5.06619,"BLUE TIT",NA,NA,NA,NA,NA,"",NA,NA,NA,NA,NA,NA,NA,NA,NA,NA,NA,NA,NA,"Unknown"
"F...786546",NA,"F...786665",2530,0,1996,1996,"Vlieland","-96",53.29611,5.06619,"BLUE TIT",NA,NA,NA,NA,NA,"",NA,NA,NA,NA,NA,NA,NA,NA,NA,NA,NA,NA,NA,"Unknown"
"F...786547",NA,"F...786665",2530,0,1996,1996,"Vlieland","-96",53.29611,5.06619,"BLUE TIT",NA,NA,NA,NA,NA,"",NA,NA,NA,NA,NA,NA,NA,NA,NA,NA,NA,NA,NA,"Unknown"
"F...786548",NA,"F...786665",2530,0,1996,1996,"Vlieland","-96",53.29611,5.06619,"BLUE TIT",NA,NA,NA,NA,NA,"",NA,NA,NA,NA,NA,NA,NA,NA,NA,NA,NA,NA,NA,"Unknown"
"F...786549",NA,"F...786665",2530,0,1996,1996,"Vlieland","-96",53.29611,5.06619,"BLUE TIT",NA,NA,NA,NA,NA,"",NA,NA,NA,NA,NA,NA,NA,NA,NA,NA,NA,NA,NA,"Unknown"
"F...794189","F...794012","F...711152",10753,2,1996,1996,"Vlieland","2034",53.2988,5.0744,"GREAT TIT",NA,NA,NA,NA,NA,"",NA,NA,NA,NA,NA,NA,NA,NA,NA,NA,NA,NA,NA,"Male"
"F...794190","F...794012","F...711152",10753,1,1996,1996,"Vlieland","2034",53.2988,5.0744,"GREAT TIT",NA,NA,NA,NA,NA,"",NA,NA,NA,NA,NA,NA,NA,NA,NA,NA,NA,NA,NA,"Female"
"F...794191","F...794012","F...711152",10753,0,1996,1996,"Vlieland","2034",53.2988,5.0744,"GREAT TIT",NA,NA,NA,NA,NA,"",NA,NA,NA,NA,NA,NA,NA,NA,NA,NA,NA,NA,NA,"Unknown"
"F...794192","F...794012","F...711152",10753,2,1996,1996,"Vlieland","2034",53.2988,5.0744,"GREAT TIT",NA,NA,NA,NA,NA,"",NA,NA,NA,NA,NA,NA,NA,NA,NA,NA,NA,NA,NA,"Male"
"F...794193","F...794012","F...711152",10753,2,1996,1996,"Vlieland","2034",53.2988,5.0744,"GREAT TIT",NA,NA,NA,NA,NA,"",NA,NA,NA,NA,NA,NA,NA,NA,NA,NA,NA,NA,NA,"Male"
"F...794194","F...794012","F...711152",10753,1,1996,1996,"Vlieland","2034",53.2988,5.0744,"GREAT TIT",NA,NA,NA,NA,NA,"",NA,NA,NA,NA,NA,NA,NA,NA,NA,NA,NA,NA,NA,"Female"
"F...794195","F...794012","F...711152",10753,2,1996,1996,"Vlieland","2034",53.2988,5.0744,"GREAT TIT",NA,NA,NA,NA,NA,"",NA,NA,NA,NA,NA,NA,NA,NA,NA,NA,NA,NA,NA,"Male"
"F...794196","F...794012","F...711152",10753,2,1996,1996,"Vlieland","2034",53.2988,5.0744,"GREAT TIT",NA,NA,NA,NA,NA,"",NA,NA,NA,NA,NA,NA,NA,NA,NA,NA,NA,NA,NA,"Male"
"F...794554","F...794549","F...794019",6188,2,1996,1996,"Vlieland","464",53.29611,5.06619,"GREAT TIT",NA,NA,NA,NA,NA,"",NA,NA,NA,NA,NA,NA,NA,NA,NA,NA,NA,NA,NA,"Male"
"F...794555","F...794549","F...794019",6188,1,1996,1996,"Vlieland","464",53.29611,5.06619,"GREAT TIT",NA,NA,NA,NA,NA,"",NA,NA,NA,NA,NA,NA,NA,NA,NA,NA,NA,NA,NA,"Female"
"F...794556","F...794549","F...794019",6188,2,1996,1996,"Vlieland","464",53.29611,5.06619,"GREAT TIT",NA,NA,NA,NA,NA,"",NA,NA,NA,NA,NA,NA,NA,NA,NA,NA,NA,NA,NA,"Male"
"F...794557","F...794549","F...794019",6188,2,1996,1996,"Vlieland","464",53.29611,5.06619,"GREAT TIT",NA,NA,NA,NA,NA,"",NA,NA,NA,NA,NA,NA,NA,NA,NA,NA,NA,NA,NA,"Male"
"F...794558","F...794549","F...794019",6188,1,1996,1996,"Vlieland","464",53.29611,5.06619,"GREAT TIT",NA,NA,NA,NA,NA,"",NA,NA,NA,NA,NA,NA,NA,NA,NA,NA,NA,NA,NA,"Female"
"F...794559","F...794549","F...794019",6188,2,1996,1996,"Vlieland","464",53.29611,5.06619,"GREAT TIT",NA,NA,NA,NA,NA,"",NA,NA,NA,NA,NA,NA,NA,NA,NA,NA,NA,NA,NA,"Male"
"F...794560","F...794549","F...794019",6188,0,1996,1996,"Vlieland","464",53.29611,5.06619,"GREAT TIT",NA,NA,NA,NA,NA,"",NA,NA,NA,NA,NA,NA,NA,NA,NA,NA,NA,NA,NA,"Unknown"
"F...794561","F...794549","F...794019",6188,2,1996,1996,"Vlieland","464",53.29611,5.06619,"GREAT TIT",NA,NA,NA,NA,NA,"",NA,NA,NA,NA,NA,NA,NA,NA,NA,NA,NA,NA,NA,"Male"
"F...794562","F...794549","F...794019",6188,1,1996,1996,"Vlieland","464",53.29611,5.06619,"GREAT TIT",NA,NA,NA,NA,NA,"",NA,NA,NA,NA,NA,NA,NA,NA,NA,NA,NA,NA,NA,"Female"
"F...794563","F...794549","F...794019",6188,0,1996,1996,"Vlieland","464",53.29611,5.06619,"GREAT TIT",NA,NA,NA,NA,NA,"",NA,NA,NA,NA,NA,NA,NA,NA,NA,NA,NA,NA,NA,"Unknown"
"F...794627","F...711135","F...794626",2686,1,1996,1996,"Vlieland","730",53.29611,5.06619,"GREAT TIT",NA,NA,NA,NA,NA,"",NA,NA,NA,NA,NA,NA,NA,NA,NA,NA,NA,NA,NA,"Female"
"F...794628","F...711135","F...794626",2686,2,1996,1996,"Vlieland","730",53.29611,5.06619,"GREAT TIT",NA,NA,NA,NA,NA,"",NA,NA,NA,NA,NA,NA,NA,NA,NA,NA,NA,NA,NA,"Male"
"F...794629","F...711135","F...794626",2686,1,1996,1996,"Vlieland","730",53.29611,5.06619,"GREAT TIT",NA,NA,NA,NA,NA,"",NA,NA,NA,NA,NA,NA,NA,NA,NA,NA,NA,NA,NA,"Female"
"F...794630","F...711135","F...794626",2686,1,1996,1996,"Vlieland","730",53.29611,5.06619,"GREAT TIT",NA,NA,NA,NA,NA,"",NA,NA,NA,NA,NA,NA,NA,NA,NA,NA,NA,NA,NA,"Female"
"F...794631","F...711135","F...794626",2686,0,1996,1996,"Vlieland","730",53.29611,5.06619,"GREAT TIT",NA,NA,NA,NA,NA,"",NA,NA,NA,NA,NA,NA,NA,NA,NA,NA,NA,NA,NA,"Unknown"
"F...794632","F...711135","F...794626",2686,1,1996,1996,"Vlieland","730",53.29611,5.06619,"GREAT TIT",NA,NA,NA,NA,NA,"",NA,NA,NA,NA,NA,NA,NA,NA,NA,NA,NA,NA,NA,"Female"
"F...794633","F...711135","F...794626",2686,2,1996,1996,"Vlieland","730",53.29611,5.06619,"GREAT TIT",NA,NA,NA,NA,NA,"",NA,NA,NA,NA,NA,NA,NA,NA,NA,NA,NA,NA,NA,"Male"
"F...794634","F...711135","F...794626",2686,2,1996,1996,"Vlieland","730",53.29611,5.06619,"GREAT TIT",NA,NA,NA,NA,NA,"",NA,NA,NA,NA,NA,NA,NA,NA,NA,NA,NA,NA,NA,"Male"
"F...794635","F...711135","F...794626",2686,2,1996,1996,"Vlieland","730",53.29611,5.06619,"GREAT TIT",NA,NA,NA,NA,NA,"",NA,NA,NA,NA,NA,NA,NA,NA,NA,NA,NA,NA,NA,"Male"
"F...794657","F...794656","F...711772",2357,1,1996,1996,"Vlieland","595",53.30207,5.06711,"GREAT TIT",NA,NA,NA,NA,NA,"",NA,NA,NA,NA,NA,NA,NA,NA,NA,NA,NA,NA,NA,"Female"
"F...794658","F...794656","F...711772",2357,2,1996,1996,"Vlieland","595",53.30207,5.06711,"GREAT TIT",NA,NA,NA,NA,NA,"",NA,NA,NA,NA,NA,NA,NA,NA,NA,NA,NA,NA,NA,"Male"
"F...794659","F...794656","F...711772",2357,2,1996,1996,"Vlieland","595",53.30207,5.06711,"GREAT TIT",NA,NA,NA,NA,NA,"",NA,NA,NA,NA,NA,NA,NA,NA,NA,NA,NA,NA,NA,"Male"
"F...794660","F...794656","F...711772",2357,2,1996,1996,"Vlieland","595",53.30207,5.06711,"GREAT TIT",NA,NA,NA,NA,NA,"",NA,NA,NA,NA,NA,NA,NA,NA,NA,NA,NA,NA,NA,"Male"
"F...794661","F...794656","F...711772",2357,2,1996,1996,"Vlieland","595",53.30207,5.06711,"GREAT TIT",NA,NA,NA,NA,NA,"",NA,NA,NA,NA,NA,NA,NA,NA,NA,NA,NA,NA,NA,"Male"
"F...794662","F...794656","F...711772",2357,2,1996,1996,"Vlieland","595",53.30207,5.06711,"GREAT TIT",NA,NA,NA,NA,NA,"",NA,NA,NA,NA,NA,NA,NA,NA,NA,NA,NA,NA,NA,"Male"
"F...794663","F...794656","F...711772",2357,2,1996,1996,"Vlieland","595",53.30207,5.06711,"GREAT TIT",NA,NA,NA,NA,NA,"",NA,NA,NA,NA,NA,NA,NA,NA,NA,NA,NA,NA,NA,"Male"
"F...794664","F...794656","F...711772",2357,1,1996,1996,"Vlieland","595",53.30207,5.06711,"GREAT TIT",NA,NA,NA,NA,NA,"",NA,NA,NA,NA,NA,NA,NA,NA,NA,NA,NA,NA,NA,"Female"
"F...794665","F...794656","F...711772",2357,1,1996,1996,"Vlieland","595",53.30207,5.06711,"GREAT TIT",NA,NA,NA,NA,NA,"",NA,NA,NA,NA,NA,NA,NA,NA,NA,NA,NA,NA,NA,"Female"
"F...794666","F...794656","F...711772",2357,1,1996,1996,"Vlieland","595",53.30207,5.06711,"GREAT TIT",NA,NA,NA,NA,NA,"",NA,NA,NA,NA,NA,NA,NA,NA,NA,NA,NA,NA,NA,"Female"
"F...794667","F...794656","F...711772",2357,1,1996,1996,"Vlieland","595",53.30207,5.06711,"GREAT TIT",NA,NA,NA,NA,NA,"",NA,NA,NA,NA,NA,NA,NA,NA,NA,NA,NA,NA,NA,"Female"
"F...794668","F...794656","F...711772",2357,2,1996,1996,"Vlieland","595",53.30207,5.06711,"GREAT TIT",NA,NA,NA,NA,NA,"",NA,NA,NA,NA,NA,NA,NA,NA,NA,NA,NA,NA,NA,"Male"
"F...794706","F...615414",NA,2527,1,1996,1996,"Vlieland","-99",53.29611,5.06619,"GREAT TIT",NA,NA,NA,NA,NA,"",NA,NA,NA,NA,NA,NA,NA,NA,NA,NA,NA,NA,NA,"Female"
"F...794707","F...615414",NA,2527,2,1996,1996,"Vlieland","-99",53.29611,5.06619,"GREAT TIT",NA,NA,NA,NA,NA,"",NA,NA,NA,NA,NA,NA,NA,NA,NA,NA,NA,NA,NA,"Male"
"F...794708","F...615414",NA,2527,0,1996,1996,"Vlieland","-99",53.29611,5.06619,"GREAT TIT",NA,NA,NA,NA,NA,"",NA,NA,NA,NA,NA,NA,NA,NA,NA,NA,NA,NA,NA,"Unknown"
"F...794709","F...615414",NA,2527,2,1996,1996,"Vlieland","-99",53.29611,5.06619,"GREAT TIT",NA,NA,NA,NA,NA,"",NA,NA,NA,NA,NA,NA,NA,NA,NA,NA,NA,NA,NA,"Male"
"F...794710","F...615414",NA,2527,2,1996,1996,"Vlieland","-99",53.29611,5.06619,"GREAT TIT",NA,NA,NA,NA,NA,"",NA,NA,NA,NA,NA,NA,NA,NA,NA,NA,NA,NA,NA,"Male"
"F...794711","F...615414",NA,2527,2,1996,1996,"Vlieland","-99",53.29611,5.06619,"GREAT TIT",NA,NA,NA,NA,NA,"",NA,NA,NA,NA,NA,NA,NA,NA,NA,NA,NA,NA,NA,"Male"
"F...794712","F...615414",NA,2527,2,1996,1996,"Vlieland","-99",53.29611,5.06619,"GREAT TIT",NA,NA,NA,NA,NA,"",NA,NA,NA,NA,NA,NA,NA,NA,NA,NA,NA,NA,NA,"Male"
"F...794713","F...615414",NA,2527,1,1996,1996,"Vlieland","-99",53.29611,5.06619,"GREAT TIT",NA,NA,NA,NA,NA,"",NA,NA,NA,NA,NA,NA,NA,NA,NA,NA,NA,NA,NA,"Female"
"F...794714","F...615414",NA,2527,2,1996,1996,"Vlieland","-99",53.29611,5.06619,"GREAT TIT",NA,NA,NA,NA,NA,"",NA,NA,NA,NA,NA,NA,NA,NA,NA,NA,NA,NA,NA,"Male"
"F...794892",NA,NA,2010,0,1996,1996,"Vlieland","110",53.274694,4.996771,"BLUE TIT",NA,NA,NA,NA,NA,"",NA,NA,NA,NA,NA,NA,NA,NA,NA,NA,NA,NA,NA,"Unknown"
"F...794893",NA,NA,2010,0,1996,1996,"Vlieland","110",53.274694,4.996771,"BLUE TIT",NA,NA,NA,NA,NA,"",NA,NA,NA,NA,NA,NA,NA,NA,NA,NA,NA,NA,NA,"Unknown"
"F...794894",NA,NA,2010,0,1996,1996,"Vlieland","110",53.274694,4.996771,"BLUE TIT",NA,NA,NA,NA,NA,"",NA,NA,NA,NA,NA,NA,NA,NA,NA,NA,NA,NA,NA,"Unknown"
"F...794975","F...615414",NA,2528,0,1996,1996,"Vlieland","-98",53.29611,5.06619,"GREAT TIT",NA,NA,NA,NA,NA,"",NA,NA,NA,NA,NA,NA,NA,NA,NA,NA,NA,NA,NA,"Unknown"
"F...794976","F...615414",NA,2528,0,1996,1996,"Vlieland","-98",53.29611,5.06619,"GREAT TIT",NA,NA,NA,NA,NA,"",NA,NA,NA,NA,NA,NA,NA,NA,NA,NA,NA,NA,NA,"Unknown"
"F...794977","F...615414",NA,2528,0,1996,1996,"Vlieland","-98",53.29611,5.06619,"GREAT TIT",NA,NA,NA,NA,NA,"",NA,NA,NA,NA,NA,NA,NA,NA,NA,NA,NA,NA,NA,"Unknown"
"F...794978","F...615414",NA,2528,0,1996,1996,"Vlieland","-98",53.29611,5.06619,"GREAT TIT",NA,NA,NA,NA,NA,"",NA,NA,NA,NA,NA,NA,NA,NA,NA,NA,NA,NA,NA,"Unknown"
"F...799282","F...799966","F...665177",6834,0,1996,1996,"Vlieland","1011",53.303459,5.065953,"GREAT TIT",NA,NA,NA,NA,NA,"",NA,NA,NA,NA,NA,NA,NA,NA,NA,NA,NA,NA,NA,"Unknown"
"F...799283","F...799966","F...665177",6834,2,1996,1996,"Vlieland","1011",53.303459,5.065953,"GREAT TIT",NA,NA,NA,NA,NA,"",NA,NA,NA,NA,NA,NA,NA,NA,NA,NA,NA,NA,NA,"Male"
"F...799284","F...799966","F...665177",6834,0,1996,1996,"Vlieland","1011",53.303459,5.065953,"GREAT TIT",NA,NA,NA,NA,NA,"",NA,NA,NA,NA,NA,NA,NA,NA,NA,NA,NA,NA,NA,"Unknown"
"F...799285","F...799966","F...665177",6834,2,1996,1996,"Vlieland","1011",53.303459,5.065953,"GREAT TIT",NA,NA,NA,NA,NA,"",NA,NA,NA,NA,NA,NA,NA,NA,NA,NA,NA,NA,NA,"Male"
"F...799286","F...799966","F...665177",6834,1,1996,1996,"Vlieland","1011",53.303459,5.065953,"GREAT TIT",NA,NA,NA,NA,NA,"",NA,NA,NA,NA,NA,NA,NA,NA,NA,NA,NA,NA,NA,"Female"
"F...799287","F...799966","F...665177",6834,1,1996,1996,"Vlieland","1011",53.303459,5.065953,"GREAT TIT",NA,NA,NA,NA,NA,"",NA,NA,NA,NA,NA,NA,NA,NA,NA,NA,NA,NA,NA,"Female"
"F...799288","F...799966","F...665177",6834,1,1996,1996,"Vlieland","1011",53.303459,5.065953,"GREAT TIT",NA,NA,NA,NA,NA,"",NA,NA,NA,NA,NA,NA,NA,NA,NA,NA,NA,NA,NA,"Female"
"F...799967","F...799966","F...665177",6834,0,1996,1996,"Vlieland","1011",53.303459,5.065953,"BLUE TIT",NA,NA,NA,NA,NA,"",NA,NA,NA,NA,NA,NA,NA,NA,NA,NA,NA,NA,NA,"Unknown"
"F...801226","F...802000","F...689529",2534,2,1997,1997,"Vlieland","-91",53.29611,5.06619,"GREAT TIT",NA,NA,NA,NA,NA,"",NA,NA,NA,NA,NA,NA,NA,NA,NA,NA,NA,NA,NA,"Male"
"F...801227","F...802000","F...689529",2534,1,1997,1997,"Vlieland","-91",53.29611,5.06619,"GREAT TIT",NA,NA,NA,NA,NA,"",NA,NA,NA,NA,NA,NA,NA,NA,NA,NA,NA,NA,NA,"Female"
"F...801228","F...802000","F...689529",2534,1,1997,1997,"Vlieland","-91",53.29611,5.06619,"GREAT TIT",NA,NA,NA,NA,NA,"",NA,NA,NA,NA,NA,NA,NA,NA,NA,NA,NA,NA,NA,"Female"
"F...801229","F...802000","F...689529",2534,2,1997,1997,"Vlieland","-91",53.29611,5.06619,"GREAT TIT",NA,NA,NA,NA,NA,"",NA,NA,NA,NA,NA,NA,NA,NA,NA,NA,NA,NA,NA,"Male"
"F...801270","F...827966","F...771467",2011,1,1997,1997,"Vlieland","110",53.27509,4.99745,"GREAT TIT",NA,NA,NA,NA,NA,"",NA,NA,NA,NA,NA,NA,NA,NA,NA,NA,NA,NA,NA,"Female"
"F...801271","F...827966","F...771467",2011,1,1997,1997,"Vlieland","110",53.27509,4.99745,"GREAT TIT",NA,NA,NA,NA,NA,"",NA,NA,NA,NA,NA,NA,NA,NA,NA,NA,NA,NA,NA,"Female"
"F...801272","F...827966","F...771467",2011,1,1997,1997,"Vlieland","110",53.27509,4.99745,"GREAT TIT",NA,NA,NA,NA,NA,"",NA,NA,NA,NA,NA,NA,NA,NA,NA,NA,NA,NA,NA,"Female"
"F...801273","F...827966","F...771467",2011,1,1997,1997,"Vlieland","110",53.27509,4.99745,"GREAT TIT",NA,NA,NA,NA,NA,"",NA,NA,NA,NA,NA,NA,NA,NA,NA,NA,NA,NA,NA,"Female"
"F...801274","F...827966","F...771467",2011,2,1997,1997,"Vlieland","110",53.27509,4.99745,"GREAT TIT",NA,NA,NA,NA,NA,"",NA,NA,NA,NA,NA,NA,NA,NA,NA,NA,NA,NA,NA,"Male"
"F...801275","F...827966","F...771467",2011,1,1997,1997,"Vlieland","110",53.27509,4.99745,"GREAT TIT",NA,NA,NA,NA,NA,"",NA,NA,NA,NA,NA,NA,NA,NA,NA,NA,NA,NA,NA,"Female"
"F...801276","F...827966","F...771467",2011,2,1997,1997,"Vlieland","110",53.27509,4.99745,"GREAT TIT",NA,NA,NA,NA,NA,"",NA,NA,NA,NA,NA,NA,NA,NA,NA,NA,NA,NA,NA,"Male"
"F...801286","F...800974",NA,6190,2,1997,1997,"Vlieland","793",53.29611,5.06619,"GREAT TIT",NA,NA,NA,NA,NA,"",NA,NA,NA,NA,NA,NA,NA,NA,NA,NA,NA,NA,NA,"Male"
"F...802801",NA,NA,2693,0,1998,1998,"Vlieland","739",53.29611,5.06619,"GREAT TIT",NA,NA,NA,NA,NA,"",NA,NA,NA,NA,NA,NA,NA,NA,NA,NA,NA,NA,NA,"Unknown"
"F...802802",NA,NA,2693,0,1998,1998,"Vlieland","739",53.29611,5.06619,"GREAT TIT",NA,NA,NA,NA,NA,"",NA,NA,NA,NA,NA,NA,NA,NA,NA,NA,NA,NA,NA,"Unknown"
"F...802803",NA,NA,2693,0,1998,1998,"Vlieland","739",53.29611,5.06619,"GREAT TIT",NA,NA,NA,NA,NA,"",NA,NA,NA,NA,NA,NA,NA,NA,NA,NA,NA,NA,NA,"Unknown"
"F...802804",NA,NA,2693,0,1998,1998,"Vlieland","739",53.29611,5.06619,"GREAT TIT",NA,NA,NA,NA,NA,"",NA,NA,NA,NA,NA,NA,NA,NA,NA,NA,NA,NA,NA,"Unknown"
"F...802805",NA,NA,2693,0,1998,1998,"Vlieland","739",53.29611,5.06619,"GREAT TIT",NA,NA,NA,NA,NA,"",NA,NA,NA,NA,NA,NA,NA,NA,NA,NA,NA,NA,NA,"Unknown"
"F...803529","F...688941","F...522440",2009,2,1996,1996,"Vlieland","109",53.27509,4.99745,"BLUE TIT",NA,NA,NA,NA,NA,"",NA,NA,NA,NA,NA,NA,NA,NA,NA,NA,NA,NA,NA,"Male"
"F...803530","F...688941","F...522440",2009,0,1996,1996,"Vlieland","109",53.27509,4.99745,"BLUE TIT",NA,NA,NA,NA,NA,"",NA,NA,NA,NA,NA,NA,NA,NA,NA,NA,NA,NA,NA,"Unknown"
"F...803531","F...688941","F...522440",2009,0,1996,1996,"Vlieland","109",53.27509,4.99745,"BLUE TIT",NA,NA,NA,NA,NA,"",NA,NA,NA,NA,NA,NA,NA,NA,NA,NA,NA,NA,NA,"Unknown"
"F...803532","F...688941","F...522440",2009,0,1996,1996,"Vlieland","109",53.27509,4.99745,"BLUE TIT",NA,NA,NA,NA,NA,"",NA,NA,NA,NA,NA,NA,NA,NA,NA,NA,NA,NA,NA,"Unknown"
"F...803533","F...688941","F...522440",2009,0,1996,1996,"Vlieland","109",53.27509,4.99745,"BLUE TIT",NA,NA,NA,NA,NA,"",NA,NA,NA,NA,NA,NA,NA,NA,NA,NA,NA,NA,NA,"Unknown"
"F...803534","F...688941","F...522440",2009,0,1996,1996,"Vlieland","109",53.27509,4.99745,"BLUE TIT",NA,NA,NA,NA,NA,"",NA,NA,NA,NA,NA,NA,NA,NA,NA,NA,NA,NA,NA,"Unknown"
"F...803535","F...688941","F...522440",2009,2,1996,1996,"Vlieland","109",53.27509,4.99745,"BLUE TIT",NA,NA,NA,NA,NA,"",NA,NA,NA,NA,NA,NA,NA,NA,NA,NA,NA,NA,NA,"Male"
"F...803536","F...688941","F...522440",2009,1,1996,1996,"Vlieland","109",53.27509,4.99745,"BLUE TIT",NA,NA,NA,NA,NA,"",NA,NA,NA,NA,NA,NA,NA,NA,NA,NA,NA,NA,NA,"Female"
"F...803649","F...803638","F...688944",2531,0,1996,1996,"Vlieland","-95",53.29611,5.06619,"BLUE TIT",NA,NA,NA,NA,NA,"",NA,NA,NA,NA,NA,NA,NA,NA,NA,NA,NA,NA,NA,"Unknown"
"F...803650","F...803638","F...688944",2531,0,1996,1996,"Vlieland","-95",53.29611,5.06619,"BLUE TIT",NA,NA,NA,NA,NA,"",NA,NA,NA,NA,NA,NA,NA,NA,NA,NA,NA,NA,NA,"Unknown"
"F...803708","F...803021","B...956974",2685,2,1996,1996,"Vlieland","729",53.29611,5.06619,"GREAT TIT",NA,NA,NA,NA,NA,"",NA,NA,NA,NA,NA,NA,NA,NA,NA,NA,NA,NA,NA,"Male"
"F...803709","F...803021","B...956974",2685,2,1996,1996,"Vlieland","729",53.29611,5.06619,"GREAT TIT",NA,NA,NA,NA,NA,"",NA,NA,NA,NA,NA,NA,NA,NA,NA,NA,NA,NA,NA,"Male"
"F...803710","F...803021","B...956974",2685,1,1996,1996,"Vlieland","729",53.29611,5.06619,"GREAT TIT",NA,NA,NA,NA,NA,"",NA,NA,NA,NA,NA,NA,NA,NA,NA,NA,NA,NA,NA,"Female"
"F...803711","F...803021","B...956974",2685,1,1996,1996,"Vlieland","729",53.29611,5.06619,"GREAT TIT",NA,NA,NA,NA,NA,"",NA,NA,NA,NA,NA,NA,NA,NA,NA,NA,NA,NA,NA,"Female"
"F...803712","F...803021","B...956974",2685,1,1996,1996,"Vlieland","729",53.29611,5.06619,"GREAT TIT",NA,NA,NA,NA,NA,"",2,3,1997,1998,1,8,7,9,24,NA,NA,3487.19321349797,3682.08341264506,"Female"
"F...803713","F...803021","B...956974",2685,2,1996,1996,"Vlieland","729",53.29611,5.06619,"GREAT TIT",NA,NA,NA,NA,NA,"",NA,NA,NA,NA,NA,NA,NA,NA,NA,NA,NA,NA,NA,"Male"
"F...803714","F...803021","B...956974",2685,1,1996,1996,"Vlieland","729",53.29611,5.06619,"GREAT TIT",NA,NA,NA,NA,NA,"",NA,NA,NA,NA,NA,NA,NA,NA,NA,NA,NA,NA,NA,"Female"
"F...803715","F...803021","B...956974",2685,2,1996,1996,"Vlieland","729",53.29611,5.06619,"GREAT TIT",NA,NA,NA,NA,NA,"",NA,NA,NA,NA,NA,NA,NA,NA,NA,NA,NA,NA,NA,"Male"
"F...803801","F...803638","F...688944",2531,0,1996,1996,"Vlieland","-95",53.29611,5.06619,"BLUE TIT",NA,NA,NA,NA,NA,"",NA,NA,NA,NA,NA,NA,NA,NA,NA,NA,NA,NA,NA,"Unknown"
"F...803802","F...803638","F...688944",2531,0,1996,1996,"Vlieland","-95",53.29611,5.06619,"BLUE TIT",NA,NA,NA,NA,NA,"",NA,NA,NA,NA,NA,NA,NA,NA,NA,NA,NA,NA,NA,"Unknown"
"F...803803","F...803638","F...688944",2531,0,1996,1996,"Vlieland","-95",53.29611,5.06619,"BLUE TIT",NA,NA,NA,NA,NA,"",NA,NA,NA,NA,NA,NA,NA,NA,NA,NA,NA,NA,NA,"Unknown"
"F...803804","F...803638","F...688944",2531,0,1996,1996,"Vlieland","-95",53.29611,5.06619,"BLUE TIT",NA,NA,NA,NA,NA,"",NA,NA,NA,NA,NA,NA,NA,NA,NA,NA,NA,NA,NA,"Unknown"
"F...803805","F...803638","F...688944",2531,0,1996,1996,"Vlieland","-95",53.29611,5.06619,"BLUE TIT",NA,NA,NA,NA,NA,"",NA,NA,NA,NA,NA,NA,NA,NA,NA,NA,NA,NA,NA,"Unknown"
"F...803806","F...803638","F...688944",2531,0,1996,1996,"Vlieland","-95",53.29611,5.06619,"BLUE TIT",NA,NA,NA,NA,NA,"",NA,NA,NA,NA,NA,NA,NA,NA,NA,NA,NA,NA,NA,"Unknown"
"F...803807","F...803638","F...688944",2531,0,1996,1996,"Vlieland","-95",53.29611,5.06619,"BLUE TIT",NA,NA,NA,NA,NA,"",NA,NA,NA,NA,NA,NA,NA,NA,NA,NA,NA,NA,NA,"Unknown"
"F...803808","F...803638","F...688944",2531,0,1996,1996,"Vlieland","-95",53.29611,5.06619,"BLUE TIT",NA,NA,NA,NA,NA,"",NA,NA,NA,NA,NA,NA,NA,NA,NA,NA,NA,NA,NA,"Unknown"
"F...803809","F...803638","F...688944",2531,0,1996,1996,"Vlieland","-95",53.29611,5.06619,"BLUE TIT",NA,NA,NA,NA,NA,"",NA,NA,NA,NA,NA,NA,NA,NA,NA,NA,NA,NA,NA,"Unknown"
"F...803862","F...688913","F...398900",6838,0,1996,1996,"Vlieland","1015",53.302054,5.068179,"BLUE TIT",NA,NA,NA,NA,NA,"",NA,NA,NA,NA,NA,NA,NA,NA,NA,NA,NA,NA,NA,"Unknown"
"F...803863","F...688913","F...398900",6838,0,1996,1996,"Vlieland","1015",53.302054,5.068179,"BLUE TIT",NA,NA,NA,NA,NA,"",NA,NA,NA,NA,NA,NA,NA,NA,NA,NA,NA,NA,NA,"Unknown"
"F...803864","F...688913","F...398900",6838,0,1996,1996,"Vlieland","1015",53.302054,5.068179,"BLUE TIT",NA,NA,NA,NA,NA,"",NA,NA,NA,NA,NA,NA,NA,NA,NA,NA,NA,NA,NA,"Unknown"
"F...803865","F...688913","F...398900",6838,0,1996,1996,"Vlieland","1015",53.302054,5.068179,"BLUE TIT",NA,NA,NA,NA,NA,"",NA,NA,NA,NA,NA,NA,NA,NA,NA,NA,NA,NA,NA,"Unknown"
"F...803866","F...688913","F...398900",6838,0,1996,1996,"Vlieland","1015",53.302054,5.068179,"BLUE TIT",NA,NA,NA,NA,NA,"",NA,NA,NA,NA,NA,NA,NA,NA,NA,NA,NA,NA,NA,"Unknown"
"F...803867","F...688913","F...398900",6838,0,1996,1996,"Vlieland","1015",53.302054,5.068179,"BLUE TIT",NA,NA,NA,NA,NA,"",NA,NA,NA,NA,NA,NA,NA,NA,NA,NA,NA,NA,NA,"Unknown"
"F...803868","F...688913","F...398900",6838,0,1996,1996,"Vlieland","1015",53.302054,5.068179,"BLUE TIT",NA,NA,NA,NA,NA,"",NA,NA,NA,NA,NA,NA,NA,NA,NA,NA,NA,NA,NA,"Unknown"
"F...803869","F...688913","F...398900",6838,2,1996,1996,"Vlieland","1015",53.302054,5.068179,"BLUE TIT",NA,NA,NA,NA,NA,"",1,1,1999,1999,0,10,10,10,10,NA,NA,7703.79352209674,7703.79352209674,"Male"
"F...803870","F...688913","F...398900",6838,0,1996,1996,"Vlieland","1015",53.302054,5.068179,"BLUE TIT",NA,NA,NA,NA,NA,"",NA,NA,NA,NA,NA,NA,NA,NA,NA,NA,NA,NA,NA,"Unknown"
"F...804148","F...804147","F...522009",6843,0,1997,1997,"Vlieland","1020",53.303497,5.07095,"BLUE TIT",NA,NA,NA,NA,NA,"",NA,NA,NA,NA,NA,NA,NA,NA,NA,NA,NA,NA,NA,"Unknown"
"F...804149","F...804147","F...522009",6843,0,1997,1997,"Vlieland","1020",53.303497,5.07095,"BLUE TIT",NA,NA,NA,NA,NA,"",NA,NA,NA,NA,NA,NA,NA,NA,NA,NA,NA,NA,NA,"Unknown"
"F...804150","F...804147","F...522009",6843,2,1997,1997,"Vlieland","1020",53.303497,5.07095,"BLUE TIT",NA,NA,NA,NA,NA,"",3,5,1999,2002,3,10.6,8,12,53,NA,NA,2446.28887943447,2910.23809316343,"Male"
"F...804151","F...804147","F...522009",6843,0,1997,1997,"Vlieland","1020",53.303497,5.07095,"BLUE TIT",NA,NA,NA,NA,NA,"",NA,NA,NA,NA,NA,NA,NA,NA,NA,NA,NA,NA,NA,"Unknown"
"F...804152","F...804147","F...522009",6843,0,1997,1997,"Vlieland","1020",53.303497,5.07095,"BLUE TIT",NA,NA,NA,NA,NA,"",NA,NA,NA,NA,NA,NA,NA,NA,NA,NA,NA,NA,NA,"Unknown"
"F...804153","F...804147","F...522009",6843,0,1997,1997,"Vlieland","1020",53.303497,5.07095,"BLUE TIT",NA,NA,NA,NA,NA,"",NA,NA,NA,NA,NA,NA,NA,NA,NA,NA,NA,NA,NA,"Unknown"
"F...804154","F...804147","F...522009",6843,1,1997,1997,"Vlieland","1020",53.303497,5.07095,"BLUE TIT",NA,NA,NA,NA,NA,"",2,2,1998,1998,0,10.5,9,12,21,NA,NA,1722.62520655622,1990.99733549461,"Female"
"F...804301","F...804100",NA,5270,0,1997,1997,"Vlieland","733",53.29611,5.06619,"GREAT TIT",NA,NA,NA,NA,NA,"",NA,NA,NA,NA,NA,NA,NA,NA,NA,NA,NA,NA,NA,"Unknown"
"F...804302","F...804100",NA,5270,0,1997,1997,"Vlieland","733",53.29611,5.06619,"GREAT TIT",NA,NA,NA,NA,NA,"",NA,NA,NA,NA,NA,NA,NA,NA,NA,NA,NA,NA,NA,"Unknown"
"F...804303","F...804100",NA,5270,2,1997,1997,"Vlieland","733",53.29611,5.06619,"GREAT TIT",NA,NA,NA,NA,NA,"",NA,NA,NA,NA,NA,NA,NA,NA,NA,NA,NA,NA,NA,"Male"
"F...804304","F...804100",NA,5270,0,1997,1997,"Vlieland","733",53.29611,5.06619,"GREAT TIT",NA,NA,NA,NA,NA,"",NA,NA,NA,NA,NA,NA,NA,NA,NA,NA,NA,NA,NA,"Unknown"
"F...804305","F...804100",NA,5270,0,1997,1997,"Vlieland","733",53.29611,5.06619,"GREAT TIT",NA,NA,NA,NA,NA,"",NA,NA,NA,NA,NA,NA,NA,NA,NA,NA,NA,NA,NA,"Unknown"
"F...804306","F...804100",NA,5270,0,1997,1997,"Vlieland","733",53.29611,5.06619,"GREAT TIT",NA,NA,NA,NA,NA,"",NA,NA,NA,NA,NA,NA,NA,NA,NA,NA,NA,NA,NA,"Unknown"
"F...804307","F...804100",NA,5270,1,1997,1997,"Vlieland","733",53.29611,5.06619,"GREAT TIT",NA,NA,NA,NA,NA,"",NA,NA,NA,NA,NA,NA,NA,NA,NA,NA,NA,NA,NA,"Female"
"F...804358","F...688917","F...688911",2364,1,1997,1997,"Vlieland","607",53.297231,5.077774,"BLUE TIT",NA,NA,NA,NA,NA,"",NA,NA,NA,NA,NA,NA,NA,NA,NA,NA,NA,NA,NA,"Female"
"F...804359","F...688917","F...688911",2364,0,1997,1997,"Vlieland","607",53.297231,5.077774,"BLUE TIT",NA,NA,NA,NA,NA,"",NA,NA,NA,NA,NA,NA,NA,NA,NA,NA,NA,NA,NA,"Unknown"
"F...804360","F...688917","F...688911",2364,0,1997,1997,"Vlieland","607",53.297231,5.077774,"BLUE TIT",NA,NA,NA,NA,NA,"",NA,NA,NA,NA,NA,NA,NA,NA,NA,NA,NA,NA,NA,"Unknown"
"F...804361","F...688917","F...688911",2364,0,1997,1997,"Vlieland","607",53.297231,5.077774,"BLUE TIT",NA,NA,NA,NA,NA,"",NA,NA,NA,NA,NA,NA,NA,NA,NA,NA,NA,NA,NA,"Unknown"
"F...804362","F...688917","F...688911",2364,0,1997,1997,"Vlieland","607",53.297231,5.077774,"BLUE TIT",NA,NA,NA,NA,NA,"",NA,NA,NA,NA,NA,NA,NA,NA,NA,NA,NA,NA,NA,"Unknown"
"F...804363","F...688917","F...688911",2364,0,1997,1997,"Vlieland","607",53.297231,5.077774,"BLUE TIT",NA,NA,NA,NA,NA,"",NA,NA,NA,NA,NA,NA,NA,NA,NA,NA,NA,NA,NA,"Unknown"
"F...804364","F...688917","F...688911",2364,0,1997,1997,"Vlieland","607",53.297231,5.077774,"BLUE TIT",NA,NA,NA,NA,NA,"",NA,NA,NA,NA,NA,NA,NA,NA,NA,NA,NA,NA,NA,"Unknown"
"F...804365","F...688917","F...688911",2364,0,1997,1997,"Vlieland","607",53.297231,5.077774,"BLUE TIT",NA,NA,NA,NA,NA,"",NA,NA,NA,NA,NA,NA,NA,NA,NA,NA,NA,NA,NA,"Unknown"
"F...804366","F...688917","F...688911",2364,0,1997,1997,"Vlieland","607",53.297231,5.077774,"BLUE TIT",NA,NA,NA,NA,NA,"",NA,NA,NA,NA,NA,NA,NA,NA,NA,NA,NA,NA,NA,"Unknown"
"F...804367","F...688917","F...688911",2364,0,1997,1997,"Vlieland","607",53.297231,5.077774,"BLUE TIT",NA,NA,NA,NA,NA,"",NA,NA,NA,NA,NA,NA,NA,NA,NA,NA,NA,NA,NA,"Unknown"
"F...837024","F...399375",NA,6835,0,1996,1996,"Vlieland","1012",53.304465,5.067351,"GREAT TIT",NA,NA,NA,NA,NA,"",NA,NA,NA,NA,NA,NA,NA,NA,NA,NA,NA,NA,NA,"Unknown"
"F...837025","F...399375",NA,6835,2,1996,1996,"Vlieland","1012",53.304465,5.067351,"GREAT TIT",NA,NA,NA,NA,NA,"",NA,NA,NA,NA,NA,NA,NA,NA,NA,NA,NA,NA,NA,"Male"
"F...837026","F...399375",NA,6835,2,1996,1996,"Vlieland","1012",53.304465,5.067351,"GREAT TIT",NA,NA,NA,NA,NA,"",NA,NA,NA,NA,NA,NA,NA,NA,NA,NA,NA,NA,NA,"Male"
"F...837027","F...399375",NA,6835,1,1996,1996,"Vlieland","1012",53.304465,5.067351,"GREAT TIT",NA,NA,NA,NA,NA,"",NA,NA,NA,NA,NA,NA,NA,NA,NA,NA,NA,NA,NA,"Female"
"F...837028","F...399375",NA,6835,1,1996,1996,"Vlieland","1012",53.304465,5.067351,"GREAT TIT",NA,NA,NA,NA,NA,"",NA,NA,NA,NA,NA,NA,NA,NA,NA,NA,NA,NA,NA,"Female"
"F...837320",NA,NA,2691,0,1997,1997,"Vlieland","737",53.29611,5.06619,"BLUE TIT",NA,NA,NA,NA,NA,"",NA,NA,NA,NA,NA,NA,NA,NA,NA,NA,NA,NA,NA,"Unknown"
"F...837321",NA,NA,2691,0,1997,1997,"Vlieland","737",53.29611,5.06619,"BLUE TIT",NA,NA,NA,NA,NA,"",NA,NA,NA,NA,NA,NA,NA,NA,NA,NA,NA,NA,NA,"Unknown"
"F...837322",NA,NA,2691,0,1997,1997,"Vlieland","737",53.29611,5.06619,"BLUE TIT",NA,NA,NA,NA,NA,"",NA,NA,NA,NA,NA,NA,NA,NA,NA,NA,NA,NA,NA,"Unknown"
"F...837323",NA,NA,2691,0,1997,1997,"Vlieland","737",53.29611,5.06619,"BLUE TIT",NA,NA,NA,NA,NA,"",NA,NA,NA,NA,NA,NA,NA,NA,NA,NA,NA,NA,NA,"Unknown"
"F...837324",NA,NA,2691,0,1997,1997,"Vlieland","737",53.29611,5.06619,"BLUE TIT",NA,NA,NA,NA,NA,"",NA,NA,NA,NA,NA,NA,NA,NA,NA,NA,NA,NA,NA,"Unknown"
"F...837325",NA,NA,2691,0,1997,1997,"Vlieland","737",53.29611,5.06619,"BLUE TIT",NA,NA,NA,NA,NA,"",NA,NA,NA,NA,NA,NA,NA,NA,NA,NA,NA,NA,NA,"Unknown"
"F...837326",NA,NA,2691,0,1997,1997,"Vlieland","737",53.29611,5.06619,"BLUE TIT",NA,NA,NA,NA,NA,"",NA,NA,NA,NA,NA,NA,NA,NA,NA,NA,NA,NA,NA,"Unknown"
"F...837327",NA,NA,2691,0,1997,1997,"Vlieland","737",53.29611,5.06619,"BLUE TIT",NA,NA,NA,NA,NA,"",NA,NA,NA,NA,NA,NA,NA,NA,NA,NA,NA,NA,NA,"Unknown"
"F...837328",NA,NA,2691,0,1997,1997,"Vlieland","737",53.29611,5.06619,"BLUE TIT",NA,NA,NA,NA,NA,"",NA,NA,NA,NA,NA,NA,NA,NA,NA,NA,NA,NA,NA,"Unknown"
"F...837329",NA,NA,2691,0,1997,1997,"Vlieland","737",53.29611,5.06619,"BLUE TIT",NA,NA,NA,NA,NA,"",NA,NA,NA,NA,NA,NA,NA,NA,NA,NA,NA,NA,NA,"Unknown"
"F...837330",NA,NA,2691,0,1997,1997,"Vlieland","737",53.29611,5.06619,"BLUE TIT",NA,NA,NA,NA,NA,"",NA,NA,NA,NA,NA,NA,NA,NA,NA,NA,NA,NA,NA,"Unknown"
"F...837331",NA,NA,2691,0,1997,1997,"Vlieland","737",53.29611,5.06619,"BLUE TIT",NA,NA,NA,NA,NA,"",NA,NA,NA,NA,NA,NA,NA,NA,NA,NA,NA,NA,NA,"Unknown"
"F...837332",NA,NA,9358,0,1997,1997,"Vlieland","2026",53.29611,5.06619,"BLUE TIT",NA,NA,NA,NA,NA,"",NA,NA,NA,NA,NA,NA,NA,NA,NA,NA,NA,NA,NA,"Unknown"
"F...837333",NA,NA,9358,0,1997,1997,"Vlieland","2026",53.29611,5.06619,"BLUE TIT",NA,NA,NA,NA,NA,"",NA,NA,NA,NA,NA,NA,NA,NA,NA,NA,NA,NA,NA,"Unknown"
"F...837334",NA,NA,9358,0,1997,1997,"Vlieland","2026",53.29611,5.06619,"BLUE TIT",NA,NA,NA,NA,NA,"",NA,NA,NA,NA,NA,NA,NA,NA,NA,NA,NA,NA,NA,"Unknown"
"F...837335",NA,NA,9358,0,1997,1997,"Vlieland","2026",53.29611,5.06619,"BLUE TIT",NA,NA,NA,NA,NA,"",NA,NA,NA,NA,NA,NA,NA,NA,NA,NA,NA,NA,NA,"Unknown"
"F...837336",NA,NA,9358,0,1997,1997,"Vlieland","2026",53.29611,5.06619,"BLUE TIT",NA,NA,NA,NA,NA,"",NA,NA,NA,NA,NA,NA,NA,NA,NA,NA,NA,NA,NA,"Unknown"
"F...837337",NA,NA,9358,0,1997,1997,"Vlieland","2026",53.29611,5.06619,"BLUE TIT",NA,NA,NA,NA,NA,"",NA,NA,NA,NA,NA,NA,NA,NA,NA,NA,NA,NA,NA,"Unknown"
"F...837338",NA,NA,9358,0,1997,1997,"Vlieland","2026",53.29611,5.06619,"BLUE TIT",NA,NA,NA,NA,NA,"",NA,NA,NA,NA,NA,NA,NA,NA,NA,NA,NA,NA,NA,"Unknown"
"F...837339",NA,NA,9358,0,1997,1997,"Vlieland","2026",53.29611,5.06619,"BLUE TIT",NA,NA,NA,NA,NA,"",NA,NA,NA,NA,NA,NA,NA,NA,NA,NA,NA,NA,NA,"Unknown"
"F...837340",NA,NA,9358,0,1997,1997,"Vlieland","2026",53.29611,5.06619,"BLUE TIT",NA,NA,NA,NA,NA,"",NA,NA,NA,NA,NA,NA,NA,NA,NA,NA,NA,NA,NA,"Unknown"
"F...837341",NA,NA,9358,0,1997,1997,"Vlieland","2026",53.29611,5.06619,"BLUE TIT",NA,NA,NA,NA,NA,"",NA,NA,NA,NA,NA,NA,NA,NA,NA,NA,NA,NA,NA,"Unknown"
"F...837342",NA,NA,9358,0,1997,1997,"Vlieland","2026",53.29611,5.06619,"BLUE TIT",NA,NA,NA,NA,NA,"",NA,NA,NA,NA,NA,NA,NA,NA,NA,NA,NA,NA,NA,"Unknown"
"F...837343",NA,NA,9358,0,1997,1997,"Vlieland","2026",53.29611,5.06619,"BLUE TIT",NA,NA,NA,NA,NA,"",NA,NA,NA,NA,NA,NA,NA,NA,NA,NA,NA,NA,NA,"Unknown"
"F...837344",NA,NA,9358,0,1997,1997,"Vlieland","2026",53.29611,5.06619,"BLUE TIT",NA,NA,NA,NA,NA,"",NA,NA,NA,NA,NA,NA,NA,NA,NA,NA,NA,NA,NA,"Unknown"
"F...837346",NA,NA,2014,0,1997,1997,"Vlieland","113",53.27509,4.99745,"BLUE TIT",NA,NA,NA,NA,NA,"",NA,NA,NA,NA,NA,NA,NA,NA,NA,NA,NA,NA,NA,"Unknown"
"F...837347",NA,NA,2014,0,1997,1997,"Vlieland","113",53.27509,4.99745,"BLUE TIT",NA,NA,NA,NA,NA,"",NA,NA,NA,NA,NA,NA,NA,NA,NA,NA,NA,NA,NA,"Unknown"
"F...837348",NA,NA,2014,0,1997,1997,"Vlieland","113",53.27509,4.99745,"BLUE TIT",NA,NA,NA,NA,NA,"",NA,NA,NA,NA,NA,NA,NA,NA,NA,NA,NA,NA,NA,"Unknown"
"F...837349",NA,NA,2014,0,1997,1997,"Vlieland","113",53.27509,4.99745,"BLUE TIT",NA,NA,NA,NA,NA,"",NA,NA,NA,NA,NA,NA,NA,NA,NA,NA,NA,NA,NA,"Unknown"
"F...837350",NA,NA,2014,0,1997,1997,"Vlieland","113",53.27509,4.99745,"BLUE TIT",NA,NA,NA,NA,NA,"",NA,NA,NA,NA,NA,NA,NA,NA,NA,NA,NA,NA,NA,"Unknown"
"F...837786",NA,NA,2018,2,1998,1998,"Vlieland","115",53.27509,4.99745,"BLUE TIT",NA,NA,NA,NA,NA,"",NA,NA,NA,NA,NA,NA,NA,NA,NA,NA,NA,NA,NA,"Male"
"F...837787",NA,NA,2018,0,1998,1998,"Vlieland","115",53.27509,4.99745,"BLUE TIT",NA,NA,NA,NA,NA,"",NA,NA,NA,NA,NA,NA,NA,NA,NA,NA,NA,NA,NA,"Unknown"
"F...837788",NA,NA,2018,0,1998,1998,"Vlieland","115",53.27509,4.99745,"BLUE TIT",NA,NA,NA,NA,NA,"",NA,NA,NA,NA,NA,NA,NA,NA,NA,NA,NA,NA,NA,"Unknown"
"F...837789",NA,NA,2018,0,1998,1998,"Vlieland","115",53.27509,4.99745,"BLUE TIT",NA,NA,NA,NA,NA,"",NA,NA,NA,NA,NA,NA,NA,NA,NA,NA,NA,NA,NA,"Unknown"
"F...837790",NA,NA,2018,0,1998,1998,"Vlieland","115",53.27509,4.99745,"BLUE TIT",NA,NA,NA,NA,NA,"",NA,NA,NA,NA,NA,NA,NA,NA,NA,NA,NA,NA,NA,"Unknown"
"F...837791",NA,NA,2018,0,1998,1998,"Vlieland","115",53.27509,4.99745,"BLUE TIT",NA,NA,NA,NA,NA,"",NA,NA,NA,NA,NA,NA,NA,NA,NA,NA,NA,NA,NA,"Unknown"
"F...837792",NA,NA,2018,0,1998,1998,"Vlieland","115",53.27509,4.99745,"BLUE TIT",NA,NA,NA,NA,NA,"",NA,NA,NA,NA,NA,NA,NA,NA,NA,NA,NA,NA,NA,"Unknown"
"F...837793",NA,NA,2018,0,1998,1998,"Vlieland","115",53.27509,4.99745,"BLUE TIT",NA,NA,NA,NA,NA,"",NA,NA,NA,NA,NA,NA,NA,NA,NA,NA,NA,NA,NA,"Unknown"
"F...837794",NA,NA,2018,0,1998,1998,"Vlieland","115",53.27509,4.99745,"BLUE TIT",NA,NA,NA,NA,NA,"",NA,NA,NA,NA,NA,NA,NA,NA,NA,NA,NA,NA,NA,"Unknown"
"F...837795",NA,NA,2018,0,1998,1998,"Vlieland","115",53.27509,4.99745,"BLUE TIT",NA,NA,NA,NA,NA,"",NA,NA,NA,NA,NA,NA,NA,NA,NA,NA,NA,NA,NA,"Unknown"
"F...859587","F...684000","F...859495",2184,0,1997,1997,"Vlieland","836",53.29754,5.05056,"GREAT TIT",NA,NA,NA,NA,NA,"",NA,NA,NA,NA,NA,NA,NA,NA,NA,NA,NA,NA,NA,"Unknown"
"F...859588","F...829426",NA,30151,1,1997,1997,"Vlieland","836",53.29754,5.05056,"GREAT TIT",NA,NA,NA,NA,NA,"",NA,NA,NA,NA,NA,NA,NA,NA,NA,NA,NA,NA,NA,"Female"
"F...859589","F...684000","F...859495",2184,1,1997,1997,"Vlieland","836",53.29754,5.05056,"GREAT TIT",NA,NA,NA,NA,NA,"",NA,NA,NA,NA,NA,NA,NA,NA,NA,NA,NA,NA,NA,"Female"
"F...859590","F...829426",NA,30151,1,1997,1997,"Vlieland","836",53.29754,5.05056,"GREAT TIT",NA,NA,NA,NA,NA,"",NA,NA,NA,NA,NA,NA,NA,NA,NA,NA,NA,NA,NA,"Female"
"F...859591","F...829426",NA,30151,2,1997,1997,"Vlieland","836",53.29754,5.05056,"GREAT TIT",NA,NA,NA,NA,NA,"",NA,NA,NA,NA,NA,NA,NA,NA,NA,NA,NA,NA,NA,"Male"
"F...859592","F...684000","F...859495",2184,2,1997,1997,"Vlieland","836",53.29754,5.05056,"GREAT TIT",NA,NA,NA,NA,NA,"",NA,NA,NA,NA,NA,NA,NA,NA,NA,NA,NA,NA,NA,"Male"
"F...859593","F...684000","F...859495",2184,1,1997,1997,"Vlieland","836",53.29754,5.05056,"GREAT TIT",NA,NA,NA,NA,NA,"",NA,NA,NA,NA,NA,NA,NA,NA,NA,NA,NA,NA,NA,"Female"
"F...859594","F...829426",NA,30151,1,1997,1997,"Vlieland","836",53.29754,5.05056,"GREAT TIT",NA,NA,NA,NA,NA,"",NA,NA,NA,NA,NA,NA,NA,NA,NA,NA,NA,NA,NA,"Female"
"F...859595","F...829426",NA,30151,0,1997,1997,"Vlieland","836",53.29754,5.05056,"GREAT TIT",NA,NA,NA,NA,NA,"",NA,NA,NA,NA,NA,NA,NA,NA,NA,NA,NA,NA,NA,"Unknown"
"F...946020","F...946365",NA,2694,0,1998,1998,"Vlieland","740",53.29611,5.06619,"BLUE TIT",NA,NA,NA,NA,NA,"",NA,NA,NA,NA,NA,NA,NA,NA,NA,NA,NA,NA,NA,"Unknown"
"F...946021","F...946365",NA,2694,0,1998,1998,"Vlieland","740",53.29611,5.06619,"BLUE TIT",NA,NA,NA,NA,NA,"",NA,NA,NA,NA,NA,NA,NA,NA,NA,NA,NA,NA,NA,"Unknown"
"F...946022","F...946365",NA,2694,0,1998,1998,"Vlieland","740",53.29611,5.06619,"BLUE TIT",NA,NA,NA,NA,NA,"",NA,NA,NA,NA,NA,NA,NA,NA,NA,NA,NA,NA,NA,"Unknown"
"F...946023","F...946365",NA,2694,0,1998,1998,"Vlieland","740",53.29611,5.06619,"BLUE TIT",NA,NA,NA,NA,NA,"",NA,NA,NA,NA,NA,NA,NA,NA,NA,NA,NA,NA,NA,"Unknown"
"F...946024","F...946365",NA,2694,0,1998,1998,"Vlieland","740",53.29611,5.06619,"BLUE TIT",NA,NA,NA,NA,NA,"",NA,NA,NA,NA,NA,NA,NA,NA,NA,NA,NA,NA,NA,"Unknown"
"F...946025","F...946365",NA,2694,0,1998,1998,"Vlieland","740",53.29611,5.06619,"BLUE TIT",NA,NA,NA,NA,NA,"",NA,NA,NA,NA,NA,NA,NA,NA,NA,NA,NA,NA,NA,"Unknown"
"F...946026","F...946365",NA,2694,0,1998,1998,"Vlieland","740",53.29611,5.06619,"BLUE TIT",NA,NA,NA,NA,NA,"",NA,NA,NA,NA,NA,NA,NA,NA,NA,NA,NA,NA,NA,"Unknown"
"F...946027","F...946365",NA,2694,0,1998,1998,"Vlieland","740",53.29611,5.06619,"BLUE TIT",NA,NA,NA,NA,NA,"",NA,NA,NA,NA,NA,NA,NA,NA,NA,NA,NA,NA,NA,"Unknown"
"F...946028","F...946365",NA,2694,0,1998,1998,"Vlieland","740",53.29611,5.06619,"BLUE TIT",NA,NA,NA,NA,NA,"",NA,NA,NA,NA,NA,NA,NA,NA,NA,NA,NA,NA,NA,"Unknown"
"F...946029","F...946365",NA,2694,0,1998,1998,"Vlieland","740",53.29611,5.06619,"BLUE TIT",NA,NA,NA,NA,NA,"",NA,NA,NA,NA,NA,NA,NA,NA,NA,NA,NA,NA,NA,"Unknown"
"F...946030","F...946365",NA,2694,0,1998,1998,"Vlieland","740",53.29611,5.06619,"BLUE TIT",NA,NA,NA,NA,NA,"",NA,NA,NA,NA,NA,NA,NA,NA,NA,NA,NA,NA,NA,"Unknown"
"F...946031",NA,"F...946364",2016,0,1998,1998,"Vlieland","114",53.27509,4.99745,"GREAT TIT",NA,NA,NA,NA,NA,"",NA,NA,NA,NA,NA,NA,NA,NA,NA,NA,NA,NA,NA,"Unknown"
"F...946032",NA,"F...946364",2016,0,1998,1998,"Vlieland","114",53.27509,4.99745,"GREAT TIT",NA,NA,NA,NA,NA,"",NA,NA,NA,NA,NA,NA,NA,NA,NA,NA,NA,NA,NA,"Unknown"
"F...946033",NA,"F...946364",2016,0,1998,1998,"Vlieland","114",53.27509,4.99745,"GREAT TIT",NA,NA,NA,NA,NA,"",NA,NA,NA,NA,NA,NA,NA,NA,NA,NA,NA,NA,NA,"Unknown"
"F...946034",NA,"F...946364",2016,0,1998,1998,"Vlieland","114",53.27509,4.99745,"GREAT TIT",NA,NA,NA,NA,NA,"",NA,NA,NA,NA,NA,NA,NA,NA,NA,NA,NA,NA,NA,"Unknown"
"F...946035",NA,"F...946364",2016,0,1998,1998,"Vlieland","114",53.27509,4.99745,"GREAT TIT",NA,NA,NA,NA,NA,"",NA,NA,NA,NA,NA,NA,NA,NA,NA,NA,NA,NA,NA,"Unknown"
"F...946036",NA,"F...946364",2016,0,1998,1998,"Vlieland","114",53.27509,4.99745,"GREAT TIT",NA,NA,NA,NA,NA,"",NA,NA,NA,NA,NA,NA,NA,NA,NA,NA,NA,NA,NA,"Unknown"
"F...946111","F...946265","F...970346",6846,0,1998,1998,"Vlieland","911",53.29611,5.06619,"GREAT TIT",NA,NA,NA,NA,NA,"",NA,NA,NA,NA,NA,NA,NA,NA,NA,NA,NA,NA,NA,"Unknown"
"F...946112","F...946265","F...970346",6846,0,1998,1998,"Vlieland","911",53.29611,5.06619,"GREAT TIT",NA,NA,NA,NA,NA,"",NA,NA,NA,NA,NA,NA,NA,NA,NA,NA,NA,NA,NA,"Unknown"
"F...946113","F...946265","F...970346",6846,0,1998,1998,"Vlieland","911",53.29611,5.06619,"GREAT TIT",NA,NA,NA,NA,NA,"",NA,NA,NA,NA,NA,NA,NA,NA,NA,NA,NA,NA,NA,"Unknown"
"F...946114","F...946265","F...970346",6846,0,1998,1998,"Vlieland","911",53.29611,5.06619,"GREAT TIT",NA,NA,NA,NA,NA,"",NA,NA,NA,NA,NA,NA,NA,NA,NA,NA,NA,NA,NA,"Unknown"
"F...946115","F...946265","F...970346",6846,0,1998,1998,"Vlieland","911",53.29611,5.06619,"GREAT TIT",NA,NA,NA,NA,NA,"",NA,NA,NA,NA,NA,NA,NA,NA,NA,NA,NA,NA,NA,"Unknown"
"F...946116","F...946265","F...970346",6846,0,1998,1998,"Vlieland","911",53.29611,5.06619,"GREAT TIT",NA,NA,NA,NA,NA,"",NA,NA,NA,NA,NA,NA,NA,NA,NA,NA,NA,NA,NA,"Unknown"
"F...946117","F...946265","F...970346",6846,0,1998,1998,"Vlieland","911",53.29611,5.06619,"GREAT TIT",NA,NA,NA,NA,NA,"",NA,NA,NA,NA,NA,NA,NA,NA,NA,NA,NA,NA,NA,"Unknown"
"F...946118","F...946265","F...970346",6846,0,1998,1998,"Vlieland","911",53.29611,5.06619,"GREAT TIT",NA,NA,NA,NA,NA,"",NA,NA,NA,NA,NA,NA,NA,NA,NA,NA,NA,NA,NA,"Unknown"
"F...946119","F...946265","F...970346",6846,0,1998,1998,"Vlieland","911",53.29611,5.06619,"GREAT TIT",NA,NA,NA,NA,NA,"",NA,NA,NA,NA,NA,NA,NA,NA,NA,NA,NA,NA,NA,"Unknown"
"F...946211","F...970386","F...970492",6192,0,1998,1998,"Vlieland","815",53.29611,5.06619,"GREAT TIT",NA,NA,NA,NA,NA,"",NA,NA,NA,NA,NA,NA,NA,NA,NA,NA,NA,NA,NA,"Unknown"
"F...946212","F...970386","F...970492",6192,0,1998,1998,"Vlieland","815",53.29611,5.06619,"GREAT TIT",NA,NA,NA,NA,NA,"",NA,NA,NA,NA,NA,NA,NA,NA,NA,NA,NA,NA,NA,"Unknown"
"F...946213","F...970386","F...970492",6192,0,1998,1998,"Vlieland","815",53.29611,5.06619,"GREAT TIT",NA,NA,NA,NA,NA,"",NA,NA,NA,NA,NA,NA,NA,NA,NA,NA,NA,NA,NA,"Unknown"
"F...946214","F...970386","F...970492",6192,0,1998,1998,"Vlieland","815",53.29611,5.06619,"GREAT TIT",NA,NA,NA,NA,NA,"",NA,NA,NA,NA,NA,NA,NA,NA,NA,NA,NA,NA,NA,"Unknown"
"F...946215","F...970386","F...970492",6192,0,1998,1998,"Vlieland","815",53.29611,5.06619,"GREAT TIT",NA,NA,NA,NA,NA,"",NA,NA,NA,NA,NA,NA,NA,NA,NA,NA,NA,NA,NA,"Unknown"
"F...946216","F...970386","F...970492",6192,0,1998,1998,"Vlieland","815",53.29611,5.06619,"GREAT TIT",NA,NA,NA,NA,NA,"",NA,NA,NA,NA,NA,NA,NA,NA,NA,NA,NA,NA,NA,"Unknown"
"F...946217","F...970386","F...970492",6192,0,1998,1998,"Vlieland","815",53.29611,5.06619,"GREAT TIT",NA,NA,NA,NA,NA,"",NA,NA,NA,NA,NA,NA,NA,NA,NA,NA,NA,NA,NA,"Unknown"
"F...946218","F...970386","F...970492",6192,0,1998,1998,"Vlieland","815",53.29611,5.06619,"GREAT TIT",NA,NA,NA,NA,NA,"",NA,NA,NA,NA,NA,NA,NA,NA,NA,NA,NA,NA,NA,"Unknown"
"F...946219","F...970386","F...970492",6192,0,1998,1998,"Vlieland","815",53.29611,5.06619,"GREAT TIT",NA,NA,NA,NA,NA,"",NA,NA,NA,NA,NA,NA,NA,NA,NA,NA,NA,NA,NA,"Unknown"
"F...946451","F...946463",NA,2188,0,1998,1998,"Vlieland","858",53.296036,5.058731,"GREAT TIT",NA,NA,NA,NA,NA,"",NA,NA,NA,NA,NA,NA,NA,NA,NA,NA,NA,NA,NA,"Unknown"
"F...946452","F...946463",NA,2188,0,1998,1998,"Vlieland","858",53.296036,5.058731,"GREAT TIT",NA,NA,NA,NA,NA,"",NA,NA,NA,NA,NA,NA,NA,NA,NA,NA,NA,NA,NA,"Unknown"
"F...946453","F...946463",NA,2188,0,1998,1998,"Vlieland","858",53.296036,5.058731,"GREAT TIT",NA,NA,NA,NA,NA,"",NA,NA,NA,NA,NA,NA,NA,NA,NA,NA,NA,NA,NA,"Unknown"
"F...946454","F...946463",NA,2188,0,1998,1998,"Vlieland","858",53.296036,5.058731,"GREAT TIT",NA,NA,NA,NA,NA,"",NA,NA,NA,NA,NA,NA,NA,NA,NA,NA,NA,NA,NA,"Unknown"
"F...946455","F...946463",NA,2188,0,1998,1998,"Vlieland","858",53.296036,5.058731,"GREAT TIT",NA,NA,NA,NA,NA,"",NA,NA,NA,NA,NA,NA,NA,NA,NA,NA,NA,NA,NA,"Unknown"
"F...946456","F...946463",NA,2188,0,1998,1998,"Vlieland","858",53.296036,5.058731,"GREAT TIT",NA,NA,NA,NA,NA,"",NA,NA,NA,NA,NA,NA,NA,NA,NA,NA,NA,NA,NA,"Unknown"
"F...946457","F...946463",NA,2188,0,1998,1998,"Vlieland","858",53.296036,5.058731,"GREAT TIT",NA,NA,NA,NA,NA,"",NA,NA,NA,NA,NA,NA,NA,NA,NA,NA,NA,NA,NA,"Unknown"
"F...946458","F...946463",NA,2188,0,1998,1998,"Vlieland","858",53.296036,5.058731,"GREAT TIT",NA,NA,NA,NA,NA,"",NA,NA,NA,NA,NA,NA,NA,NA,NA,NA,NA,NA,NA,"Unknown"
"F...946459","F...946463",NA,2188,0,1998,1998,"Vlieland","858",53.296036,5.058731,"GREAT TIT",NA,NA,NA,NA,NA,"",NA,NA,NA,NA,NA,NA,NA,NA,NA,NA,NA,NA,NA,"Unknown"
"F...946460","F...946463",NA,2188,0,1998,1998,"Vlieland","858",53.296036,5.058731,"GREAT TIT",NA,NA,NA,NA,NA,"",NA,NA,NA,NA,NA,NA,NA,NA,NA,NA,NA,NA,NA,"Unknown"
"F...946461","F...946463",NA,2188,0,1998,1998,"Vlieland","858",53.296036,5.058731,"GREAT TIT",NA,NA,NA,NA,NA,"",NA,NA,NA,NA,NA,NA,NA,NA,NA,NA,NA,NA,NA,"Unknown"
"F...946462","F...946463",NA,2188,0,1998,1998,"Vlieland","858",53.296036,5.058731,"GREAT TIT",NA,NA,NA,NA,NA,"",NA,NA,NA,NA,NA,NA,NA,NA,NA,NA,NA,NA,NA,"Unknown"
"F...947141","F...947195","F...947169",2193,0,1999,1999,"Vlieland","899",53.29754,5.05056,"GREAT TIT",NA,NA,NA,NA,NA,"",NA,NA,NA,NA,NA,NA,NA,NA,NA,NA,NA,NA,NA,"Unknown"
"F...947142","F...947195","F...947169",2193,0,1999,1999,"Vlieland","899",53.29754,5.05056,"GREAT TIT",NA,NA,NA,NA,NA,"",NA,NA,NA,NA,NA,NA,NA,NA,NA,NA,NA,NA,NA,"Unknown"
"F...947143","F...947195","F...947169",2193,0,1999,1999,"Vlieland","899",53.29754,5.05056,"GREAT TIT",NA,NA,NA,NA,NA,"",NA,NA,NA,NA,NA,NA,NA,NA,NA,NA,NA,NA,NA,"Unknown"
"F...947144","F...947195","F...947169",2193,0,1999,1999,"Vlieland","899",53.29754,5.05056,"GREAT TIT",NA,NA,NA,NA,NA,"",NA,NA,NA,NA,NA,NA,NA,NA,NA,NA,NA,NA,NA,"Unknown"
"F...947145","F...947195","F...947169",2193,0,1999,1999,"Vlieland","899",53.29754,5.05056,"GREAT TIT",NA,NA,NA,NA,NA,"",NA,NA,NA,NA,NA,NA,NA,NA,NA,NA,NA,NA,NA,"Unknown"
"F...947146","F...947195","F...947169",2193,0,1999,1999,"Vlieland","899",53.29754,5.05056,"GREAT TIT",NA,NA,NA,NA,NA,"",NA,NA,NA,NA,NA,NA,NA,NA,NA,NA,NA,NA,NA,"Unknown"
"F...947147","F...947195","F...947169",2193,0,1999,1999,"Vlieland","899",53.29754,5.05056,"GREAT TIT",NA,NA,NA,NA,NA,"",NA,NA,NA,NA,NA,NA,NA,NA,NA,NA,NA,NA,NA,"Unknown"
"F...947148","F...947195","F...947169",2193,0,1999,1999,"Vlieland","899",53.29754,5.05056,"GREAT TIT",NA,NA,NA,NA,NA,"",NA,NA,NA,NA,NA,NA,NA,NA,NA,NA,NA,NA,NA,"Unknown"
"F...947149","F...947195","F...947169",2193,0,1999,1999,"Vlieland","899",53.29754,5.05056,"GREAT TIT",NA,NA,NA,NA,NA,"",NA,NA,NA,NA,NA,NA,NA,NA,NA,NA,NA,NA,NA,"Unknown"
"F...947150","F...947195","F...947169",2193,0,1999,1999,"Vlieland","899",53.29754,5.05056,"GREAT TIT",NA,NA,NA,NA,NA,"",NA,NA,NA,NA,NA,NA,NA,NA,NA,NA,NA,NA,NA,"Unknown"
"F...947151",NA,NA,2020,0,1999,1999,"Vlieland","117",53.274071,4.994204,"GREAT TIT",NA,NA,NA,NA,NA,"",NA,NA,NA,NA,NA,NA,NA,NA,NA,NA,NA,NA,NA,"Unknown"
"F...947152",NA,NA,2020,0,1999,1999,"Vlieland","117",53.274071,4.994204,"GREAT TIT",NA,NA,NA,NA,NA,"",NA,NA,NA,NA,NA,NA,NA,NA,NA,NA,NA,NA,NA,"Unknown"
"F...947153",NA,NA,2020,0,1999,1999,"Vlieland","117",53.274071,4.994204,"GREAT TIT",NA,NA,NA,NA,NA,"",NA,NA,NA,NA,NA,NA,NA,NA,NA,NA,NA,NA,NA,"Unknown"
"F...947154",NA,NA,2020,0,1999,1999,"Vlieland","117",53.274071,4.994204,"GREAT TIT",NA,NA,NA,NA,NA,"",NA,NA,NA,NA,NA,NA,NA,NA,NA,NA,NA,NA,NA,"Unknown"
"F...947155",NA,NA,2020,0,1999,1999,"Vlieland","117",53.274071,4.994204,"GREAT TIT",NA,NA,NA,NA,NA,"",NA,NA,NA,NA,NA,NA,NA,NA,NA,NA,NA,NA,NA,"Unknown"
"F...947156",NA,NA,2020,1,1999,1999,"Vlieland","117",53.274071,4.994204,"GREAT TIT",NA,NA,NA,NA,NA,"",NA,NA,NA,NA,NA,NA,NA,NA,NA,NA,NA,NA,NA,"Female"
"F...947157",NA,NA,2020,0,1999,1999,"Vlieland","117",53.274071,4.994204,"GREAT TIT",NA,NA,NA,NA,NA,"",NA,NA,NA,NA,NA,NA,NA,NA,NA,NA,NA,NA,NA,"Unknown"
"F...947158",NA,NA,2020,0,1999,1999,"Vlieland","117",53.274071,4.994204,"GREAT TIT",NA,NA,NA,NA,NA,"",NA,NA,NA,NA,NA,NA,NA,NA,NA,NA,NA,NA,NA,"Unknown"
"F...947159",NA,NA,2020,0,1999,1999,"Vlieland","117",53.274071,4.994204,"GREAT TIT",NA,NA,NA,NA,NA,"",NA,NA,NA,NA,NA,NA,NA,NA,NA,NA,NA,NA,NA,"Unknown"
"F...947198",NA,NA,2698,0,1999,1999,"Vlieland","745",53.29611,5.06619,"BLUE TIT",NA,NA,NA,NA,NA,"",NA,NA,NA,NA,NA,NA,NA,NA,NA,NA,NA,NA,NA,"Unknown"
"F...947199",NA,NA,2698,0,1999,1999,"Vlieland","745",53.29611,5.06619,"BLUE TIT",NA,NA,NA,NA,NA,"",NA,NA,NA,NA,NA,NA,NA,NA,NA,NA,NA,NA,NA,"Unknown"
"F...947200",NA,NA,2698,0,1999,1999,"Vlieland","745",53.29611,5.06619,"BLUE TIT",NA,NA,NA,NA,NA,"",NA,NA,NA,NA,NA,NA,NA,NA,NA,NA,NA,NA,NA,"Unknown"
"F...947201",NA,NA,2698,0,1999,1999,"Vlieland","745",53.29611,5.06619,"BLUE TIT",NA,NA,NA,NA,NA,"",NA,NA,NA,NA,NA,NA,NA,NA,NA,NA,NA,NA,NA,"Unknown"
"F...947202",NA,NA,2698,0,1999,1999,"Vlieland","745",53.29611,5.06619,"BLUE TIT",NA,NA,NA,NA,NA,"",NA,NA,NA,NA,NA,NA,NA,NA,NA,NA,NA,NA,NA,"Unknown"
"F...947203",NA,NA,2698,0,1999,1999,"Vlieland","745",53.29611,5.06619,"BLUE TIT",NA,NA,NA,NA,NA,"",NA,NA,NA,NA,NA,NA,NA,NA,NA,NA,NA,NA,NA,"Unknown"
"F...947204",NA,NA,2698,0,1999,1999,"Vlieland","745",53.29611,5.06619,"BLUE TIT",NA,NA,NA,NA,NA,"",NA,NA,NA,NA,NA,NA,NA,NA,NA,NA,NA,NA,NA,"Unknown"
"F...947205",NA,NA,2698,0,1999,1999,"Vlieland","745",53.29611,5.06619,"BLUE TIT",NA,NA,NA,NA,NA,"",NA,NA,NA,NA,NA,NA,NA,NA,NA,NA,NA,NA,NA,"Unknown"
"F...947206",NA,NA,2698,0,1999,1999,"Vlieland","745",53.29611,5.06619,"BLUE TIT",NA,NA,NA,NA,NA,"",NA,NA,NA,NA,NA,NA,NA,NA,NA,NA,NA,NA,NA,"Unknown"
"F...947207",NA,NA,2698,0,1999,1999,"Vlieland","745",53.29611,5.06619,"BLUE TIT",NA,NA,NA,NA,NA,"",NA,NA,NA,NA,NA,NA,NA,NA,NA,NA,NA,NA,NA,"Unknown"
"F...947437","F...947462","F...947463",2028,0,2000,2000,"Vlieland","121",53.27509,4.99745,"GREAT TIT",NA,NA,NA,NA,NA,"",NA,NA,NA,NA,NA,NA,NA,NA,NA,NA,NA,NA,NA,"Unknown"
"F...947438","F...947462","F...947463",2028,0,2000,2000,"Vlieland","121",53.27509,4.99745,"GREAT TIT",NA,NA,NA,NA,NA,"",NA,NA,NA,NA,NA,NA,NA,NA,NA,NA,NA,NA,NA,"Unknown"
"F...947439","F...947462","F...947463",2028,0,2000,2000,"Vlieland","121",53.27509,4.99745,"GREAT TIT",NA,NA,NA,NA,NA,"",NA,NA,NA,NA,NA,NA,NA,NA,NA,NA,NA,NA,NA,"Unknown"
"F...947440","F...947462","F...947463",2028,0,2000,2000,"Vlieland","121",53.27509,4.99745,"GREAT TIT",NA,NA,NA,NA,NA,"",NA,NA,NA,NA,NA,NA,NA,NA,NA,NA,NA,NA,NA,"Unknown"
"F...947441","F...947462","F...947463",2028,0,2000,2000,"Vlieland","121",53.27509,4.99745,"GREAT TIT",NA,NA,NA,NA,NA,"",NA,NA,NA,NA,NA,NA,NA,NA,NA,NA,NA,NA,NA,"Unknown"
"F...947442","F...947462","F...947463",2028,0,2000,2000,"Vlieland","121",53.27509,4.99745,"GREAT TIT",NA,NA,NA,NA,NA,"",NA,NA,NA,NA,NA,NA,NA,NA,NA,NA,NA,NA,NA,"Unknown"
"F...947443","F...947462","F...947463",2028,0,2000,2000,"Vlieland","121",53.27509,4.99745,"GREAT TIT",NA,NA,NA,NA,NA,"",NA,NA,NA,NA,NA,NA,NA,NA,NA,NA,NA,NA,NA,"Unknown"
"F...947473","F...947487",NA,2375,0,2000,2000,"Vlieland","628",53.30207,5.06711,"BLUE TIT",NA,NA,NA,NA,NA,"",NA,NA,NA,NA,NA,NA,NA,NA,NA,NA,NA,NA,NA,"Unknown"
"F...947474","F...947487",NA,2375,0,2000,2000,"Vlieland","628",53.30207,5.06711,"BLUE TIT",NA,NA,NA,NA,NA,"",NA,NA,NA,NA,NA,NA,NA,NA,NA,NA,NA,NA,NA,"Unknown"
"F...947475","F...947487",NA,2375,0,2000,2000,"Vlieland","628",53.30207,5.06711,"BLUE TIT",NA,NA,NA,NA,NA,"",NA,NA,NA,NA,NA,NA,NA,NA,NA,NA,NA,NA,NA,"Unknown"
"F...947476","F...947487",NA,2375,0,2000,2000,"Vlieland","628",53.30207,5.06711,"BLUE TIT",NA,NA,NA,NA,NA,"",NA,NA,NA,NA,NA,NA,NA,NA,NA,NA,NA,NA,NA,"Unknown"
"F...947477","F...947487",NA,2375,0,2000,2000,"Vlieland","628",53.30207,5.06711,"BLUE TIT",NA,NA,NA,NA,NA,"",NA,NA,NA,NA,NA,NA,NA,NA,NA,NA,NA,NA,NA,"Unknown"
"F...947478","F...947487",NA,2375,0,2000,2000,"Vlieland","628",53.30207,5.06711,"BLUE TIT",NA,NA,NA,NA,NA,"",NA,NA,NA,NA,NA,NA,NA,NA,NA,NA,NA,NA,NA,"Unknown"
"F...947479","F...947487",NA,2375,0,2000,2000,"Vlieland","628",53.30207,5.06711,"BLUE TIT",NA,NA,NA,NA,NA,"",NA,NA,NA,NA,NA,NA,NA,NA,NA,NA,NA,NA,NA,"Unknown"
"F...947480","F...947487",NA,2375,0,2000,2000,"Vlieland","628",53.30207,5.06711,"BLUE TIT",NA,NA,NA,NA,NA,"",NA,NA,NA,NA,NA,NA,NA,NA,NA,NA,NA,NA,NA,"Unknown"
"F...947481","F...947487",NA,2375,0,2000,2000,"Vlieland","628",53.30207,5.06711,"BLUE TIT",NA,NA,NA,NA,NA,"",NA,NA,NA,NA,NA,NA,NA,NA,NA,NA,NA,NA,NA,"Unknown"
"F...947482","F...947487",NA,2375,0,2000,2000,"Vlieland","628",53.30207,5.06711,"BLUE TIT",NA,NA,NA,NA,NA,"",NA,NA,NA,NA,NA,NA,NA,NA,NA,NA,NA,NA,NA,"Unknown"
"F...947483","F...947487",NA,2375,0,2000,2000,"Vlieland","628",53.30207,5.06711,"BLUE TIT",NA,NA,NA,NA,NA,"",NA,NA,NA,NA,NA,NA,NA,NA,NA,NA,NA,NA,NA,"Unknown"
"F...947484","F...947487",NA,2375,0,2000,2000,"Vlieland","628",53.30207,5.06711,"BLUE TIT",NA,NA,NA,NA,NA,"",NA,NA,NA,NA,NA,NA,NA,NA,NA,NA,NA,NA,NA,"Unknown"
"F...947944",NA,NA,6195,0,1999,1999,"Vlieland","858",53.29611,5.06619,"GREAT TIT",NA,NA,NA,NA,NA,"",NA,NA,NA,NA,NA,NA,NA,NA,NA,NA,NA,NA,NA,"Unknown"
"F...947945",NA,NA,6195,0,1999,1999,"Vlieland","858",53.29611,5.06619,"GREAT TIT",NA,NA,NA,NA,NA,"",NA,NA,NA,NA,NA,NA,NA,NA,NA,NA,NA,NA,NA,"Unknown"
"F...947946",NA,NA,6195,0,1999,1999,"Vlieland","858",53.29611,5.06619,"GREAT TIT",NA,NA,NA,NA,NA,"",NA,NA,NA,NA,NA,NA,NA,NA,NA,NA,NA,NA,NA,"Unknown"
"F...947947",NA,NA,6195,0,1999,1999,"Vlieland","858",53.29611,5.06619,"GREAT TIT",NA,NA,NA,NA,NA,"",NA,NA,NA,NA,NA,NA,NA,NA,NA,NA,NA,NA,NA,"Unknown"
"F...947948",NA,NA,6195,0,1999,1999,"Vlieland","858",53.29611,5.06619,"GREAT TIT",NA,NA,NA,NA,NA,"",NA,NA,NA,NA,NA,NA,NA,NA,NA,NA,NA,NA,NA,"Unknown"
"F...970233","F...970483",NA,2688,0,1997,1997,"Vlieland","732",53.29611,5.06619,"GREAT TIT",NA,NA,NA,NA,NA,"",NA,NA,NA,NA,NA,NA,NA,NA,NA,NA,NA,NA,NA,"Unknown"
"F...970234","F...970483",NA,2688,0,1997,1997,"Vlieland","732",53.29611,5.06619,"GREAT TIT",NA,NA,NA,NA,NA,"",NA,NA,NA,NA,NA,NA,NA,NA,NA,NA,NA,NA,NA,"Unknown"
"F...970235","F...970483",NA,2688,0,1997,1997,"Vlieland","732",53.29611,5.06619,"GREAT TIT",NA,NA,NA,NA,NA,"",NA,NA,NA,NA,NA,NA,NA,NA,NA,NA,NA,NA,NA,"Unknown"
"F...970236","F...970483",NA,2688,0,1997,1997,"Vlieland","732",53.29611,5.06619,"GREAT TIT",NA,NA,NA,NA,NA,"",NA,NA,NA,NA,NA,NA,NA,NA,NA,NA,NA,NA,NA,"Unknown"
"F...970237","F...970483",NA,2688,0,1997,1997,"Vlieland","732",53.29611,5.06619,"GREAT TIT",NA,NA,NA,NA,NA,"",NA,NA,NA,NA,NA,NA,NA,NA,NA,NA,NA,NA,NA,"Unknown"
"F...970238","F...970483",NA,2688,0,1997,1997,"Vlieland","732",53.29611,5.06619,"GREAT TIT",NA,NA,NA,NA,NA,"",NA,NA,NA,NA,NA,NA,NA,NA,NA,NA,NA,NA,NA,"Unknown"
"F...970239","F...970483",NA,2688,0,1997,1997,"Vlieland","732",53.29611,5.06619,"GREAT TIT",NA,NA,NA,NA,NA,"",NA,NA,NA,NA,NA,NA,NA,NA,NA,NA,NA,NA,NA,"Unknown"
"F...970240","F...970483",NA,2688,0,1997,1997,"Vlieland","732",53.29611,5.06619,"GREAT TIT",NA,NA,NA,NA,NA,"",NA,NA,NA,NA,NA,NA,NA,NA,NA,NA,NA,NA,NA,"Unknown"
"F...970418",NA,"F...970501",9356,0,1997,1997,"Vlieland","2024",53.29611,5.06619,"GREAT TIT",NA,NA,NA,NA,NA,"",NA,NA,NA,NA,NA,NA,NA,NA,NA,NA,NA,NA,NA,"Unknown"
"F...970419",NA,"F...970501",9356,0,1997,1997,"Vlieland","2024",53.29611,5.06619,"GREAT TIT",NA,NA,NA,NA,NA,"",NA,NA,NA,NA,NA,NA,NA,NA,NA,NA,NA,NA,NA,"Unknown"
"F...970420",NA,"F...970501",9356,0,1997,1997,"Vlieland","2024",53.29611,5.06619,"GREAT TIT",NA,NA,NA,NA,NA,"",NA,NA,NA,NA,NA,NA,NA,NA,NA,NA,NA,NA,NA,"Unknown"
"F...970421",NA,"F...970501",9356,0,1997,1997,"Vlieland","2024",53.29611,5.06619,"GREAT TIT",NA,NA,NA,NA,NA,"",NA,NA,NA,NA,NA,NA,NA,NA,NA,NA,NA,NA,NA,"Unknown"
"F...970422",NA,"F...970501",9356,0,1997,1997,"Vlieland","2024",53.29611,5.06619,"GREAT TIT",NA,NA,NA,NA,NA,"",NA,NA,NA,NA,NA,NA,NA,NA,NA,NA,NA,NA,NA,"Unknown"
"F...970423",NA,"F...970501",9356,0,1997,1997,"Vlieland","2024",53.29611,5.06619,"GREAT TIT",NA,NA,NA,NA,NA,"",NA,NA,NA,NA,NA,NA,NA,NA,NA,NA,NA,NA,NA,"Unknown"
"F...970424",NA,"F...970501",9356,0,1997,1997,"Vlieland","2024",53.29611,5.06619,"GREAT TIT",NA,NA,NA,NA,NA,"",NA,NA,NA,NA,NA,NA,NA,NA,NA,NA,NA,NA,NA,"Unknown"
"F...970425",NA,"F...970501",9356,0,1997,1997,"Vlieland","2024",53.29611,5.06619,"GREAT TIT",NA,NA,NA,NA,NA,"",NA,NA,NA,NA,NA,NA,NA,NA,NA,NA,NA,NA,NA,"Unknown"
"F...970426",NA,"F...970501",9356,0,1997,1997,"Vlieland","2024",53.29611,5.06619,"GREAT TIT",NA,NA,NA,NA,NA,"",NA,NA,NA,NA,NA,NA,NA,NA,NA,NA,NA,NA,NA,"Unknown"
"F...970427",NA,"F...970501",9356,0,1997,1997,"Vlieland","2024",53.29611,5.06619,"GREAT TIT",NA,NA,NA,NA,NA,"",NA,NA,NA,NA,NA,NA,NA,NA,NA,NA,NA,NA,NA,"Unknown"
"F...970428",NA,"F...970501",9356,0,1997,1997,"Vlieland","2024",53.29611,5.06619,"GREAT TIT",NA,NA,NA,NA,NA,"",NA,NA,NA,NA,NA,NA,NA,NA,NA,NA,NA,NA,NA,"Unknown"
"F...970429",NA,"F...970501",9356,0,1997,1997,"Vlieland","2024",53.29611,5.06619,"GREAT TIT",NA,NA,NA,NA,NA,"",NA,NA,NA,NA,NA,NA,NA,NA,NA,NA,NA,NA,NA,"Unknown"
"F...970535",NA,NA,11033,0,1997,1997,"Vlieland","1053",53.30097941,5.04659843,"GREAT TIT",NA,NA,NA,NA,NA,"",NA,NA,NA,NA,NA,NA,NA,NA,NA,NA,NA,NA,NA,"Unknown"
"F...970536",NA,NA,11033,0,1997,1997,"Vlieland","1053",53.30097941,5.04659843,"GREAT TIT",NA,NA,NA,NA,NA,"",NA,NA,NA,NA,NA,NA,NA,NA,NA,NA,NA,NA,NA,"Unknown"
"F...970537",NA,NA,11033,0,1997,1997,"Vlieland","1053",53.30097941,5.04659843,"GREAT TIT",NA,NA,NA,NA,NA,"",NA,NA,NA,NA,NA,NA,NA,NA,NA,NA,NA,NA,NA,"Unknown"
"F...970538",NA,NA,11033,0,1997,1997,"Vlieland","1053",53.30097941,5.04659843,"GREAT TIT",NA,NA,NA,NA,NA,"",NA,NA,NA,NA,NA,NA,NA,NA,NA,NA,NA,NA,NA,"Unknown"
"F...970539",NA,NA,11033,0,1997,1997,"Vlieland","1053",53.30097941,5.04659843,"GREAT TIT",NA,NA,NA,NA,NA,"",NA,NA,NA,NA,NA,NA,NA,NA,NA,NA,NA,NA,NA,"Unknown"
"F...970540",NA,NA,11033,0,1997,1997,"Vlieland","1053",53.30097941,5.04659843,"GREAT TIT",NA,NA,NA,NA,NA,"",NA,NA,NA,NA,NA,NA,NA,NA,NA,NA,NA,NA,NA,"Unknown"
"F...970541",NA,NA,11033,0,1997,1997,"Vlieland","1053",53.30097941,5.04659843,"GREAT TIT",NA,NA,NA,NA,NA,"",NA,NA,NA,NA,NA,NA,NA,NA,NA,NA,NA,NA,NA,"Unknown"
"F...970542",NA,NA,11033,0,1997,1997,"Vlieland","1053",53.30097941,5.04659843,"GREAT TIT",NA,NA,NA,NA,NA,"",NA,NA,NA,NA,NA,NA,NA,NA,NA,NA,NA,NA,NA,"Unknown"
"F...970543",NA,NA,11033,0,1997,1997,"Vlieland","1053",53.30097941,5.04659843,"GREAT TIT",NA,NA,NA,NA,NA,"",NA,NA,NA,NA,NA,NA,NA,NA,NA,NA,NA,NA,NA,"Unknown"
"F...972069","F...711349","F...794584",6699,1,1997,1997,"Vlieland","887",53.29611,5.06619,"GREAT TIT",NA,NA,NA,NA,NA,"",NA,NA,NA,NA,NA,NA,NA,NA,NA,NA,NA,NA,NA,"Female"
"F...972070","F...711349","F...794584",6699,2,1997,1997,"Vlieland","887",53.29611,5.06619,"GREAT TIT",NA,NA,NA,NA,NA,"",NA,NA,NA,NA,NA,NA,NA,NA,NA,NA,NA,NA,NA,"Male"
"F...972071","F...711349","F...794584",6699,1,1997,1997,"Vlieland","887",53.29611,5.06619,"GREAT TIT",NA,NA,NA,NA,NA,"",NA,NA,NA,NA,NA,NA,NA,NA,NA,NA,NA,NA,NA,"Female"
"F...972072","F...711349","F...794584",6699,1,1997,1997,"Vlieland","887",53.29611,5.06619,"GREAT TIT",NA,NA,NA,NA,NA,"",NA,NA,NA,NA,NA,NA,NA,NA,NA,NA,NA,NA,NA,"Female"
"F...972073","F...711349","F...794584",6699,2,1997,1997,"Vlieland","887",53.29611,5.06619,"GREAT TIT",NA,NA,NA,NA,NA,"",NA,NA,NA,NA,NA,NA,NA,NA,NA,NA,NA,NA,NA,"Male"
"F...972129","F...827958","F...794712",6191,1,1997,1997,"Vlieland","795",53.29611,5.06619,"GREAT TIT",NA,NA,NA,NA,NA,"",NA,NA,NA,NA,NA,NA,NA,NA,NA,NA,NA,NA,NA,"Female"
"F...972130","F...827958","F...794712",6191,2,1997,1997,"Vlieland","795",53.29611,5.06619,"GREAT TIT",NA,NA,NA,NA,NA,"",NA,NA,NA,NA,NA,NA,NA,NA,NA,NA,NA,NA,NA,"Male"
"F...972131","F...827958","F...794712",6191,0,1997,1997,"Vlieland","795",53.29611,5.06619,"GREAT TIT",NA,NA,NA,NA,NA,"",NA,NA,NA,NA,NA,NA,NA,NA,NA,NA,NA,NA,NA,"Unknown"
"F...972132","F...827958","F...794712",6191,0,1997,1997,"Vlieland","795",53.29611,5.06619,"GREAT TIT",NA,NA,NA,NA,NA,"",NA,NA,NA,NA,NA,NA,NA,NA,NA,NA,NA,NA,NA,"Unknown"
"F...972133","F...827958","F...794712",6191,1,1997,1997,"Vlieland","795",53.29611,5.06619,"GREAT TIT",NA,NA,NA,NA,NA,"",NA,NA,NA,NA,NA,NA,NA,NA,NA,NA,NA,NA,NA,"Female"
"F...972134","F...827958","F...794712",6191,1,1997,1997,"Vlieland","795",53.29611,5.06619,"GREAT TIT",NA,NA,NA,NA,NA,"",NA,NA,NA,NA,NA,NA,NA,NA,NA,NA,NA,NA,NA,"Female"
"F...972135","F...827958","F...794712",6191,2,1997,1997,"Vlieland","795",53.29611,5.06619,"GREAT TIT",NA,NA,NA,NA,NA,"",NA,NA,NA,NA,NA,NA,NA,NA,NA,NA,NA,NA,NA,"Male"
"F...972136","F...827958","F...794712",6191,2,1997,1997,"Vlieland","795",53.29611,5.06619,"GREAT TIT",NA,NA,NA,NA,NA,"",NA,NA,NA,NA,NA,NA,NA,NA,NA,NA,NA,NA,NA,"Male"
"F...972137","F...827958","F...794712",6191,1,1997,1997,"Vlieland","795",53.29611,5.06619,"GREAT TIT",NA,NA,NA,NA,NA,"",NA,NA,NA,NA,NA,NA,NA,NA,NA,NA,NA,NA,NA,"Female"
"F...972138","F...827958","F...794712",6191,2,1997,1997,"Vlieland","795",53.29611,5.06619,"GREAT TIT",NA,NA,NA,NA,NA,"",NA,NA,NA,NA,NA,NA,NA,NA,NA,NA,NA,NA,NA,"Male"
"F...972654","F...794204","F...794136",9357,2,1997,1997,"Vlieland","2025",53.29611,5.06619,"GREAT TIT",NA,NA,NA,NA,NA,"",NA,NA,NA,NA,NA,NA,NA,NA,NA,NA,NA,NA,NA,"Male"
"F...972655","F...794204","F...794136",9357,2,1997,1997,"Vlieland","2025",53.29611,5.06619,"GREAT TIT",NA,NA,NA,NA,NA,"",NA,NA,NA,NA,NA,NA,NA,NA,NA,NA,NA,NA,NA,"Male"
"F...972656","F...794204","F...794136",9357,1,1997,1997,"Vlieland","2025",53.29611,5.06619,"GREAT TIT",NA,NA,NA,NA,NA,"",NA,NA,NA,NA,NA,NA,NA,NA,NA,NA,NA,NA,NA,"Female"
"F...972657","F...794204","F...794136",9357,2,1997,1997,"Vlieland","2025",53.29611,5.06619,"GREAT TIT",NA,NA,NA,NA,NA,"",NA,NA,NA,NA,NA,NA,NA,NA,NA,NA,NA,NA,NA,"Male"
"F...972658","F...794204","F...794136",9357,1,1997,1997,"Vlieland","2025",53.29611,5.06619,"GREAT TIT",NA,NA,NA,NA,NA,"",NA,NA,NA,NA,NA,NA,NA,NA,NA,NA,NA,NA,NA,"Female"
"F...972659","F...794204","F...794136",9357,0,1997,1997,"Vlieland","2025",53.29611,5.06619,"GREAT TIT",NA,NA,NA,NA,NA,"",NA,NA,NA,NA,NA,NA,NA,NA,NA,NA,NA,NA,NA,"Unknown"
"F...972660","F...794204","F...794136",9357,0,1997,1997,"Vlieland","2025",53.29611,5.06619,"GREAT TIT",NA,NA,NA,NA,NA,"",NA,NA,NA,NA,NA,NA,NA,NA,NA,NA,NA,NA,NA,"Unknown"
"F...972661","F...794204","F...794136",9357,1,1997,1997,"Vlieland","2025",53.29611,5.06619,"GREAT TIT",NA,NA,NA,NA,NA,"",NA,NA,NA,NA,NA,NA,NA,NA,NA,NA,NA,NA,NA,"Female"
"F...972662","F...794204","F...794136",9357,1,1997,1997,"Vlieland","2025",53.29611,5.06619,"GREAT TIT",NA,NA,NA,NA,NA,"",NA,NA,NA,NA,NA,NA,NA,NA,NA,NA,NA,NA,NA,"Female"
"F...984485","F...684000","F...859495",2363,0,1997,1997,"Vlieland","604",53.30207,5.06711,"GREAT TIT",NA,NA,NA,NA,NA,"",NA,NA,NA,NA,NA,NA,NA,NA,NA,NA,NA,NA,NA,"Unknown"
"F...984486","F...684000","F...859495",2363,0,1997,1997,"Vlieland","604",53.30207,5.06711,"GREAT TIT",NA,NA,NA,NA,NA,"",NA,NA,NA,NA,NA,NA,NA,NA,NA,NA,NA,NA,NA,"Unknown"
"F...984487","F...684000","F...859495",2363,0,1997,1997,"Vlieland","604",53.30207,5.06711,"GREAT TIT",NA,NA,NA,NA,NA,"",NA,NA,NA,NA,NA,NA,NA,NA,NA,NA,NA,NA,NA,"Unknown"
"F...984488","F...684000","F...859495",2363,0,1997,1997,"Vlieland","604",53.30207,5.06711,"GREAT TIT",NA,NA,NA,NA,NA,"",NA,NA,NA,NA,NA,NA,NA,NA,NA,NA,NA,NA,NA,"Unknown"
"F...984489","F...684000","F...859495",2363,0,1997,1997,"Vlieland","604",53.30207,5.06711,"GREAT TIT",NA,NA,NA,NA,NA,"",NA,NA,NA,NA,NA,NA,NA,NA,NA,NA,NA,NA,NA,"Unknown"
"F...984490","F...715252","F...588658",2690,0,1997,1997,"Vlieland","734",53.29611,5.06619,"GREAT TIT",NA,NA,NA,NA,NA,"",NA,NA,NA,NA,NA,NA,NA,NA,NA,NA,NA,NA,NA,"Unknown"
"F...984491","F...715252","F...588658",2690,1,1997,1997,"Vlieland","734",53.29611,5.06619,"GREAT TIT",NA,NA,NA,NA,NA,"",NA,NA,NA,NA,NA,NA,NA,NA,NA,NA,NA,NA,NA,"Female"
"F...984492","F...715252","F...588658",2690,0,1997,1997,"Vlieland","734",53.29611,5.06619,"GREAT TIT",NA,NA,NA,NA,NA,"",NA,NA,NA,NA,NA,NA,NA,NA,NA,NA,NA,NA,NA,"Unknown"
"F...984493","F...715252","F...588658",2690,2,1997,1997,"Vlieland","734",53.29611,5.06619,"GREAT TIT",NA,NA,NA,NA,NA,"",NA,NA,NA,NA,NA,NA,NA,NA,NA,NA,NA,NA,NA,"Male"
"F...999227","F...688917","F...688911",2185,0,1997,1997,"Vlieland","836",53.29754,5.05056,"BLUE TIT",NA,NA,NA,NA,NA,"",NA,NA,NA,NA,NA,NA,NA,NA,NA,NA,NA,NA,NA,"Unknown"
"F...999228","F...688917","F...688911",2185,0,1997,1997,"Vlieland","836",53.29754,5.05056,"BLUE TIT",NA,NA,NA,NA,NA,"",NA,NA,NA,NA,NA,NA,NA,NA,NA,NA,NA,NA,NA,"Unknown"
"F...999229","F...688917","F...688911",2185,0,1997,1997,"Vlieland","836",53.29754,5.05056,"BLUE TIT",NA,NA,NA,NA,NA,"",NA,NA,NA,NA,NA,NA,NA,NA,NA,NA,NA,NA,NA,"Unknown"
"F...999230","F...688917","F...688911",2185,0,1997,1997,"Vlieland","836",53.29754,5.05056,"BLUE TIT",NA,NA,NA,NA,NA,"",NA,NA,NA,NA,NA,NA,NA,NA,NA,NA,NA,NA,NA,"Unknown"
"F...999231","F...688917","F...688911",2185,0,1997,1997,"Vlieland","836",53.29754,5.05056,"BLUE TIT",NA,NA,NA,NA,NA,"",NA,NA,NA,NA,NA,NA,NA,NA,NA,NA,NA,NA,NA,"Unknown"
"F...999232","F...688917","F...688911",2185,0,1997,1997,"Vlieland","836",53.29754,5.05056,"BLUE TIT",NA,NA,NA,NA,NA,"",NA,NA,NA,NA,NA,NA,NA,NA,NA,NA,NA,NA,NA,"Unknown"
"F...999233","F...688917","F...688911",2185,0,1997,1997,"Vlieland","836",53.29754,5.05056,"BLUE TIT",NA,NA,NA,NA,NA,"",NA,NA,NA,NA,NA,NA,NA,NA,NA,NA,NA,NA,NA,"Unknown"
"F...999543","F...803615",NA,15877,0,1998,1998,"Vlieland","-85",53.29611,5.06619,"GREAT TIT",NA,NA,NA,NA,NA,"",NA,NA,NA,NA,NA,NA,NA,NA,NA,NA,NA,NA,NA,"Unknown"
"F...999544","F...803615",NA,15877,1,1998,1998,"Vlieland","-85",53.29611,5.06619,"GREAT TIT","bl rw - al rw","blue","red/white","metal","red/white","blue-red/white-metal-red/white",4,4,1999,2000,1,7.25,5,9,29,NA,NA,723.218921833432,1039.74760655419,"Female"
"F...999545","F...803615",NA,15877,1,1998,1998,"Vlieland","-85",53.29611,5.06619,"GREAT TIT",NA,NA,NA,NA,NA,"",2,2,1999,1999,0,7,6,8,14,NA,NA,1285.71570854677,1367.69917586547,"Female"
"F...999546","F...803615",NA,15877,2,1998,1998,"Vlieland","-85",53.29611,5.06619,"GREAT TIT",NA,NA,NA,NA,NA,"",1,1,1999,1999,0,6,6,6,6,NA,NA,98.4822125604177,98.4822125604177,"Male"
"F...999547","F...803615",NA,15877,0,1998,1998,"Vlieland","-85",53.29611,5.06619,"GREAT TIT",NA,NA,NA,NA,NA,"",NA,NA,NA,NA,NA,NA,NA,NA,NA,NA,NA,NA,NA,"Unknown"
"F...999548","F...803615",NA,15877,2,1998,1998,"Vlieland","-85",53.29611,5.06619,"GREAT TIT",NA,NA,NA,NA,NA,"",NA,NA,NA,NA,NA,NA,NA,NA,NA,NA,NA,NA,NA,"Male"
"F...999549","F...803615",NA,15877,0,1998,1998,"Vlieland","-85",53.29611,5.06619,"GREAT TIT",NA,NA,NA,NA,NA,"",NA,NA,NA,NA,NA,NA,NA,NA,NA,NA,NA,NA,NA,"Unknown"
"F...999550","F...803615",NA,15877,0,1998,1998,"Vlieland","-85",53.29611,5.06619,"GREAT TIT",NA,NA,NA,NA,NA,"",NA,NA,NA,NA,NA,NA,NA,NA,NA,NA,NA,NA,NA,"Unknown"
"F...999551","F...803615",NA,15877,0,1998,1998,"Vlieland","-85",53.29611,5.06619,"GREAT TIT",NA,NA,NA,NA,NA,"",NA,NA,NA,NA,NA,NA,NA,NA,NA,NA,NA,NA,NA,"Unknown"
"H....43217","H....43257","H....43256",2218,0,1955,1955,"Vlieland","420",53.30207,5.06711,"GREAT TIT",NA,NA,NA,NA,NA,"",NA,NA,NA,NA,NA,NA,NA,NA,NA,NA,NA,NA,NA,"Unknown"
"H....43218","H....43257","H....43256",2218,0,1955,1955,"Vlieland","420",53.30207,5.06711,"GREAT TIT",NA,NA,NA,NA,NA,"",NA,NA,NA,NA,NA,NA,NA,NA,NA,NA,NA,NA,NA,"Unknown"
"H....43219","H....43257","H....43256",2218,0,1955,1955,"Vlieland","420",53.30207,5.06711,"GREAT TIT",NA,NA,NA,NA,NA,"",NA,NA,NA,NA,NA,NA,NA,NA,NA,NA,NA,NA,NA,"Unknown"
"H....43220","H....43257","H....43256",2218,0,1955,1955,"Vlieland","420",53.30207,5.06711,"GREAT TIT",NA,NA,NA,NA,NA,"",NA,NA,NA,NA,NA,NA,NA,NA,NA,NA,NA,NA,NA,"Unknown"
"H....43221","H....43257","H....43256",2218,0,1955,1955,"Vlieland","420",53.30207,5.06711,"GREAT TIT",NA,NA,NA,NA,NA,"",NA,NA,NA,NA,NA,NA,NA,NA,NA,NA,NA,NA,NA,"Unknown"
"H....43222","H....43257","H....43256",2218,0,1955,1955,"Vlieland","420",53.30207,5.06711,"GREAT TIT",NA,NA,NA,NA,NA,"",NA,NA,NA,NA,NA,NA,NA,NA,NA,NA,NA,NA,NA,"Unknown"
"H....43223","H....43257","H....43256",2218,0,1955,1955,"Vlieland","420",53.30207,5.06711,"GREAT TIT",NA,NA,NA,NA,NA,"",NA,NA,NA,NA,NA,NA,NA,NA,NA,NA,NA,NA,NA,"Unknown"
"H....43224","H....43257","H....43256",2218,0,1955,1955,"Vlieland","420",53.30207,5.06711,"GREAT TIT",NA,NA,NA,NA,NA,"",NA,NA,NA,NA,NA,NA,NA,NA,NA,NA,NA,NA,NA,"Unknown"
"H....43225","H....43257","H....43256",2218,0,1955,1955,"Vlieland","420",53.30207,5.06711,"GREAT TIT",NA,NA,NA,NA,NA,"",NA,NA,NA,NA,NA,NA,NA,NA,NA,NA,NA,NA,NA,"Unknown"
"H....43226","H....43257","H....43256",2218,0,1955,1955,"Vlieland","420",53.30207,5.06711,"GREAT TIT",NA,NA,NA,NA,NA,"",NA,NA,NA,NA,NA,NA,NA,NA,NA,NA,NA,NA,NA,"Unknown"
"H....43883","H....43882","H....43881",2403,0,1955,1955,"Vlieland","675",53.30207,5.06711,"GREAT TIT",NA,NA,NA,NA,NA,"",NA,NA,NA,NA,NA,NA,NA,NA,NA,NA,NA,NA,NA,"Unknown"
"H....43884","H....43882","H....43881",2403,0,1955,1955,"Vlieland","675",53.30207,5.06711,"GREAT TIT",NA,NA,NA,NA,NA,"",NA,NA,NA,NA,NA,NA,NA,NA,NA,NA,NA,NA,NA,"Unknown"
"H....43885","H....43882","H....43881",2403,0,1955,1955,"Vlieland","675",53.30207,5.06711,"GREAT TIT",NA,NA,NA,NA,NA,"",NA,NA,NA,NA,NA,NA,NA,NA,NA,NA,NA,NA,NA,"Unknown"
"H....43886","H....43882","H....43881",2403,0,1955,1955,"Vlieland","675",53.30207,5.06711,"GREAT TIT",NA,NA,NA,NA,NA,"",NA,NA,NA,NA,NA,NA,NA,NA,NA,NA,NA,NA,NA,"Unknown"
"H....43887","H....43882","H....43881",2403,0,1955,1955,"Vlieland","675",53.30207,5.06711,"GREAT TIT",NA,NA,NA,NA,NA,"",NA,NA,NA,NA,NA,NA,NA,NA,NA,NA,NA,NA,NA,"Unknown"
"H....43888","H....43882","H....43881",2403,0,1955,1955,"Vlieland","675",53.30207,5.06711,"GREAT TIT",NA,NA,NA,NA,NA,"",NA,NA,NA,NA,NA,NA,NA,NA,NA,NA,NA,NA,NA,"Unknown"
"H....43889","H....43882","H....43881",2403,0,1955,1955,"Vlieland","675",53.30207,5.06711,"GREAT TIT",NA,NA,NA,NA,NA,"",NA,NA,NA,NA,NA,NA,NA,NA,NA,NA,NA,NA,NA,"Unknown"
"H....43890","H....43882","H....43881",2403,0,1955,1955,"Vlieland","675",53.30207,5.06711,"GREAT TIT",NA,NA,NA,NA,NA,"",NA,NA,NA,NA,NA,NA,NA,NA,NA,NA,NA,NA,NA,"Unknown"
"H....43891","H....43882","H....43881",2403,0,1955,1955,"Vlieland","675",53.30207,5.06711,"GREAT TIT",NA,NA,NA,NA,NA,"",NA,NA,NA,NA,NA,NA,NA,NA,NA,NA,NA,NA,NA,"Unknown"
"H....46050","H....43783",NA,9240,0,1955,1955,"Vlieland","tbox",53.29638889,5.0925,"GREAT TIT",NA,NA,NA,NA,NA,"",NA,NA,NA,NA,NA,NA,NA,NA,NA,NA,NA,NA,NA,"Unknown"
"H....46051","H....43783",NA,9240,0,1955,1955,"Vlieland","tbox",53.29638889,5.0925,"GREAT TIT",NA,NA,NA,NA,NA,"",NA,NA,NA,NA,NA,NA,NA,NA,NA,NA,NA,NA,NA,"Unknown"
"H....46052","H....43783",NA,9240,0,1955,1955,"Vlieland","tbox",53.29638889,5.0925,"GREAT TIT",NA,NA,NA,NA,NA,"",NA,NA,NA,NA,NA,NA,NA,NA,NA,NA,NA,NA,NA,"Unknown"
"H....46053","H....43783",NA,9240,0,1955,1955,"Vlieland","tbox",53.29638889,5.0925,"GREAT TIT",NA,NA,NA,NA,NA,"",NA,NA,NA,NA,NA,NA,NA,NA,NA,NA,NA,NA,NA,"Unknown"
"H....46054","H....43783",NA,9240,0,1955,1955,"Vlieland","tbox",53.29638889,5.0925,"GREAT TIT",NA,NA,NA,NA,NA,"",NA,NA,NA,NA,NA,NA,NA,NA,NA,NA,NA,NA,NA,"Unknown"
"H....62070","H....43624",NA,2219,0,1956,1956,"Vlieland","421",53.30207,5.06711,"GREAT TIT",NA,NA,NA,NA,NA,"",NA,NA,NA,NA,NA,NA,NA,NA,NA,NA,NA,NA,NA,"Unknown"
"H....62071","H....43624",NA,2219,0,1956,1956,"Vlieland","421",53.30207,5.06711,"GREAT TIT",NA,NA,NA,NA,NA,"",NA,NA,NA,NA,NA,NA,NA,NA,NA,NA,NA,NA,NA,"Unknown"
"H....63073","H....43657",NA,2052,0,1956,1956,"Vlieland","219",53.280745,5.014819,"GREAT TIT",NA,NA,NA,NA,NA,"",NA,NA,NA,NA,NA,NA,NA,NA,NA,NA,NA,NA,NA,"Unknown"
"H....63074","H....43657",NA,2052,0,1956,1956,"Vlieland","219",53.280745,5.014819,"GREAT TIT",NA,NA,NA,NA,NA,"",NA,NA,NA,NA,NA,NA,NA,NA,NA,NA,NA,NA,NA,"Unknown"
"H....63075","H....43657",NA,2052,0,1956,1956,"Vlieland","219",53.280745,5.014819,"GREAT TIT",NA,NA,NA,NA,NA,"",NA,NA,NA,NA,NA,NA,NA,NA,NA,NA,NA,NA,NA,"Unknown"
"H....63076","H....43657",NA,2052,0,1956,1956,"Vlieland","219",53.280745,5.014819,"GREAT TIT",NA,NA,NA,NA,NA,"",NA,NA,NA,NA,NA,NA,NA,NA,NA,NA,NA,NA,NA,"Unknown"
"H....63077","H....43657",NA,2052,0,1956,1956,"Vlieland","219",53.280745,5.014819,"GREAT TIT",NA,NA,NA,NA,NA,"",NA,NA,NA,NA,NA,NA,NA,NA,NA,NA,NA,NA,NA,"Unknown"
"H....63825","H....62984",NA,2054,0,1957,1957,"Vlieland","221",53.280432,5.011863,"GREAT TIT",NA,NA,NA,NA,NA,"",NA,NA,NA,NA,NA,NA,NA,NA,NA,NA,NA,NA,NA,"Unknown"
"H....63826","H....62984",NA,2054,0,1957,1957,"Vlieland","221",53.280432,5.011863,"GREAT TIT",NA,NA,NA,NA,NA,"",NA,NA,NA,NA,NA,NA,NA,NA,NA,NA,NA,NA,NA,"Unknown"
"H....63827","H....62984",NA,2054,0,1957,1957,"Vlieland","221",53.280432,5.011863,"GREAT TIT",NA,NA,NA,NA,NA,"",NA,NA,NA,NA,NA,NA,NA,NA,NA,NA,NA,NA,NA,"Unknown"
"H....63828","H....62984",NA,2054,0,1957,1957,"Vlieland","221",53.280432,5.011863,"GREAT TIT",NA,NA,NA,NA,NA,"",NA,NA,NA,NA,NA,NA,NA,NA,NA,NA,NA,NA,NA,"Unknown"
"H....63829","H....62984",NA,2054,0,1957,1957,"Vlieland","221",53.280432,5.011863,"GREAT TIT",NA,NA,NA,NA,NA,"",NA,NA,NA,NA,NA,NA,NA,NA,NA,NA,NA,NA,NA,"Unknown"
"H....63830","H....62984",NA,2054,0,1957,1957,"Vlieland","221",53.280432,5.011863,"GREAT TIT",NA,NA,NA,NA,NA,"",NA,NA,NA,NA,NA,NA,NA,NA,NA,NA,NA,NA,NA,"Unknown"
"H....63831","H....62984",NA,2054,0,1957,1957,"Vlieland","221",53.280432,5.011863,"GREAT TIT",NA,NA,NA,NA,NA,"",NA,NA,NA,NA,NA,NA,NA,NA,NA,NA,NA,NA,NA,"Unknown"
"H....63832","H....62984",NA,2054,0,1957,1957,"Vlieland","221",53.280432,5.011863,"GREAT TIT",NA,NA,NA,NA,NA,"",NA,NA,NA,NA,NA,NA,NA,NA,NA,NA,NA,NA,NA,"Unknown"
"H....63833","H....62988",NA,2404,0,1957,1957,"Vlieland","679",53.30207,5.06711,"GREAT TIT",NA,NA,NA,NA,NA,"",NA,NA,NA,NA,NA,NA,NA,NA,NA,NA,NA,NA,NA,"Unknown"
"H....63834","H....62988",NA,2404,0,1957,1957,"Vlieland","679",53.30207,5.06711,"GREAT TIT",NA,NA,NA,NA,NA,"",NA,NA,NA,NA,NA,NA,NA,NA,NA,NA,NA,NA,NA,"Unknown"
"H....63835","H....62988",NA,2404,0,1957,1957,"Vlieland","679",53.30207,5.06711,"GREAT TIT",NA,NA,NA,NA,NA,"",NA,NA,NA,NA,NA,NA,NA,NA,NA,NA,NA,NA,NA,"Unknown"
"H....63836","H....62988",NA,2404,0,1957,1957,"Vlieland","679",53.30207,5.06711,"GREAT TIT",NA,NA,NA,NA,NA,"",NA,NA,NA,NA,NA,NA,NA,NA,NA,NA,NA,NA,NA,"Unknown"
"H....63837","H....62988",NA,2404,2,1957,1957,"Vlieland","679",53.30207,5.06711,"GREAT TIT",NA,NA,NA,NA,NA,"",NA,NA,NA,NA,NA,NA,NA,NA,NA,NA,NA,NA,NA,"Male"
"H....63838","H....62988",NA,2404,0,1957,1957,"Vlieland","679",53.30207,5.06711,"GREAT TIT",NA,NA,NA,NA,NA,"",NA,NA,NA,NA,NA,NA,NA,NA,NA,NA,NA,NA,NA,"Unknown"
"H....63839","H....62988",NA,2404,0,1957,1957,"Vlieland","679",53.30207,5.06711,"GREAT TIT",NA,NA,NA,NA,NA,"",NA,NA,NA,NA,NA,NA,NA,NA,NA,NA,NA,NA,NA,"Unknown"
"H....63840","H....62988",NA,2404,0,1957,1957,"Vlieland","679",53.30207,5.06711,"GREAT TIT",NA,NA,NA,NA,NA,"",NA,NA,NA,NA,NA,NA,NA,NA,NA,NA,NA,NA,NA,"Unknown"
"H....63842","H....63899",NA,2739,0,1957,1957,"Vlieland","810",53.29611,5.06619,"GREAT TIT",NA,NA,NA,NA,NA,"",NA,NA,NA,NA,NA,NA,NA,NA,NA,NA,NA,NA,NA,"Unknown"
"H....63843","H....63899",NA,2739,0,1957,1957,"Vlieland","810",53.29611,5.06619,"GREAT TIT",NA,NA,NA,NA,NA,"",NA,NA,NA,NA,NA,NA,NA,NA,NA,NA,NA,NA,NA,"Unknown"
"H....63844","H....63899",NA,2739,0,1957,1957,"Vlieland","810",53.29611,5.06619,"GREAT TIT",NA,NA,NA,NA,NA,"",NA,NA,NA,NA,NA,NA,NA,NA,NA,NA,NA,NA,NA,"Unknown"
"H....63845","H....63899",NA,2739,0,1957,1957,"Vlieland","810",53.29611,5.06619,"GREAT TIT",NA,NA,NA,NA,NA,"",NA,NA,NA,NA,NA,NA,NA,NA,NA,NA,NA,NA,NA,"Unknown"
"H....63846","H....63899",NA,2739,0,1957,1957,"Vlieland","810",53.29611,5.06619,"GREAT TIT",NA,NA,NA,NA,NA,"",NA,NA,NA,NA,NA,NA,NA,NA,NA,NA,NA,NA,NA,"Unknown"
"H....63847","H....63899",NA,2739,0,1957,1957,"Vlieland","810",53.29611,5.06619,"GREAT TIT",NA,NA,NA,NA,NA,"",NA,NA,NA,NA,NA,NA,NA,NA,NA,NA,NA,NA,NA,"Unknown"
"H....63848","H....63899",NA,2739,0,1957,1957,"Vlieland","810",53.29611,5.06619,"GREAT TIT",NA,NA,NA,NA,NA,"",NA,NA,NA,NA,NA,NA,NA,NA,NA,NA,NA,NA,NA,"Unknown"
"H....77308","H....43624",NA,2584,0,1957,1957,"Vlieland","-11",53.29611,5.06619,"GREAT TIT",NA,NA,NA,NA,NA,"",NA,NA,NA,NA,NA,NA,NA,NA,NA,NA,NA,NA,NA,"Unknown"
"H....77309","H....43624",NA,2584,0,1957,1957,"Vlieland","-11",53.29611,5.06619,"GREAT TIT",NA,NA,NA,NA,NA,"",NA,NA,NA,NA,NA,NA,NA,NA,NA,NA,NA,NA,NA,"Unknown"
"H....77310","H....43624",NA,2584,0,1957,1957,"Vlieland","-11",53.29611,5.06619,"GREAT TIT",NA,NA,NA,NA,NA,"",NA,NA,NA,NA,NA,NA,NA,NA,NA,NA,NA,NA,NA,"Unknown"
"H....77311","H....43624",NA,2584,0,1957,1957,"Vlieland","-11",53.29611,5.06619,"GREAT TIT",NA,NA,NA,NA,NA,"",NA,NA,NA,NA,NA,NA,NA,NA,NA,NA,NA,NA,NA,"Unknown"
"H....77312","H....43624",NA,2584,0,1957,1957,"Vlieland","-11",53.29611,5.06619,"GREAT TIT",NA,NA,NA,NA,NA,"",NA,NA,NA,NA,NA,NA,NA,NA,NA,NA,NA,NA,NA,"Unknown"
"H....77313","H....43624",NA,2584,0,1957,1957,"Vlieland","-11",53.29611,5.06619,"GREAT TIT",NA,NA,NA,NA,NA,"",NA,NA,NA,NA,NA,NA,NA,NA,NA,NA,NA,NA,NA,"Unknown"
"H....77314","H....43624",NA,2584,0,1957,1957,"Vlieland","-11",53.29611,5.06619,"GREAT TIT",NA,NA,NA,NA,NA,"",NA,NA,NA,NA,NA,NA,NA,NA,NA,NA,NA,NA,NA,"Unknown"
"H....77315","H....43624",NA,2584,0,1957,1957,"Vlieland","-11",53.29611,5.06619,"GREAT TIT",NA,NA,NA,NA,NA,"",NA,NA,NA,NA,NA,NA,NA,NA,NA,NA,NA,NA,NA,"Unknown"
"H....77316","H....43624",NA,2584,0,1957,1957,"Vlieland","-11",53.29611,5.06619,"GREAT TIT",NA,NA,NA,NA,NA,"",NA,NA,NA,NA,NA,NA,NA,NA,NA,NA,NA,NA,NA,"Unknown"
"H....77426","H....62858",NA,2222,0,1957,1957,"Vlieland","424",53.300654,5.06946,"GREAT TIT",NA,NA,NA,NA,NA,"",NA,NA,NA,NA,NA,NA,NA,NA,NA,NA,NA,NA,NA,"Unknown"
"H....77427","H....62858",NA,2222,0,1957,1957,"Vlieland","424",53.300654,5.06946,"GREAT TIT",NA,NA,NA,NA,NA,"",NA,NA,NA,NA,NA,NA,NA,NA,NA,NA,NA,NA,NA,"Unknown"
"H....77428","H....62858",NA,2222,0,1957,1957,"Vlieland","424",53.300654,5.06946,"GREAT TIT",NA,NA,NA,NA,NA,"",NA,NA,NA,NA,NA,NA,NA,NA,NA,NA,NA,NA,NA,"Unknown"
"H....77429","H....62858",NA,2222,0,1957,1957,"Vlieland","424",53.300654,5.06946,"GREAT TIT",NA,NA,NA,NA,NA,"",NA,NA,NA,NA,NA,NA,NA,NA,NA,NA,NA,NA,NA,"Unknown"
"H....77430","H....62858",NA,2222,0,1957,1957,"Vlieland","424",53.300654,5.06946,"GREAT TIT",NA,NA,NA,NA,NA,"",NA,NA,NA,NA,NA,NA,NA,NA,NA,NA,NA,NA,NA,"Unknown"
"H....77431","H....62858",NA,2222,0,1957,1957,"Vlieland","424",53.300654,5.06946,"GREAT TIT",NA,NA,NA,NA,NA,"",NA,NA,NA,NA,NA,NA,NA,NA,NA,NA,NA,NA,NA,"Unknown"
"H....77432","H....62858",NA,2222,0,1957,1957,"Vlieland","424",53.300654,5.06946,"GREAT TIT",NA,NA,NA,NA,NA,"",NA,NA,NA,NA,NA,NA,NA,NA,NA,NA,NA,NA,NA,"Unknown"
"H....77433","H....62858",NA,2222,1,1957,1957,"Vlieland","424",53.300654,5.06946,"GREAT TIT",NA,NA,NA,NA,NA,"",NA,NA,NA,NA,NA,NA,NA,NA,NA,NA,NA,NA,NA,"Female"
"H....77434","H....63899",NA,2739,0,1957,1957,"Vlieland","810",53.29611,5.06619,"GREAT TIT",NA,NA,NA,NA,NA,"",NA,NA,NA,NA,NA,NA,NA,NA,NA,NA,NA,NA,NA,"Unknown"
"H....77435","H....63899",NA,2739,0,1957,1957,"Vlieland","810",53.29611,5.06619,"GREAT TIT",NA,NA,NA,NA,NA,"",NA,NA,NA,NA,NA,NA,NA,NA,NA,NA,NA,NA,NA,"Unknown"
"H....83674","H....63100","H....62701",2581,0,1957,1957,"Vlieland","-15",53.29611,5.06619,"GREAT TIT",NA,NA,NA,NA,NA,"",NA,NA,NA,NA,NA,NA,NA,NA,NA,NA,NA,NA,NA,"Unknown"
"H....83675","H....63100","H....62701",2581,0,1957,1957,"Vlieland","-15",53.29611,5.06619,"GREAT TIT",NA,NA,NA,NA,NA,"",NA,NA,NA,NA,NA,NA,NA,NA,NA,NA,NA,NA,NA,"Unknown"
"H....83676","H....63100","H....62701",2581,0,1957,1957,"Vlieland","-15",53.29611,5.06619,"GREAT TIT",NA,NA,NA,NA,NA,"",NA,NA,NA,NA,NA,NA,NA,NA,NA,NA,NA,NA,NA,"Unknown"
"H....83677","H....63100","H....62701",2581,0,1957,1957,"Vlieland","-15",53.29611,5.06619,"GREAT TIT",NA,NA,NA,NA,NA,"",NA,NA,NA,NA,NA,NA,NA,NA,NA,NA,NA,NA,NA,"Unknown"
"H....83678","H....63100","H....62701",2581,0,1957,1957,"Vlieland","-15",53.29611,5.06619,"GREAT TIT",NA,NA,NA,NA,NA,"",NA,NA,NA,NA,NA,NA,NA,NA,NA,NA,NA,NA,NA,"Unknown"
"H....83679","H....63100","H....62701",2581,0,1957,1957,"Vlieland","-15",53.29611,5.06619,"GREAT TIT",NA,NA,NA,NA,NA,"",NA,NA,NA,NA,NA,NA,NA,NA,NA,NA,NA,NA,NA,"Unknown"
"H....83680","H....63100","H....62701",2581,0,1957,1957,"Vlieland","-15",53.29611,5.06619,"GREAT TIT",NA,NA,NA,NA,NA,"",NA,NA,NA,NA,NA,NA,NA,NA,NA,NA,NA,NA,NA,"Unknown"
"H....83681","H....63100","H....62701",2581,0,1957,1957,"Vlieland","-15",53.29611,5.06619,"GREAT TIT",NA,NA,NA,NA,NA,"",NA,NA,NA,NA,NA,NA,NA,NA,NA,NA,NA,NA,NA,"Unknown"
"H....83707","H....62988",NA,2583,0,1957,1957,"Vlieland","-12",53.29611,5.06619,"GREAT TIT",NA,NA,NA,NA,NA,"",NA,NA,NA,NA,NA,NA,NA,NA,NA,NA,NA,NA,NA,"Unknown"
"H....83708","H....62988",NA,2583,0,1957,1957,"Vlieland","-12",53.29611,5.06619,"GREAT TIT",NA,NA,NA,NA,NA,"",NA,NA,NA,NA,NA,NA,NA,NA,NA,NA,NA,NA,NA,"Unknown"
"H....83709","H....62988",NA,2583,0,1957,1957,"Vlieland","-12",53.29611,5.06619,"GREAT TIT",NA,NA,NA,NA,NA,"",NA,NA,NA,NA,NA,NA,NA,NA,NA,NA,NA,NA,NA,"Unknown"
"H....83710","H....62988",NA,2583,0,1957,1957,"Vlieland","-12",53.29611,5.06619,"GREAT TIT",NA,NA,NA,NA,NA,"",NA,NA,NA,NA,NA,NA,NA,NA,NA,NA,NA,NA,NA,"Unknown"
"H....83711","H....62988",NA,2583,0,1957,1957,"Vlieland","-12",53.29611,5.06619,"GREAT TIT",NA,NA,NA,NA,NA,"",NA,NA,NA,NA,NA,NA,NA,NA,NA,NA,NA,NA,NA,"Unknown"
"H....83712","H....62988",NA,2583,0,1957,1957,"Vlieland","-12",53.29611,5.06619,"GREAT TIT",NA,NA,NA,NA,NA,"",NA,NA,NA,NA,NA,NA,NA,NA,NA,NA,NA,NA,NA,"Unknown"
"H....83924","H....63089",NA,2221,0,1957,1957,"Vlieland","423",53.301115,5.070919,"GREAT TIT",NA,NA,NA,NA,NA,"",NA,NA,NA,NA,NA,NA,NA,NA,NA,NA,NA,NA,NA,"Unknown"
"H....83925","H....63089",NA,2221,0,1957,1957,"Vlieland","423",53.301115,5.070919,"GREAT TIT",NA,NA,NA,NA,NA,"",NA,NA,NA,NA,NA,NA,NA,NA,NA,NA,NA,NA,NA,"Unknown"
"H....83926","H....63089",NA,2221,0,1957,1957,"Vlieland","423",53.301115,5.070919,"GREAT TIT",NA,NA,NA,NA,NA,"",NA,NA,NA,NA,NA,NA,NA,NA,NA,NA,NA,NA,NA,"Unknown"
"H....83927","H....63089",NA,2221,0,1957,1957,"Vlieland","423",53.301115,5.070919,"GREAT TIT",NA,NA,NA,NA,NA,"",NA,NA,NA,NA,NA,NA,NA,NA,NA,NA,NA,NA,NA,"Unknown"
"H....83928","H....63089",NA,2221,0,1957,1957,"Vlieland","423",53.301115,5.070919,"GREAT TIT",NA,NA,NA,NA,NA,"",NA,NA,NA,NA,NA,NA,NA,NA,NA,NA,NA,NA,NA,"Unknown"
"H....83986","H....45924",NA,2053,0,1957,1957,"Vlieland","220",53.279941,5.015193,"GREAT TIT",NA,NA,NA,NA,NA,"",NA,NA,NA,NA,NA,NA,NA,NA,NA,NA,NA,NA,NA,"Unknown"
"H....83987","H....45924",NA,2053,0,1957,1957,"Vlieland","220",53.279941,5.015193,"GREAT TIT",NA,NA,NA,NA,NA,"",NA,NA,NA,NA,NA,NA,NA,NA,NA,NA,NA,NA,NA,"Unknown"
"H....86284","A....38315","A....38316",2223,0,1958,1958,"Vlieland","425",53.30207,5.06711,"GREAT TIT",NA,NA,NA,NA,NA,"",NA,NA,NA,NA,NA,NA,NA,NA,NA,NA,NA,NA,NA,"Unknown"
"H....86285","A....38315","A....38316",2223,2,1958,1958,"Vlieland","425",53.30207,5.06711,"GREAT TIT",NA,NA,NA,NA,NA,"",NA,NA,NA,NA,NA,NA,NA,NA,NA,NA,NA,NA,NA,"Male"
"H....86286","A....38315","A....38316",2223,0,1958,1958,"Vlieland","425",53.30207,5.06711,"GREAT TIT",NA,NA,NA,NA,NA,"",NA,NA,NA,NA,NA,NA,NA,NA,NA,NA,NA,NA,NA,"Unknown"
"H....86287","A....38315","A....38316",2223,0,1958,1958,"Vlieland","425",53.30207,5.06711,"GREAT TIT",NA,NA,NA,NA,NA,"",NA,NA,NA,NA,NA,NA,NA,NA,NA,NA,NA,NA,NA,"Unknown"
"H....86288","A....38315","A....38316",2223,0,1958,1958,"Vlieland","425",53.30207,5.06711,"GREAT TIT",NA,NA,NA,NA,NA,"",NA,NA,NA,NA,NA,NA,NA,NA,NA,NA,NA,NA,NA,"Unknown"
"H....86289","A....38315","A....38316",2223,0,1958,1958,"Vlieland","425",53.30207,5.06711,"GREAT TIT",NA,NA,NA,NA,NA,"",NA,NA,NA,NA,NA,NA,NA,NA,NA,NA,NA,NA,NA,"Unknown"
"H....86290","A....38315","A....38316",2223,0,1958,1958,"Vlieland","425",53.30207,5.06711,"GREAT TIT",NA,NA,NA,NA,NA,"",NA,NA,NA,NA,NA,NA,NA,NA,NA,NA,NA,NA,NA,"Unknown"
"N....32550","A....71911","A....39432",2408,0,1960,1960,"Vlieland","685",53.30207,5.06711,"GREAT TIT",NA,NA,NA,NA,NA,"",NA,NA,NA,NA,NA,NA,NA,NA,NA,NA,NA,NA,NA,"Unknown"
"N....32551","A....71911","A....39432",2408,0,1960,1960,"Vlieland","685",53.30207,5.06711,"GREAT TIT",NA,NA,NA,NA,NA,"",NA,NA,NA,NA,NA,NA,NA,NA,NA,NA,NA,NA,NA,"Unknown"
"N....32552","A....71911","A....39432",2408,0,1960,1960,"Vlieland","685",53.30207,5.06711,"GREAT TIT",NA,NA,NA,NA,NA,"",NA,NA,NA,NA,NA,NA,NA,NA,NA,NA,NA,NA,NA,"Unknown"
"N....32553","A....71911","A....39432",2408,0,1960,1960,"Vlieland","685",53.30207,5.06711,"GREAT TIT",NA,NA,NA,NA,NA,"",NA,NA,NA,NA,NA,NA,NA,NA,NA,NA,NA,NA,NA,"Unknown"
"N....32554","A....71911","A....39432",2408,0,1960,1960,"Vlieland","685",53.30207,5.06711,"GREAT TIT",NA,NA,NA,NA,NA,"",NA,NA,NA,NA,NA,NA,NA,NA,NA,NA,NA,NA,NA,"Unknown"
"N....32555","A....71911","A....39432",2408,0,1960,1960,"Vlieland","685",53.30207,5.06711,"GREAT TIT",NA,NA,NA,NA,NA,"",NA,NA,NA,NA,NA,NA,NA,NA,NA,NA,NA,NA,NA,"Unknown"
"N....32556","A....71911","A....39432",2408,0,1960,1960,"Vlieland","685",53.30207,5.06711,"GREAT TIT",NA,NA,NA,NA,NA,"",NA,NA,NA,NA,NA,NA,NA,NA,NA,NA,NA,NA,NA,"Unknown"
"N....32557","A....71911","A....39432",2408,0,1960,1960,"Vlieland","685",53.30207,5.06711,"GREAT TIT",NA,NA,NA,NA,NA,"",NA,NA,NA,NA,NA,NA,NA,NA,NA,NA,NA,NA,NA,"Unknown"
"N....33120","A....79697","A....38792",10794,0,1960,1960,"Vlieland","1046",53.299105,5.087273,"GREAT TIT",NA,NA,NA,NA,NA,"",NA,NA,NA,NA,NA,NA,NA,NA,NA,NA,NA,NA,NA,"Unknown"
"N....33121","A....79697","A....38792",10794,0,1960,1960,"Vlieland","1046",53.299105,5.087273,"GREAT TIT",NA,NA,NA,NA,NA,"",NA,NA,NA,NA,NA,NA,NA,NA,NA,NA,NA,NA,NA,"Unknown"
"N....33122","A....79697","A....38792",10794,1,1960,1960,"Vlieland","1046",53.299105,5.087273,"GREAT TIT",NA,NA,NA,NA,NA,"",NA,NA,NA,NA,NA,NA,NA,NA,NA,NA,NA,NA,NA,"Female"
"N....33123","A....79697","A....38792",10794,0,1960,1960,"Vlieland","1046",53.299105,5.087273,"GREAT TIT",NA,NA,NA,NA,NA,"",NA,NA,NA,NA,NA,NA,NA,NA,NA,NA,NA,NA,NA,"Unknown"
"N....33124","A....79697","A....38792",10794,0,1960,1960,"Vlieland","1046",53.299105,5.087273,"GREAT TIT",NA,NA,NA,NA,NA,"",NA,NA,NA,NA,NA,NA,NA,NA,NA,NA,NA,NA,NA,"Unknown"
"N....33361","N....33317",NA,10798,0,1961,1961,"Vlieland","1050",53.298728,5.088721,"GREAT TIT",NA,NA,NA,NA,NA,"",NA,NA,NA,NA,NA,NA,NA,NA,NA,NA,NA,NA,NA,"Unknown"
"N....33362","N....33317",NA,10798,0,1961,1961,"Vlieland","1050",53.298728,5.088721,"GREAT TIT",NA,NA,NA,NA,NA,"",NA,NA,NA,NA,NA,NA,NA,NA,NA,NA,NA,NA,NA,"Unknown"
"N....33363","N....33317",NA,10798,0,1961,1961,"Vlieland","1050",53.298728,5.088721,"GREAT TIT",NA,NA,NA,NA,NA,"",NA,NA,NA,NA,NA,NA,NA,NA,NA,NA,NA,NA,NA,"Unknown"
"N....33364","N....33317",NA,10798,0,1961,1961,"Vlieland","1050",53.298728,5.088721,"GREAT TIT",NA,NA,NA,NA,NA,"",NA,NA,NA,NA,NA,NA,NA,NA,NA,NA,NA,NA,NA,"Unknown"
"N....33365","N....33317",NA,10798,0,1961,1961,"Vlieland","1050",53.298728,5.088721,"GREAT TIT",NA,NA,NA,NA,NA,"",NA,NA,NA,NA,NA,NA,NA,NA,NA,NA,NA,NA,NA,"Unknown"
"N....33366","N....33317",NA,10798,0,1961,1961,"Vlieland","1050",53.298728,5.088721,"GREAT TIT",NA,NA,NA,NA,NA,"",NA,NA,NA,NA,NA,NA,NA,NA,NA,NA,NA,NA,NA,"Unknown"
"N....33367","N....33317",NA,10798,0,1961,1961,"Vlieland","1050",53.298728,5.088721,"GREAT TIT",NA,NA,NA,NA,NA,"",NA,NA,NA,NA,NA,NA,NA,NA,NA,NA,NA,NA,NA,"Unknown"
"N....33368","N....33317",NA,10798,0,1961,1961,"Vlieland","1050",53.298728,5.088721,"GREAT TIT",NA,NA,NA,NA,NA,"",NA,NA,NA,NA,NA,NA,NA,NA,NA,NA,NA,NA,NA,"Unknown"
"N....33369","N....33317",NA,10798,0,1961,1961,"Vlieland","1050",53.298728,5.088721,"GREAT TIT",NA,NA,NA,NA,NA,"",NA,NA,NA,NA,NA,NA,NA,NA,NA,NA,NA,NA,NA,"Unknown"
"N....33370","N....33317",NA,10798,0,1961,1961,"Vlieland","1050",53.298728,5.088721,"GREAT TIT",NA,NA,NA,NA,NA,"",NA,NA,NA,NA,NA,NA,NA,NA,NA,NA,NA,NA,NA,"Unknown"
"N....33371","N....33317",NA,10798,0,1961,1961,"Vlieland","1050",53.298728,5.088721,"GREAT TIT",NA,NA,NA,NA,NA,"",NA,NA,NA,NA,NA,NA,NA,NA,NA,NA,NA,NA,NA,"Unknown"
"N....33372","N....33317",NA,10798,0,1961,1961,"Vlieland","1050",53.298728,5.088721,"GREAT TIT",NA,NA,NA,NA,NA,"",NA,NA,NA,NA,NA,NA,NA,NA,NA,NA,NA,NA,NA,"Unknown"
"N....33525","N....73601","N....33091",2744,0,1961,1961,"Vlieland","818",53.29611,5.06619,"GREAT TIT",NA,NA,NA,NA,NA,"",NA,NA,NA,NA,NA,NA,NA,NA,NA,NA,NA,NA,NA,"Unknown"
"N....33526","N....73601","N....33091",2744,1,1961,1961,"Vlieland","818",53.29611,5.06619,"GREAT TIT",NA,NA,NA,NA,NA,"",NA,NA,NA,NA,NA,NA,NA,NA,NA,NA,NA,NA,NA,"Female"
"N....33527","N....73601","N....33091",2744,0,1961,1961,"Vlieland","818",53.29611,5.06619,"GREAT TIT",NA,NA,NA,NA,NA,"",NA,NA,NA,NA,NA,NA,NA,NA,NA,NA,NA,NA,NA,"Unknown"
"N....33528","N....73601","N....33091",2744,0,1961,1961,"Vlieland","818",53.29611,5.06619,"GREAT TIT",NA,NA,NA,NA,NA,"",NA,NA,NA,NA,NA,NA,NA,NA,NA,NA,NA,NA,NA,"Unknown"
"N....33529","N....73601","N....33091",2744,0,1961,1961,"Vlieland","818",53.29611,5.06619,"GREAT TIT",NA,NA,NA,NA,NA,"",NA,NA,NA,NA,NA,NA,NA,NA,NA,NA,NA,NA,NA,"Unknown"
"N....33530","N....73601","N....33091",2744,0,1961,1961,"Vlieland","818",53.29611,5.06619,"GREAT TIT",NA,NA,NA,NA,NA,"",NA,NA,NA,NA,NA,NA,NA,NA,NA,NA,NA,NA,NA,"Unknown"
"N....33531","N....73601","N....33091",2744,0,1961,1961,"Vlieland","818",53.29611,5.06619,"GREAT TIT",NA,NA,NA,NA,NA,"",NA,NA,NA,NA,NA,NA,NA,NA,NA,NA,NA,NA,NA,"Unknown"
"N....33532","N....73601","N....33091",2744,0,1961,1961,"Vlieland","818",53.29611,5.06619,"GREAT TIT",NA,NA,NA,NA,NA,"",NA,NA,NA,NA,NA,NA,NA,NA,NA,NA,NA,NA,NA,"Unknown"
"N....33541","N....73702","A....80995",2588,0,1961,1961,"Vlieland","-7",53.29611,5.06619,"GREAT TIT",NA,NA,NA,NA,NA,"",NA,NA,NA,NA,NA,NA,NA,NA,NA,NA,NA,NA,NA,"Unknown"
"N....33542","N....73702","A....80995",2588,0,1961,1961,"Vlieland","-7",53.29611,5.06619,"GREAT TIT",NA,NA,NA,NA,NA,"",NA,NA,NA,NA,NA,NA,NA,NA,NA,NA,NA,NA,NA,"Unknown"
"N....33543","N....73702","A....80995",2588,0,1961,1961,"Vlieland","-7",53.29611,5.06619,"GREAT TIT",NA,NA,NA,NA,NA,"",NA,NA,NA,NA,NA,NA,NA,NA,NA,NA,NA,NA,NA,"Unknown"
"N....33544","N....73702","A....80995",2588,0,1961,1961,"Vlieland","-7",53.29611,5.06619,"GREAT TIT",NA,NA,NA,NA,NA,"",NA,NA,NA,NA,NA,NA,NA,NA,NA,NA,NA,NA,NA,"Unknown"
"N....33545","N....73702","A....80995",2588,0,1961,1961,"Vlieland","-7",53.29611,5.06619,"GREAT TIT",NA,NA,NA,NA,NA,"",NA,NA,NA,NA,NA,NA,NA,NA,NA,NA,NA,NA,NA,"Unknown"
"N....33546","N....73702","A....80995",2588,0,1961,1961,"Vlieland","-7",53.29611,5.06619,"GREAT TIT",NA,NA,NA,NA,NA,"",NA,NA,NA,NA,NA,NA,NA,NA,NA,NA,NA,NA,NA,"Unknown"
"N....33547","N....73702","A....80995",2588,0,1961,1961,"Vlieland","-7",53.29611,5.06619,"GREAT TIT",NA,NA,NA,NA,NA,"",NA,NA,NA,NA,NA,NA,NA,NA,NA,NA,NA,NA,NA,"Unknown"
"N....33548","N....73702","A....80995",2588,0,1961,1961,"Vlieland","-7",53.29611,5.06619,"GREAT TIT",NA,NA,NA,NA,NA,"",NA,NA,NA,NA,NA,NA,NA,NA,NA,NA,NA,NA,NA,"Unknown"
"N....73023","N....33140","N....32237",2059,0,1961,1961,"Vlieland","226",53.280609,5.008192,"GREAT TIT",NA,NA,NA,NA,NA,"",NA,NA,NA,NA,NA,NA,NA,NA,NA,NA,NA,NA,NA,"Unknown"
"N....73024","N....33140","N....32237",2059,0,1961,1961,"Vlieland","226",53.280609,5.008192,"GREAT TIT",NA,NA,NA,NA,NA,"",NA,NA,NA,NA,NA,NA,NA,NA,NA,NA,NA,NA,NA,"Unknown"
"N....73025","N....33140","N....32237",2059,0,1961,1961,"Vlieland","226",53.280609,5.008192,"GREAT TIT",NA,NA,NA,NA,NA,"",NA,NA,NA,NA,NA,NA,NA,NA,NA,NA,NA,NA,NA,"Unknown"
"N....73026","N....33140","N....32237",2059,0,1961,1961,"Vlieland","226",53.280609,5.008192,"GREAT TIT",NA,NA,NA,NA,NA,"",NA,NA,NA,NA,NA,NA,NA,NA,NA,NA,NA,NA,NA,"Unknown"
"N....73027","N....33140","N....32237",2059,0,1961,1961,"Vlieland","226",53.280609,5.008192,"GREAT TIT",NA,NA,NA,NA,NA,"",NA,NA,NA,NA,NA,NA,NA,NA,NA,NA,NA,NA,NA,"Unknown"
"N....73170","A....80742","N....33729",10797,0,1961,1961,"Vlieland","1049",53.299328,5.087718,"GREAT TIT",NA,NA,NA,NA,NA,"",NA,NA,NA,NA,NA,NA,NA,NA,NA,NA,NA,NA,NA,"Unknown"
"N....73171","A....80742","N....33729",10797,0,1961,1961,"Vlieland","1049",53.299328,5.087718,"GREAT TIT",NA,NA,NA,NA,NA,"",NA,NA,NA,NA,NA,NA,NA,NA,NA,NA,NA,NA,NA,"Unknown"
"N....73172","A....80742","N....33729",10797,0,1961,1961,"Vlieland","1049",53.299328,5.087718,"GREAT TIT",NA,NA,NA,NA,NA,"",NA,NA,NA,NA,NA,NA,NA,NA,NA,NA,NA,NA,NA,"Unknown"
"N....73173","A....80742","N....33729",10797,0,1961,1961,"Vlieland","1049",53.299328,5.087718,"GREAT TIT",NA,NA,NA,NA,NA,"",NA,NA,NA,NA,NA,NA,NA,NA,NA,NA,NA,NA,NA,"Unknown"
"N....73174","A....80742","N....33729",10797,0,1961,1961,"Vlieland","1049",53.299328,5.087718,"GREAT TIT",NA,NA,NA,NA,NA,"",NA,NA,NA,NA,NA,NA,NA,NA,NA,NA,NA,NA,NA,"Unknown"
"N....73175","A....80742","N....33729",10797,0,1961,1961,"Vlieland","1049",53.299328,5.087718,"GREAT TIT",NA,NA,NA,NA,NA,"",NA,NA,NA,NA,NA,NA,NA,NA,NA,NA,NA,NA,NA,"Unknown"
"N....73176","A....80742","N....33729",10797,0,1961,1961,"Vlieland","1049",53.299328,5.087718,"GREAT TIT",NA,NA,NA,NA,NA,"",NA,NA,NA,NA,NA,NA,NA,NA,NA,NA,NA,NA,NA,"Unknown"
"N....73177","A....80742","N....33729",10797,0,1961,1961,"Vlieland","1049",53.299328,5.087718,"GREAT TIT",NA,NA,NA,NA,NA,"",NA,NA,NA,NA,NA,NA,NA,NA,NA,NA,NA,NA,NA,"Unknown"
"N....73178","A....80742","N....33729",10797,0,1961,1961,"Vlieland","1049",53.299328,5.087718,"GREAT TIT",NA,NA,NA,NA,NA,"",NA,NA,NA,NA,NA,NA,NA,NA,NA,NA,NA,NA,NA,"Unknown"
"N....73179","A....80742","N....33729",10797,0,1961,1961,"Vlieland","1049",53.299328,5.087718,"GREAT TIT",NA,NA,NA,NA,NA,"",NA,NA,NA,NA,NA,NA,NA,NA,NA,NA,NA,NA,NA,"Unknown"
"N....73654","N....32378","A....80670",2743,0,1961,1961,"Vlieland","817",53.29611,5.06619,"GREAT TIT",NA,NA,NA,NA,NA,"",NA,NA,NA,NA,NA,NA,NA,NA,NA,NA,NA,NA,NA,"Unknown"
"N....73655","N....32378","A....80670",2743,0,1961,1961,"Vlieland","817",53.29611,5.06619,"GREAT TIT",NA,NA,NA,NA,NA,"",NA,NA,NA,NA,NA,NA,NA,NA,NA,NA,NA,NA,NA,"Unknown"
"N....73656","N....32378","A....80670",2743,0,1961,1961,"Vlieland","817",53.29611,5.06619,"GREAT TIT",NA,NA,NA,NA,NA,"",NA,NA,NA,NA,NA,NA,NA,NA,NA,NA,NA,NA,NA,"Unknown"
"N....73657","N....32378","A....80670",2743,0,1961,1961,"Vlieland","817",53.29611,5.06619,"GREAT TIT",NA,NA,NA,NA,NA,"",NA,NA,NA,NA,NA,NA,NA,NA,NA,NA,NA,NA,NA,"Unknown"
"N....73658","N....32378","A....80670",2743,0,1961,1961,"Vlieland","817",53.29611,5.06619,"GREAT TIT",NA,NA,NA,NA,NA,"",NA,NA,NA,NA,NA,NA,NA,NA,NA,NA,NA,NA,NA,"Unknown"
"N....73659","N....32378","A....80670",2743,0,1961,1961,"Vlieland","817",53.29611,5.06619,"GREAT TIT",NA,NA,NA,NA,NA,"",NA,NA,NA,NA,NA,NA,NA,NA,NA,NA,NA,NA,NA,"Unknown"
"N....73660","N....32378","A....80670",2743,0,1961,1961,"Vlieland","817",53.29611,5.06619,"GREAT TIT",NA,NA,NA,NA,NA,"",NA,NA,NA,NA,NA,NA,NA,NA,NA,NA,NA,NA,NA,"Unknown"
"N....73661","N....32378","A....80670",2743,0,1961,1961,"Vlieland","817",53.29611,5.06619,"GREAT TIT",NA,NA,NA,NA,NA,"",NA,NA,NA,NA,NA,NA,NA,NA,NA,NA,NA,NA,NA,"Unknown"
"N....73662","N....32378","A....80670",2743,0,1961,1961,"Vlieland","817",53.29611,5.06619,"GREAT TIT",NA,NA,NA,NA,NA,"",NA,NA,NA,NA,NA,NA,NA,NA,NA,NA,NA,NA,NA,"Unknown"
"N....74219","A....71663","A....39432",2231,0,1961,1961,"Vlieland","431",53.30207,5.06711,"GREAT TIT",NA,NA,NA,NA,NA,"",NA,NA,NA,NA,NA,NA,NA,NA,NA,NA,NA,NA,NA,"Unknown"
"N....74220","A....71663","A....39432",2231,0,1961,1961,"Vlieland","431",53.30207,5.06711,"GREAT TIT",NA,NA,NA,NA,NA,"",NA,NA,NA,NA,NA,NA,NA,NA,NA,NA,NA,NA,NA,"Unknown"
"N....74221","A....71663","A....39432",2231,0,1961,1961,"Vlieland","431",53.30207,5.06711,"GREAT TIT",NA,NA,NA,NA,NA,"",NA,NA,NA,NA,NA,NA,NA,NA,NA,NA,NA,NA,NA,"Unknown"
"N....74222","A....71663","A....39432",2231,0,1961,1961,"Vlieland","431",53.30207,5.06711,"GREAT TIT",NA,NA,NA,NA,NA,"",NA,NA,NA,NA,NA,NA,NA,NA,NA,NA,NA,NA,NA,"Unknown"
"N....74223","A....71663","A....39432",2231,0,1961,1961,"Vlieland","431",53.30207,5.06711,"GREAT TIT",NA,NA,NA,NA,NA,"",NA,NA,NA,NA,NA,NA,NA,NA,NA,NA,NA,NA,NA,"Unknown"
"N....74224","A....71663","A....39432",2231,0,1961,1961,"Vlieland","431",53.30207,5.06711,"GREAT TIT",NA,NA,NA,NA,NA,"",NA,NA,NA,NA,NA,NA,NA,NA,NA,NA,NA,NA,NA,"Unknown"
"N....74225","A....71663","A....39432",2231,0,1961,1961,"Vlieland","431",53.30207,5.06711,"GREAT TIT",NA,NA,NA,NA,NA,"",NA,NA,NA,NA,NA,NA,NA,NA,NA,NA,NA,NA,NA,"Unknown"
"N....74226","A....71663","A....39432",2231,0,1961,1961,"Vlieland","431",53.30207,5.06711,"GREAT TIT",NA,NA,NA,NA,NA,"",NA,NA,NA,NA,NA,NA,NA,NA,NA,NA,NA,NA,NA,"Unknown"
"N....74263","N....32370","A....80280",2409,0,1961,1961,"Vlieland","686",53.30207,5.06711,"GREAT TIT",NA,NA,NA,NA,NA,"",NA,NA,NA,NA,NA,NA,NA,NA,NA,NA,NA,NA,NA,"Unknown"
"N....74264","N....32370","A....80280",2409,0,1961,1961,"Vlieland","686",53.30207,5.06711,"GREAT TIT",NA,NA,NA,NA,NA,"",NA,NA,NA,NA,NA,NA,NA,NA,NA,NA,NA,NA,NA,"Unknown"
"N....74265","N....32370","A....80280",2409,0,1961,1961,"Vlieland","686",53.30207,5.06711,"GREAT TIT",NA,NA,NA,NA,NA,"",NA,NA,NA,NA,NA,NA,NA,NA,NA,NA,NA,NA,NA,"Unknown"
"N....74266","N....32370","A....80280",2409,0,1961,1961,"Vlieland","686",53.30207,5.06711,"GREAT TIT",NA,NA,NA,NA,NA,"",NA,NA,NA,NA,NA,NA,NA,NA,NA,NA,NA,NA,NA,"Unknown"
"N....74267","N....32370","A....80280",2409,0,1961,1961,"Vlieland","686",53.30207,5.06711,"GREAT TIT",NA,NA,NA,NA,NA,"",NA,NA,NA,NA,NA,NA,NA,NA,NA,NA,NA,NA,NA,"Unknown"
"N....74268","N....32370","A....80280",2409,0,1961,1961,"Vlieland","686",53.30207,5.06711,"GREAT TIT",NA,NA,NA,NA,NA,"",NA,NA,NA,NA,NA,NA,NA,NA,NA,NA,NA,NA,NA,"Unknown"
"N....84049","N....32370","A....80280",2229,0,1961,1961,"Vlieland","430",53.30207,5.06711,"GREAT TIT",NA,NA,NA,NA,NA,"",NA,NA,NA,NA,NA,NA,NA,NA,NA,NA,NA,NA,NA,"Unknown"
"N....84050","N....32370","A....80280",2229,0,1961,1961,"Vlieland","430",53.30207,5.06711,"GREAT TIT",NA,NA,NA,NA,NA,"",NA,NA,NA,NA,NA,NA,NA,NA,NA,NA,NA,NA,NA,"Unknown"
"N....84051","N....32370","A....80280",2229,0,1961,1961,"Vlieland","430",53.30207,5.06711,"GREAT TIT",NA,NA,NA,NA,NA,"",NA,NA,NA,NA,NA,NA,NA,NA,NA,NA,NA,NA,NA,"Unknown"
"N....84052","N....32370","A....80280",2229,0,1961,1961,"Vlieland","430",53.30207,5.06711,"GREAT TIT",NA,NA,NA,NA,NA,"",NA,NA,NA,NA,NA,NA,NA,NA,NA,NA,NA,NA,NA,"Unknown"
"N....84053","N....32370","A....80280",2229,0,1961,1961,"Vlieland","430",53.30207,5.06711,"GREAT TIT",NA,NA,NA,NA,NA,"",NA,NA,NA,NA,NA,NA,NA,NA,NA,NA,NA,NA,NA,"Unknown"
"R....28641",NA,NA,2061,0,1962,1962,"Vlieland","228",53.278283,5.006582,"GREAT TIT",NA,NA,NA,NA,NA,"",NA,NA,NA,NA,NA,NA,NA,NA,NA,NA,NA,NA,NA,"Unknown"
"R....28642",NA,NA,2061,0,1962,1962,"Vlieland","228",53.278283,5.006582,"GREAT TIT",NA,NA,NA,NA,NA,"",NA,NA,NA,NA,NA,NA,NA,NA,NA,NA,NA,NA,NA,"Unknown"
"R....28643",NA,NA,2061,0,1962,1962,"Vlieland","228",53.278283,5.006582,"GREAT TIT",NA,NA,NA,NA,NA,"",NA,NA,NA,NA,NA,NA,NA,NA,NA,NA,NA,NA,NA,"Unknown"
"R....28644",NA,NA,2061,0,1962,1962,"Vlieland","228",53.278283,5.006582,"GREAT TIT",NA,NA,NA,NA,NA,"",NA,NA,NA,NA,NA,NA,NA,NA,NA,NA,NA,NA,NA,"Unknown"
"R....28645",NA,NA,2061,0,1962,1962,"Vlieland","228",53.278283,5.006582,"GREAT TIT",NA,NA,NA,NA,NA,"",NA,NA,NA,NA,NA,NA,NA,NA,NA,NA,NA,NA,NA,"Unknown"
"R....28646",NA,NA,2061,0,1962,1962,"Vlieland","228",53.278283,5.006582,"GREAT TIT",NA,NA,NA,NA,NA,"",NA,NA,NA,NA,NA,NA,NA,NA,NA,NA,NA,NA,NA,"Unknown"
"R....28647",NA,NA,2061,0,1962,1962,"Vlieland","228",53.278283,5.006582,"GREAT TIT",NA,NA,NA,NA,NA,"",NA,NA,NA,NA,NA,NA,NA,NA,NA,NA,NA,NA,NA,"Unknown"
"R....28648",NA,NA,2061,0,1962,1962,"Vlieland","228",53.278283,5.006582,"GREAT TIT",NA,NA,NA,NA,NA,"",NA,NA,NA,NA,NA,NA,NA,NA,NA,NA,NA,NA,NA,"Unknown"
"R....28806","N....32940","N....32944",2234,0,1962,1962,"Vlieland","436",53.299856,5.064523,"GREAT TIT",NA,NA,NA,NA,NA,"",NA,NA,NA,NA,NA,NA,NA,NA,NA,NA,NA,NA,NA,"Unknown"
"R....28807","N....32940","N....32944",2234,0,1962,1962,"Vlieland","436",53.299856,5.064523,"GREAT TIT",NA,NA,NA,NA,NA,"",NA,NA,NA,NA,NA,NA,NA,NA,NA,NA,NA,NA,NA,"Unknown"
"R....28977","A....71663","A....39432",2233,0,1962,1962,"Vlieland","435",53.299736,5.066848,"GREAT TIT",NA,NA,NA,NA,NA,"",NA,NA,NA,NA,NA,NA,NA,NA,NA,NA,NA,NA,NA,"Unknown"
"R....28978","A....71663","A....39432",2233,0,1962,1962,"Vlieland","435",53.299736,5.066848,"GREAT TIT",NA,NA,NA,NA,NA,"",NA,NA,NA,NA,NA,NA,NA,NA,NA,NA,NA,NA,NA,"Unknown"
"R....28979","A....71663","A....39432",2233,0,1962,1962,"Vlieland","435",53.299736,5.066848,"GREAT TIT",NA,NA,NA,NA,NA,"",NA,NA,NA,NA,NA,NA,NA,NA,NA,NA,NA,NA,NA,"Unknown"
"R....28980","A....71663","A....39432",2233,0,1962,1962,"Vlieland","435",53.299736,5.066848,"GREAT TIT",NA,NA,NA,NA,NA,"",NA,NA,NA,NA,NA,NA,NA,NA,NA,NA,NA,NA,NA,"Unknown"
"R....28981","A....71663","A....39432",2233,0,1962,1962,"Vlieland","435",53.299736,5.066848,"GREAT TIT",NA,NA,NA,NA,NA,"",NA,NA,NA,NA,NA,NA,NA,NA,NA,NA,NA,NA,NA,"Unknown"
"R....28982","A....71663","A....39432",2233,0,1962,1962,"Vlieland","435",53.299736,5.066848,"GREAT TIT",NA,NA,NA,NA,NA,"",NA,NA,NA,NA,NA,NA,NA,NA,NA,NA,NA,NA,NA,"Unknown"
"R....28983","A....71663","A....39432",2233,0,1962,1962,"Vlieland","435",53.299736,5.066848,"GREAT TIT",NA,NA,NA,NA,NA,"",NA,NA,NA,NA,NA,NA,NA,NA,NA,NA,NA,NA,NA,"Unknown"
"R....28984","A....71663","A....39432",2233,0,1962,1962,"Vlieland","435",53.299736,5.066848,"GREAT TIT",NA,NA,NA,NA,NA,"",NA,NA,NA,NA,NA,NA,NA,NA,NA,NA,NA,NA,NA,"Unknown"
"R....72508","R....62424","A....71188",2413,0,1963,1963,"Vlieland","689",53.298944,5.061227,"GREAT TIT",NA,NA,NA,NA,NA,"",NA,NA,NA,NA,NA,NA,NA,NA,NA,NA,NA,NA,NA,"Unknown"
"R....72509","R....62424","A....71188",2413,0,1963,1963,"Vlieland","689",53.298944,5.061227,"GREAT TIT",NA,NA,NA,NA,NA,"",NA,NA,NA,NA,NA,NA,NA,NA,NA,NA,NA,NA,NA,"Unknown"
"R....72510","R....62424","A....71188",2413,0,1963,1963,"Vlieland","689",53.298944,5.061227,"GREAT TIT",NA,NA,NA,NA,NA,"",NA,NA,NA,NA,NA,NA,NA,NA,NA,NA,NA,NA,NA,"Unknown"
"R....72511","R....62424","A....71188",2413,0,1963,1963,"Vlieland","689",53.298944,5.061227,"GREAT TIT",NA,NA,NA,NA,NA,"",NA,NA,NA,NA,NA,NA,NA,NA,NA,NA,NA,NA,NA,"Unknown"
"R....72512","R....62424","A....71188",2413,0,1963,1963,"Vlieland","689",53.298944,5.061227,"GREAT TIT",NA,NA,NA,NA,NA,"",NA,NA,NA,NA,NA,NA,NA,NA,NA,NA,NA,NA,NA,"Unknown"
"R....72513","R....62424","A....71188",2413,0,1963,1963,"Vlieland","689",53.298944,5.061227,"GREAT TIT",NA,NA,NA,NA,NA,"",NA,NA,NA,NA,NA,NA,NA,NA,NA,NA,NA,NA,NA,"Unknown"
"R....72514","R....62424","A....71188",2413,0,1963,1963,"Vlieland","689",53.298944,5.061227,"GREAT TIT",NA,NA,NA,NA,NA,"",NA,NA,NA,NA,NA,NA,NA,NA,NA,NA,NA,NA,NA,"Unknown"
"R....72515","R....62424","A....71188",2413,0,1963,1963,"Vlieland","689",53.298944,5.061227,"GREAT TIT",NA,NA,NA,NA,NA,"",NA,NA,NA,NA,NA,NA,NA,NA,NA,NA,NA,NA,NA,"Unknown"
"R....72516","R....62424","A....71188",2413,0,1963,1963,"Vlieland","689",53.298944,5.061227,"GREAT TIT",NA,NA,NA,NA,NA,"",NA,NA,NA,NA,NA,NA,NA,NA,NA,NA,NA,NA,NA,"Unknown"
"R....72776","R....29676","N....96001",2064,0,1963,1963,"Vlieland","229",53.27917,5.01198,"GREAT TIT",NA,NA,NA,NA,NA,"",NA,NA,NA,NA,NA,NA,NA,NA,NA,NA,NA,NA,NA,"Unknown"
"R....72777","R....29676","N....96001",2064,0,1963,1963,"Vlieland","229",53.27917,5.01198,"GREAT TIT",NA,NA,NA,NA,NA,"",NA,NA,NA,NA,NA,NA,NA,NA,NA,NA,NA,NA,NA,"Unknown"
"R....72778","R....29676","N....96001",2064,0,1963,1963,"Vlieland","229",53.27917,5.01198,"GREAT TIT",NA,NA,NA,NA,NA,"",NA,NA,NA,NA,NA,NA,NA,NA,NA,NA,NA,NA,NA,"Unknown"
"R....72779","R....29676","N....96001",2064,0,1963,1963,"Vlieland","229",53.27917,5.01198,"GREAT TIT",NA,NA,NA,NA,NA,"",NA,NA,NA,NA,NA,NA,NA,NA,NA,NA,NA,NA,NA,"Unknown"
"R....72780","R....29676","N....96001",2064,0,1963,1963,"Vlieland","229",53.27917,5.01198,"GREAT TIT",NA,NA,NA,NA,NA,"",NA,NA,NA,NA,NA,NA,NA,NA,NA,NA,NA,NA,NA,"Unknown"
"R....72781","R....29676","N....96001",2064,0,1963,1963,"Vlieland","229",53.27917,5.01198,"GREAT TIT",NA,NA,NA,NA,NA,"",NA,NA,NA,NA,NA,NA,NA,NA,NA,NA,NA,NA,NA,"Unknown"
"R....72782","R....29676","N....96001",2064,0,1963,1963,"Vlieland","229",53.27917,5.01198,"GREAT TIT",NA,NA,NA,NA,NA,"",NA,NA,NA,NA,NA,NA,NA,NA,NA,NA,NA,NA,NA,"Unknown"
"R....72783","R....29676","N....96001",2064,1,1963,1963,"Vlieland","229",53.27917,5.01198,"GREAT TIT",NA,NA,NA,NA,NA,"",NA,NA,NA,NA,NA,NA,NA,NA,NA,NA,NA,NA,NA,"Female"
"R....73300","R....29676","N....96001",2235,0,1963,1963,"Vlieland","437",53.30207,5.06711,"GREAT TIT",NA,NA,NA,NA,NA,"",NA,NA,NA,NA,NA,NA,NA,NA,NA,NA,NA,NA,NA,"Unknown"
"R....73701","R....29676","N....96001",2235,0,1963,1963,"Vlieland","437",53.30207,5.06711,"GREAT TIT",NA,NA,NA,NA,NA,"",NA,NA,NA,NA,NA,NA,NA,NA,NA,NA,NA,NA,NA,"Unknown"
"R....73702","R....29676","N....96001",2235,0,1963,1963,"Vlieland","437",53.30207,5.06711,"GREAT TIT",NA,NA,NA,NA,NA,"",NA,NA,NA,NA,NA,NA,NA,NA,NA,NA,NA,NA,NA,"Unknown"
"R....73703","R....29676","N....96001",2235,0,1963,1963,"Vlieland","437",53.30207,5.06711,"GREAT TIT",NA,NA,NA,NA,NA,"",NA,NA,NA,NA,NA,NA,NA,NA,NA,NA,NA,NA,NA,"Unknown"
"R....73704","R....29676","N....96001",2235,0,1963,1963,"Vlieland","437",53.30207,5.06711,"GREAT TIT",NA,NA,NA,NA,NA,"",NA,NA,NA,NA,NA,NA,NA,NA,NA,NA,NA,NA,NA,"Unknown"
"R....73705","R....29676","N....96001",2235,0,1963,1963,"Vlieland","437",53.30207,5.06711,"GREAT TIT",NA,NA,NA,NA,NA,"",NA,NA,NA,NA,NA,NA,NA,NA,NA,NA,NA,NA,NA,"Unknown"
"S....22554","S....22553","R....29590",10262,0,1964,1964,"Vlieland","1043",53.295919,5.058756,"GREAT TIT",NA,NA,NA,NA,NA,"",NA,NA,NA,NA,NA,NA,NA,NA,NA,NA,NA,NA,NA,"Unknown"
"S....22555","S....22553","R....29590",10262,0,1964,1964,"Vlieland","1043",53.295919,5.058756,"GREAT TIT",NA,NA,NA,NA,NA,"",NA,NA,NA,NA,NA,NA,NA,NA,NA,NA,NA,NA,NA,"Unknown"
"S....22556","S....22553","R....29590",10262,0,1964,1964,"Vlieland","1043",53.295919,5.058756,"GREAT TIT",NA,NA,NA,NA,NA,"",NA,NA,NA,NA,NA,NA,NA,NA,NA,NA,NA,NA,NA,"Unknown"
"S....22557","S....22553","R....29590",10262,1,1964,1964,"Vlieland","1043",53.295919,5.058756,"GREAT TIT",NA,NA,NA,NA,NA,"",NA,NA,NA,NA,NA,NA,NA,NA,NA,NA,NA,NA,NA,"Female"
"S....22558","S....22553","R....29590",10262,0,1964,1964,"Vlieland","1043",53.295919,5.058756,"GREAT TIT",NA,NA,NA,NA,NA,"",NA,NA,NA,NA,NA,NA,NA,NA,NA,NA,NA,NA,NA,"Unknown"
"S....22559","S....22553","R....29590",10262,0,1964,1964,"Vlieland","1043",53.295919,5.058756,"GREAT TIT",NA,NA,NA,NA,NA,"",NA,NA,NA,NA,NA,NA,NA,NA,NA,NA,NA,NA,NA,"Unknown"
"S....22560","S....22553","R....29590",10262,0,1964,1964,"Vlieland","1043",53.295919,5.058756,"GREAT TIT",NA,NA,NA,NA,NA,"",NA,NA,NA,NA,NA,NA,NA,NA,NA,NA,NA,NA,NA,"Unknown"
"S....22561","S....22553","R....29590",10262,0,1964,1964,"Vlieland","1043",53.295919,5.058756,"GREAT TIT",NA,NA,NA,NA,NA,"",NA,NA,NA,NA,NA,NA,NA,NA,NA,NA,NA,NA,NA,"Unknown"
"S....22562","S....22553","R....29590",10262,0,1964,1964,"Vlieland","1043",53.295919,5.058756,"GREAT TIT",NA,NA,NA,NA,NA,"",NA,NA,NA,NA,NA,NA,NA,NA,NA,NA,NA,NA,NA,"Unknown"
"S....22563","S....22553","R....29590",10262,0,1964,1964,"Vlieland","1043",53.295919,5.058756,"GREAT TIT",NA,NA,NA,NA,NA,"",NA,NA,NA,NA,NA,NA,NA,NA,NA,NA,NA,NA,NA,"Unknown"
"S....22564","S....22553","R....29590",10262,0,1964,1964,"Vlieland","1043",53.295919,5.058756,"GREAT TIT",NA,NA,NA,NA,NA,"",NA,NA,NA,NA,NA,NA,NA,NA,NA,NA,NA,NA,NA,"Unknown"
"S....22642","S....22620","S....22678",2747,0,1964,1964,"Vlieland","821",53.29611,5.06619,"GREAT TIT",NA,NA,NA,NA,NA,"",NA,NA,NA,NA,NA,NA,NA,NA,NA,NA,NA,NA,NA,"Unknown"
"S....22643","S....22620","S....22678",2747,0,1964,1964,"Vlieland","821",53.29611,5.06619,"GREAT TIT",NA,NA,NA,NA,NA,"",NA,NA,NA,NA,NA,NA,NA,NA,NA,NA,NA,NA,NA,"Unknown"
"S....22644","S....22620","S....22678",2747,0,1964,1964,"Vlieland","821",53.29611,5.06619,"GREAT TIT",NA,NA,NA,NA,NA,"",NA,NA,NA,NA,NA,NA,NA,NA,NA,NA,NA,NA,NA,"Unknown"
"S....23824","N....96036","R....73143",2748,0,1964,1964,"Vlieland","822",53.29611,5.06619,"GREAT TIT",NA,NA,NA,NA,NA,"",NA,NA,NA,NA,NA,NA,NA,NA,NA,NA,NA,NA,NA,"Unknown"
"S....23825","N....96036","R....73143",2748,0,1964,1964,"Vlieland","822",53.29611,5.06619,"GREAT TIT",NA,NA,NA,NA,NA,"",NA,NA,NA,NA,NA,NA,NA,NA,NA,NA,NA,NA,NA,"Unknown"
"S....23826","N....96036","R....73143",2748,0,1964,1964,"Vlieland","822",53.29611,5.06619,"GREAT TIT",NA,NA,NA,NA,NA,"",NA,NA,NA,NA,NA,NA,NA,NA,NA,NA,NA,NA,NA,"Unknown"
"S....23827","N....96036","R....73143",2748,2,1964,1964,"Vlieland","822",53.29611,5.06619,"GREAT TIT",NA,NA,NA,NA,NA,"",NA,NA,NA,NA,NA,NA,NA,NA,NA,NA,NA,NA,NA,"Male"
"S....23828","N....96036","R....73143",2748,0,1964,1964,"Vlieland","822",53.29611,5.06619,"GREAT TIT",NA,NA,NA,NA,NA,"",NA,NA,NA,NA,NA,NA,NA,NA,NA,NA,NA,NA,NA,"Unknown"
"S....23829","N....96036","R....73143",2748,0,1964,1964,"Vlieland","822",53.29611,5.06619,"GREAT TIT",NA,NA,NA,NA,NA,"",NA,NA,NA,NA,NA,NA,NA,NA,NA,NA,NA,NA,NA,"Unknown"
"S....23830","N....96036","R....73143",2748,0,1964,1964,"Vlieland","822",53.29611,5.06619,"GREAT TIT",NA,NA,NA,NA,NA,"",NA,NA,NA,NA,NA,NA,NA,NA,NA,NA,NA,NA,NA,"Unknown"
"S....23831","N....96036","R....73143",2748,2,1964,1964,"Vlieland","822",53.29611,5.06619,"GREAT TIT",NA,NA,NA,NA,NA,"",NA,NA,NA,NA,NA,NA,NA,NA,NA,NA,NA,NA,NA,"Male"
"S....23832","N....96036","R....73143",2748,0,1964,1964,"Vlieland","822",53.29611,5.06619,"GREAT TIT",NA,NA,NA,NA,NA,"",NA,NA,NA,NA,NA,NA,NA,NA,NA,NA,NA,NA,NA,"Unknown"
"S....23833","N....96036","R....73143",2748,0,1964,1964,"Vlieland","822",53.29611,5.06619,"GREAT TIT",NA,NA,NA,NA,NA,"",NA,NA,NA,NA,NA,NA,NA,NA,NA,NA,NA,NA,NA,"Unknown"
"S....23844","R....29220","R....72758",2065,0,1964,1964,"Vlieland","230",53.278821,5.010022,"GREAT TIT",NA,NA,NA,NA,NA,"",NA,NA,NA,NA,NA,NA,NA,NA,NA,NA,NA,NA,NA,"Unknown"
"S....23845","R....29220","R....72758",2065,0,1964,1964,"Vlieland","230",53.278821,5.010022,"GREAT TIT",NA,NA,NA,NA,NA,"",NA,NA,NA,NA,NA,NA,NA,NA,NA,NA,NA,NA,NA,"Unknown"
"S....23846","R....29220","R....72758",2065,0,1964,1964,"Vlieland","230",53.278821,5.010022,"GREAT TIT",NA,NA,NA,NA,NA,"",NA,NA,NA,NA,NA,NA,NA,NA,NA,NA,NA,NA,NA,"Unknown"
"S....23847","R....29220","R....72758",2065,0,1964,1964,"Vlieland","230",53.278821,5.010022,"GREAT TIT",NA,NA,NA,NA,NA,"",NA,NA,NA,NA,NA,NA,NA,NA,NA,NA,NA,NA,NA,"Unknown"
"S....23848","R....29220","R....72758",2065,0,1964,1964,"Vlieland","230",53.278821,5.010022,"GREAT TIT",NA,NA,NA,NA,NA,"",NA,NA,NA,NA,NA,NA,NA,NA,NA,NA,NA,NA,NA,"Unknown"
"S....23849","R....29220","R....72758",2065,0,1964,1964,"Vlieland","230",53.278821,5.010022,"GREAT TIT",NA,NA,NA,NA,NA,"",NA,NA,NA,NA,NA,NA,NA,NA,NA,NA,NA,NA,NA,"Unknown"
"S....23850","R....29220","R....72758",2065,0,1964,1964,"Vlieland","230",53.278821,5.010022,"GREAT TIT",NA,NA,NA,NA,NA,"",NA,NA,NA,NA,NA,NA,NA,NA,NA,NA,NA,NA,NA,"Unknown"
"S....23851","R....29220","R....72758",2065,0,1964,1964,"Vlieland","230",53.278821,5.010022,"GREAT TIT",NA,NA,NA,NA,NA,"",NA,NA,NA,NA,NA,NA,NA,NA,NA,NA,NA,NA,NA,"Unknown"
"S....23852","R....29220","R....72758",2065,0,1964,1964,"Vlieland","230",53.278821,5.010022,"GREAT TIT",NA,NA,NA,NA,NA,"",NA,NA,NA,NA,NA,NA,NA,NA,NA,NA,NA,NA,NA,"Unknown"
"S....23853","R....29220","R....72758",2065,0,1964,1964,"Vlieland","230",53.278821,5.010022,"GREAT TIT",NA,NA,NA,NA,NA,"",NA,NA,NA,NA,NA,NA,NA,NA,NA,NA,NA,NA,NA,"Unknown"
"S....23854","R....29220","R....72758",2065,0,1964,1964,"Vlieland","230",53.278821,5.010022,"GREAT TIT",NA,NA,NA,NA,NA,"",NA,NA,NA,NA,NA,NA,NA,NA,NA,NA,NA,NA,NA,"Unknown"
"S....23863","R....62416","R....62764",10261,0,1964,1964,"Vlieland","337",53.283327,5.028532,"GREAT TIT",NA,NA,NA,NA,NA,"",NA,NA,NA,NA,NA,NA,NA,NA,NA,NA,NA,NA,NA,"Unknown"
"S....23864","R....62416","R....62764",10261,1,1964,1964,"Vlieland","337",53.283327,5.028532,"GREAT TIT",NA,NA,NA,NA,NA,"",NA,NA,NA,NA,NA,NA,NA,NA,NA,NA,NA,NA,NA,"Female"
"S....23865","R....62416","R....62764",10261,0,1964,1964,"Vlieland","337",53.283327,5.028532,"GREAT TIT",NA,NA,NA,NA,NA,"",NA,NA,NA,NA,NA,NA,NA,NA,NA,NA,NA,NA,NA,"Unknown"
"S....23866","R....62416","R....62764",10261,2,1964,1964,"Vlieland","337",53.283327,5.028532,"GREAT TIT",NA,NA,NA,NA,NA,"",NA,NA,NA,NA,NA,NA,NA,NA,NA,NA,NA,NA,NA,"Male"
"S....23867","R....62416","R....62764",10261,0,1964,1964,"Vlieland","337",53.283327,5.028532,"GREAT TIT",NA,NA,NA,NA,NA,"",NA,NA,NA,NA,NA,NA,NA,NA,NA,NA,NA,NA,NA,"Unknown"
"S....23868","R....62416","R....62764",10261,2,1964,1964,"Vlieland","337",53.283327,5.028532,"GREAT TIT",NA,NA,NA,NA,NA,"",NA,NA,NA,NA,NA,NA,NA,NA,NA,NA,NA,NA,NA,"Male"
"S....23869","R....62416","R....62764",10261,0,1964,1964,"Vlieland","337",53.283327,5.028532,"GREAT TIT",NA,NA,NA,NA,NA,"",NA,NA,NA,NA,NA,NA,NA,NA,NA,NA,NA,NA,NA,"Unknown"
"S....23870","R....62416","R....62764",10261,0,1964,1964,"Vlieland","337",53.283327,5.028532,"GREAT TIT",NA,NA,NA,NA,NA,"",NA,NA,NA,NA,NA,NA,NA,NA,NA,NA,NA,NA,NA,"Unknown"
"S....23871","R....62416","R....62764",10261,0,1964,1964,"Vlieland","337",53.283327,5.028532,"GREAT TIT",NA,NA,NA,NA,NA,"",NA,NA,NA,NA,NA,NA,NA,NA,NA,NA,NA,NA,NA,"Unknown"
"S....23872","R....62416","R....62764",10261,0,1964,1964,"Vlieland","337",53.283327,5.028532,"GREAT TIT",NA,NA,NA,NA,NA,"",NA,NA,NA,NA,NA,NA,NA,NA,NA,NA,NA,NA,NA,"Unknown"
"S....23873","R....62416","R....62764",10261,0,1964,1964,"Vlieland","337",53.283327,5.028532,"GREAT TIT",NA,NA,NA,NA,NA,"",NA,NA,NA,NA,NA,NA,NA,NA,NA,NA,NA,NA,NA,"Unknown"
"S....34437","S....18395",NA,2414,0,1964,1964,"Vlieland","690",53.30207,5.06711,"GREAT TIT",NA,NA,NA,NA,NA,"",NA,NA,NA,NA,NA,NA,NA,NA,NA,NA,NA,NA,NA,"Unknown"
"S....34438","S....18395",NA,2414,0,1964,1964,"Vlieland","690",53.30207,5.06711,"GREAT TIT",NA,NA,NA,NA,NA,"",NA,NA,NA,NA,NA,NA,NA,NA,NA,NA,NA,NA,NA,"Unknown"
"S....34439","S....18395",NA,2414,0,1964,1964,"Vlieland","690",53.30207,5.06711,"GREAT TIT",NA,NA,NA,NA,NA,"",NA,NA,NA,NA,NA,NA,NA,NA,NA,NA,NA,NA,NA,"Unknown"
"S....34440","S....18395",NA,2414,0,1964,1964,"Vlieland","690",53.30207,5.06711,"GREAT TIT",NA,NA,NA,NA,NA,"",NA,NA,NA,NA,NA,NA,NA,NA,NA,NA,NA,NA,NA,"Unknown"
"S....34441","S....18395",NA,2414,0,1964,1964,"Vlieland","690",53.30207,5.06711,"GREAT TIT",NA,NA,NA,NA,NA,"",NA,NA,NA,NA,NA,NA,NA,NA,NA,NA,NA,NA,NA,"Unknown"
"S....34442","S....18395",NA,2414,2,1964,1964,"Vlieland","690",53.30207,5.06711,"GREAT TIT",NA,NA,NA,NA,NA,"",NA,NA,NA,NA,NA,NA,NA,NA,NA,NA,NA,NA,NA,"Male"
"S....34443","S....18395",NA,2414,0,1964,1964,"Vlieland","690",53.30207,5.06711,"GREAT TIT",NA,NA,NA,NA,NA,"",NA,NA,NA,NA,NA,NA,NA,NA,NA,NA,NA,NA,NA,"Unknown"
"S....34444","S....18395",NA,2414,2,1964,1964,"Vlieland","690",53.30207,5.06711,"GREAT TIT",NA,NA,NA,NA,NA,"",NA,NA,NA,NA,NA,NA,NA,NA,NA,NA,NA,NA,NA,"Male"
"S....34516","R....29220","R....72758",2066,0,1964,1964,"Vlieland","231",53.27917,5.01198,"GREAT TIT",NA,NA,NA,NA,NA,"",NA,NA,NA,NA,NA,NA,NA,NA,NA,NA,NA,NA,NA,"Unknown"
"S....34517","R....29220","R....72758",2066,0,1964,1964,"Vlieland","231",53.27917,5.01198,"GREAT TIT",NA,NA,NA,NA,NA,"",NA,NA,NA,NA,NA,NA,NA,NA,NA,NA,NA,NA,NA,"Unknown"
"S....34518","R....29220","R....72758",2066,0,1964,1964,"Vlieland","231",53.27917,5.01198,"GREAT TIT",NA,NA,NA,NA,NA,"",NA,NA,NA,NA,NA,NA,NA,NA,NA,NA,NA,NA,NA,"Unknown"
"S....34519","R....29220","R....72758",2066,0,1964,1964,"Vlieland","231",53.27917,5.01198,"GREAT TIT",NA,NA,NA,NA,NA,"",NA,NA,NA,NA,NA,NA,NA,NA,NA,NA,NA,NA,NA,"Unknown"
"S....34520","R....29220","R....72758",2066,0,1964,1964,"Vlieland","231",53.27917,5.01198,"GREAT TIT",NA,NA,NA,NA,NA,"",NA,NA,NA,NA,NA,NA,NA,NA,NA,NA,NA,NA,NA,"Unknown"
"S....34521","R....29220","R....72758",2066,0,1964,1964,"Vlieland","231",53.27917,5.01198,"GREAT TIT",NA,NA,NA,NA,NA,"",NA,NA,NA,NA,NA,NA,NA,NA,NA,NA,NA,NA,NA,"Unknown"
"S....35657","S....34586","S....35656",2236,0,1965,1965,"Vlieland","438",53.30207,5.06711,"GREAT TIT",NA,NA,NA,NA,NA,"",NA,NA,NA,NA,NA,NA,NA,NA,NA,NA,NA,NA,NA,"Unknown"
"S....35658","S....34586","S....35656",2236,0,1965,1965,"Vlieland","438",53.30207,5.06711,"GREAT TIT",NA,NA,NA,NA,NA,"",NA,NA,NA,NA,NA,NA,NA,NA,NA,NA,NA,NA,NA,"Unknown"
"S....35659","S....34586","S....35656",2236,0,1965,1965,"Vlieland","438",53.30207,5.06711,"GREAT TIT",NA,NA,NA,NA,NA,"",NA,NA,NA,NA,NA,NA,NA,NA,NA,NA,NA,NA,NA,"Unknown"
"S....35660","S....34586","S....35656",2236,0,1965,1965,"Vlieland","438",53.30207,5.06711,"GREAT TIT",NA,NA,NA,NA,NA,"",NA,NA,NA,NA,NA,NA,NA,NA,NA,NA,NA,NA,NA,"Unknown"
"S....35661","S....34586","S....35656",2236,0,1965,1965,"Vlieland","438",53.30207,5.06711,"GREAT TIT",NA,NA,NA,NA,NA,"",NA,NA,NA,NA,NA,NA,NA,NA,NA,NA,NA,NA,NA,"Unknown"
"S....35662","S....34586","S....35656",2236,2,1965,1965,"Vlieland","438",53.30207,5.06711,"GREAT TIT",NA,NA,NA,NA,NA,"",NA,NA,NA,NA,NA,NA,NA,NA,NA,NA,NA,NA,NA,"Male"
"S....35663","S....34586","S....35656",2236,0,1965,1965,"Vlieland","438",53.30207,5.06711,"GREAT TIT",NA,NA,NA,NA,NA,"",NA,NA,NA,NA,NA,NA,NA,NA,NA,NA,NA,NA,NA,"Unknown"
"S....93508","S....94647","S....23082",2593,0,1965,1965,"Vlieland","-2",53.29611,5.06619,"GREAT TIT",NA,NA,NA,NA,NA,"",NA,NA,NA,NA,NA,NA,NA,NA,NA,NA,NA,NA,NA,"Unknown"
"S....93509","S....94647","S....23082",2593,0,1965,1965,"Vlieland","-2",53.29611,5.06619,"GREAT TIT",NA,NA,NA,NA,NA,"",NA,NA,NA,NA,NA,NA,NA,NA,NA,NA,NA,NA,NA,"Unknown"
"S....93510","S....94647","S....23082",2593,0,1965,1965,"Vlieland","-2",53.29611,5.06619,"GREAT TIT",NA,NA,NA,NA,NA,"",NA,NA,NA,NA,NA,NA,NA,NA,NA,NA,NA,NA,NA,"Unknown"
"S....93511","S....94647","S....23082",2593,0,1965,1965,"Vlieland","-2",53.29611,5.06619,"GREAT TIT",NA,NA,NA,NA,NA,"",NA,NA,NA,NA,NA,NA,NA,NA,NA,NA,NA,NA,NA,"Unknown"
"S....93512","S....94647","S....23082",2593,0,1965,1965,"Vlieland","-2",53.29611,5.06619,"GREAT TIT",NA,NA,NA,NA,NA,"",NA,NA,NA,NA,NA,NA,NA,NA,NA,NA,NA,NA,NA,"Unknown"
"S....93513","S....94647","S....23082",2593,0,1965,1965,"Vlieland","-2",53.29611,5.06619,"GREAT TIT",NA,NA,NA,NA,NA,"",NA,NA,NA,NA,NA,NA,NA,NA,NA,NA,NA,NA,NA,"Unknown"
"S....93514","S....94647","S....23082",2593,0,1965,1965,"Vlieland","-2",53.29611,5.06619,"GREAT TIT",NA,NA,NA,NA,NA,"",NA,NA,NA,NA,NA,NA,NA,NA,NA,NA,NA,NA,NA,"Unknown"
"S....93515","S....94647","S....23082",2593,0,1965,1965,"Vlieland","-2",53.29611,5.06619,"GREAT TIT",NA,NA,NA,NA,NA,"",NA,NA,NA,NA,NA,NA,NA,NA,NA,NA,NA,NA,NA,"Unknown"
"S....93516","S....94647","S....23082",2593,2,1965,1965,"Vlieland","-2",53.29611,5.06619,"GREAT TIT",NA,NA,NA,NA,NA,"",NA,NA,NA,NA,NA,NA,NA,NA,NA,NA,NA,NA,NA,"Male"
"S....94392","R....62792","S....23339",2594,0,1965,1965,"Vlieland","-1",53.29611,5.06619,"GREAT TIT",NA,NA,NA,NA,NA,"",NA,NA,NA,NA,NA,NA,NA,NA,NA,NA,NA,NA,NA,"Unknown"
"S....94393","R....62792","S....23339",2594,0,1965,1965,"Vlieland","-1",53.29611,5.06619,"GREAT TIT",NA,NA,NA,NA,NA,"",NA,NA,NA,NA,NA,NA,NA,NA,NA,NA,NA,NA,NA,"Unknown"
"S....94394","R....62792","S....23339",2594,0,1965,1965,"Vlieland","-1",53.29611,5.06619,"GREAT TIT",NA,NA,NA,NA,NA,"",NA,NA,NA,NA,NA,NA,NA,NA,NA,NA,NA,NA,NA,"Unknown"
"S....94395","R....62792","S....23339",2594,0,1965,1965,"Vlieland","-1",53.29611,5.06619,"GREAT TIT",NA,NA,NA,NA,NA,"",NA,NA,NA,NA,NA,NA,NA,NA,NA,NA,NA,NA,NA,"Unknown"
"S....94396","R....62792","S....23339",2594,0,1965,1965,"Vlieland","-1",53.29611,5.06619,"GREAT TIT",NA,NA,NA,NA,NA,"",NA,NA,NA,NA,NA,NA,NA,NA,NA,NA,NA,NA,NA,"Unknown"
"S....94397","R....62792","S....23339",2594,0,1965,1965,"Vlieland","-1",53.29611,5.06619,"GREAT TIT",NA,NA,NA,NA,NA,"",NA,NA,NA,NA,NA,NA,NA,NA,NA,NA,NA,NA,NA,"Unknown"
"S....94398","R....62792","S....23339",2594,0,1965,1965,"Vlieland","-1",53.29611,5.06619,"GREAT TIT",NA,NA,NA,NA,NA,"",NA,NA,NA,NA,NA,NA,NA,NA,NA,NA,NA,NA,NA,"Unknown"
"S....94399","R....62792","S....23339",2594,0,1965,1965,"Vlieland","-1",53.29611,5.06619,"GREAT TIT",NA,NA,NA,NA,NA,"",NA,NA,NA,NA,NA,NA,NA,NA,NA,NA,NA,NA,NA,"Unknown"
"S....94400","R....62792","S....23339",2594,0,1965,1965,"Vlieland","-1",53.29611,5.06619,"GREAT TIT",NA,NA,NA,NA,NA,"",NA,NA,NA,NA,NA,NA,NA,NA,NA,NA,NA,NA,NA,"Unknown"
"S....94411","S....94410","S....22755",2067,0,1965,1965,"Vlieland","232",53.277301,5.008865,"GREAT TIT",NA,NA,NA,NA,NA,"",NA,NA,NA,NA,NA,NA,NA,NA,NA,NA,NA,NA,NA,"Unknown"
"S....94412","S....94410","S....22755",2067,0,1965,1965,"Vlieland","232",53.277301,5.008865,"GREAT TIT",NA,NA,NA,NA,NA,"",NA,NA,NA,NA,NA,NA,NA,NA,NA,NA,NA,NA,NA,"Unknown"
"S....94413","S....94410","S....22755",2067,0,1965,1965,"Vlieland","232",53.277301,5.008865,"GREAT TIT",NA,NA,NA,NA,NA,"",NA,NA,NA,NA,NA,NA,NA,NA,NA,NA,NA,NA,NA,"Unknown"
"S....94414","S....94410","S....22755",2067,0,1965,1965,"Vlieland","232",53.277301,5.008865,"GREAT TIT",NA,NA,NA,NA,NA,"",NA,NA,NA,NA,NA,NA,NA,NA,NA,NA,NA,NA,NA,"Unknown"
"S....94415","S....94410","S....22755",2067,0,1965,1965,"Vlieland","232",53.277301,5.008865,"GREAT TIT",NA,NA,NA,NA,NA,"",NA,NA,NA,NA,NA,NA,NA,NA,NA,NA,NA,NA,NA,"Unknown"
"S....94416","S....94410","S....22755",2067,0,1965,1965,"Vlieland","232",53.277301,5.008865,"GREAT TIT",NA,NA,NA,NA,NA,"",NA,NA,NA,NA,NA,NA,NA,NA,NA,NA,NA,NA,NA,"Unknown"
"S....94417","S....94410","S....22755",2067,0,1965,1965,"Vlieland","232",53.277301,5.008865,"GREAT TIT",NA,NA,NA,NA,NA,"",NA,NA,NA,NA,NA,NA,NA,NA,NA,NA,NA,NA,NA,"Unknown"
"S....94418","S....94410","S....22755",2067,0,1965,1965,"Vlieland","232",53.277301,5.008865,"GREAT TIT",NA,NA,NA,NA,NA,"",NA,NA,NA,NA,NA,NA,NA,NA,NA,NA,NA,NA,NA,"Unknown"
"S....94419","S....94410","S....22755",2067,0,1965,1965,"Vlieland","232",53.277301,5.008865,"GREAT TIT",NA,NA,NA,NA,NA,"",NA,NA,NA,NA,NA,NA,NA,NA,NA,NA,NA,NA,NA,"Unknown"
"S....94420","S....94410","S....22755",2067,0,1965,1965,"Vlieland","232",53.277301,5.008865,"GREAT TIT",NA,NA,NA,NA,NA,"",NA,NA,NA,NA,NA,NA,NA,NA,NA,NA,NA,NA,NA,"Unknown"
"S....94421","S....94410","S....22755",2067,0,1965,1965,"Vlieland","232",53.277301,5.008865,"GREAT TIT",NA,NA,NA,NA,NA,"",NA,NA,NA,NA,NA,NA,NA,NA,NA,NA,NA,NA,NA,"Unknown"
"S....94422","S....94410","S....22755",2067,0,1965,1965,"Vlieland","232",53.277301,5.008865,"GREAT TIT",NA,NA,NA,NA,NA,"",NA,NA,NA,NA,NA,NA,NA,NA,NA,NA,NA,NA,NA,"Unknown"
"S....94423","S....94410","S....22755",2067,0,1965,1965,"Vlieland","232",53.277301,5.008865,"GREAT TIT",NA,NA,NA,NA,NA,"",NA,NA,NA,NA,NA,NA,NA,NA,NA,NA,NA,NA,NA,"Unknown"
"S....94424","S....94410","S....22755",2067,0,1965,1965,"Vlieland","232",53.277301,5.008865,"GREAT TIT",NA,NA,NA,NA,NA,"",NA,NA,NA,NA,NA,NA,NA,NA,NA,NA,NA,NA,NA,"Unknown"
"S....94425","S....94410","S....22755",2067,0,1965,1965,"Vlieland","232",53.277301,5.008865,"GREAT TIT",NA,NA,NA,NA,NA,"",NA,NA,NA,NA,NA,NA,NA,NA,NA,NA,NA,NA,NA,"Unknown"
"S....94426","S....94410","S....22755",2067,0,1965,1965,"Vlieland","232",53.277301,5.008865,"GREAT TIT",NA,NA,NA,NA,NA,"",NA,NA,NA,NA,NA,NA,NA,NA,NA,NA,NA,NA,NA,"Unknown"
"S....94428","S....94427","S....22714",2417,0,1965,1965,"Vlieland","691",53.30207,5.06711,"GREAT TIT",NA,NA,NA,NA,NA,"",NA,NA,NA,NA,NA,NA,NA,NA,NA,NA,NA,NA,NA,"Unknown"
"S....94429","S....94427","S....22714",2417,0,1965,1965,"Vlieland","691",53.30207,5.06711,"GREAT TIT",NA,NA,NA,NA,NA,"",NA,NA,NA,NA,NA,NA,NA,NA,NA,NA,NA,NA,NA,"Unknown"
"S....94430","S....94427","S....22714",2417,2,1965,1965,"Vlieland","691",53.30207,5.06711,"GREAT TIT",NA,NA,NA,NA,NA,"",NA,NA,NA,NA,NA,NA,NA,NA,NA,NA,NA,NA,NA,"Male"
"S....94431","S....94427","S....22714",2417,0,1965,1965,"Vlieland","691",53.30207,5.06711,"GREAT TIT",NA,NA,NA,NA,NA,"",NA,NA,NA,NA,NA,NA,NA,NA,NA,NA,NA,NA,NA,"Unknown"
"S....94432","S....94427","S....22714",2417,0,1965,1965,"Vlieland","691",53.30207,5.06711,"GREAT TIT",NA,NA,NA,NA,NA,"",NA,NA,NA,NA,NA,NA,NA,NA,NA,NA,NA,NA,NA,"Unknown"
"S....94433","S....94427","S....22714",2417,0,1965,1965,"Vlieland","691",53.30207,5.06711,"GREAT TIT",NA,NA,NA,NA,NA,"",NA,NA,NA,NA,NA,NA,NA,NA,NA,NA,NA,NA,NA,"Unknown"
"S....94434","S....94427","S....22714",2417,0,1965,1965,"Vlieland","691",53.30207,5.06711,"GREAT TIT",NA,NA,NA,NA,NA,"",NA,NA,NA,NA,NA,NA,NA,NA,NA,NA,NA,NA,NA,"Unknown"
"S....94435","S....94427","S....22714",2417,0,1965,1965,"Vlieland","691",53.30207,5.06711,"GREAT TIT",NA,NA,NA,NA,NA,"",NA,NA,NA,NA,NA,NA,NA,NA,NA,NA,NA,NA,NA,"Unknown"
"S....95813","S....34586","S....35656",2416,0,1965,1965,"Vlieland","691",53.302192,5.081517,"GREAT TIT",NA,NA,NA,NA,NA,"",NA,NA,NA,NA,NA,NA,NA,NA,NA,NA,NA,NA,NA,"Unknown"
"S....95814","S....34586","S....35656",2416,0,1965,1965,"Vlieland","691",53.302192,5.081517,"GREAT TIT",NA,NA,NA,NA,NA,"",NA,NA,NA,NA,NA,NA,NA,NA,NA,NA,NA,NA,NA,"Unknown"
"S....95815","S....34586","S....35656",2416,0,1965,1965,"Vlieland","691",53.302192,5.081517,"GREAT TIT",NA,NA,NA,NA,NA,"",NA,NA,NA,NA,NA,NA,NA,NA,NA,NA,NA,NA,NA,"Unknown"
"S....95816","S....34586","S....35656",2416,0,1965,1965,"Vlieland","691",53.302192,5.081517,"GREAT TIT",NA,NA,NA,NA,NA,"",NA,NA,NA,NA,NA,NA,NA,NA,NA,NA,NA,NA,NA,"Unknown"
"S....95817","S....34586","S....35656",2416,0,1965,1965,"Vlieland","691",53.302192,5.081517,"GREAT TIT",NA,NA,NA,NA,NA,"",NA,NA,NA,NA,NA,NA,NA,NA,NA,NA,NA,NA,NA,"Unknown"
"S....95818","S....34586","S....35656",2416,0,1965,1965,"Vlieland","691",53.302192,5.081517,"GREAT TIT",NA,NA,NA,NA,NA,"",NA,NA,NA,NA,NA,NA,NA,NA,NA,NA,NA,NA,NA,"Unknown"
"S....95819","S....34586","S....35656",2416,0,1965,1965,"Vlieland","691",53.302192,5.081517,"GREAT TIT",NA,NA,NA,NA,NA,"",NA,NA,NA,NA,NA,NA,NA,NA,NA,NA,NA,NA,NA,"Unknown"
"S...137240","S....93790",NA,2070,0,1966,1966,"Vlieland","234",53.27917,5.01198,"GREAT TIT",NA,NA,NA,NA,NA,"",NA,NA,NA,NA,NA,NA,NA,NA,NA,NA,NA,NA,NA,"Unknown"
"S...137241","S....93790",NA,2070,0,1966,1966,"Vlieland","234",53.27917,5.01198,"GREAT TIT",NA,NA,NA,NA,NA,"",NA,NA,NA,NA,NA,NA,NA,NA,NA,NA,NA,NA,NA,"Unknown"
"S...137242","S....93790",NA,2070,2,1966,1966,"Vlieland","234",53.27917,5.01198,"GREAT TIT",NA,NA,NA,NA,NA,"",NA,NA,NA,NA,NA,NA,NA,NA,NA,NA,NA,NA,NA,"Male"
"S...137243","S....93790",NA,2070,0,1966,1966,"Vlieland","234",53.27917,5.01198,"GREAT TIT",NA,NA,NA,NA,NA,"",NA,NA,NA,NA,NA,NA,NA,NA,NA,NA,NA,NA,NA,"Unknown"
"S...137244","S....93790",NA,2070,0,1966,1966,"Vlieland","234",53.27917,5.01198,"GREAT TIT",NA,NA,NA,NA,NA,"",NA,NA,NA,NA,NA,NA,NA,NA,NA,NA,NA,NA,NA,"Unknown"
"S...137245","S....93790",NA,2070,0,1966,1966,"Vlieland","234",53.27917,5.01198,"GREAT TIT",NA,NA,NA,NA,NA,"",NA,NA,NA,NA,NA,NA,NA,NA,NA,NA,NA,NA,NA,"Unknown"
"S...137246","S....93790",NA,2070,0,1966,1966,"Vlieland","234",53.27917,5.01198,"GREAT TIT",NA,NA,NA,NA,NA,"",NA,NA,NA,NA,NA,NA,NA,NA,NA,NA,NA,NA,NA,"Unknown"
"S...137247","S....93790",NA,2070,0,1966,1966,"Vlieland","234",53.27917,5.01198,"GREAT TIT",NA,NA,NA,NA,NA,"",NA,NA,NA,NA,NA,NA,NA,NA,NA,NA,NA,NA,NA,"Unknown"
"S...137248","S....93790",NA,2070,1,1966,1966,"Vlieland","234",53.27917,5.01198,"GREAT TIT",NA,NA,NA,NA,NA,"",NA,NA,NA,NA,NA,NA,NA,NA,NA,NA,NA,NA,NA,"Female"
"S...137826","S....94579",NA,10266,0,1966,1966,"Vlieland","908",53.25473848,4.95077205,"GREAT TIT",NA,NA,NA,NA,NA,"",NA,NA,NA,NA,NA,NA,NA,NA,NA,NA,NA,NA,NA,"Unknown"
"S...137827","S....94579",NA,10266,0,1966,1966,"Vlieland","908",53.25473848,4.95077205,"GREAT TIT",NA,NA,NA,NA,NA,"",NA,NA,NA,NA,NA,NA,NA,NA,NA,NA,NA,NA,NA,"Unknown"
"S...137828","S....94579",NA,10266,0,1966,1966,"Vlieland","908",53.25473848,4.95077205,"GREAT TIT",NA,NA,NA,NA,NA,"",NA,NA,NA,NA,NA,NA,NA,NA,NA,NA,NA,NA,NA,"Unknown"
"S...137829","S....94579",NA,10266,0,1966,1966,"Vlieland","908",53.25473848,4.95077205,"GREAT TIT",NA,NA,NA,NA,NA,"",NA,NA,NA,NA,NA,NA,NA,NA,NA,NA,NA,NA,NA,"Unknown"
"S...137830","S....94579",NA,10266,0,1966,1966,"Vlieland","908",53.25473848,4.95077205,"GREAT TIT",NA,NA,NA,NA,NA,"",NA,NA,NA,NA,NA,NA,NA,NA,NA,NA,NA,NA,NA,"Unknown"
"S...137831","S....94579",NA,10266,0,1966,1966,"Vlieland","908",53.25473848,4.95077205,"GREAT TIT",NA,NA,NA,NA,NA,"",NA,NA,NA,NA,NA,NA,NA,NA,NA,NA,NA,NA,NA,"Unknown"
"S...137832","S....94579",NA,10266,0,1966,1966,"Vlieland","908",53.25473848,4.95077205,"GREAT TIT",NA,NA,NA,NA,NA,"",NA,NA,NA,NA,NA,NA,NA,NA,NA,NA,NA,NA,NA,"Unknown"
"S...137979","S....94662","S....94257",2420,0,1966,1966,"Vlieland","697",53.30207,5.06711,"GREAT TIT",NA,NA,NA,NA,NA,"",NA,NA,NA,NA,NA,NA,NA,NA,NA,NA,NA,NA,NA,"Unknown"
"S...137980","S....94662","S....94257",2420,0,1966,1966,"Vlieland","697",53.30207,5.06711,"GREAT TIT",NA,NA,NA,NA,NA,"",NA,NA,NA,NA,NA,NA,NA,NA,NA,NA,NA,NA,NA,"Unknown"
"S...137981","S....94662","S....94257",2420,0,1966,1966,"Vlieland","697",53.30207,5.06711,"GREAT TIT",NA,NA,NA,NA,NA,"",NA,NA,NA,NA,NA,NA,NA,NA,NA,NA,NA,NA,NA,"Unknown"
"S...137982","S....94662","S....94257",2420,0,1966,1966,"Vlieland","697",53.30207,5.06711,"GREAT TIT",NA,NA,NA,NA,NA,"",NA,NA,NA,NA,NA,NA,NA,NA,NA,NA,NA,NA,NA,"Unknown"
"S...137983","S....94662","S....94257",2420,0,1966,1966,"Vlieland","697",53.30207,5.06711,"GREAT TIT",NA,NA,NA,NA,NA,"",NA,NA,NA,NA,NA,NA,NA,NA,NA,NA,NA,NA,NA,"Unknown"
"S...137984","S....94662","S....94257",2420,0,1966,1966,"Vlieland","697",53.30207,5.06711,"GREAT TIT",NA,NA,NA,NA,NA,"",NA,NA,NA,NA,NA,NA,NA,NA,NA,NA,NA,NA,NA,"Unknown"
"S...137985","S....94662","S....94257",2420,0,1966,1966,"Vlieland","697",53.30207,5.06711,"GREAT TIT",NA,NA,NA,NA,NA,"",NA,NA,NA,NA,NA,NA,NA,NA,NA,NA,NA,NA,NA,"Unknown"
"S...137986","S....94662","S....94257",2420,0,1966,1966,"Vlieland","697",53.30207,5.06711,"GREAT TIT",NA,NA,NA,NA,NA,"",NA,NA,NA,NA,NA,NA,NA,NA,NA,NA,NA,NA,NA,"Unknown"
"S...137987","S....94662","S....94257",2420,0,1966,1966,"Vlieland","697",53.30207,5.06711,"GREAT TIT",NA,NA,NA,NA,NA,"",NA,NA,NA,NA,NA,NA,NA,NA,NA,NA,NA,NA,NA,"Unknown"
"S...137988","S....94662","S....94257",2420,0,1966,1966,"Vlieland","697",53.30207,5.06711,"GREAT TIT",NA,NA,NA,NA,NA,"",NA,NA,NA,NA,NA,NA,NA,NA,NA,NA,NA,NA,NA,"Unknown"
"S...138299",NA,"S....23827",2071,0,1966,1966,"Vlieland","235",53.27917,5.01198,"GREAT TIT",NA,NA,NA,NA,NA,"",NA,NA,NA,NA,NA,NA,NA,NA,NA,NA,NA,NA,NA,"Unknown"
"S...138300",NA,"S....23827",2071,0,1966,1966,"Vlieland","235",53.27917,5.01198,"GREAT TIT",NA,NA,NA,NA,NA,"",NA,NA,NA,NA,NA,NA,NA,NA,NA,NA,NA,NA,NA,"Unknown"
"S...138301",NA,"S....23827",2071,0,1966,1966,"Vlieland","235",53.27917,5.01198,"GREAT TIT",NA,NA,NA,NA,NA,"",NA,NA,NA,NA,NA,NA,NA,NA,NA,NA,NA,NA,NA,"Unknown"
"S...138302",NA,"S....23827",2071,0,1966,1966,"Vlieland","235",53.27917,5.01198,"GREAT TIT",NA,NA,NA,NA,NA,"",NA,NA,NA,NA,NA,NA,NA,NA,NA,NA,NA,NA,NA,"Unknown"
"S...138303",NA,"S....23827",2071,0,1966,1966,"Vlieland","235",53.27917,5.01198,"GREAT TIT",NA,NA,NA,NA,NA,"",NA,NA,NA,NA,NA,NA,NA,NA,NA,NA,NA,NA,NA,"Unknown"
"S...138304",NA,"S....23827",2071,0,1966,1966,"Vlieland","235",53.27917,5.01198,"GREAT TIT",NA,NA,NA,NA,NA,"",NA,NA,NA,NA,NA,NA,NA,NA,NA,NA,NA,NA,NA,"Unknown"
"S...138305",NA,"S....23827",2071,0,1966,1966,"Vlieland","235",53.27917,5.01198,"GREAT TIT",NA,NA,NA,NA,NA,"",NA,NA,NA,NA,NA,NA,NA,NA,NA,NA,NA,NA,NA,"Unknown"
"S...151114","S...151101","S....23106",10265,0,1966,1966,"Vlieland","1045",53.29606,5.058527,"GREAT TIT",NA,NA,NA,NA,NA,"",NA,NA,NA,NA,NA,NA,NA,NA,NA,NA,NA,NA,NA,"Unknown"
"S...151115","S...151101","S....23106",10265,0,1966,1966,"Vlieland","1045",53.29606,5.058527,"GREAT TIT",NA,NA,NA,NA,NA,"",NA,NA,NA,NA,NA,NA,NA,NA,NA,NA,NA,NA,NA,"Unknown"
"S...151116","S...151101","S....23106",10265,0,1966,1966,"Vlieland","1045",53.29606,5.058527,"GREAT TIT",NA,NA,NA,NA,NA,"",NA,NA,NA,NA,NA,NA,NA,NA,NA,NA,NA,NA,NA,"Unknown"
"S...151117","S...151101","S....23106",10265,0,1966,1966,"Vlieland","1045",53.29606,5.058527,"GREAT TIT",NA,NA,NA,NA,NA,"",NA,NA,NA,NA,NA,NA,NA,NA,NA,NA,NA,NA,NA,"Unknown"
"S...151118","S...151101","S....23106",10265,0,1966,1966,"Vlieland","1045",53.29606,5.058527,"GREAT TIT",NA,NA,NA,NA,NA,"",NA,NA,NA,NA,NA,NA,NA,NA,NA,NA,NA,NA,NA,"Unknown"
"S...151119","S...151101","S....23106",10265,0,1966,1966,"Vlieland","1045",53.29606,5.058527,"GREAT TIT",NA,NA,NA,NA,NA,"",NA,NA,NA,NA,NA,NA,NA,NA,NA,NA,NA,NA,NA,"Unknown"
"S...151120","S...151101","S....23106",10265,0,1966,1966,"Vlieland","1045",53.29606,5.058527,"GREAT TIT",NA,NA,NA,NA,NA,"",NA,NA,NA,NA,NA,NA,NA,NA,NA,NA,NA,NA,NA,"Unknown"
"S...151121","S...151101","S....23106",10265,1,1966,1966,"Vlieland","1045",53.29606,5.058527,"GREAT TIT",NA,NA,NA,NA,NA,"",NA,NA,NA,NA,NA,NA,NA,NA,NA,NA,NA,NA,NA,"Female"
"S...151122","S...151101","S....23106",10265,0,1966,1966,"Vlieland","1045",53.29606,5.058527,"GREAT TIT",NA,NA,NA,NA,NA,"",NA,NA,NA,NA,NA,NA,NA,NA,NA,NA,NA,NA,NA,"Unknown"
"S...213274","S....93790","S...137569",2073,0,1967,1967,"Vlieland","236",53.27917,5.01198,"GREAT TIT",NA,NA,NA,NA,NA,"",NA,NA,NA,NA,NA,NA,NA,NA,NA,NA,NA,NA,NA,"Unknown"
"S...213275","S....93790","S...137569",2073,0,1967,1967,"Vlieland","236",53.27917,5.01198,"GREAT TIT",NA,NA,NA,NA,NA,"",NA,NA,NA,NA,NA,NA,NA,NA,NA,NA,NA,NA,NA,"Unknown"
"S...213276","S....93790","S...137569",2073,0,1967,1967,"Vlieland","236",53.27917,5.01198,"GREAT TIT",NA,NA,NA,NA,NA,"",NA,NA,NA,NA,NA,NA,NA,NA,NA,NA,NA,NA,NA,"Unknown"
"S...213277","S....93790","S...137569",2073,0,1967,1967,"Vlieland","236",53.27917,5.01198,"GREAT TIT",NA,NA,NA,NA,NA,"",NA,NA,NA,NA,NA,NA,NA,NA,NA,NA,NA,NA,NA,"Unknown"
"S...213278","S....93790","S...137569",2073,0,1967,1967,"Vlieland","236",53.27917,5.01198,"GREAT TIT",NA,NA,NA,NA,NA,"",NA,NA,NA,NA,NA,NA,NA,NA,NA,NA,NA,NA,NA,"Unknown"
"S...213279","S....93790","S...137569",2073,0,1967,1967,"Vlieland","236",53.27917,5.01198,"GREAT TIT",NA,NA,NA,NA,NA,"",NA,NA,NA,NA,NA,NA,NA,NA,NA,NA,NA,NA,NA,"Unknown"
"S...213280","S....93790","S...137569",2073,0,1967,1967,"Vlieland","236",53.27917,5.01198,"GREAT TIT",NA,NA,NA,NA,NA,"",NA,NA,NA,NA,NA,NA,NA,NA,NA,NA,NA,NA,NA,"Unknown"
"S...213281","S....93790","S...137569",2073,0,1967,1967,"Vlieland","236",53.27917,5.01198,"GREAT TIT",NA,NA,NA,NA,NA,"",NA,NA,NA,NA,NA,NA,NA,NA,NA,NA,NA,NA,NA,"Unknown"
"S...213282","S....93790","S...137569",2073,0,1967,1967,"Vlieland","236",53.27917,5.01198,"GREAT TIT",NA,NA,NA,NA,NA,"",NA,NA,NA,NA,NA,NA,NA,NA,NA,NA,NA,NA,NA,"Unknown"
"S...213283","S....93790","S...137569",2073,0,1967,1967,"Vlieland","236",53.27917,5.01198,"GREAT TIT",NA,NA,NA,NA,NA,"",NA,NA,NA,NA,NA,NA,NA,NA,NA,NA,NA,NA,NA,"Unknown"
"S...213609","S....95782","S...139035",2422,0,1967,1967,"Vlieland","700",53.30207,5.06711,"GREAT TIT",NA,NA,NA,NA,NA,"",NA,NA,NA,NA,NA,NA,NA,NA,NA,NA,NA,NA,NA,"Unknown"
"S...213610","S....95782","S...139035",2422,0,1967,1967,"Vlieland","700",53.30207,5.06711,"GREAT TIT",NA,NA,NA,NA,NA,"",NA,NA,NA,NA,NA,NA,NA,NA,NA,NA,NA,NA,NA,"Unknown"
"S...213865","S...213863","S...213864",2244,0,1968,1968,"Vlieland","447",53.30207,5.06711,"GREAT TIT",NA,NA,NA,NA,NA,"",NA,NA,NA,NA,NA,NA,NA,NA,NA,NA,NA,NA,NA,"Unknown"
"S...213866","S...213863","S...213864",2244,0,1968,1968,"Vlieland","447",53.30207,5.06711,"GREAT TIT",NA,NA,NA,NA,NA,"",NA,NA,NA,NA,NA,NA,NA,NA,NA,NA,NA,NA,NA,"Unknown"
"S...213867","S...213863","S...213864",2244,0,1968,1968,"Vlieland","447",53.30207,5.06711,"GREAT TIT",NA,NA,NA,NA,NA,"",NA,NA,NA,NA,NA,NA,NA,NA,NA,NA,NA,NA,NA,"Unknown"
"S...220332","S...137886","S....22386",2421,0,1967,1967,"Vlieland","698",53.30207,5.06711,"GREAT TIT",NA,NA,NA,NA,NA,"",NA,NA,NA,NA,NA,NA,NA,NA,NA,NA,NA,NA,NA,"Unknown"
"S...220333","S...137886","S....22386",2421,0,1967,1967,"Vlieland","698",53.30207,5.06711,"GREAT TIT",NA,NA,NA,NA,NA,"",NA,NA,NA,NA,NA,NA,NA,NA,NA,NA,NA,NA,NA,"Unknown"
"S...220334","S...137886","S....22386",2421,0,1967,1967,"Vlieland","698",53.30207,5.06711,"GREAT TIT",NA,NA,NA,NA,NA,"",NA,NA,NA,NA,NA,NA,NA,NA,NA,NA,NA,NA,NA,"Unknown"
"S...220335","S...137886","S....22386",2421,0,1967,1967,"Vlieland","698",53.30207,5.06711,"GREAT TIT",NA,NA,NA,NA,NA,"",NA,NA,NA,NA,NA,NA,NA,NA,NA,NA,NA,NA,NA,"Unknown"
"S...220336","S...137886","S....22386",2421,0,1967,1967,"Vlieland","698",53.30207,5.06711,"GREAT TIT",NA,NA,NA,NA,NA,"",NA,NA,NA,NA,NA,NA,NA,NA,NA,NA,NA,NA,NA,"Unknown"
"S...220337","S...137886","S....22386",2421,0,1967,1967,"Vlieland","698",53.30207,5.06711,"GREAT TIT",NA,NA,NA,NA,NA,"",NA,NA,NA,NA,NA,NA,NA,NA,NA,NA,NA,NA,NA,"Unknown"
"S...220338","S...137886","S....22386",2421,0,1967,1967,"Vlieland","698",53.30207,5.06711,"GREAT TIT",NA,NA,NA,NA,NA,"",NA,NA,NA,NA,NA,NA,NA,NA,NA,NA,NA,NA,NA,"Unknown"
"S...220339","S...137886","S....22386",2421,0,1967,1967,"Vlieland","698",53.30207,5.06711,"GREAT TIT",NA,NA,NA,NA,NA,"",NA,NA,NA,NA,NA,NA,NA,NA,NA,NA,NA,NA,NA,"Unknown"
"S...220340","S...137886","S....22386",2421,0,1967,1967,"Vlieland","698",53.30207,5.06711,"GREAT TIT",NA,NA,NA,NA,NA,"",NA,NA,NA,NA,NA,NA,NA,NA,NA,NA,NA,NA,NA,"Unknown"
"S...220922","S...138107","S...137609",2752,0,1967,1967,"Vlieland","827",53.29611,5.06619,"GREAT TIT",NA,NA,NA,NA,NA,"",NA,NA,NA,NA,NA,NA,NA,NA,NA,NA,NA,NA,NA,"Unknown"
"S...220923","S...138107","S...137609",2752,0,1967,1967,"Vlieland","827",53.29611,5.06619,"GREAT TIT",NA,NA,NA,NA,NA,"",NA,NA,NA,NA,NA,NA,NA,NA,NA,NA,NA,NA,NA,"Unknown"
"S...220924","S...138107","S...137609",2752,0,1967,1967,"Vlieland","827",53.29611,5.06619,"GREAT TIT",NA,NA,NA,NA,NA,"",NA,NA,NA,NA,NA,NA,NA,NA,NA,NA,NA,NA,NA,"Unknown"
"S...220925","S...138107","S...137609",2752,0,1967,1967,"Vlieland","827",53.29611,5.06619,"GREAT TIT",NA,NA,NA,NA,NA,"",NA,NA,NA,NA,NA,NA,NA,NA,NA,NA,NA,NA,NA,"Unknown"
"S...220926","S...138107","S...137609",2752,0,1967,1967,"Vlieland","827",53.29611,5.06619,"GREAT TIT",NA,NA,NA,NA,NA,"",NA,NA,NA,NA,NA,NA,NA,NA,NA,NA,NA,NA,NA,"Unknown"
"S...288265","S...238273","S...230275",2076,2,1968,1968,"Vlieland","238",53.27981,5.008755,"GREAT TIT",NA,NA,NA,NA,NA,"",NA,NA,NA,NA,NA,NA,NA,NA,NA,NA,NA,NA,NA,"Male"
"S...288266","S...238273","S...230275",2076,0,1968,1968,"Vlieland","238",53.27981,5.008755,"GREAT TIT",NA,NA,NA,NA,NA,"",NA,NA,NA,NA,NA,NA,NA,NA,NA,NA,NA,NA,NA,"Unknown"
"S...288267","S...238273","S...230275",2076,1,1968,1968,"Vlieland","238",53.27981,5.008755,"GREAT TIT",NA,NA,NA,NA,NA,"",NA,NA,NA,NA,NA,NA,NA,NA,NA,NA,NA,NA,NA,"Female"
"S...288268","S...238273","S...230275",2076,1,1968,1968,"Vlieland","238",53.27981,5.008755,"GREAT TIT",NA,NA,NA,NA,NA,"",NA,NA,NA,NA,NA,NA,NA,NA,NA,NA,NA,NA,NA,"Female"
"S...288269","S...238273","S...230275",2076,2,1968,1968,"Vlieland","238",53.27981,5.008755,"GREAT TIT",NA,NA,NA,NA,NA,"",NA,NA,NA,NA,NA,NA,NA,NA,NA,NA,NA,NA,NA,"Male"
"S...288270","S...238273","S...230275",2076,1,1968,1968,"Vlieland","238",53.27981,5.008755,"GREAT TIT",NA,NA,NA,NA,NA,"",NA,NA,NA,NA,NA,NA,NA,NA,NA,NA,NA,NA,NA,"Female"
"S...297257",NA,NA,2754,0,1968,1968,"Vlieland","830",53.29611,5.06619,"BLUE TIT",NA,NA,NA,NA,NA,"",NA,NA,NA,NA,NA,NA,NA,NA,NA,NA,NA,NA,NA,"Unknown"
"S...297258",NA,NA,2754,0,1968,1968,"Vlieland","830",53.29611,5.06619,"BLUE TIT",NA,NA,NA,NA,NA,"",NA,NA,NA,NA,NA,NA,NA,NA,NA,NA,NA,NA,NA,"Unknown"
"S...297259",NA,NA,2754,0,1968,1968,"Vlieland","830",53.29611,5.06619,"BLUE TIT",NA,NA,NA,NA,NA,"",NA,NA,NA,NA,NA,NA,NA,NA,NA,NA,NA,NA,NA,"Unknown"
"S...297260",NA,NA,2754,0,1968,1968,"Vlieland","830",53.29611,5.06619,"BLUE TIT",NA,NA,NA,NA,NA,"",NA,NA,NA,NA,NA,NA,NA,NA,NA,NA,NA,NA,NA,"Unknown"
"S...297261",NA,NA,2754,0,1968,1968,"Vlieland","830",53.29611,5.06619,"BLUE TIT",NA,NA,NA,NA,NA,"",NA,NA,NA,NA,NA,NA,NA,NA,NA,NA,NA,NA,NA,"Unknown"
"S...297262",NA,NA,2754,0,1968,1968,"Vlieland","830",53.29611,5.06619,"BLUE TIT",NA,NA,NA,NA,NA,"",NA,NA,NA,NA,NA,NA,NA,NA,NA,NA,NA,NA,NA,"Unknown"
"S...297263",NA,NA,2754,0,1968,1968,"Vlieland","830",53.29611,5.06619,"BLUE TIT",NA,NA,NA,NA,NA,"",NA,NA,NA,NA,NA,NA,NA,NA,NA,NA,NA,NA,NA,"Unknown"
"S...297264",NA,NA,2754,0,1968,1968,"Vlieland","830",53.29611,5.06619,"BLUE TIT",NA,NA,NA,NA,NA,"",NA,NA,NA,NA,NA,NA,NA,NA,NA,NA,NA,NA,NA,"Unknown"
"S...308947","S...297963","S...308965",2246,0,1968,1968,"Vlieland","449",53.30207,5.06711,"BLUE TIT",NA,NA,NA,NA,NA,"",NA,NA,NA,NA,NA,NA,NA,NA,NA,NA,NA,NA,NA,"Unknown"
"S...308948","S...297963","S...308965",2246,0,1968,1968,"Vlieland","449",53.30207,5.06711,"BLUE TIT",NA,NA,NA,NA,NA,"",NA,NA,NA,NA,NA,NA,NA,NA,NA,NA,NA,NA,NA,"Unknown"
"S...308949","S...297963","S...308965",2246,0,1968,1968,"Vlieland","449",53.30207,5.06711,"BLUE TIT",NA,NA,NA,NA,NA,"",NA,NA,NA,NA,NA,NA,NA,NA,NA,NA,NA,NA,NA,"Unknown"
"S...308950","S...297963","S...308965",2246,0,1968,1968,"Vlieland","449",53.30207,5.06711,"BLUE TIT",NA,NA,NA,NA,NA,"",NA,NA,NA,NA,NA,NA,NA,NA,NA,NA,NA,NA,NA,"Unknown"
"S...308951","S...297963","S...308965",2246,0,1968,1968,"Vlieland","449",53.30207,5.06711,"BLUE TIT",NA,NA,NA,NA,NA,"",NA,NA,NA,NA,NA,NA,NA,NA,NA,NA,NA,NA,NA,"Unknown"
"S...308952","S...297963","S...308965",2246,0,1968,1968,"Vlieland","449",53.30207,5.06711,"BLUE TIT",NA,NA,NA,NA,NA,"",NA,NA,NA,NA,NA,NA,NA,NA,NA,NA,NA,NA,NA,"Unknown"
"S...308953","S...297963","S...308965",2246,0,1968,1968,"Vlieland","449",53.30207,5.06711,"BLUE TIT",NA,NA,NA,NA,NA,"",NA,NA,NA,NA,NA,NA,NA,NA,NA,NA,NA,NA,NA,"Unknown"
"S...308954","S...297963","S...308965",2246,0,1968,1968,"Vlieland","449",53.30207,5.06711,"BLUE TIT",NA,NA,NA,NA,NA,"",NA,NA,NA,NA,NA,NA,NA,NA,NA,NA,NA,NA,NA,"Unknown"
"S...308955","S...297963","S...308965",2246,0,1968,1968,"Vlieland","449",53.30207,5.06711,"BLUE TIT",NA,NA,NA,NA,NA,"",NA,NA,NA,NA,NA,NA,NA,NA,NA,NA,NA,NA,NA,"Unknown"
"S...308966","S...284331",NA,2600,0,1968,1968,"Vlieland","464",53.29611,5.06619,"BLUE TIT",NA,NA,NA,NA,NA,"",NA,NA,NA,NA,NA,NA,NA,NA,NA,NA,NA,NA,NA,"Unknown"
"S...308967","S...284331",NA,2600,1,1968,1968,"Vlieland","464",53.29611,5.06619,"BLUE TIT",NA,NA,NA,NA,NA,"",NA,NA,NA,NA,NA,NA,NA,NA,NA,NA,NA,NA,NA,"Female"
"S...308968","S...284331",NA,2600,0,1968,1968,"Vlieland","464",53.29611,5.06619,"BLUE TIT",NA,NA,NA,NA,NA,"",NA,NA,NA,NA,NA,NA,NA,NA,NA,NA,NA,NA,NA,"Unknown"
"S...308969","S...284331",NA,2600,0,1968,1968,"Vlieland","464",53.29611,5.06619,"BLUE TIT",NA,NA,NA,NA,NA,"",NA,NA,NA,NA,NA,NA,NA,NA,NA,NA,NA,NA,NA,"Unknown"
"S...308970","S...284331",NA,2600,0,1968,1968,"Vlieland","464",53.29611,5.06619,"BLUE TIT",NA,NA,NA,NA,NA,"",NA,NA,NA,NA,NA,NA,NA,NA,NA,NA,NA,NA,NA,"Unknown"
"S...308971","S...284331",NA,2600,0,1968,1968,"Vlieland","464",53.29611,5.06619,"BLUE TIT",NA,NA,NA,NA,NA,"",NA,NA,NA,NA,NA,NA,NA,NA,NA,NA,NA,NA,NA,"Unknown"
"S...308972","S...284331",NA,2600,0,1968,1968,"Vlieland","464",53.29611,5.06619,"BLUE TIT",NA,NA,NA,NA,NA,"",NA,NA,NA,NA,NA,NA,NA,NA,NA,NA,NA,NA,NA,"Unknown"
"S...308979","S...284332","S...308978",2078,0,1968,1968,"Vlieland","239",53.279333,5.008594,"GREAT TIT",NA,NA,NA,NA,NA,"",NA,NA,NA,NA,NA,NA,NA,NA,NA,NA,NA,NA,NA,"Unknown"
"S...308980","S...284332","S...308978",2078,1,1968,1968,"Vlieland","239",53.279333,5.008594,"GREAT TIT",NA,NA,NA,NA,NA,"",NA,NA,NA,NA,NA,NA,NA,NA,NA,NA,NA,NA,NA,"Female"
"S...308981","S...284332","S...308978",2078,0,1968,1968,"Vlieland","239",53.279333,5.008594,"GREAT TIT",NA,NA,NA,NA,NA,"",NA,NA,NA,NA,NA,NA,NA,NA,NA,NA,NA,NA,NA,"Unknown"
"S...308982","S...284332","S...308978",2078,0,1968,1968,"Vlieland","239",53.279333,5.008594,"GREAT TIT",NA,NA,NA,NA,NA,"",NA,NA,NA,NA,NA,NA,NA,NA,NA,NA,NA,NA,NA,"Unknown"
"S...314369","S...137573","S...137569",2424,1,1968,1968,"Vlieland","702",53.30207,5.06711,"GREAT TIT",NA,NA,NA,NA,NA,"",NA,NA,NA,NA,NA,NA,NA,NA,NA,NA,NA,NA,NA,"Female"
"S...314370","S...137573","S...137569",2424,1,1968,1968,"Vlieland","702",53.30207,5.06711,"GREAT TIT",NA,NA,NA,NA,NA,"",NA,NA,NA,NA,NA,NA,NA,NA,NA,NA,NA,NA,NA,"Female"
"S...314371","S...137573","S...137569",2424,2,1968,1968,"Vlieland","702",53.30207,5.06711,"GREAT TIT",NA,NA,NA,NA,NA,"",NA,NA,NA,NA,NA,NA,NA,NA,NA,NA,NA,NA,NA,"Male"
"S...314468","S...296971","S...229892",2243,0,1968,1968,"Vlieland","446",53.30207,5.06711,"GREAT TIT",NA,NA,NA,NA,NA,"",NA,NA,NA,NA,NA,NA,NA,NA,NA,NA,NA,NA,NA,"Unknown"
"S...314469","S...296971","S...229892",2243,2,1968,1968,"Vlieland","446",53.30207,5.06711,"GREAT TIT",NA,NA,NA,NA,NA,"",NA,NA,NA,NA,NA,NA,NA,NA,NA,NA,NA,NA,NA,"Male"
"S...314470","S...296971","S...229892",2243,1,1968,1968,"Vlieland","446",53.30207,5.06711,"GREAT TIT",NA,NA,NA,NA,NA,"",NA,NA,NA,NA,NA,NA,NA,NA,NA,NA,NA,NA,NA,"Female"
"S...314471","S...296971","S...229892",2243,0,1968,1968,"Vlieland","446",53.30207,5.06711,"GREAT TIT",NA,NA,NA,NA,NA,"",NA,NA,NA,NA,NA,NA,NA,NA,NA,NA,NA,NA,NA,"Unknown"
"S...314472","S...296971","S...229892",2243,2,1968,1968,"Vlieland","446",53.30207,5.06711,"GREAT TIT",NA,NA,NA,NA,NA,"",NA,NA,NA,NA,NA,NA,NA,NA,NA,NA,NA,NA,NA,"Male"
"S...314473","S...296971","S...229892",2243,0,1968,1968,"Vlieland","446",53.30207,5.06711,"GREAT TIT",NA,NA,NA,NA,NA,"",NA,NA,NA,NA,NA,NA,NA,NA,NA,NA,NA,NA,NA,"Unknown"
"S...370900",NA,NA,2250,0,1969,1969,"Vlieland","451",53.30207,5.06711,"BLUE TIT",NA,NA,NA,NA,NA,"",NA,NA,NA,NA,NA,NA,NA,NA,NA,NA,NA,NA,NA,"Unknown"
"S...370901",NA,NA,2250,0,1969,1969,"Vlieland","451",53.30207,5.06711,"BLUE TIT",NA,NA,NA,NA,NA,"",NA,NA,NA,NA,NA,NA,NA,NA,NA,NA,NA,NA,NA,"Unknown"
"S...370902",NA,NA,2250,0,1969,1969,"Vlieland","451",53.30207,5.06711,"BLUE TIT",NA,NA,NA,NA,NA,"",NA,NA,NA,NA,NA,NA,NA,NA,NA,NA,NA,NA,NA,"Unknown"
"S...370903",NA,NA,2250,0,1969,1969,"Vlieland","451",53.30207,5.06711,"BLUE TIT",NA,NA,NA,NA,NA,"",NA,NA,NA,NA,NA,NA,NA,NA,NA,NA,NA,NA,NA,"Unknown"
"S...370904",NA,NA,2250,0,1969,1969,"Vlieland","451",53.30207,5.06711,"BLUE TIT",NA,NA,NA,NA,NA,"",NA,NA,NA,NA,NA,NA,NA,NA,NA,NA,NA,NA,NA,"Unknown"
"S...370905",NA,NA,2250,0,1969,1969,"Vlieland","451",53.30207,5.06711,"BLUE TIT",NA,NA,NA,NA,NA,"",NA,NA,NA,NA,NA,NA,NA,NA,NA,NA,NA,NA,NA,"Unknown"
"S...370906",NA,NA,2250,0,1969,1969,"Vlieland","451",53.30207,5.06711,"BLUE TIT",NA,NA,NA,NA,NA,"",NA,NA,NA,NA,NA,NA,NA,NA,NA,NA,NA,NA,NA,"Unknown"
"S...370907",NA,NA,2250,0,1969,1969,"Vlieland","451",53.30207,5.06711,"BLUE TIT",NA,NA,NA,NA,NA,"",NA,NA,NA,NA,NA,NA,NA,NA,NA,NA,NA,NA,NA,"Unknown"
"S...370908",NA,NA,2250,0,1969,1969,"Vlieland","451",53.30207,5.06711,"BLUE TIT",NA,NA,NA,NA,NA,"",NA,NA,NA,NA,NA,NA,NA,NA,NA,NA,NA,NA,NA,"Unknown"
"S...370909",NA,NA,2250,0,1969,1969,"Vlieland","451",53.30207,5.06711,"BLUE TIT",NA,NA,NA,NA,NA,"",NA,NA,NA,NA,NA,NA,NA,NA,NA,NA,NA,NA,NA,"Unknown"
"S...383202","S...296971","S...370743",2079,2,1969,1969,"Vlieland","239",53.27917,5.01198,"GREAT TIT",NA,NA,NA,NA,NA,"",NA,NA,NA,NA,NA,NA,NA,NA,NA,NA,NA,NA,NA,"Male"
"S...383203","S...296971","S...370743",2079,2,1969,1969,"Vlieland","239",53.27917,5.01198,"GREAT TIT",NA,NA,NA,NA,NA,"",NA,NA,NA,NA,NA,NA,NA,NA,NA,NA,NA,NA,NA,"Male"
"S...383204","S...296971","S...370743",2079,0,1969,1969,"Vlieland","239",53.27917,5.01198,"GREAT TIT",NA,NA,NA,NA,NA,"",NA,NA,NA,NA,NA,NA,NA,NA,NA,NA,NA,NA,NA,"Unknown"
"S...383205","S...296971","S...370743",2079,0,1969,1969,"Vlieland","239",53.27917,5.01198,"GREAT TIT",NA,NA,NA,NA,NA,"",NA,NA,NA,NA,NA,NA,NA,NA,NA,NA,NA,NA,NA,"Unknown"
"S...383206","S...296971","S...370743",2079,0,1969,1969,"Vlieland","239",53.27917,5.01198,"GREAT TIT",NA,NA,NA,NA,NA,"",NA,NA,NA,NA,NA,NA,NA,NA,NA,NA,NA,NA,NA,"Unknown"
"S...383207","S...296971","S...370743",2079,2,1969,1969,"Vlieland","239",53.27917,5.01198,"GREAT TIT",NA,NA,NA,NA,NA,"",NA,NA,NA,NA,NA,NA,NA,NA,NA,NA,NA,NA,NA,"Male"
"S...383208","S...296971","S...370743",2079,0,1969,1969,"Vlieland","239",53.27917,5.01198,"GREAT TIT",NA,NA,NA,NA,NA,"",NA,NA,NA,NA,NA,NA,NA,NA,NA,NA,NA,NA,NA,"Unknown"
"S...383209","S...296971","S...370743",2079,0,1969,1969,"Vlieland","239",53.27917,5.01198,"GREAT TIT",NA,NA,NA,NA,NA,"",NA,NA,NA,NA,NA,NA,NA,NA,NA,NA,NA,NA,NA,"Unknown"
"S...383287","S...314344","S...314504",2756,0,1969,1969,"Vlieland","832",53.29611,5.06619,"BLUE TIT",NA,NA,NA,NA,NA,"",NA,NA,NA,NA,NA,NA,NA,NA,NA,NA,NA,NA,NA,"Unknown"
"S...383288","S...314344","S...314504",2756,0,1969,1969,"Vlieland","832",53.29611,5.06619,"BLUE TIT",NA,NA,NA,NA,NA,"",NA,NA,NA,NA,NA,NA,NA,NA,NA,NA,NA,NA,NA,"Unknown"
"S...383289","S...314344","S...314504",2756,0,1969,1969,"Vlieland","832",53.29611,5.06619,"BLUE TIT",NA,NA,NA,NA,NA,"",NA,NA,NA,NA,NA,NA,NA,NA,NA,NA,NA,NA,NA,"Unknown"
"S...383290","S...314344","S...314504",2756,0,1969,1969,"Vlieland","832",53.29611,5.06619,"BLUE TIT",NA,NA,NA,NA,NA,"",NA,NA,NA,NA,NA,NA,NA,NA,NA,NA,NA,NA,NA,"Unknown"
"S...383291","S...314344","S...314504",2756,0,1969,1969,"Vlieland","832",53.29611,5.06619,"BLUE TIT",NA,NA,NA,NA,NA,"",NA,NA,NA,NA,NA,NA,NA,NA,NA,NA,NA,NA,NA,"Unknown"
"S...383292","S...314344","S...314504",2756,0,1969,1969,"Vlieland","832",53.29611,5.06619,"BLUE TIT",NA,NA,NA,NA,NA,"",NA,NA,NA,NA,NA,NA,NA,NA,NA,NA,NA,NA,NA,"Unknown"
"S...383293","S...314344","S...314504",2756,0,1969,1969,"Vlieland","832",53.29611,5.06619,"BLUE TIT",NA,NA,NA,NA,NA,"",NA,NA,NA,NA,NA,NA,NA,NA,NA,NA,NA,NA,NA,"Unknown"
"S...383294","S...314344","S...314504",2756,0,1969,1969,"Vlieland","832",53.29611,5.06619,"BLUE TIT",NA,NA,NA,NA,NA,"",NA,NA,NA,NA,NA,NA,NA,NA,NA,NA,NA,NA,NA,"Unknown"
"S...383295","S...314344","S...314504",2756,0,1969,1969,"Vlieland","832",53.29611,5.06619,"BLUE TIT",NA,NA,NA,NA,NA,"",NA,NA,NA,NA,NA,NA,NA,NA,NA,NA,NA,NA,NA,"Unknown"
"S...383296","S...314344","S...314504",2756,0,1969,1969,"Vlieland","832",53.29611,5.06619,"BLUE TIT",NA,NA,NA,NA,NA,"",NA,NA,NA,NA,NA,NA,NA,NA,NA,NA,NA,NA,NA,"Unknown"
"S...386501","S...156410","S...137644",2602,0,1969,1969,"Vlieland","466",53.2957664,5.0649789,"GREAT TIT",NA,NA,NA,NA,NA,"",NA,NA,NA,NA,NA,NA,NA,NA,NA,NA,NA,NA,NA,"Unknown"
"S...386502","S...156410","S...137644",2602,0,1969,1969,"Vlieland","466",53.2957664,5.0649789,"GREAT TIT",NA,NA,NA,NA,NA,"",NA,NA,NA,NA,NA,NA,NA,NA,NA,NA,NA,NA,NA,"Unknown"
"S...386503","S...156410","S...137644",2602,0,1969,1969,"Vlieland","466",53.2957664,5.0649789,"GREAT TIT",NA,NA,NA,NA,NA,"",NA,NA,NA,NA,NA,NA,NA,NA,NA,NA,NA,NA,NA,"Unknown"
"S...386543","S...314952","S...229892",2248,0,1969,1969,"Vlieland","450",53.30207,5.06711,"GREAT TIT",NA,NA,NA,NA,NA,"",NA,NA,NA,NA,NA,NA,NA,NA,NA,NA,NA,NA,NA,"Unknown"
"S...386544","S...314952","S...229892",2248,0,1969,1969,"Vlieland","450",53.30207,5.06711,"GREAT TIT",NA,NA,NA,NA,NA,"",NA,NA,NA,NA,NA,NA,NA,NA,NA,NA,NA,NA,NA,"Unknown"
"S...386545","S...314952","S...229892",2248,0,1969,1969,"Vlieland","450",53.30207,5.06711,"GREAT TIT",NA,NA,NA,NA,NA,"",NA,NA,NA,NA,NA,NA,NA,NA,NA,NA,NA,NA,NA,"Unknown"
"S...386546","S...314952","S...229892",2248,0,1969,1969,"Vlieland","450",53.30207,5.06711,"GREAT TIT",NA,NA,NA,NA,NA,"",NA,NA,NA,NA,NA,NA,NA,NA,NA,NA,NA,NA,NA,"Unknown"
"S...386547","S...314952","S...229892",2248,0,1969,1969,"Vlieland","450",53.30207,5.06711,"GREAT TIT",NA,NA,NA,NA,NA,"",NA,NA,NA,NA,NA,NA,NA,NA,NA,NA,NA,NA,NA,"Unknown"
"S...393461","S...137573",NA,2426,0,1969,1969,"Vlieland","704",53.30207,5.06711,"GREAT TIT",NA,NA,NA,NA,NA,"",NA,NA,NA,NA,NA,NA,NA,NA,NA,NA,NA,NA,NA,"Unknown"
"S...393462","S...137573",NA,2426,0,1969,1969,"Vlieland","704",53.30207,5.06711,"GREAT TIT",NA,NA,NA,NA,NA,"",NA,NA,NA,NA,NA,NA,NA,NA,NA,NA,NA,NA,NA,"Unknown"
"S...393463","S...137573",NA,2426,0,1969,1969,"Vlieland","704",53.30207,5.06711,"GREAT TIT",NA,NA,NA,NA,NA,"",NA,NA,NA,NA,NA,NA,NA,NA,NA,NA,NA,NA,NA,"Unknown"
"S...393597","S...213878","S...213983",2249,0,1969,1969,"Vlieland","450",53.30207,5.06711,"GREAT TIT",NA,NA,NA,NA,NA,"",NA,NA,NA,NA,NA,NA,NA,NA,NA,NA,NA,NA,NA,"Unknown"
"S...393598","S...213878","S...213983",2249,0,1969,1969,"Vlieland","450",53.30207,5.06711,"GREAT TIT",NA,NA,NA,NA,NA,"",NA,NA,NA,NA,NA,NA,NA,NA,NA,NA,NA,NA,NA,"Unknown"
"S...393599","S...213878","S...213983",2249,0,1969,1969,"Vlieland","450",53.30207,5.06711,"GREAT TIT",NA,NA,NA,NA,NA,"",NA,NA,NA,NA,NA,NA,NA,NA,NA,NA,NA,NA,NA,"Unknown"
"S...411183","S...213875","S...318905",2606,0,1970,1970,"Vlieland","489",53.29611,5.06619,"BLUE TIT",NA,NA,NA,NA,NA,"",NA,NA,NA,NA,NA,NA,NA,NA,NA,NA,NA,NA,NA,"Unknown"
"S...411184","S...213875","S...318905",2606,0,1970,1970,"Vlieland","489",53.29611,5.06619,"BLUE TIT",NA,NA,NA,NA,NA,"",NA,NA,NA,NA,NA,NA,NA,NA,NA,NA,NA,NA,NA,"Unknown"
"S...411185","S...213875","S...318905",2606,0,1970,1970,"Vlieland","489",53.29611,5.06619,"BLUE TIT",NA,NA,NA,NA,NA,"",NA,NA,NA,NA,NA,NA,NA,NA,NA,NA,NA,NA,NA,"Unknown"
"S...411186","S...213875","S...318905",2606,2,1970,1970,"Vlieland","489",53.29611,5.06619,"BLUE TIT",NA,NA,NA,NA,NA,"",NA,NA,NA,NA,NA,NA,NA,NA,NA,NA,NA,NA,NA,"Male"
"S...411187","S...213875","S...318905",2606,0,1970,1970,"Vlieland","489",53.29611,5.06619,"BLUE TIT",NA,NA,NA,NA,NA,"",NA,NA,NA,NA,NA,NA,NA,NA,NA,NA,NA,NA,NA,"Unknown"
"S...411188","S...213875","S...318905",2606,2,1970,1970,"Vlieland","489",53.29611,5.06619,"BLUE TIT",NA,NA,NA,NA,NA,"",NA,NA,NA,NA,NA,NA,NA,NA,NA,NA,NA,NA,NA,"Male"
"S...411189","S...213875","S...318905",2606,1,1970,1970,"Vlieland","489",53.29611,5.06619,"BLUE TIT",NA,NA,NA,NA,NA,"",NA,NA,NA,NA,NA,NA,NA,NA,NA,NA,NA,NA,NA,"Female"
"S...411190","S...213875","S...318905",2606,0,1970,1970,"Vlieland","489",53.29611,5.06619,"BLUE TIT",NA,NA,NA,NA,NA,"",NA,NA,NA,NA,NA,NA,NA,NA,NA,NA,NA,NA,NA,"Unknown"
"S...527139",NA,NA,2607,2,1971,1971,"Vlieland","490",53.29611,5.06619,"GREAT TIT",NA,NA,NA,NA,NA,"",NA,NA,NA,NA,NA,NA,NA,NA,NA,NA,NA,NA,NA,"Male"
"S...527140",NA,NA,2609,0,1971,1971,"Vlieland","496",53.29611,5.06619,"BLUE TIT",NA,NA,NA,NA,NA,"",NA,NA,NA,NA,NA,NA,NA,NA,NA,NA,NA,NA,NA,"Unknown"
"S...527141",NA,NA,2609,0,1971,1971,"Vlieland","496",53.29611,5.06619,"BLUE TIT",NA,NA,NA,NA,NA,"",NA,NA,NA,NA,NA,NA,NA,NA,NA,NA,NA,NA,NA,"Unknown"
"S...527142",NA,NA,2609,0,1971,1971,"Vlieland","496",53.29611,5.06619,"BLUE TIT",NA,NA,NA,NA,NA,"",NA,NA,NA,NA,NA,NA,NA,NA,NA,NA,NA,NA,NA,"Unknown"
"S...527143",NA,NA,2609,0,1971,1971,"Vlieland","496",53.29611,5.06619,"BLUE TIT",NA,NA,NA,NA,NA,"",NA,NA,NA,NA,NA,NA,NA,NA,NA,NA,NA,NA,NA,"Unknown"
"S...527144",NA,NA,2609,0,1971,1971,"Vlieland","496",53.29611,5.06619,"BLUE TIT",NA,NA,NA,NA,NA,"",NA,NA,NA,NA,NA,NA,NA,NA,NA,NA,NA,NA,NA,"Unknown"
"S...527145",NA,NA,2609,0,1971,1971,"Vlieland","496",53.29611,5.06619,"BLUE TIT",NA,NA,NA,NA,NA,"",NA,NA,NA,NA,NA,NA,NA,NA,NA,NA,NA,NA,NA,"Unknown"
"S...527146",NA,NA,2609,0,1971,1971,"Vlieland","496",53.29611,5.06619,"BLUE TIT",NA,NA,NA,NA,NA,"",NA,NA,NA,NA,NA,NA,NA,NA,NA,NA,NA,NA,NA,"Unknown"
"S...527743","S...527739","S...527742",2429,0,1971,1971,"Vlieland","707",53.30207,5.06711,"GREAT TIT",NA,NA,NA,NA,NA,"",NA,NA,NA,NA,NA,NA,NA,NA,NA,NA,NA,NA,NA,"Unknown"
"S...527744","S...527739","S...527742",2429,2,1971,1971,"Vlieland","707",53.30207,5.06711,"GREAT TIT",NA,NA,NA,NA,NA,"",NA,NA,NA,NA,NA,NA,NA,NA,NA,NA,NA,NA,NA,"Male"
"S...527745","S...527739","S...527742",2429,0,1971,1971,"Vlieland","707",53.30207,5.06711,"GREAT TIT",NA,NA,NA,NA,NA,"",NA,NA,NA,NA,NA,NA,NA,NA,NA,NA,NA,NA,NA,"Unknown"
"S...527746","S...527739","S...527742",2429,2,1971,1971,"Vlieland","707",53.30207,5.06711,"GREAT TIT",NA,NA,NA,NA,NA,"",NA,NA,NA,NA,NA,NA,NA,NA,NA,NA,NA,NA,NA,"Male"
"S...527747","S...527739","S...527742",2429,2,1971,1971,"Vlieland","707",53.30207,5.06711,"GREAT TIT",NA,NA,NA,NA,NA,"",NA,NA,NA,NA,NA,NA,NA,NA,NA,NA,NA,NA,NA,"Male"
"S...527748","S...527739","S...527742",2429,2,1971,1971,"Vlieland","707",53.30207,5.06711,"GREAT TIT",NA,NA,NA,NA,NA,"",NA,NA,NA,NA,NA,NA,NA,NA,NA,NA,NA,NA,NA,"Male"
"S...527749","S...527739","S...527742",2429,0,1971,1971,"Vlieland","707",53.30207,5.06711,"GREAT TIT",NA,NA,NA,NA,NA,"",NA,NA,NA,NA,NA,NA,NA,NA,NA,NA,NA,NA,NA,"Unknown"
"S...535167",NA,NA,2431,0,1971,1971,"Vlieland","709",53.30207,5.06711,"GREAT TIT",NA,NA,NA,NA,NA,"",NA,NA,NA,NA,NA,NA,NA,NA,NA,NA,NA,NA,NA,"Unknown"
"S...535168",NA,NA,2431,0,1971,1971,"Vlieland","709",53.30207,5.06711,"GREAT TIT",NA,NA,NA,NA,NA,"",NA,NA,NA,NA,NA,NA,NA,NA,NA,NA,NA,NA,NA,"Unknown"
"S...535169",NA,NA,2431,0,1971,1971,"Vlieland","709",53.30207,5.06711,"GREAT TIT",NA,NA,NA,NA,NA,"",NA,NA,NA,NA,NA,NA,NA,NA,NA,NA,NA,NA,NA,"Unknown"
"S...535170",NA,NA,2431,0,1971,1971,"Vlieland","709",53.30207,5.06711,"GREAT TIT",NA,NA,NA,NA,NA,"",NA,NA,NA,NA,NA,NA,NA,NA,NA,NA,NA,NA,NA,"Unknown"
"S...535171",NA,NA,2431,0,1971,1971,"Vlieland","709",53.30207,5.06711,"GREAT TIT",NA,NA,NA,NA,NA,"",NA,NA,NA,NA,NA,NA,NA,NA,NA,NA,NA,NA,NA,"Unknown"
"S...535172",NA,NA,2431,0,1971,1971,"Vlieland","709",53.30207,5.06711,"GREAT TIT",NA,NA,NA,NA,NA,"",NA,NA,NA,NA,NA,NA,NA,NA,NA,NA,NA,NA,NA,"Unknown"
"S...535173",NA,NA,2431,0,1971,1971,"Vlieland","709",53.30207,5.06711,"GREAT TIT",NA,NA,NA,NA,NA,"",NA,NA,NA,NA,NA,NA,NA,NA,NA,NA,NA,NA,NA,"Unknown"
"S...535432",NA,NA,9154,0,1971,1971,"Vlieland","2017",53.2946675,5.0638065,"GREAT TIT",NA,NA,NA,NA,NA,"",NA,NA,NA,NA,NA,NA,NA,NA,NA,NA,NA,NA,NA,"Unknown"
"S...535433",NA,NA,9154,0,1971,1971,"Vlieland","2017",53.2946675,5.0638065,"GREAT TIT",NA,NA,NA,NA,NA,"",NA,NA,NA,NA,NA,NA,NA,NA,NA,NA,NA,NA,NA,"Unknown"
"S...535434",NA,NA,9154,0,1971,1971,"Vlieland","2017",53.2946675,5.0638065,"GREAT TIT",NA,NA,NA,NA,NA,"",NA,NA,NA,NA,NA,NA,NA,NA,NA,NA,NA,NA,NA,"Unknown"
"S...535435",NA,NA,9154,0,1971,1971,"Vlieland","2017",53.2946675,5.0638065,"GREAT TIT",NA,NA,NA,NA,NA,"",NA,NA,NA,NA,NA,NA,NA,NA,NA,NA,NA,NA,NA,"Unknown"
"S...535436",NA,NA,9154,0,1971,1971,"Vlieland","2017",53.2946675,5.0638065,"GREAT TIT",NA,NA,NA,NA,NA,"",NA,NA,NA,NA,NA,NA,NA,NA,NA,NA,NA,NA,NA,"Unknown"
"S...535437",NA,NA,9154,0,1971,1971,"Vlieland","2017",53.2946675,5.0638065,"GREAT TIT",NA,NA,NA,NA,NA,"",NA,NA,NA,NA,NA,NA,NA,NA,NA,NA,NA,NA,NA,"Unknown"
"S...535438",NA,NA,9154,0,1971,1971,"Vlieland","2017",53.2946675,5.0638065,"GREAT TIT",NA,NA,NA,NA,NA,"",NA,NA,NA,NA,NA,NA,NA,NA,NA,NA,NA,NA,NA,"Unknown"
"S...535439",NA,NA,9154,0,1971,1971,"Vlieland","2017",53.2946675,5.0638065,"GREAT TIT",NA,NA,NA,NA,NA,"",NA,NA,NA,NA,NA,NA,NA,NA,NA,NA,NA,NA,NA,"Unknown"
"S...535440",NA,NA,2088,0,1971,1971,"Vlieland","301",53.283057,5.029538,"GREAT TIT",NA,NA,NA,NA,NA,"",NA,NA,NA,NA,NA,NA,NA,NA,NA,NA,NA,NA,NA,"Unknown"
"S...535441",NA,NA,2088,0,1971,1971,"Vlieland","301",53.283057,5.029538,"GREAT TIT",NA,NA,NA,NA,NA,"",NA,NA,NA,NA,NA,NA,NA,NA,NA,NA,NA,NA,NA,"Unknown"
"S...535442",NA,NA,2088,0,1971,1971,"Vlieland","301",53.283057,5.029538,"GREAT TIT",NA,NA,NA,NA,NA,"",NA,NA,NA,NA,NA,NA,NA,NA,NA,NA,NA,NA,NA,"Unknown"
"S...535443",NA,NA,2088,0,1971,1971,"Vlieland","301",53.283057,5.029538,"GREAT TIT",NA,NA,NA,NA,NA,"",NA,NA,NA,NA,NA,NA,NA,NA,NA,NA,NA,NA,NA,"Unknown"
"S...535444",NA,NA,2088,0,1971,1971,"Vlieland","301",53.283057,5.029538,"GREAT TIT",NA,NA,NA,NA,NA,"",NA,NA,NA,NA,NA,NA,NA,NA,NA,NA,NA,NA,NA,"Unknown"
"S...535445",NA,NA,2088,0,1971,1971,"Vlieland","301",53.283057,5.029538,"GREAT TIT",NA,NA,NA,NA,NA,"",NA,NA,NA,NA,NA,NA,NA,NA,NA,NA,NA,NA,NA,"Unknown"
"S...535446",NA,NA,2088,0,1971,1971,"Vlieland","301",53.283057,5.029538,"GREAT TIT",NA,NA,NA,NA,NA,"",NA,NA,NA,NA,NA,NA,NA,NA,NA,NA,NA,NA,NA,"Unknown"
"S...535447",NA,NA,2088,0,1971,1971,"Vlieland","301",53.283057,5.029538,"GREAT TIT",NA,NA,NA,NA,NA,"",NA,NA,NA,NA,NA,NA,NA,NA,NA,NA,NA,NA,NA,"Unknown"
"S...535448",NA,NA,2088,0,1971,1971,"Vlieland","301",53.283057,5.029538,"GREAT TIT",NA,NA,NA,NA,NA,"",NA,NA,NA,NA,NA,NA,NA,NA,NA,NA,NA,NA,NA,"Unknown"
"S...535751",NA,NA,2255,0,1971,1971,"Vlieland","473",53.30207,5.06711,"BLUE TIT",NA,NA,NA,NA,NA,"",NA,NA,NA,NA,NA,NA,NA,NA,NA,NA,NA,NA,NA,"Unknown"
"S...535752",NA,NA,2255,0,1971,1971,"Vlieland","473",53.30207,5.06711,"BLUE TIT",NA,NA,NA,NA,NA,"",NA,NA,NA,NA,NA,NA,NA,NA,NA,NA,NA,NA,NA,"Unknown"
"S...535753",NA,NA,2255,0,1971,1971,"Vlieland","473",53.30207,5.06711,"BLUE TIT",NA,NA,NA,NA,NA,"",NA,NA,NA,NA,NA,NA,NA,NA,NA,NA,NA,NA,NA,"Unknown"
"S...535754",NA,NA,2255,0,1971,1971,"Vlieland","473",53.30207,5.06711,"BLUE TIT",NA,NA,NA,NA,NA,"",NA,NA,NA,NA,NA,NA,NA,NA,NA,NA,NA,NA,NA,"Unknown"
"S...535755",NA,NA,2255,0,1971,1971,"Vlieland","473",53.30207,5.06711,"BLUE TIT",NA,NA,NA,NA,NA,"",NA,NA,NA,NA,NA,NA,NA,NA,NA,NA,NA,NA,NA,"Unknown"
"S...535756",NA,NA,2255,0,1971,1971,"Vlieland","473",53.30207,5.06711,"BLUE TIT",NA,NA,NA,NA,NA,"",NA,NA,NA,NA,NA,NA,NA,NA,NA,NA,NA,NA,NA,"Unknown"
"S...535757",NA,NA,2255,0,1971,1971,"Vlieland","473",53.30207,5.06711,"BLUE TIT",NA,NA,NA,NA,NA,"",NA,NA,NA,NA,NA,NA,NA,NA,NA,NA,NA,NA,NA,"Unknown"
"S...535758",NA,NA,2255,0,1971,1971,"Vlieland","473",53.30207,5.06711,"BLUE TIT",NA,NA,NA,NA,NA,"",NA,NA,NA,NA,NA,NA,NA,NA,NA,NA,NA,NA,NA,"Unknown"
"S...535759",NA,NA,2255,0,1971,1971,"Vlieland","473",53.30207,5.06711,"BLUE TIT",NA,NA,NA,NA,NA,"",NA,NA,NA,NA,NA,NA,NA,NA,NA,NA,NA,NA,NA,"Unknown"
"S...535760",NA,NA,2255,0,1971,1971,"Vlieland","473",53.30207,5.06711,"BLUE TIT",NA,NA,NA,NA,NA,"",NA,NA,NA,NA,NA,NA,NA,NA,NA,NA,NA,NA,NA,"Unknown"
"S...535761",NA,NA,2255,0,1971,1971,"Vlieland","473",53.30207,5.06711,"BLUE TIT",NA,NA,NA,NA,NA,"",NA,NA,NA,NA,NA,NA,NA,NA,NA,NA,NA,NA,NA,"Unknown"
"S...535762",NA,NA,2255,0,1971,1971,"Vlieland","473",53.30207,5.06711,"BLUE TIT",NA,NA,NA,NA,NA,"",NA,NA,NA,NA,NA,NA,NA,NA,NA,NA,NA,NA,NA,"Unknown"
"S...592886",NA,NA,2260,0,1972,1972,"Vlieland","479",53.30207,5.06711,"BLUE TIT",NA,NA,NA,NA,NA,"",NA,NA,NA,NA,NA,NA,NA,NA,NA,NA,NA,NA,NA,"Unknown"
"S...592887",NA,NA,2260,0,1972,1972,"Vlieland","479",53.30207,5.06711,"BLUE TIT",NA,NA,NA,NA,NA,"",NA,NA,NA,NA,NA,NA,NA,NA,NA,NA,NA,NA,NA,"Unknown"
"S...592888",NA,NA,2260,0,1972,1972,"Vlieland","479",53.30207,5.06711,"BLUE TIT",NA,NA,NA,NA,NA,"",NA,NA,NA,NA,NA,NA,NA,NA,NA,NA,NA,NA,NA,"Unknown"
"S...592889",NA,NA,2260,0,1972,1972,"Vlieland","479",53.30207,5.06711,"BLUE TIT",NA,NA,NA,NA,NA,"",NA,NA,NA,NA,NA,NA,NA,NA,NA,NA,NA,NA,NA,"Unknown"
"S...592890",NA,NA,2260,0,1972,1972,"Vlieland","479",53.30207,5.06711,"BLUE TIT",NA,NA,NA,NA,NA,"",NA,NA,NA,NA,NA,NA,NA,NA,NA,NA,NA,NA,NA,"Unknown"
"S...592891",NA,NA,2260,0,1972,1972,"Vlieland","479",53.30207,5.06711,"BLUE TIT",NA,NA,NA,NA,NA,"",NA,NA,NA,NA,NA,NA,NA,NA,NA,NA,NA,NA,NA,"Unknown"
"S...592892",NA,NA,2260,0,1972,1972,"Vlieland","479",53.30207,5.06711,"BLUE TIT",NA,NA,NA,NA,NA,"",NA,NA,NA,NA,NA,NA,NA,NA,NA,NA,NA,NA,NA,"Unknown"
"S...592893",NA,NA,2260,0,1972,1972,"Vlieland","479",53.30207,5.06711,"BLUE TIT",NA,NA,NA,NA,NA,"",NA,NA,NA,NA,NA,NA,NA,NA,NA,NA,NA,NA,NA,"Unknown"
"S...592894",NA,NA,2260,0,1972,1972,"Vlieland","479",53.30207,5.06711,"BLUE TIT",NA,NA,NA,NA,NA,"",NA,NA,NA,NA,NA,NA,NA,NA,NA,NA,NA,NA,NA,"Unknown"
"S...592895",NA,NA,2260,0,1972,1972,"Vlieland","479",53.30207,5.06711,"BLUE TIT",NA,NA,NA,NA,NA,"",NA,NA,NA,NA,NA,NA,NA,NA,NA,NA,NA,NA,NA,"Unknown"
"S...592896",NA,NA,2260,0,1972,1972,"Vlieland","479",53.30207,5.06711,"BLUE TIT",NA,NA,NA,NA,NA,"",NA,NA,NA,NA,NA,NA,NA,NA,NA,NA,NA,NA,NA,"Unknown"
"S...592897",NA,NA,2260,0,1972,1972,"Vlieland","479",53.30207,5.06711,"BLUE TIT",NA,NA,NA,NA,NA,"",NA,NA,NA,NA,NA,NA,NA,NA,NA,NA,NA,NA,NA,"Unknown"
"S...592898",NA,NA,2260,0,1972,1972,"Vlieland","479",53.30207,5.06711,"BLUE TIT",NA,NA,NA,NA,NA,"",NA,NA,NA,NA,NA,NA,NA,NA,NA,NA,NA,NA,NA,"Unknown"
"S...611605","S...592833",NA,2763,0,1972,1972,"Vlieland","843",53.29611,5.06619,"BLUE TIT",NA,NA,NA,NA,NA,"",NA,NA,NA,NA,NA,NA,NA,NA,NA,NA,NA,NA,NA,"Unknown"
"S...611606","S...592833",NA,2763,0,1972,1972,"Vlieland","843",53.29611,5.06619,"BLUE TIT",NA,NA,NA,NA,NA,"",NA,NA,NA,NA,NA,NA,NA,NA,NA,NA,NA,NA,NA,"Unknown"
"S...611607","S...592833",NA,2763,0,1972,1972,"Vlieland","843",53.29611,5.06619,"BLUE TIT",NA,NA,NA,NA,NA,"",NA,NA,NA,NA,NA,NA,NA,NA,NA,NA,NA,NA,NA,"Unknown"
"S...611608","S...592833",NA,2763,0,1972,1972,"Vlieland","843",53.29611,5.06619,"BLUE TIT",NA,NA,NA,NA,NA,"",NA,NA,NA,NA,NA,NA,NA,NA,NA,NA,NA,NA,NA,"Unknown"
"S...611609","S...592833",NA,2763,0,1972,1972,"Vlieland","843",53.29611,5.06619,"BLUE TIT",NA,NA,NA,NA,NA,"",NA,NA,NA,NA,NA,NA,NA,NA,NA,NA,NA,NA,NA,"Unknown"
"S...611610","S...592833",NA,2763,0,1972,1972,"Vlieland","843",53.29611,5.06619,"BLUE TIT",NA,NA,NA,NA,NA,"",NA,NA,NA,NA,NA,NA,NA,NA,NA,NA,NA,NA,NA,"Unknown"
"S...611611","S...592833",NA,2763,0,1972,1972,"Vlieland","843",53.29611,5.06619,"BLUE TIT",NA,NA,NA,NA,NA,"",NA,NA,NA,NA,NA,NA,NA,NA,NA,NA,NA,NA,NA,"Unknown"
"S...611612","S...592833",NA,2763,0,1972,1972,"Vlieland","843",53.29611,5.06619,"BLUE TIT",NA,NA,NA,NA,NA,"",NA,NA,NA,NA,NA,NA,NA,NA,NA,NA,NA,NA,NA,"Unknown"
"S...611613","S...592833",NA,2763,1,1972,1972,"Vlieland","843",53.29611,5.06619,"BLUE TIT",NA,NA,NA,NA,NA,"",NA,NA,NA,NA,NA,NA,NA,NA,NA,NA,NA,NA,NA,"Female"
"S...611614","S...592833",NA,2763,0,1972,1972,"Vlieland","843",53.29611,5.06619,"BLUE TIT",NA,NA,NA,NA,NA,"",NA,NA,NA,NA,NA,NA,NA,NA,NA,NA,NA,NA,NA,"Unknown"
"S...612554",NA,NA,9155,0,1972,1972,"Vlieland","2018",53.2945377,5.0605126,"GREAT TIT",NA,NA,NA,NA,NA,"",NA,NA,NA,NA,NA,NA,NA,NA,NA,NA,NA,NA,NA,"Unknown"
"S...612555",NA,NA,9155,0,1972,1972,"Vlieland","2018",53.2945377,5.0605126,"GREAT TIT",NA,NA,NA,NA,NA,"",NA,NA,NA,NA,NA,NA,NA,NA,NA,NA,NA,NA,NA,"Unknown"
"S...612556",NA,NA,9155,0,1972,1972,"Vlieland","2018",53.2945377,5.0605126,"GREAT TIT",NA,NA,NA,NA,NA,"",NA,NA,NA,NA,NA,NA,NA,NA,NA,NA,NA,NA,NA,"Unknown"
"S...612557",NA,NA,9155,0,1972,1972,"Vlieland","2018",53.2945377,5.0605126,"GREAT TIT",NA,NA,NA,NA,NA,"",NA,NA,NA,NA,NA,NA,NA,NA,NA,NA,NA,NA,NA,"Unknown"
"S...612558",NA,NA,9155,0,1972,1972,"Vlieland","2018",53.2945377,5.0605126,"GREAT TIT",NA,NA,NA,NA,NA,"",NA,NA,NA,NA,NA,NA,NA,NA,NA,NA,NA,NA,NA,"Unknown"
"S...612559",NA,NA,9155,0,1972,1972,"Vlieland","2018",53.2945377,5.0605126,"GREAT TIT",NA,NA,NA,NA,NA,"",NA,NA,NA,NA,NA,NA,NA,NA,NA,NA,NA,NA,NA,"Unknown"
"S...612560",NA,NA,9155,0,1972,1972,"Vlieland","2018",53.2945377,5.0605126,"GREAT TIT",NA,NA,NA,NA,NA,"",NA,NA,NA,NA,NA,NA,NA,NA,NA,NA,NA,NA,NA,"Unknown"
"S...612561",NA,NA,2762,0,1972,1972,"Vlieland","841",53.29611,5.06619,"GREAT TIT",NA,NA,NA,NA,NA,"",NA,NA,NA,NA,NA,NA,NA,NA,NA,NA,NA,NA,NA,"Unknown"
"S...612562",NA,NA,2762,0,1972,1972,"Vlieland","841",53.29611,5.06619,"GREAT TIT",NA,NA,NA,NA,NA,"",NA,NA,NA,NA,NA,NA,NA,NA,NA,NA,NA,NA,NA,"Unknown"
"S...612563",NA,NA,2762,0,1972,1972,"Vlieland","841",53.29611,5.06619,"GREAT TIT",NA,NA,NA,NA,NA,"",NA,NA,NA,NA,NA,NA,NA,NA,NA,NA,NA,NA,NA,"Unknown"
"S...612564",NA,NA,2762,0,1972,1972,"Vlieland","841",53.29611,5.06619,"GREAT TIT",NA,NA,NA,NA,NA,"",NA,NA,NA,NA,NA,NA,NA,NA,NA,NA,NA,NA,NA,"Unknown"
"S...612565",NA,NA,2762,0,1972,1972,"Vlieland","841",53.29611,5.06619,"GREAT TIT",NA,NA,NA,NA,NA,"",NA,NA,NA,NA,NA,NA,NA,NA,NA,NA,NA,NA,NA,"Unknown"
"S...612817","S...528323","S...383123",2612,0,1972,1972,"Vlieland","499",53.29611,5.06619,"GREAT TIT",NA,NA,NA,NA,NA,"",NA,NA,NA,NA,NA,NA,NA,NA,NA,NA,NA,NA,NA,"Unknown"
"S...612818","S...528323","S...383123",2612,0,1972,1972,"Vlieland","499",53.29611,5.06619,"GREAT TIT",NA,NA,NA,NA,NA,"",NA,NA,NA,NA,NA,NA,NA,NA,NA,NA,NA,NA,NA,"Unknown"
"S...612819","S...528323","S...383123",2612,2,1972,1972,"Vlieland","499",53.29611,5.06619,"GREAT TIT",NA,NA,NA,NA,NA,"",NA,NA,NA,NA,NA,NA,NA,NA,NA,NA,NA,NA,NA,"Male"
"S...612820","S...528323","S...383123",2612,0,1972,1972,"Vlieland","499",53.29611,5.06619,"GREAT TIT",NA,NA,NA,NA,NA,"",NA,NA,NA,NA,NA,NA,NA,NA,NA,NA,NA,NA,NA,"Unknown"
"S...612821","S...528323","S...383123",2612,0,1972,1972,"Vlieland","499",53.29611,5.06619,"GREAT TIT",NA,NA,NA,NA,NA,"",NA,NA,NA,NA,NA,NA,NA,NA,NA,NA,NA,NA,NA,"Unknown"
"S...612834","S...449340",NA,2089,0,1972,1972,"Vlieland","302",53.283168,5.028111,"GREAT TIT",NA,NA,NA,NA,NA,"",NA,NA,NA,NA,NA,NA,NA,NA,NA,NA,NA,NA,NA,"Unknown"
"S...612835","S...449340",NA,2089,0,1972,1972,"Vlieland","302",53.283168,5.028111,"GREAT TIT",NA,NA,NA,NA,NA,"",NA,NA,NA,NA,NA,NA,NA,NA,NA,NA,NA,NA,NA,"Unknown"
"S...612836","S...449340",NA,2089,2,1972,1972,"Vlieland","302",53.283168,5.028111,"GREAT TIT",NA,NA,NA,NA,NA,"",NA,NA,NA,NA,NA,NA,NA,NA,NA,NA,NA,NA,NA,"Male"
"S...612970",NA,"S...612969",2257,0,1972,1972,"Vlieland","476",53.30207,5.06711,"GREAT TIT",NA,NA,NA,NA,NA,"",NA,NA,NA,NA,NA,NA,NA,NA,NA,NA,NA,NA,NA,"Unknown"
"S...612971",NA,"S...612969",2257,0,1972,1972,"Vlieland","476",53.30207,5.06711,"GREAT TIT",NA,NA,NA,NA,NA,"",NA,NA,NA,NA,NA,NA,NA,NA,NA,NA,NA,NA,NA,"Unknown"
"S...612972",NA,"S...612969",2257,0,1972,1972,"Vlieland","476",53.30207,5.06711,"GREAT TIT",NA,NA,NA,NA,NA,"",NA,NA,NA,NA,NA,NA,NA,NA,NA,NA,NA,NA,NA,"Unknown"
"S...612973",NA,"S...612969",2257,0,1972,1972,"Vlieland","476",53.30207,5.06711,"GREAT TIT",NA,NA,NA,NA,NA,"",NA,NA,NA,NA,NA,NA,NA,NA,NA,NA,NA,NA,NA,"Unknown"
"S...612974",NA,"S...612969",2257,0,1972,1972,"Vlieland","476",53.30207,5.06711,"GREAT TIT",NA,NA,NA,NA,NA,"",NA,NA,NA,NA,NA,NA,NA,NA,NA,NA,NA,NA,NA,"Unknown"
"S...612975",NA,"S...612969",2257,0,1972,1972,"Vlieland","476",53.30207,5.06711,"GREAT TIT",NA,NA,NA,NA,NA,"",NA,NA,NA,NA,NA,NA,NA,NA,NA,NA,NA,NA,NA,"Unknown"
"S...612976",NA,"S...612969",2257,0,1972,1972,"Vlieland","476",53.30207,5.06711,"GREAT TIT",NA,NA,NA,NA,NA,"",NA,NA,NA,NA,NA,NA,NA,NA,NA,NA,NA,NA,NA,"Unknown"
"S...612977",NA,"S...612969",2257,0,1972,1972,"Vlieland","476",53.30207,5.06711,"GREAT TIT",NA,NA,NA,NA,NA,"",NA,NA,NA,NA,NA,NA,NA,NA,NA,NA,NA,NA,NA,"Unknown"
"S...613291","S...613290",NA,2259,0,1972,1972,"Vlieland","478",53.30207,5.06711,"BLUE TIT",NA,NA,NA,NA,NA,"",NA,NA,NA,NA,NA,NA,NA,NA,NA,NA,NA,NA,NA,"Unknown"
"S...613292","S...613290",NA,2259,0,1972,1972,"Vlieland","478",53.30207,5.06711,"BLUE TIT",NA,NA,NA,NA,NA,"",NA,NA,NA,NA,NA,NA,NA,NA,NA,NA,NA,NA,NA,"Unknown"
"S...613293","S...613290",NA,2259,0,1972,1972,"Vlieland","478",53.30207,5.06711,"BLUE TIT",NA,NA,NA,NA,NA,"",NA,NA,NA,NA,NA,NA,NA,NA,NA,NA,NA,NA,NA,"Unknown"
"S...613294","S...613290",NA,2259,0,1972,1972,"Vlieland","478",53.30207,5.06711,"BLUE TIT",NA,NA,NA,NA,NA,"",NA,NA,NA,NA,NA,NA,NA,NA,NA,NA,NA,NA,NA,"Unknown"
"S...624983",NA,NA,2617,0,1973,1973,"Vlieland","506",53.29611,5.06619,"GREAT TIT",NA,NA,NA,NA,NA,"",NA,NA,NA,NA,NA,NA,NA,NA,NA,NA,NA,NA,NA,"Unknown"
"S...624984",NA,NA,2617,0,1973,1973,"Vlieland","506",53.29611,5.06619,"GREAT TIT",NA,NA,NA,NA,NA,"",NA,NA,NA,NA,NA,NA,NA,NA,NA,NA,NA,NA,NA,"Unknown"
"S...624985",NA,NA,2617,0,1973,1973,"Vlieland","506",53.29611,5.06619,"GREAT TIT",NA,NA,NA,NA,NA,"",NA,NA,NA,NA,NA,NA,NA,NA,NA,NA,NA,NA,NA,"Unknown"
"S...624986",NA,NA,2617,0,1973,1973,"Vlieland","506",53.29611,5.06619,"GREAT TIT",NA,NA,NA,NA,NA,"",NA,NA,NA,NA,NA,NA,NA,NA,NA,NA,NA,NA,NA,"Unknown"
"S...624987",NA,NA,2617,0,1973,1973,"Vlieland","506",53.29611,5.06619,"GREAT TIT",NA,NA,NA,NA,NA,"",NA,NA,NA,NA,NA,NA,NA,NA,NA,NA,NA,NA,NA,"Unknown"
"S...624988",NA,NA,2765,0,1973,1973,"Vlieland","847",53.29611,5.06619,"BLUE TIT",NA,NA,NA,NA,NA,"",NA,NA,NA,NA,NA,NA,NA,NA,NA,NA,NA,NA,NA,"Unknown"
"S...624989",NA,NA,2765,0,1973,1973,"Vlieland","847",53.29611,5.06619,"BLUE TIT",NA,NA,NA,NA,NA,"",NA,NA,NA,NA,NA,NA,NA,NA,NA,NA,NA,NA,NA,"Unknown"
"S...624990",NA,NA,2765,0,1973,1973,"Vlieland","847",53.29611,5.06619,"BLUE TIT",NA,NA,NA,NA,NA,"",NA,NA,NA,NA,NA,NA,NA,NA,NA,NA,NA,NA,NA,"Unknown"
"S...624991",NA,NA,2765,0,1973,1973,"Vlieland","847",53.29611,5.06619,"BLUE TIT",NA,NA,NA,NA,NA,"",NA,NA,NA,NA,NA,NA,NA,NA,NA,NA,NA,NA,NA,"Unknown"
"S...624992",NA,NA,2765,0,1973,1973,"Vlieland","847",53.29611,5.06619,"BLUE TIT",NA,NA,NA,NA,NA,"",NA,NA,NA,NA,NA,NA,NA,NA,NA,NA,NA,NA,NA,"Unknown"
"S...624993",NA,NA,2765,0,1973,1973,"Vlieland","847",53.29611,5.06619,"BLUE TIT",NA,NA,NA,NA,NA,"",NA,NA,NA,NA,NA,NA,NA,NA,NA,NA,NA,NA,NA,"Unknown"
"S...624994",NA,NA,2765,0,1973,1973,"Vlieland","847",53.29611,5.06619,"BLUE TIT",NA,NA,NA,NA,NA,"",NA,NA,NA,NA,NA,NA,NA,NA,NA,NA,NA,NA,NA,"Unknown"
"S...624995",NA,NA,2765,0,1973,1973,"Vlieland","847",53.29611,5.06619,"BLUE TIT",NA,NA,NA,NA,NA,"",NA,NA,NA,NA,NA,NA,NA,NA,NA,NA,NA,NA,NA,"Unknown"
"S...625116",NA,NA,2435,0,1973,1973,"Vlieland","716",53.30207,5.06711,"BLUE TIT",NA,NA,NA,NA,NA,"",NA,NA,NA,NA,NA,NA,NA,NA,NA,NA,NA,NA,NA,"Unknown"
"S...625117",NA,NA,2435,0,1973,1973,"Vlieland","716",53.30207,5.06711,"BLUE TIT",NA,NA,NA,NA,NA,"",NA,NA,NA,NA,NA,NA,NA,NA,NA,NA,NA,NA,NA,"Unknown"
"S...625118",NA,NA,2435,0,1973,1973,"Vlieland","716",53.30207,5.06711,"BLUE TIT",NA,NA,NA,NA,NA,"",NA,NA,NA,NA,NA,NA,NA,NA,NA,NA,NA,NA,NA,"Unknown"
"S...625119",NA,NA,2435,0,1973,1973,"Vlieland","716",53.30207,5.06711,"BLUE TIT",NA,NA,NA,NA,NA,"",NA,NA,NA,NA,NA,NA,NA,NA,NA,NA,NA,NA,NA,"Unknown"
"S...625120",NA,NA,2435,0,1973,1973,"Vlieland","716",53.30207,5.06711,"BLUE TIT",NA,NA,NA,NA,NA,"",NA,NA,NA,NA,NA,NA,NA,NA,NA,NA,NA,NA,NA,"Unknown"
"S...625121",NA,NA,2435,0,1973,1973,"Vlieland","716",53.30207,5.06711,"BLUE TIT",NA,NA,NA,NA,NA,"",NA,NA,NA,NA,NA,NA,NA,NA,NA,NA,NA,NA,NA,"Unknown"
"S...625122",NA,NA,2435,0,1973,1973,"Vlieland","716",53.30207,5.06711,"BLUE TIT",NA,NA,NA,NA,NA,"",NA,NA,NA,NA,NA,NA,NA,NA,NA,NA,NA,NA,NA,"Unknown"
"S...625123",NA,NA,2435,0,1973,1973,"Vlieland","716",53.30207,5.06711,"BLUE TIT",NA,NA,NA,NA,NA,"",NA,NA,NA,NA,NA,NA,NA,NA,NA,NA,NA,NA,NA,"Unknown"
"S...625909",NA,"S...592685",2615,0,1973,1973,"Vlieland","502",53.29611,5.06619,"GREAT TIT",NA,NA,NA,NA,NA,"",NA,NA,NA,NA,NA,NA,NA,NA,NA,NA,NA,NA,NA,"Unknown"
"S...625910",NA,"S...592685",2615,0,1973,1973,"Vlieland","502",53.29611,5.06619,"GREAT TIT",NA,NA,NA,NA,NA,"",NA,NA,NA,NA,NA,NA,NA,NA,NA,NA,NA,NA,NA,"Unknown"
"S...625911",NA,"S...592685",2615,0,1973,1973,"Vlieland","502",53.29611,5.06619,"GREAT TIT",NA,NA,NA,NA,NA,"",NA,NA,NA,NA,NA,NA,NA,NA,NA,NA,NA,NA,NA,"Unknown"
"S...625912",NA,"S...592685",2615,0,1973,1973,"Vlieland","502",53.29611,5.06619,"GREAT TIT",NA,NA,NA,NA,NA,"",NA,NA,NA,NA,NA,NA,NA,NA,NA,NA,NA,NA,NA,"Unknown"
"S...625913",NA,"S...592685",2615,1,1973,1973,"Vlieland","502",53.29611,5.06619,"GREAT TIT",NA,NA,NA,NA,NA,"",NA,NA,NA,NA,NA,NA,NA,NA,NA,NA,NA,NA,NA,"Female"
"S...625914",NA,"S...592685",2615,0,1973,1973,"Vlieland","502",53.29611,5.06619,"GREAT TIT",NA,NA,NA,NA,NA,"",NA,NA,NA,NA,NA,NA,NA,NA,NA,NA,NA,NA,NA,"Unknown"
"S...714034",NA,NA,2447,0,1977,1977,"Vlieland","735",53.29611,5.06619,"BLUE TIT",NA,NA,NA,NA,NA,"",NA,NA,NA,NA,NA,NA,NA,NA,NA,NA,NA,NA,NA,"Unknown"
"S...714035",NA,NA,2447,0,1977,1977,"Vlieland","735",53.29611,5.06619,"BLUE TIT",NA,NA,NA,NA,NA,"",NA,NA,NA,NA,NA,NA,NA,NA,NA,NA,NA,NA,NA,"Unknown"
"S...714036",NA,NA,2447,0,1977,1977,"Vlieland","735",53.29611,5.06619,"BLUE TIT",NA,NA,NA,NA,NA,"",NA,NA,NA,NA,NA,NA,NA,NA,NA,NA,NA,NA,NA,"Unknown"
"S...714037",NA,NA,2447,0,1977,1977,"Vlieland","735",53.29611,5.06619,"BLUE TIT",NA,NA,NA,NA,NA,"",NA,NA,NA,NA,NA,NA,NA,NA,NA,NA,NA,NA,NA,"Unknown"
"S...714038",NA,NA,2447,0,1977,1977,"Vlieland","735",53.29611,5.06619,"BLUE TIT",NA,NA,NA,NA,NA,"",NA,NA,NA,NA,NA,NA,NA,NA,NA,NA,NA,NA,NA,"Unknown"
"S...714039",NA,NA,2447,0,1977,1977,"Vlieland","735",53.29611,5.06619,"BLUE TIT",NA,NA,NA,NA,NA,"",NA,NA,NA,NA,NA,NA,NA,NA,NA,NA,NA,NA,NA,"Unknown"
"S...714040",NA,NA,2447,0,1977,1977,"Vlieland","735",53.29611,5.06619,"BLUE TIT",NA,NA,NA,NA,NA,"",NA,NA,NA,NA,NA,NA,NA,NA,NA,NA,NA,NA,NA,"Unknown"
"S...714041",NA,NA,2447,0,1977,1977,"Vlieland","735",53.29611,5.06619,"BLUE TIT",NA,NA,NA,NA,NA,"",NA,NA,NA,NA,NA,NA,NA,NA,NA,NA,NA,NA,NA,"Unknown"
"S...714042",NA,NA,2447,0,1977,1977,"Vlieland","735",53.29611,5.06619,"BLUE TIT",NA,NA,NA,NA,NA,"",NA,NA,NA,NA,NA,NA,NA,NA,NA,NA,NA,NA,NA,"Unknown"
"S...714043",NA,NA,2447,0,1977,1977,"Vlieland","735",53.29611,5.06619,"BLUE TIT",NA,NA,NA,NA,NA,"",NA,NA,NA,NA,NA,NA,NA,NA,NA,NA,NA,NA,NA,"Unknown"
"S...714044",NA,NA,2447,0,1977,1977,"Vlieland","735",53.29611,5.06619,"BLUE TIT",NA,NA,NA,NA,NA,"",NA,NA,NA,NA,NA,NA,NA,NA,NA,NA,NA,NA,NA,"Unknown"
"S...723492","S...449653","S...626299",9156,2,1973,1973,"Vlieland","2019",53.298013,5.0732348,"GREAT TIT",NA,NA,NA,NA,NA,"",NA,NA,NA,NA,NA,NA,NA,NA,NA,NA,NA,NA,NA,"Male"
"S...723493","S...449653","S...626299",9156,2,1973,1973,"Vlieland","2019",53.298013,5.0732348,"GREAT TIT",NA,NA,NA,NA,NA,"",NA,NA,NA,NA,NA,NA,NA,NA,NA,NA,NA,NA,NA,"Male"
"S...723494","S...449653","S...626299",9156,0,1973,1973,"Vlieland","2019",53.298013,5.0732348,"GREAT TIT",NA,NA,NA,NA,NA,"",NA,NA,NA,NA,NA,NA,NA,NA,NA,NA,NA,NA,NA,"Unknown"
"S...723495","S...449653","S...626299",9156,1,1973,1973,"Vlieland","2019",53.298013,5.0732348,"GREAT TIT",NA,NA,NA,NA,NA,"",NA,NA,NA,NA,NA,NA,NA,NA,NA,NA,NA,NA,NA,"Female"
"S...723496","S...449653","S...626299",9156,0,1973,1973,"Vlieland","2019",53.298013,5.0732348,"GREAT TIT",NA,NA,NA,NA,NA,"",NA,NA,NA,NA,NA,NA,NA,NA,NA,NA,NA,NA,NA,"Unknown"
"S...723510",NA,NA,2094,0,1973,1973,"Vlieland","307",53.284555,5.02588,"BLUE TIT",NA,NA,NA,NA,NA,"",NA,NA,NA,NA,NA,NA,NA,NA,NA,NA,NA,NA,NA,"Unknown"
"S...723511",NA,NA,2094,0,1973,1973,"Vlieland","307",53.284555,5.02588,"BLUE TIT",NA,NA,NA,NA,NA,"",NA,NA,NA,NA,NA,NA,NA,NA,NA,NA,NA,NA,NA,"Unknown"
"S...723512",NA,NA,2094,0,1973,1973,"Vlieland","307",53.284555,5.02588,"BLUE TIT",NA,NA,NA,NA,NA,"",NA,NA,NA,NA,NA,NA,NA,NA,NA,NA,NA,NA,NA,"Unknown"
"S...723513",NA,NA,2094,0,1973,1973,"Vlieland","307",53.284555,5.02588,"BLUE TIT",NA,NA,NA,NA,NA,"",NA,NA,NA,NA,NA,NA,NA,NA,NA,NA,NA,NA,NA,"Unknown"
"S...723514",NA,NA,2094,0,1973,1973,"Vlieland","307",53.284555,5.02588,"BLUE TIT",NA,NA,NA,NA,NA,"",NA,NA,NA,NA,NA,NA,NA,NA,NA,NA,NA,NA,NA,"Unknown"
"S...723515",NA,NA,2094,0,1973,1973,"Vlieland","307",53.284555,5.02588,"BLUE TIT",NA,NA,NA,NA,NA,"",NA,NA,NA,NA,NA,NA,NA,NA,NA,NA,NA,NA,NA,"Unknown"
"S...723516",NA,NA,2094,0,1973,1973,"Vlieland","307",53.284555,5.02588,"BLUE TIT",NA,NA,NA,NA,NA,"",NA,NA,NA,NA,NA,NA,NA,NA,NA,NA,NA,NA,NA,"Unknown"
"S...723517",NA,NA,2094,0,1973,1973,"Vlieland","307",53.284555,5.02588,"BLUE TIT",NA,NA,NA,NA,NA,"",NA,NA,NA,NA,NA,NA,NA,NA,NA,NA,NA,NA,NA,"Unknown"
"S...723518",NA,NA,2094,0,1973,1973,"Vlieland","307",53.284555,5.02588,"BLUE TIT",NA,NA,NA,NA,NA,"",NA,NA,NA,NA,NA,NA,NA,NA,NA,NA,NA,NA,NA,"Unknown"
"S...723519",NA,NA,2094,0,1973,1973,"Vlieland","307",53.284555,5.02588,"BLUE TIT",NA,NA,NA,NA,NA,"",NA,NA,NA,NA,NA,NA,NA,NA,NA,NA,NA,NA,NA,"Unknown"
"S...723520",NA,NA,2094,0,1973,1973,"Vlieland","307",53.284555,5.02588,"BLUE TIT",NA,NA,NA,NA,NA,"",NA,NA,NA,NA,NA,NA,NA,NA,NA,NA,NA,NA,NA,"Unknown"
"S...723647",NA,NA,2766,0,1973,1973,"Vlieland","848",53.29611,5.06619,"BLUE TIT",NA,NA,NA,NA,NA,"",NA,NA,NA,NA,NA,NA,NA,NA,NA,NA,NA,NA,NA,"Unknown"
"S...723648",NA,NA,2766,0,1973,1973,"Vlieland","848",53.29611,5.06619,"BLUE TIT",NA,NA,NA,NA,NA,"",NA,NA,NA,NA,NA,NA,NA,NA,NA,NA,NA,NA,NA,"Unknown"
"S...723649",NA,NA,2766,0,1973,1973,"Vlieland","848",53.29611,5.06619,"BLUE TIT",NA,NA,NA,NA,NA,"",NA,NA,NA,NA,NA,NA,NA,NA,NA,NA,NA,NA,NA,"Unknown"
"S...723650",NA,NA,2766,0,1973,1973,"Vlieland","848",53.29611,5.06619,"BLUE TIT",NA,NA,NA,NA,NA,"",NA,NA,NA,NA,NA,NA,NA,NA,NA,NA,NA,NA,NA,"Unknown"
"S...723801",NA,NA,2766,0,1973,1973,"Vlieland","848",53.29611,5.06619,"BLUE TIT",NA,NA,NA,NA,NA,"",NA,NA,NA,NA,NA,NA,NA,NA,NA,NA,NA,NA,NA,"Unknown"
"S...723971","S...624645","S...527209",2764,0,1973,1973,"Vlieland","844",53.29611,5.06619,"GREAT TIT",NA,NA,NA,NA,NA,"",NA,NA,NA,NA,NA,NA,NA,NA,NA,NA,NA,NA,NA,"Unknown"
"S...723972","S...624645","S...527209",2764,0,1973,1973,"Vlieland","844",53.29611,5.06619,"GREAT TIT",NA,NA,NA,NA,NA,"",NA,NA,NA,NA,NA,NA,NA,NA,NA,NA,NA,NA,NA,"Unknown"
"S...723973","S...624645","S...527209",2764,0,1973,1973,"Vlieland","844",53.29611,5.06619,"GREAT TIT",NA,NA,NA,NA,NA,"",NA,NA,NA,NA,NA,NA,NA,NA,NA,NA,NA,NA,NA,"Unknown"
"S...723974","S...624645","S...527209",2764,0,1973,1973,"Vlieland","844",53.29611,5.06619,"GREAT TIT",NA,NA,NA,NA,NA,"",NA,NA,NA,NA,NA,NA,NA,NA,NA,NA,NA,NA,NA,"Unknown"
"S...723975","S...624645","S...527209",2764,0,1973,1973,"Vlieland","844",53.29611,5.06619,"GREAT TIT",NA,NA,NA,NA,NA,"",NA,NA,NA,NA,NA,NA,NA,NA,NA,NA,NA,NA,NA,"Unknown"
"S...723976","S...624645","S...527209",2764,0,1973,1973,"Vlieland","844",53.29611,5.06619,"GREAT TIT",NA,NA,NA,NA,NA,"",NA,NA,NA,NA,NA,NA,NA,NA,NA,NA,NA,NA,NA,"Unknown"
"S...723977","S...624645","S...527209",2764,0,1973,1973,"Vlieland","844",53.29611,5.06619,"GREAT TIT",NA,NA,NA,NA,NA,"",NA,NA,NA,NA,NA,NA,NA,NA,NA,NA,NA,NA,NA,"Unknown"
"S...731309","S...527039",NA,2261,0,1973,1973,"Vlieland","480",53.301165,5.057952,"GREAT TIT",NA,NA,NA,NA,NA,"",NA,NA,NA,NA,NA,NA,NA,NA,NA,NA,NA,NA,NA,"Unknown"
"S...731310","S...527039",NA,2261,0,1973,1973,"Vlieland","480",53.301165,5.057952,"GREAT TIT",NA,NA,NA,NA,NA,"",NA,NA,NA,NA,NA,NA,NA,NA,NA,NA,NA,NA,NA,"Unknown"
"S...803559",NA,NA,2095,0,1974,1974,"Vlieland","308",53.285399,5.02731,"BLUE TIT",NA,NA,NA,NA,NA,"",NA,NA,NA,NA,NA,NA,NA,NA,NA,NA,NA,NA,NA,"Unknown"
"S...803560",NA,NA,2095,0,1974,1974,"Vlieland","308",53.285399,5.02731,"BLUE TIT",NA,NA,NA,NA,NA,"",NA,NA,NA,NA,NA,NA,NA,NA,NA,NA,NA,NA,NA,"Unknown"
"S...803561",NA,NA,2095,0,1974,1974,"Vlieland","308",53.285399,5.02731,"BLUE TIT",NA,NA,NA,NA,NA,"",NA,NA,NA,NA,NA,NA,NA,NA,NA,NA,NA,NA,NA,"Unknown"
"S...803562",NA,NA,2095,0,1974,1974,"Vlieland","308",53.285399,5.02731,"BLUE TIT",NA,NA,NA,NA,NA,"",NA,NA,NA,NA,NA,NA,NA,NA,NA,NA,NA,NA,NA,"Unknown"
"S...803563",NA,NA,2095,0,1974,1974,"Vlieland","308",53.285399,5.02731,"BLUE TIT",NA,NA,NA,NA,NA,"",NA,NA,NA,NA,NA,NA,NA,NA,NA,NA,NA,NA,NA,"Unknown"
"S...803564",NA,NA,2095,0,1974,1974,"Vlieland","308",53.285399,5.02731,"BLUE TIT",NA,NA,NA,NA,NA,"",NA,NA,NA,NA,NA,NA,NA,NA,NA,NA,NA,NA,NA,"Unknown"
"S...803565",NA,NA,2095,0,1974,1974,"Vlieland","308",53.285399,5.02731,"BLUE TIT",NA,NA,NA,NA,NA,"",NA,NA,NA,NA,NA,NA,NA,NA,NA,NA,NA,NA,NA,"Unknown"
"S...803566",NA,NA,2095,0,1974,1974,"Vlieland","308",53.285399,5.02731,"BLUE TIT",NA,NA,NA,NA,NA,"",NA,NA,NA,NA,NA,NA,NA,NA,NA,NA,NA,NA,NA,"Unknown"
"S...803567",NA,NA,2095,0,1974,1974,"Vlieland","308",53.285399,5.02731,"BLUE TIT",NA,NA,NA,NA,NA,"",NA,NA,NA,NA,NA,NA,NA,NA,NA,NA,NA,NA,NA,"Unknown"
"S...829089",NA,"S...535406",2621,0,1974,1974,"Vlieland","531",53.29611,5.06619,"BLUE TIT",NA,NA,NA,NA,NA,"",NA,NA,NA,NA,NA,NA,NA,NA,NA,NA,NA,NA,NA,"Unknown"
"S...829090",NA,"S...535406",2621,0,1974,1974,"Vlieland","531",53.29611,5.06619,"BLUE TIT",NA,NA,NA,NA,NA,"",NA,NA,NA,NA,NA,NA,NA,NA,NA,NA,NA,NA,NA,"Unknown"
"S...829091",NA,"S...535406",2621,0,1974,1974,"Vlieland","531",53.29611,5.06619,"BLUE TIT",NA,NA,NA,NA,NA,"",NA,NA,NA,NA,NA,NA,NA,NA,NA,NA,NA,NA,NA,"Unknown"
"S...829092",NA,"S...535406",2621,0,1974,1974,"Vlieland","531",53.29611,5.06619,"BLUE TIT",NA,NA,NA,NA,NA,"",NA,NA,NA,NA,NA,NA,NA,NA,NA,NA,NA,NA,NA,"Unknown"
"S...829093",NA,"S...535406",2621,0,1974,1974,"Vlieland","531",53.29611,5.06619,"BLUE TIT",NA,NA,NA,NA,NA,"",NA,NA,NA,NA,NA,NA,NA,NA,NA,NA,NA,NA,NA,"Unknown"
"S...829094",NA,"S...535406",2621,0,1974,1974,"Vlieland","531",53.29611,5.06619,"BLUE TIT",NA,NA,NA,NA,NA,"",NA,NA,NA,NA,NA,NA,NA,NA,NA,NA,NA,NA,NA,"Unknown"
"S...829325",NA,NA,2267,0,1974,1974,"Vlieland","486",53.30207,5.06711,"GREAT TIT",NA,NA,NA,NA,NA,"",NA,NA,NA,NA,NA,NA,NA,NA,NA,NA,NA,NA,NA,"Unknown"
"S...829326",NA,NA,2267,0,1974,1974,"Vlieland","486",53.30207,5.06711,"GREAT TIT",NA,NA,NA,NA,NA,"",NA,NA,NA,NA,NA,NA,NA,NA,NA,NA,NA,NA,NA,"Unknown"
"S...829327",NA,NA,2267,0,1974,1974,"Vlieland","486",53.30207,5.06711,"GREAT TIT",NA,NA,NA,NA,NA,"",NA,NA,NA,NA,NA,NA,NA,NA,NA,NA,NA,NA,NA,"Unknown"
"S...829328",NA,NA,2267,0,1974,1974,"Vlieland","486",53.30207,5.06711,"GREAT TIT",NA,NA,NA,NA,NA,"",NA,NA,NA,NA,NA,NA,NA,NA,NA,NA,NA,NA,NA,"Unknown"
"S...829329",NA,NA,2267,0,1974,1974,"Vlieland","486",53.30207,5.06711,"GREAT TIT",NA,NA,NA,NA,NA,"",NA,NA,NA,NA,NA,NA,NA,NA,NA,NA,NA,NA,NA,"Unknown"
"S...829330",NA,NA,2267,0,1974,1974,"Vlieland","486",53.30207,5.06711,"GREAT TIT",NA,NA,NA,NA,NA,"",NA,NA,NA,NA,NA,NA,NA,NA,NA,NA,NA,NA,NA,"Unknown"
"S...839932","S...686755",NA,2436,0,1974,1974,"Vlieland","717",53.30207,5.06711,"GREAT TIT",NA,NA,NA,NA,NA,"",NA,NA,NA,NA,NA,NA,NA,NA,NA,NA,NA,NA,NA,"Unknown"
"S...839933","S...686755",NA,2436,0,1974,1974,"Vlieland","717",53.30207,5.06711,"GREAT TIT",NA,NA,NA,NA,NA,"",NA,NA,NA,NA,NA,NA,NA,NA,NA,NA,NA,NA,NA,"Unknown"
"S...839934","S...686755",NA,2436,0,1974,1974,"Vlieland","717",53.30207,5.06711,"GREAT TIT",NA,NA,NA,NA,NA,"",NA,NA,NA,NA,NA,NA,NA,NA,NA,NA,NA,NA,NA,"Unknown"
"S...839935","S...686755",NA,2436,0,1974,1974,"Vlieland","717",53.30207,5.06711,"GREAT TIT",NA,NA,NA,NA,NA,"",NA,NA,NA,NA,NA,NA,NA,NA,NA,NA,NA,NA,NA,"Unknown"
"S...839936","S...686755",NA,2436,0,1974,1974,"Vlieland","717",53.30207,5.06711,"GREAT TIT",NA,NA,NA,NA,NA,"",NA,NA,NA,NA,NA,NA,NA,NA,NA,NA,NA,NA,NA,"Unknown"
"S...839937","S...686755",NA,2436,0,1974,1974,"Vlieland","717",53.30207,5.06711,"GREAT TIT",NA,NA,NA,NA,NA,"",NA,NA,NA,NA,NA,NA,NA,NA,NA,NA,NA,NA,NA,"Unknown"
"S...839938","S...686755",NA,2436,0,1974,1974,"Vlieland","717",53.30207,5.06711,"GREAT TIT",NA,NA,NA,NA,NA,"",NA,NA,NA,NA,NA,NA,NA,NA,NA,NA,NA,NA,NA,"Unknown"
"S...839939","S...686755",NA,2436,0,1974,1974,"Vlieland","717",53.30207,5.06711,"GREAT TIT",NA,NA,NA,NA,NA,"",NA,NA,NA,NA,NA,NA,NA,NA,NA,NA,NA,NA,NA,"Unknown"
"S...840002","S...527423",NA,2265,0,1974,1974,"Vlieland","484",53.304059,5.066028,"GREAT TIT",NA,NA,NA,NA,NA,"",NA,NA,NA,NA,NA,NA,NA,NA,NA,NA,NA,NA,NA,"Unknown"
"S...840003","S...527423",NA,2265,0,1974,1974,"Vlieland","484",53.304059,5.066028,"GREAT TIT",NA,NA,NA,NA,NA,"",NA,NA,NA,NA,NA,NA,NA,NA,NA,NA,NA,NA,NA,"Unknown"
"S...840004","S...527423",NA,2265,0,1974,1974,"Vlieland","484",53.304059,5.066028,"GREAT TIT",NA,NA,NA,NA,NA,"",NA,NA,NA,NA,NA,NA,NA,NA,NA,NA,NA,NA,NA,"Unknown"
"S...840005","S...527423",NA,2265,0,1974,1974,"Vlieland","484",53.304059,5.066028,"GREAT TIT",NA,NA,NA,NA,NA,"",NA,NA,NA,NA,NA,NA,NA,NA,NA,NA,NA,NA,NA,"Unknown"
"S...840006","S...527423",NA,2265,0,1974,1974,"Vlieland","484",53.304059,5.066028,"GREAT TIT",NA,NA,NA,NA,NA,"",NA,NA,NA,NA,NA,NA,NA,NA,NA,NA,NA,NA,NA,"Unknown"
"S...840007","S...527423",NA,2265,0,1974,1974,"Vlieland","484",53.304059,5.066028,"GREAT TIT",NA,NA,NA,NA,NA,"",NA,NA,NA,NA,NA,NA,NA,NA,NA,NA,NA,NA,NA,"Unknown"
"S...840085","S...803168",NA,2437,0,1974,1974,"Vlieland","718",53.30207,5.06711,"GREAT TIT",NA,NA,NA,NA,NA,"",NA,NA,NA,NA,NA,NA,NA,NA,NA,NA,NA,NA,NA,"Unknown"
"S...840086","S...803168",NA,2437,0,1974,1974,"Vlieland","718",53.30207,5.06711,"GREAT TIT",NA,NA,NA,NA,NA,"",NA,NA,NA,NA,NA,NA,NA,NA,NA,NA,NA,NA,NA,"Unknown"
"S...840130","S...624680",NA,2620,0,1974,1974,"Vlieland","530",53.29611,5.06619,"GREAT TIT",NA,NA,NA,NA,NA,"",NA,NA,NA,NA,NA,NA,NA,NA,NA,NA,NA,NA,NA,"Unknown"
"S...840131","S...624680",NA,2620,2,1974,1974,"Vlieland","530",53.29611,5.06619,"GREAT TIT",NA,NA,NA,NA,NA,"",NA,NA,NA,NA,NA,NA,NA,NA,NA,NA,NA,NA,NA,"Male"
"S...840132","S...624680",NA,2620,0,1974,1974,"Vlieland","530",53.29611,5.06619,"GREAT TIT",NA,NA,NA,NA,NA,"",NA,NA,NA,NA,NA,NA,NA,NA,NA,NA,NA,NA,NA,"Unknown"
"S...840133","S...624680",NA,2620,0,1974,1974,"Vlieland","530",53.29611,5.06619,"GREAT TIT",NA,NA,NA,NA,NA,"",NA,NA,NA,NA,NA,NA,NA,NA,NA,NA,NA,NA,NA,"Unknown"
"S...840134","S...624680",NA,2620,0,1974,1974,"Vlieland","530",53.29611,5.06619,"GREAT TIT",NA,NA,NA,NA,NA,"",NA,NA,NA,NA,NA,NA,NA,NA,NA,NA,NA,NA,NA,"Unknown"
"S...840135","S...624680",NA,2620,0,1974,1974,"Vlieland","530",53.29611,5.06619,"GREAT TIT",NA,NA,NA,NA,NA,"",NA,NA,NA,NA,NA,NA,NA,NA,NA,NA,NA,NA,NA,"Unknown"
"S...914845","S...846045","S...451756",2097,2,1975,1975,"Vlieland","310",53.284167,5.024732,"GREAT TIT",NA,NA,NA,NA,NA,"",NA,NA,NA,NA,NA,NA,NA,NA,NA,NA,NA,NA,NA,"Male"
"S...914846","S...846045","S...451756",2097,0,1975,1975,"Vlieland","310",53.284167,5.024732,"GREAT TIT",NA,NA,NA,NA,NA,"",NA,NA,NA,NA,NA,NA,NA,NA,NA,NA,NA,NA,NA,"Unknown"
"S...914847","S...846045","S...451756",2097,0,1975,1975,"Vlieland","310",53.284167,5.024732,"GREAT TIT",NA,NA,NA,NA,NA,"",NA,NA,NA,NA,NA,NA,NA,NA,NA,NA,NA,NA,NA,"Unknown"
"S...914848","S...846045","S...451756",2097,0,1975,1975,"Vlieland","310",53.284167,5.024732,"GREAT TIT",NA,NA,NA,NA,NA,"",NA,NA,NA,NA,NA,NA,NA,NA,NA,NA,NA,NA,NA,"Unknown"
"S...914849","S...846045","S...451756",2097,2,1975,1975,"Vlieland","310",53.284167,5.024732,"GREAT TIT",NA,NA,NA,NA,NA,"",NA,NA,NA,NA,NA,NA,NA,NA,NA,NA,NA,NA,NA,"Male"
"S...914850","S...846045","S...451756",2097,2,1975,1975,"Vlieland","310",53.284167,5.024732,"GREAT TIT",NA,NA,NA,NA,NA,"",NA,NA,NA,NA,NA,NA,NA,NA,NA,NA,NA,NA,NA,"Male"
"S...914867","S...527563","S...626029",2269,0,1975,1975,"Vlieland","488",53.30207,5.06711,"GREAT TIT",NA,NA,NA,NA,NA,"",NA,NA,NA,NA,NA,NA,NA,NA,NA,NA,NA,NA,NA,"Unknown"
"S...914868","S...527563","S...626029",2269,0,1975,1975,"Vlieland","488",53.30207,5.06711,"GREAT TIT",NA,NA,NA,NA,NA,"",NA,NA,NA,NA,NA,NA,NA,NA,NA,NA,NA,NA,NA,"Unknown"
"S...914869","S...527563","S...626029",2269,1,1975,1975,"Vlieland","488",53.30207,5.06711,"GREAT TIT",NA,NA,NA,NA,NA,"",NA,NA,NA,NA,NA,NA,NA,NA,NA,NA,NA,NA,NA,"Female"
"S...914870","S...527563","S...626029",2269,0,1975,1975,"Vlieland","488",53.30207,5.06711,"GREAT TIT",NA,NA,NA,NA,NA,"",NA,NA,NA,NA,NA,NA,NA,NA,NA,NA,NA,NA,NA,"Unknown"
"S...914871","S...527563","S...626029",2269,0,1975,1975,"Vlieland","488",53.30207,5.06711,"GREAT TIT",NA,NA,NA,NA,NA,"",NA,NA,NA,NA,NA,NA,NA,NA,NA,NA,NA,NA,NA,"Unknown"
"S...915546","S...901147",NA,2102,0,1975,1975,"Vlieland","315",53.284334,5.023734,"BLUE TIT",NA,NA,NA,NA,NA,"",NA,NA,NA,NA,NA,NA,NA,NA,NA,NA,NA,NA,NA,"Unknown"
"S...915547","S...901147",NA,2102,0,1975,1975,"Vlieland","315",53.284334,5.023734,"BLUE TIT",NA,NA,NA,NA,NA,"",NA,NA,NA,NA,NA,NA,NA,NA,NA,NA,NA,NA,NA,"Unknown"
"S...915548","S...901147",NA,2102,0,1975,1975,"Vlieland","315",53.284334,5.023734,"BLUE TIT",NA,NA,NA,NA,NA,"",NA,NA,NA,NA,NA,NA,NA,NA,NA,NA,NA,NA,NA,"Unknown"
"S...915549","S...901147",NA,2102,0,1975,1975,"Vlieland","315",53.284334,5.023734,"BLUE TIT",NA,NA,NA,NA,NA,"",NA,NA,NA,NA,NA,NA,NA,NA,NA,NA,NA,NA,NA,"Unknown"
"S...915550","S...901147",NA,2102,0,1975,1975,"Vlieland","315",53.284334,5.023734,"BLUE TIT",NA,NA,NA,NA,NA,"",NA,NA,NA,NA,NA,NA,NA,NA,NA,NA,NA,NA,NA,"Unknown"
"S...915971",NA,NA,2441,0,1975,1975,"Vlieland","722",53.30207,5.06711,"GREAT TIT",NA,NA,NA,NA,NA,"",NA,NA,NA,NA,NA,NA,NA,NA,NA,NA,NA,NA,NA,"Unknown"
"S...915972",NA,NA,2441,0,1975,1975,"Vlieland","722",53.30207,5.06711,"GREAT TIT",NA,NA,NA,NA,NA,"",NA,NA,NA,NA,NA,NA,NA,NA,NA,NA,NA,NA,NA,"Unknown"
"S...915973",NA,NA,2441,0,1975,1975,"Vlieland","722",53.30207,5.06711,"GREAT TIT",NA,NA,NA,NA,NA,"",NA,NA,NA,NA,NA,NA,NA,NA,NA,NA,NA,NA,NA,"Unknown"
"S...915974",NA,NA,2441,0,1975,1975,"Vlieland","722",53.30207,5.06711,"GREAT TIT",NA,NA,NA,NA,NA,"",NA,NA,NA,NA,NA,NA,NA,NA,NA,NA,NA,NA,NA,"Unknown"
"S...915975",NA,NA,2441,0,1975,1975,"Vlieland","722",53.30207,5.06711,"GREAT TIT",NA,NA,NA,NA,NA,"",NA,NA,NA,NA,NA,NA,NA,NA,NA,NA,NA,NA,NA,"Unknown"
"S...922601","S...901147",NA,2102,0,1975,1975,"Vlieland","315",53.284334,5.023734,"BLUE TIT",NA,NA,NA,NA,NA,"",NA,NA,NA,NA,NA,NA,NA,NA,NA,NA,NA,NA,NA,"Unknown"
"S...922602","S...901147",NA,2102,0,1975,1975,"Vlieland","315",53.284334,5.023734,"BLUE TIT",NA,NA,NA,NA,NA,"",NA,NA,NA,NA,NA,NA,NA,NA,NA,NA,NA,NA,NA,"Unknown"
"S...978302","S...978301","S...839671",2103,1,1976,1976,"Vlieland","315",53.28482,5.02637,"GREAT TIT",NA,NA,NA,NA,NA,"",NA,NA,NA,NA,NA,NA,NA,NA,NA,NA,NA,NA,NA,"Female"
"S...978304","S...978301","S...839671",2103,1,1976,1976,"Vlieland","315",53.28482,5.02637,"GREAT TIT",NA,NA,NA,NA,NA,"",NA,NA,NA,NA,NA,NA,NA,NA,NA,NA,NA,NA,NA,"Female"
"S...978305","S...978301","S...839671",2103,0,1976,1976,"Vlieland","315",53.28482,5.02637,"GREAT TIT",NA,NA,NA,NA,NA,"",NA,NA,NA,NA,NA,NA,NA,NA,NA,NA,NA,NA,NA,"Unknown"
"S...978306","S...978301","S...839671",2103,1,1976,1976,"Vlieland","315",53.28482,5.02637,"GREAT TIT",NA,NA,NA,NA,NA,"",NA,NA,NA,NA,NA,NA,NA,NA,NA,NA,NA,NA,NA,"Female"
"S...978307","S...978301","S...839671",2103,0,1976,1976,"Vlieland","315",53.28482,5.02637,"GREAT TIT",NA,NA,NA,NA,NA,"",NA,NA,NA,NA,NA,NA,NA,NA,NA,NA,NA,NA,NA,"Unknown"
"S...978308","S...978301","S...839671",2103,1,1976,1976,"Vlieland","315",53.28482,5.02637,"GREAT TIT",NA,NA,NA,NA,NA,"",NA,NA,NA,NA,NA,NA,NA,NA,NA,NA,NA,NA,NA,"Female"
"S...979514",NA,NA,2443,0,1976,1976,"Vlieland","724",53.30207,5.06711,"BLUE TIT",NA,NA,NA,NA,NA,"",NA,NA,NA,NA,NA,NA,NA,NA,NA,NA,NA,NA,NA,"Unknown"
"S...979515",NA,NA,2443,0,1976,1976,"Vlieland","724",53.30207,5.06711,"BLUE TIT",NA,NA,NA,NA,NA,"",NA,NA,NA,NA,NA,NA,NA,NA,NA,NA,NA,NA,NA,"Unknown"
"S...979516",NA,NA,2443,0,1976,1976,"Vlieland","724",53.30207,5.06711,"BLUE TIT",NA,NA,NA,NA,NA,"",NA,NA,NA,NA,NA,NA,NA,NA,NA,NA,NA,NA,NA,"Unknown"
"S...979517",NA,NA,2443,0,1976,1976,"Vlieland","724",53.30207,5.06711,"BLUE TIT",NA,NA,NA,NA,NA,"",NA,NA,NA,NA,NA,NA,NA,NA,NA,NA,NA,NA,NA,"Unknown"
"S...979518",NA,NA,2443,0,1976,1976,"Vlieland","724",53.30207,5.06711,"BLUE TIT",NA,NA,NA,NA,NA,"",NA,NA,NA,NA,NA,NA,NA,NA,NA,NA,NA,NA,NA,"Unknown"
"S...979519",NA,NA,2443,0,1976,1976,"Vlieland","724",53.30207,5.06711,"BLUE TIT",NA,NA,NA,NA,NA,"",NA,NA,NA,NA,NA,NA,NA,NA,NA,NA,NA,NA,NA,"Unknown"
"S...979520",NA,NA,2443,0,1976,1976,"Vlieland","724",53.30207,5.06711,"BLUE TIT",NA,NA,NA,NA,NA,"",NA,NA,NA,NA,NA,NA,NA,NA,NA,NA,NA,NA,NA,"Unknown"
"S...979521",NA,NA,2443,0,1976,1976,"Vlieland","724",53.30207,5.06711,"BLUE TIT",NA,NA,NA,NA,NA,"",NA,NA,NA,NA,NA,NA,NA,NA,NA,NA,NA,NA,NA,"Unknown"
"S...979522",NA,NA,2443,0,1976,1976,"Vlieland","724",53.30207,5.06711,"BLUE TIT",NA,NA,NA,NA,NA,"",NA,NA,NA,NA,NA,NA,NA,NA,NA,NA,NA,NA,NA,"Unknown"
"S...979523",NA,NA,2443,0,1976,1976,"Vlieland","724",53.30207,5.06711,"BLUE TIT",NA,NA,NA,NA,NA,"",NA,NA,NA,NA,NA,NA,NA,NA,NA,NA,NA,NA,NA,"Unknown"
"S...979524",NA,NA,2443,0,1976,1976,"Vlieland","724",53.30207,5.06711,"BLUE TIT",NA,NA,NA,NA,NA,"",NA,NA,NA,NA,NA,NA,NA,NA,NA,NA,NA,NA,NA,"Unknown"
"S...979656",NA,NA,2275,0,1976,1976,"Vlieland","497",53.30207,5.06711,"BLUE TIT",NA,NA,NA,NA,NA,"",NA,NA,NA,NA,NA,NA,NA,NA,NA,NA,NA,NA,NA,"Unknown"
"S...979657",NA,NA,2275,0,1976,1976,"Vlieland","497",53.30207,5.06711,"BLUE TIT",NA,NA,NA,NA,NA,"",NA,NA,NA,NA,NA,NA,NA,NA,NA,NA,NA,NA,NA,"Unknown"
"S...979658",NA,NA,2275,0,1976,1976,"Vlieland","497",53.30207,5.06711,"BLUE TIT",NA,NA,NA,NA,NA,"",NA,NA,NA,NA,NA,NA,NA,NA,NA,NA,NA,NA,NA,"Unknown"
"S...979659",NA,NA,2275,0,1976,1976,"Vlieland","497",53.30207,5.06711,"BLUE TIT",NA,NA,NA,NA,NA,"",NA,NA,NA,NA,NA,NA,NA,NA,NA,NA,NA,NA,NA,"Unknown"
"S...979853",NA,NA,2624,0,1976,1976,"Vlieland","536",53.29611,5.06619,"BLUE TIT",NA,NA,NA,NA,NA,"",NA,NA,NA,NA,NA,NA,NA,NA,NA,NA,NA,NA,NA,"Unknown"
"S...979854",NA,NA,2624,0,1976,1976,"Vlieland","536",53.29611,5.06619,"BLUE TIT",NA,NA,NA,NA,NA,"",NA,NA,NA,NA,NA,NA,NA,NA,NA,NA,NA,NA,NA,"Unknown"
"S...979855",NA,NA,2624,0,1976,1976,"Vlieland","536",53.29611,5.06619,"BLUE TIT",NA,NA,NA,NA,NA,"",NA,NA,NA,NA,NA,NA,NA,NA,NA,NA,NA,NA,NA,"Unknown"
"S...979856",NA,NA,2624,0,1976,1976,"Vlieland","536",53.29611,5.06619,"BLUE TIT",NA,NA,NA,NA,NA,"",NA,NA,NA,NA,NA,NA,NA,NA,NA,NA,NA,NA,NA,"Unknown"
"S...979857",NA,NA,2624,0,1976,1976,"Vlieland","536",53.29611,5.06619,"BLUE TIT",NA,NA,NA,NA,NA,"",NA,NA,NA,NA,NA,NA,NA,NA,NA,NA,NA,NA,NA,"Unknown"
"S...979858",NA,NA,2624,0,1976,1976,"Vlieland","536",53.29611,5.06619,"BLUE TIT",NA,NA,NA,NA,NA,"",NA,NA,NA,NA,NA,NA,NA,NA,NA,NA,NA,NA,NA,"Unknown"
"S...979859",NA,NA,2624,0,1976,1976,"Vlieland","536",53.29611,5.06619,"BLUE TIT",NA,NA,NA,NA,NA,"",NA,NA,NA,NA,NA,NA,NA,NA,NA,NA,NA,NA,NA,"Unknown"
"S...979860",NA,NA,2624,0,1976,1976,"Vlieland","536",53.29611,5.06619,"BLUE TIT",NA,NA,NA,NA,NA,"",NA,NA,NA,NA,NA,NA,NA,NA,NA,NA,NA,NA,NA,"Unknown"
"S...979861",NA,NA,2624,0,1976,1976,"Vlieland","536",53.29611,5.06619,"BLUE TIT",NA,NA,NA,NA,NA,"",NA,NA,NA,NA,NA,NA,NA,NA,NA,NA,NA,NA,NA,"Unknown"
"S...979862",NA,NA,2624,0,1976,1976,"Vlieland","536",53.29611,5.06619,"BLUE TIT",NA,NA,NA,NA,NA,"",NA,NA,NA,NA,NA,NA,NA,NA,NA,NA,NA,NA,NA,"Unknown"
"S...979863",NA,NA,2624,0,1976,1976,"Vlieland","536",53.29611,5.06619,"BLUE TIT",NA,NA,NA,NA,NA,"",NA,NA,NA,NA,NA,NA,NA,NA,NA,NA,NA,NA,NA,"Unknown"
"S...979864",NA,NA,2624,0,1976,1976,"Vlieland","536",53.29611,5.06619,"BLUE TIT",NA,NA,NA,NA,NA,"",NA,NA,NA,NA,NA,NA,NA,NA,NA,NA,NA,NA,NA,"Unknown"
"S...979865",NA,NA,2624,0,1976,1976,"Vlieland","536",53.29611,5.06619,"BLUE TIT",NA,NA,NA,NA,NA,"",NA,NA,NA,NA,NA,NA,NA,NA,NA,NA,NA,NA,NA,"Unknown"
"S...979866",NA,NA,2624,0,1976,1976,"Vlieland","536",53.29611,5.06619,"BLUE TIT",NA,NA,NA,NA,NA,"",NA,NA,NA,NA,NA,NA,NA,NA,NA,NA,NA,NA,NA,"Unknown"
"S...996611",NA,NA,2278,0,1977,1977,"Vlieland","514",53.301081,5.055949,"GREAT TIT",NA,NA,NA,NA,NA,"",NA,NA,NA,NA,NA,NA,NA,NA,NA,NA,NA,NA,NA,"Unknown"
"S...996615",NA,NA,2278,0,1977,1977,"Vlieland","514",53.301081,5.055949,"GREAT TIT",NA,NA,NA,NA,NA,"",NA,NA,NA,NA,NA,NA,NA,NA,NA,NA,NA,NA,NA,"Unknown"
"S...996616",NA,NA,2278,0,1977,1977,"Vlieland","514",53.301081,5.055949,"GREAT TIT",NA,NA,NA,NA,NA,"",NA,NA,NA,NA,NA,NA,NA,NA,NA,NA,NA,NA,NA,"Unknown"
"S...996617",NA,NA,2278,0,1977,1977,"Vlieland","514",53.301081,5.055949,"GREAT TIT",NA,NA,NA,NA,NA,"",NA,NA,NA,NA,NA,NA,NA,NA,NA,NA,NA,NA,NA,"Unknown"
"S...996618",NA,NA,2278,0,1977,1977,"Vlieland","514",53.301081,5.055949,"GREAT TIT",NA,NA,NA,NA,NA,"",NA,NA,NA,NA,NA,NA,NA,NA,NA,NA,NA,NA,NA,"Unknown"
"S...996671","S...996619",NA,2626,0,1977,1977,"Vlieland","561",53.29611,5.06619,"BLUE TIT",NA,NA,NA,NA,NA,"",NA,NA,NA,NA,NA,NA,NA,NA,NA,NA,NA,NA,NA,"Unknown"
"S...996672","S...996619",NA,2626,0,1977,1977,"Vlieland","561",53.29611,5.06619,"BLUE TIT",NA,NA,NA,NA,NA,"",NA,NA,NA,NA,NA,NA,NA,NA,NA,NA,NA,NA,NA,"Unknown"
"S...996673","S...996619",NA,2626,0,1977,1977,"Vlieland","561",53.29611,5.06619,"BLUE TIT",NA,NA,NA,NA,NA,"",NA,NA,NA,NA,NA,NA,NA,NA,NA,NA,NA,NA,NA,"Unknown"
"S...996674","S...996619",NA,2626,0,1977,1977,"Vlieland","561",53.29611,5.06619,"BLUE TIT",NA,NA,NA,NA,NA,"",NA,NA,NA,NA,NA,NA,NA,NA,NA,NA,NA,NA,NA,"Unknown"
"S...996675","S...996619",NA,2626,0,1977,1977,"Vlieland","561",53.29611,5.06619,"BLUE TIT",NA,NA,NA,NA,NA,"",NA,NA,NA,NA,NA,NA,NA,NA,NA,NA,NA,NA,NA,"Unknown"
"S...996676","S...996619",NA,2626,0,1977,1977,"Vlieland","561",53.29611,5.06619,"BLUE TIT",NA,NA,NA,NA,NA,"",NA,NA,NA,NA,NA,NA,NA,NA,NA,NA,NA,NA,NA,"Unknown"
"S...996677","S...996619",NA,2626,0,1977,1977,"Vlieland","561",53.29611,5.06619,"BLUE TIT",NA,NA,NA,NA,NA,"",NA,NA,NA,NA,NA,NA,NA,NA,NA,NA,NA,NA,NA,"Unknown"
"S...996678","S...996619",NA,2626,0,1977,1977,"Vlieland","561",53.29611,5.06619,"BLUE TIT",NA,NA,NA,NA,NA,"",NA,NA,NA,NA,NA,NA,NA,NA,NA,NA,NA,NA,NA,"Unknown"
"S...996753",NA,NA,2106,0,1977,1977,"Vlieland","317",53.28515,5.023546,"GREAT TIT",NA,NA,NA,NA,NA,"",NA,NA,NA,NA,NA,NA,NA,NA,NA,NA,NA,NA,NA,"Unknown"
"S...996754",NA,NA,2106,0,1977,1977,"Vlieland","317",53.28515,5.023546,"GREAT TIT",NA,NA,NA,NA,NA,"",NA,NA,NA,NA,NA,NA,NA,NA,NA,NA,NA,NA,NA,"Unknown"
"S...996755",NA,NA,2106,0,1977,1977,"Vlieland","317",53.28515,5.023546,"GREAT TIT",NA,NA,NA,NA,NA,"",NA,NA,NA,NA,NA,NA,NA,NA,NA,NA,NA,NA,NA,"Unknown"
"S...996756",NA,NA,2106,0,1977,1977,"Vlieland","317",53.28515,5.023546,"GREAT TIT",NA,NA,NA,NA,NA,"",NA,NA,NA,NA,NA,NA,NA,NA,NA,NA,NA,NA,NA,"Unknown"
"S...996757",NA,NA,2106,0,1977,1977,"Vlieland","317",53.28515,5.023546,"GREAT TIT",NA,NA,NA,NA,NA,"",NA,NA,NA,NA,NA,NA,NA,NA,NA,NA,NA,NA,NA,"Unknown"
"S...996758",NA,NA,2106,0,1977,1977,"Vlieland","317",53.28515,5.023546,"GREAT TIT",NA,NA,NA,NA,NA,"",NA,NA,NA,NA,NA,NA,NA,NA,NA,NA,NA,NA,NA,"Unknown"
"S...996759",NA,NA,2106,0,1977,1977,"Vlieland","317",53.28515,5.023546,"GREAT TIT",NA,NA,NA,NA,NA,"",NA,NA,NA,NA,NA,NA,NA,NA,NA,NA,NA,NA,NA,"Unknown"
"S...996760",NA,NA,2106,0,1977,1977,"Vlieland","317",53.28515,5.023546,"GREAT TIT",NA,NA,NA,NA,NA,"",NA,NA,NA,NA,NA,NA,NA,NA,NA,NA,NA,NA,NA,"Unknown"
"S...996761",NA,NA,2772,0,1977,1977,"Vlieland","856",53.29611,5.06619,"GREAT TIT",NA,NA,NA,NA,NA,"",NA,NA,NA,NA,NA,NA,NA,NA,NA,NA,NA,NA,NA,"Unknown"
"S...996762",NA,NA,2772,0,1977,1977,"Vlieland","856",53.29611,5.06619,"GREAT TIT",NA,NA,NA,NA,NA,"",NA,NA,NA,NA,NA,NA,NA,NA,NA,NA,NA,NA,NA,"Unknown"
"S...996763",NA,NA,2772,0,1977,1977,"Vlieland","856",53.29611,5.06619,"GREAT TIT",NA,NA,NA,NA,NA,"",NA,NA,NA,NA,NA,NA,NA,NA,NA,NA,NA,NA,NA,"Unknown"
"S...996764",NA,NA,2772,0,1977,1977,"Vlieland","856",53.29611,5.06619,"GREAT TIT",NA,NA,NA,NA,NA,"",NA,NA,NA,NA,NA,NA,NA,NA,NA,NA,NA,NA,NA,"Unknown"
"S...996765",NA,NA,2772,0,1977,1977,"Vlieland","856",53.29611,5.06619,"GREAT TIT",NA,NA,NA,NA,NA,"",NA,NA,NA,NA,NA,NA,NA,NA,NA,NA,NA,NA,NA,"Unknown"
"S...996766",NA,NA,2772,0,1977,1977,"Vlieland","856",53.29611,5.06619,"GREAT TIT",NA,NA,NA,NA,NA,"",NA,NA,NA,NA,NA,NA,NA,NA,NA,NA,NA,NA,NA,"Unknown"
"S...996933",NA,NA,2446,0,1977,1977,"Vlieland","734",53.30207,5.06711,"GREAT TIT",NA,NA,NA,NA,NA,"",NA,NA,NA,NA,NA,NA,NA,NA,NA,NA,NA,NA,NA,"Unknown"
"S...996934",NA,NA,2446,2,1977,1977,"Vlieland","734",53.30207,5.06711,"GREAT TIT",NA,NA,NA,NA,NA,"",NA,NA,NA,NA,NA,NA,NA,NA,NA,NA,NA,NA,NA,"Male"
"S...996935",NA,NA,2446,0,1977,1977,"Vlieland","734",53.30207,5.06711,"GREAT TIT",NA,NA,NA,NA,NA,"",NA,NA,NA,NA,NA,NA,NA,NA,NA,NA,NA,NA,NA,"Unknown"
"S...996936",NA,NA,2446,0,1977,1977,"Vlieland","734",53.30207,5.06711,"GREAT TIT",NA,NA,NA,NA,NA,"",NA,NA,NA,NA,NA,NA,NA,NA,NA,NA,NA,NA,NA,"Unknown"
"S...996937",NA,NA,2446,0,1977,1977,"Vlieland","734",53.30207,5.06711,"GREAT TIT",NA,NA,NA,NA,NA,"",NA,NA,NA,NA,NA,NA,NA,NA,NA,NA,NA,NA,NA,"Unknown"
"S...996938",NA,NA,2446,0,1977,1977,"Vlieland","734",53.30207,5.06711,"GREAT TIT",NA,NA,NA,NA,NA,"",NA,NA,NA,NA,NA,NA,NA,NA,NA,NA,NA,NA,NA,"Unknown"
"S...996939",NA,NA,2446,0,1977,1977,"Vlieland","734",53.30207,5.06711,"GREAT TIT",NA,NA,NA,NA,NA,"",NA,NA,NA,NA,NA,NA,NA,NA,NA,NA,NA,NA,NA,"Unknown"
"S...996940",NA,NA,2446,0,1977,1977,"Vlieland","734",53.30207,5.06711,"GREAT TIT",NA,NA,NA,NA,NA,"",NA,NA,NA,NA,NA,NA,NA,NA,NA,NA,NA,NA,NA,"Unknown"
"S...996941",NA,NA,2446,2,1977,1977,"Vlieland","734",53.30207,5.06711,"GREAT TIT",NA,NA,NA,NA,NA,"",NA,NA,NA,NA,NA,NA,NA,NA,NA,NA,NA,NA,NA,"Male"
